n,seed,replicate,d,test_mse,numerical_rank,smallest_singular_value
30,2102,1,22,0.6739933373054793,22,1.2730615469254194
30,2102,1,28,2.1628656065792873,28,0.5212956034512596
30,2102,1,29,4.372097152031525,29,0.3125786222163534
30,2102,1,30,11.892344452747949,30,0.29730053183389393
30,2102,1,31,4.946962290988759,30,0.5070806217559584
30,2102,1,32,3.344048919047176,30,0.5205466880403603
30,2102,1,38,3.84587030111496,30,0.8523518115615961
30,2102,2,22,0.696060972354264,22,1.1612417643163588
30,2102,2,28,1.337732677708706,28,0.23336980775690908
30,2102,2,29,1.6909090423588924,29,0.1889030296306237
30,2102,2,30,5.863439220080682,30,0.09642748936071505
30,2102,2,31,1.3891944681372477,30,0.37623083152301523
30,2102,2,32,1.280330022580118,30,0.44052125851291696
30,2102,2,38,1.8755750890367593,30,0.7209903241700646
30,2102,3,22,0.6012925788542878,22,1.284419029212311
30,2102,3,28,19.337476672210997,28,0.16821433506220096
30,2102,3,29,14.213084829514608,29,0.052297045638326246
30,2102,3,30,253.577881223137,30,0.008534838595120478
30,2102,3,31,6.151890616194633,30,0.09251486142292288
30,2102,3,32,4.155320632346713,30,0.12001580414544098
30,2102,3,38,3.871666327201482,30,0.8695868308453883
30,2102,4,22,0.8461296581666589,22,0.8489927746828876
30,2102,4,28,2.804988771475209,28,0.1709636474694667
30,2102,4,29,1.375952193230141,29,0.0658821976810342
30,2102,4,30,13108.19476652561,30,0.005575626018713833
30,2102,4,31,2.7318371248851516,30,0.43010121453494576
30,2102,4,32,2.5804586071967632,30,0.4567727429629472
30,2102,4,38,2.2389706770944477,30,0.9850941597984362
30,2102,5,22,1.2065965270917132,22,0.8433554429311017
30,2102,5,28,22.391613681201886,28,0.19122092999522391
30,2102,5,29,26.550178309929784,29,0.053508991269588066
30,2102,5,30,59.49265741035412,30,0.03000782763385921
30,2102,5,31,8.416883675632533,30,0.43065617721982147
30,2102,5,32,1.7052754192266018,30,0.6917849604479276
30,2102,5,38,2.7130524434640435,30,1.0693468324970825
30,2102,6,22,1.031639949621213,22,0.8826095980483356
30,2102,6,28,1.4446704487407402,28,0.15528051397131615
30,2102,6,29,1.2992001881256239,29,0.12450079857883098
30,2102,6,30,1957.4913347763563,30,0.005179723340022945
30,2102,6,31,1.59049242709443,30,0.18657084527414688
30,2102,6,32,1.1218493281005255,30,0.37325787624417056
30,2102,6,38,3.85332641733415,30,1.11375832692535
30,2102,7,22,0.8886984466384863,22,0.8818018181207062
30,2102,7,28,1.685435559394238,28,0.3732918174903475
30,2102,7,29,5.125206505985387,29,0.2375145259090263
30,2102,7,30,31.46368573914264,30,0.19836551655347306
30,2102,7,31,28.52023057106416,30,0.22089518503804004
30,2102,7,32,13.093829982143374,30,0.31979301248598124
30,2102,7,38,4.25754743539654,30,0.6786061523960039
30,2102,8,22,0.8691307484191987,22,1.1176877257825433
30,2102,8,28,16.865707094158093,28,0.23250916491788043
30,2102,8,29,23.033835422963904,29,0.2049224832086022
30,2102,8,30,15.604230820207913,30,0.14066113876223207
30,2102,8,31,7.605069316912048,30,0.22313806730653984
30,2102,8,32,6.192002393370759,30,0.2686745950917743
30,2102,8,38,3.959646840784957,30,0.5616344966960527
30,2102,9,22,0.6788374454090417,22,0.657856684917376
30,2102,9,28,13.08420814493307,28,0.21709852560886703
30,2102,9,29,11.590935266314945,29,0.12086116772201697
30,2102,9,30,4.058155815988828,30,0.06416398632927173
30,2102,9,31,3.8477652875970385,30,0.3102822130073606
30,2102,9,32,3.7426048680240793,30,0.396850526008178
30,2102,9,38,2.6825862687622792,30,0.95791889829546
30,2102,10,22,0.5350411249855332,22,0.8839443164044192
30,2102,10,28,1.3478779573417479,28,0.5269671264614532
30,2102,10,29,2.4974663702694335,29,0.4979324145177305
30,2102,10,30,3.804203393883859,30,0.24204089563366724
30,2102,10,31,4.466175892499135,30,0.2752272248790265
30,2102,10,32,3.4519608734348814,30,0.39215204058398245
30,2102,10,38,2.6832604032817557,30,0.8800889079408462
30,2102,11,22,0.7231350541557124,22,0.7957954880417452
30,2102,11,28,0.927930428781646,28,0.557952263133572
30,2102,11,29,1.0478331470328341,29,0.4930144703739043
30,2102,11,30,6.265467729470671,30,0.10335174925098307
30,2102,11,31,2.9928696221597857,30,0.1737124868829976
30,2102,11,32,1.1656711054541964,30,0.33427494742964503
30,2102,11,38,2.158277172794288,30,0.6670559441560587
30,2102,12,22,1.2263986991802973,22,1.0551237475386264
30,2102,12,28,4.033550746287347,28,0.4805176648229613
30,2102,12,29,29.168227170659463,29,0.057064381165433505
30,2102,12,30,214.57417853429496,30,0.03670594927840846
30,2102,12,31,22.437951467113137,30,0.10874189713553972
30,2102,12,32,21.948582153964544,30,0.10877341200515019
30,2102,12,38,3.060344880309485,30,0.5250782129065327
30,2102,13,22,1.5111338527294027,22,0.9140405280177488
30,2102,13,28,1.5481688015947648,28,0.2839985942838037
30,2102,13,29,1.4781681714625623,29,0.28335430100060854
30,2102,13,30,1.502202083451829,30,0.13507140778401272
30,2102,13,31,1.4472841083141186,30,0.1849378842017337
30,2102,13,32,1.4245656011141752,30,0.18505977193480613
30,2102,13,38,1.9941049674038012,30,0.8195006522773772
30,2102,14,22,0.6625510791390431,22,0.9670568690916772
30,2102,14,28,2.0576896711679056,28,0.2246134400122243
30,2102,14,29,36.063284470009066,29,0.04498621558403965
30,2102,14,30,667.098082877936,30,0.025533696093023132
30,2102,14,31,31.49658761501017,30,0.11784062432775644
30,2102,14,32,14.643030083773397,30,0.18358955396942472
30,2102,14,38,2.230607213368189,30,0.9644546226304946
30,2102,15,22,0.7215964122659977,22,1.2659544482359026
30,2102,15,28,4.327796862404529,28,0.27924613185681657
30,2102,15,29,31.102855476246003,29,0.2112209156851779
30,2102,15,30,30.819508115705666,30,0.20155308481117842
30,2102,15,31,28.194976667533073,30,0.20263504038342223
30,2102,15,32,4.7164049478864625,30,0.4393792236152326
30,2102,15,38,1.9799646679333294,30,0.7740662527156396
30,2102,16,22,1.1252882396401693,22,1.0914473519000973
30,2102,16,28,5.623515386930542,28,0.4974112076402972
30,2102,16,29,5.249020323191463,29,0.3464993181226447
30,2102,16,30,409.0901442881107,30,0.020884640423786082
30,2102,16,31,169.296942431584,30,0.034722310357300584
30,2102,16,32,168.8481841933917,30,0.03473765367953879
30,2102,16,38,2.5864300691324185,30,0.9160939458265015
30,2102,17,22,0.6725696943514738,22,0.9063618697563736
30,2102,17,28,1.7275387288133879,28,0.5172189372745118
30,2102,17,29,1.9562835033758492,29,0.34394537993387025
30,2102,17,30,2.718941950290687,30,0.19772377885267464
30,2102,17,31,2.6934800729857966,30,0.1996158869572704
30,2102,17,32,2.4842888880498073,30,0.2404883740056109
30,2102,17,38,3.017830141415512,30,0.8136207302475181
30,2102,18,22,1.2323405450223512,22,1.4320749486795572
30,2102,18,28,6.900525417563522,28,0.07878855002130898
30,2102,18,29,516.1784461770134,29,0.033907474531139334
30,2102,18,30,561.3922240302577,30,0.033123573835145706
30,2102,18,31,272.5801604840533,30,0.04727942076735631
30,2102,18,32,3.0884045479920323,30,0.5224905622399929
30,2102,18,38,3.1164332349704726,30,0.8557129969987687
30,2102,19,22,1.0279150388255065,22,0.7983049162772379
30,2102,19,28,7.836238355044392,28,0.16521599901556766
30,2102,19,29,50.12201584240774,29,0.13859512956540515
30,2102,19,30,52.62598813580809,30,0.13319429393346618
30,2102,19,31,20.029435620616784,30,0.1904734703183303
30,2102,19,32,16.291832497444936,30,0.21207945641993495
30,2102,19,38,3.058689915029615,30,0.7066299817776406
30,2102,20,22,1.5022465178007927,22,0.6191797658726508
30,2102,20,28,10.388918862387493,28,0.15797364863564042
30,2102,20,29,26.22532241469215,29,0.07809020544695662
30,2102,20,30,2367.0089107345384,30,0.011493837639077919
30,2102,20,31,729.7602466468171,30,0.01886997383645831
30,2102,20,32,8.046642558665907,30,0.23971178609840438
30,2102,20,38,1.60050640081758,30,0.7083505397346916
30,2102,21,22,0.6393154742230959,22,1.055441102161896
30,2102,21,28,1.243389378618951,28,0.5063431323389125
30,2102,21,29,28.037012378219043,29,0.1591179051409795
30,2102,21,30,28.800108844667843,30,0.03597560885837762
30,2102,21,31,3.6627235256865913,30,0.2995046404388843
30,2102,21,32,2.8510166669492474,30,0.30183268894362025
30,2102,21,38,3.0053492340428276,30,0.9015004807345403
30,2102,22,22,0.8355015806836428,22,1.1208047039174434
30,2102,22,28,6.200662781119048,28,0.36836505607496867
30,2102,22,29,8.857557507660587,29,0.10166903248386625
30,2102,22,30,11328.568565519368,30,0.009266989980448403
30,2102,22,31,28.002141683377268,30,0.18570417836073386
30,2102,22,32,12.217628436244777,30,0.24863243228805196
30,2102,22,38,2.2013295823734635,30,0.9531813125522871
30,2102,23,22,0.8801424003543481,22,1.611576345995896
30,2102,23,28,1.1320552397238792,28,0.3975449505082142
30,2102,23,29,1.1751411671399539,29,0.2765372923142243
30,2102,23,30,0.9513574287096995,30,0.2558603747832608
30,2102,23,31,1.0589182277953895,30,0.26504469330467983
30,2102,23,32,1.0725113621512086,30,0.266464430948935
30,2102,23,38,1.360391059638656,30,0.782689716577414
30,2102,24,22,0.7413632854428739,22,1.171993489467028
30,2102,24,28,4.147546371439917,28,0.35756444624132155
30,2102,24,29,8.551235867180068,29,0.35074766742469543
30,2102,24,30,54.191401494263445,30,0.0912604832074485
30,2102,24,31,18.38727683755608,30,0.26842841517301036
30,2102,24,32,11.078899074456729,30,0.42254657548289
30,2102,24,38,3.448934788745951,30,1.058240007560386
30,2102,25,22,0.6468578279303441,22,1.3407300433184492
30,2102,25,28,1.7659188831610413,28,0.4556364217598923
30,2102,25,29,5.9982759242816766,29,0.37875136756489064
30,2102,25,30,6.363967513937472,30,0.2707144275202644
30,2102,25,31,1.2301877615011931,30,0.3975813596312945
30,2102,25,32,1.250765011314062,30,0.5696612005086672
30,2102,25,38,2.575545569818358,30,0.7405083876523089
30,2102,26,22,0.7180014061857432,22,1.138157457232641
30,2102,26,28,1.7956940921024283,28,0.29352224816126565
30,2102,26,29,1.79166505471142,29,0.29242571795134753
30,2102,26,30,1.8734437431997752,30,0.27497166915645976
30,2102,26,31,2.082768261791328,30,0.30722147944669503
30,2102,26,32,2.0418428359002636,30,0.3205106433351903
30,2102,26,38,2.1782553992846276,30,0.8789783690888214
30,2102,27,22,1.3677813900315297,22,0.6468123691896107
30,2102,27,28,6.715494353126961,28,0.23251018137909252
30,2102,27,29,6.441064538643176,29,0.20596450699805824
30,2102,27,30,5.189594872842852,30,0.20218474208615858
30,2102,27,31,5.246003884713412,30,0.23559308866265302
30,2102,27,32,3.838916498440597,30,0.24232546589544357
30,2102,27,38,2.9367438546338254,30,0.9792557065918993
30,2102,28,22,1.638051787963824,22,1.010364855390769
30,2102,28,28,3.4824899325631105,28,0.38103844604214937
30,2102,28,29,4.250201614662359,29,0.3643083585009856
30,2102,28,30,4.834865202477272,30,0.18961567731963047
30,2102,28,31,2.905398714167957,30,0.2903819704801083
30,2102,28,32,1.8917512134981407,30,0.4129179665476733
30,2102,28,38,2.408112233305158,30,0.8980489062972608
30,2102,29,22,0.6287776949550696,22,1.0364837616918694
30,2102,29,28,0.883540507973324,28,0.1783393615601019
30,2102,29,29,0.9790307856023036,29,0.17705999458836943
30,2102,29,30,5.981251072209533,30,0.16814731666882932
30,2102,29,31,4.099695414722855,30,0.20120547260353622
30,2102,29,32,2.1568426833843253,30,0.3396961979416132
30,2102,29,38,2.589545850116003,30,0.9146770277892039
30,2102,30,22,1.1592816027702388,22,0.8912176159417192
30,2102,30,28,23.82331439214488,28,0.18581081817202327
30,2102,30,29,123.72029464039021,29,0.11696321316576715
30,2102,30,30,1941.0371179856704,30,0.02976067750853389
30,2102,30,31,1246.1635929273334,30,0.04009075555904072
30,2102,30,32,23.86957171504787,30,0.24318106227339695
30,2102,30,38,5.929948104789595,30,0.6620111875482927
30,2102,31,22,0.8253979238188647,22,0.7323907000875133
30,2102,31,28,4.095612953802663,28,0.21423851939698418
30,2102,31,29,3.6988714978021,29,0.21335233193339279
30,2102,31,30,3.6449986878896548,30,0.1333868894234648
30,2102,31,31,2.3753086166431463,30,0.3575384250147377
30,2102,31,32,2.366241596591113,30,0.3669083330097904
30,2102,31,38,3.2415951180347915,30,1.1213729161644976
30,2102,32,22,0.9091676987773823,22,1.1755868325054655
30,2102,32,28,3.964201202345128,28,0.24684949353131802
30,2102,32,29,6.68590321357571,29,0.2010567805103768
30,2102,32,30,6.9633826358174336,30,0.15243625871199773
30,2102,32,31,7.06136950068535,30,0.15547991637395425
30,2102,32,32,3.288632347008992,30,0.24558140514688492
30,2102,32,38,2.4593337691223884,30,0.9525263238489596
30,2102,33,22,1.3268935906317627,22,0.8354536423290955
30,2102,33,28,2.943589240292658,28,0.3205848269993792
30,2102,33,29,3.4006795057111163,29,0.06018802019842827
30,2102,33,30,2.7210109325417267,30,0.05860963997909089
30,2102,33,31,3.183453764422187,30,0.14159593235476867
30,2102,33,32,3.4396125054653286,30,0.19842424197715514
30,2102,33,38,2.8153797012620347,30,0.9809570872496529
30,2102,34,22,0.6589468430000278,22,1.0697513734333037
30,2102,34,28,0.9706178308255549,28,0.3017798043657591
30,2102,34,29,1.2969694684045028,29,0.23803958852228266
30,2102,34,30,142.3223587324756,30,0.021004176087150966
30,2102,34,31,18.10814672821477,30,0.055503704519956135
30,2102,34,32,2.961907047898678,30,0.1612004287824291
30,2102,34,38,2.324364415574858,30,0.49591441103008516
30,2102,35,22,1.6714758246201975,22,0.7936989592919846
30,2102,35,28,6.877427017915624,28,0.3137466564151322
30,2102,35,29,6.532432185977272,29,0.1921864142818305
30,2102,35,30,6.057216567354375,30,0.10336773794620946
30,2102,35,31,6.0015828085667735,30,0.10644363903816072
30,2102,35,32,3.7400181977498748,30,0.10668129416385581
30,2102,35,38,3.3017436462735077,30,0.4986484842754951
30,2102,36,22,1.1533654562773465,22,1.0712701927417099
30,2102,36,28,18.49193790570068,28,0.28375389323227895
30,2102,36,29,75.26415423357797,29,0.2279009949780232
30,2102,36,30,31.62596005846194,30,0.09282281216220649
30,2102,36,31,25.327974849476597,30,0.15874990710640993
30,2102,36,32,17.06146247328017,30,0.31525725558817685
30,2102,36,38,4.968656790027691,30,0.8971804882031846
30,2102,37,22,1.4181006714953157,22,0.7999959313117563
30,2102,37,28,2.1312011585218764,28,0.3750403217047399
30,2102,37,29,10.670321722868733,29,0.19570428705911372
30,2102,37,30,7.46840484315523,30,0.18263788951025142
30,2102,37,31,4.373489186040695,30,0.21628699539874205
30,2102,37,32,1.6098501942458427,30,0.27352830579684484
30,2102,37,38,1.979803196255109,30,0.9517022865453754
30,2102,38,22,0.696844143847768,22,1.0659482940343796
30,2102,38,28,3.1541061582035055,28,0.5202663058167937
30,2102,38,29,3.848476007903798,29,0.5011897059316386
30,2102,38,30,7.5868329196256115,30,0.34842095089243685
30,2102,38,31,2.467362417496621,30,0.4813754873377528
30,2102,38,32,1.9453572787396078,30,0.5110098435370874
30,2102,38,38,2.502526779398631,30,1.272821048218526
30,2102,39,22,0.9276495473478539,22,1.1579307749772583
30,2102,39,28,3.988453099085616,28,0.2352745845493354
30,2102,39,29,20.214769323727165,29,0.06981348969612174
30,2102,39,30,619.9005909733976,30,0.02959374780138944
30,2102,39,31,3.6565050377485555,30,0.35311579545237304
30,2102,39,32,3.012957146643881,30,0.47426953417732554
30,2102,39,38,4.543505025670327,30,0.8261566393093834
30,2102,40,22,1.5304861379615597,22,1.0627093549533053
30,2102,40,28,4.325203121528152,28,0.1854242261594519
30,2102,40,29,4.127841018989933,29,0.1563926522335045
30,2102,40,30,5.747772748941468,30,0.14562346172320714
30,2102,40,31,5.980420988178388,30,0.21672193947996268
30,2102,40,32,5.584168352835908,30,0.4626535512001356
30,2102,40,38,2.7792931559710907,30,1.1532574799083426
30,2102,41,22,0.8781939800358485,22,1.1499446758457446
30,2102,41,28,1.3326654310048494,28,0.4352231755627952
30,2102,41,29,4.112357654034969,29,0.2820276453954555
30,2102,41,30,5.673769722775465,30,0.08691709280225786
30,2102,41,31,2.948630949625018,30,0.21269734760802395
30,2102,41,32,2.2333709388132865,30,0.23560848754680164
30,2102,41,38,3.7059371121343325,30,0.6747812718168659
30,2102,42,22,2.2146061102012293,22,0.5347114788392759
30,2102,42,28,9.046649957970876,28,0.18573894364105456
30,2102,42,29,9.803691562507819,29,0.18523932833076742
30,2102,42,30,10.161948394942026,30,0.17356400525769775
30,2102,42,31,6.410003609273688,30,0.21193829588534574
30,2102,42,32,5.33994226638208,30,0.259363830398481
30,2102,42,38,3.751113162612972,30,1.1019188112855416
30,2102,43,22,0.79552266005836,22,0.8192026975692447
30,2102,43,28,4.126276298899827,28,0.33874976845249516
30,2102,43,29,11.37721173186947,29,0.3033978498492668
30,2102,43,30,12.162786043848772,30,0.21620796810890142
30,2102,43,31,11.778549130453309,30,0.278150976758011
30,2102,43,32,4.591221468064985,30,0.46007412115331137
30,2102,43,38,3.460566558726012,30,0.7736842183718697
30,2102,44,22,0.7697291771484593,22,0.9913640326998673
30,2102,44,28,6.549113629843831,28,0.32422154965692546
30,2102,44,29,6.247358983784531,29,0.24957154353273703
30,2102,44,30,8.98069878924334,30,0.16778473895824897
30,2102,44,31,7.461978529151142,30,0.23463942256218942
30,2102,44,32,7.206137512637592,30,0.2586286980039545
30,2102,44,38,2.6593863234970088,30,0.6956789880864307
30,2102,45,22,0.9171583674643579,22,0.9430228673078017
30,2102,45,28,4.560078080613241,28,0.3685579996407973
30,2102,45,29,5.645467335993711,29,0.2697241001637174
30,2102,45,30,4.399075442160112,30,0.21996219823260904
30,2102,45,31,2.43817054878831,30,0.2203575811969974
30,2102,45,32,2.5861166869725536,30,0.6272136554288479
30,2102,45,38,2.7265750889813156,30,0.9823706314602795
30,2102,46,22,2.1574433401507704,22,1.0058790528870218
30,2102,46,28,2.3926960105688995,28,0.4999418880625351
30,2102,46,29,5.313210380629845,29,0.2428806195282643
30,2102,46,30,192.78004505339322,30,0.062275418466767235
30,2102,46,31,12.832463893104132,30,0.15307316593610812
30,2102,46,32,11.762031841810323,30,0.15319227965404364
30,2102,46,38,1.9492130839827015,30,0.8023373878497161
30,2102,47,22,7.3585897015655455,22,0.39448234482622885
30,2102,47,28,30.54355109377987,28,0.17663797790076807
30,2102,47,29,47.91072539172847,29,0.0678757956041231
30,2102,47,30,34.349371773744245,30,0.04075292321374929
30,2102,47,31,26.896462378664413,30,0.04075359537373956
30,2102,47,32,24.255885408029386,30,0.061305555409084896
30,2102,47,38,4.409760733922735,30,0.9350619223424579
30,2102,48,22,0.5493775098910679,22,0.975748160987482
30,2102,48,28,0.8263962763093975,28,0.4839618121068823
30,2102,48,29,0.8151278951190388,29,0.32583415530276916
30,2102,48,30,106.20132061401222,30,0.06945988774295367
30,2102,48,31,4.7158456925312775,30,0.28437199937596797
30,2102,48,32,3.817541081507616,30,0.3581329482351698
30,2102,48,38,2.702582429081545,30,0.6856026905846825
30,2102,49,22,0.6209152134198433,22,0.9139341421781697
30,2102,49,28,2.277587075897235,28,0.6365245761127529
30,2102,49,29,7.776408358219132,29,0.2952286219840646
30,2102,49,30,7.817975625041115,30,0.2577659131801023
30,2102,49,31,5.539677710418514,30,0.39329402255760093
30,2102,49,32,5.161121303854406,30,0.4802334139322288
30,2102,49,38,2.845269468394754,30,1.2132246955686279
30,2102,50,22,1.0391716264948274,22,1.1280189431887526
30,2102,50,28,4.842993660887117,28,0.2821913098065304
30,2102,50,29,6.70221328947686,29,0.2511323338961641
30,2102,50,30,11.681013941599197,30,0.24223638972456182
30,2102,50,31,11.770652681062376,30,0.30197910050529925
30,2102,50,32,10.987702520945021,30,0.47850025778285094
30,2102,50,38,8.491312989420832,30,0.6753864655224175
30,2102,51,22,1.0798587286841919,22,0.9409596005062673
30,2102,51,28,4.954281802042656,28,0.3477791180748519
30,2102,51,29,19.71853932150801,29,0.25900177591947593
30,2102,51,30,21.748511769146276,30,0.1065837322842812
30,2102,51,31,10.727447788019397,30,0.23456917658804743
30,2102,51,32,8.451324784793947,30,0.2682345746629804
30,2102,51,38,2.494554230609591,30,0.8113450155655926
30,2102,52,22,0.6458600075614113,22,1.1925180493544894
30,2102,52,28,3.0497421996588834,28,0.40365863643773664
30,2102,52,29,3.3586335052392955,29,0.21563824536844256
30,2102,52,30,4.810189242276322,30,0.16830274737356446
30,2102,52,31,1.0303258804761375,30,0.30529135112164857
30,2102,52,32,0.863397496293389,30,0.3549196581280685
30,2102,52,38,2.4406544466199724,30,1.1621422453573953
30,2102,53,22,1.7624254910339638,22,0.9195036885995418
30,2102,53,28,1.8212131501618332,28,0.2852666352936094
30,2102,53,29,35.97149897560896,29,0.1538914823250053
30,2102,53,30,4.494259520575583,30,0.0911818198237643
30,2102,53,31,5.57187034216895,30,0.1162265275714452
30,2102,53,32,5.480178862336913,30,0.46018335601011784
30,2102,53,38,4.301300809721266,30,1.2760025917208442
30,2102,54,22,0.7284234281401325,22,0.7573245618040035
30,2102,54,28,1.199172847550828,28,0.25948007987937083
30,2102,54,29,1.8013016039769374,29,0.24587454595112154
30,2102,54,30,602.799111767586,30,0.0339241748907224
30,2102,54,31,7.143157565972182,30,0.23961618011995453
30,2102,54,32,1.7127993429636286,30,0.4447844942473802
30,2102,54,38,1.6354243046445271,30,0.8271934743740916
30,2102,55,22,1.8939242259708362,22,0.8833923708201946
30,2102,55,28,7.090526492906349,28,0.35896696505861847
30,2102,55,29,4.0784843035395895,29,0.2036702869637711
30,2102,55,30,6.5712550925429705,30,0.19684195431775886
30,2102,55,31,5.620119541756268,30,0.23585264907739723
30,2102,55,32,5.111151905397686,30,0.4154135805112328
30,2102,55,38,3.8572773523501045,30,0.7320796026314321
30,2102,56,22,1.3227687999972573,22,0.7900628549699867
30,2102,56,28,1.3616937256406865,28,0.528057630085235
30,2102,56,29,1.612219116011016,29,0.3633044882232584
30,2102,56,30,6.4009668119674155,30,0.1647901838087403
30,2102,56,31,1.417812624289496,30,0.3479637158341239
30,2102,56,32,1.5608792428473262,30,0.3522291546102847
30,2102,56,38,3.096086307518377,30,0.9127440497973651
30,2102,57,22,0.6607826093187887,22,0.953504414675896
30,2102,57,28,2.148183465747079,28,0.3981027341518503
30,2102,57,29,14.774729831721576,29,0.04562909619174408
30,2102,57,30,54.31895783626218,30,0.04352462047115177
30,2102,57,31,48.75495908513736,30,0.04578826267563964
30,2102,57,32,4.06433386108949,30,0.3413731368269788
30,2102,57,38,4.8918610973941234,30,0.693127368050572
30,2102,58,22,1.3064666341019844,22,0.9914484202735449
30,2102,58,28,7.744787599318209,28,0.21825058277460233
30,2102,58,29,19.999183925939395,29,0.21490933041890017
30,2102,58,30,15.18114255837198,30,0.10771951449808072
30,2102,58,31,9.116075360845107,30,0.14697051839980974
30,2102,58,32,6.715928297899534,30,0.19263959731684555
30,2102,58,38,1.7421855159724249,30,1.0672294496213752
30,2102,59,22,1.2504792493709003,22,0.9201264606859976
30,2102,59,28,5.6005215950461436,28,0.22082418069361065
30,2102,59,29,5.734217583385074,29,0.1979769146930166
30,2102,59,30,12.549023435211026,30,0.12136626785172541
30,2102,59,31,11.007392873459358,30,0.1427006054606882
30,2102,59,32,2.7709544080588424,30,0.1663162701924468
30,2102,59,38,2.899974038880774,30,1.0653344315769486
30,2102,60,22,0.7271843838052149,22,1.0986085023014176
30,2102,60,28,7.43292985351133,28,0.22901100037944522
30,2102,60,29,40.180894159617196,29,0.12795147840353813
30,2102,60,30,74.67506620332306,30,0.08170677386840547
30,2102,60,31,8.83722691244557,30,0.18621235180851997
30,2102,60,32,3.4061968493380794,30,0.3426165543712432
30,2102,60,38,3.757990581176012,30,0.8145317841976242
30,2102,61,22,1.1539135944429022,22,0.8241831072146104
30,2102,61,28,10.868622967857338,28,0.24543496662257977
30,2102,61,29,14.24243991254132,29,0.1434076125179547
30,2102,61,30,24.153523037728963,30,0.09980249004555936
30,2102,61,31,23.306841844729192,30,0.15698207390035795
30,2102,61,32,2.3556204202680173,30,0.24178883860445624
30,2102,61,38,2.713595772143284,30,0.8956950735010398
30,2102,62,22,0.9770402165560005,22,1.1825012463710391
30,2102,62,28,1.2408644584795936,28,0.28339772207873976
30,2102,62,29,2.1572589802111004,29,0.2799935503336597
30,2102,62,30,79.85202127056536,30,0.04934620290800614
30,2102,62,31,1.9718991439868372,30,0.2804130454756453
30,2102,62,32,1.8878204230131594,30,0.31514304464122606
30,2102,62,38,2.3951897880473125,30,1.120725598946236
30,2102,63,22,0.6524512528403117,22,0.867880408176184
30,2102,63,28,52.7641029660535,28,0.1315232167805554
30,2102,63,29,4.705266224932519,29,0.09772109613214061
30,2102,63,30,123891.53230974264,30,0.0016252835750220184
30,2102,63,31,3.706145001485462,30,0.36087374581467996
30,2102,63,32,1.8840549423985644,30,0.5207351429370338
30,2102,63,38,2.880995247567156,30,1.1884115513440408
30,2102,64,22,0.8655988313337082,22,1.197934603495363
30,2102,64,28,2.466910086391969,28,0.09743917437690708
30,2102,64,29,2.1937139254055227,29,0.09017409251931463
30,2102,64,30,11.97696964177452,30,0.0901373533747807
30,2102,64,31,12.854670064692963,30,0.10084982513183453
30,2102,64,32,4.262102961010809,30,0.10613124389719762
30,2102,64,38,2.686704054744258,30,0.8056215202510676
30,2102,65,22,1.1009910386962423,22,0.9479923064105631
30,2102,65,28,9.055578025739848,28,0.2007293524058278
30,2102,65,29,12.061708674000537,29,0.14599755954731264
30,2102,65,30,29.251384725258994,30,0.12805598639371318
30,2102,65,31,2.0791827295123917,30,0.2401955771591411
30,2102,65,32,1.4932629985311923,30,0.5741934564288375
30,2102,65,38,1.4994734051307603,30,0.947602565646492
30,2102,66,22,0.8757929952999756,22,1.0967913528382025
30,2102,66,28,1.8190880844867723,28,0.4967597403894506
30,2102,66,29,3.5854184966907456,29,0.46859645005724604
30,2102,66,30,40.94193825998852,30,0.19035829585572112
30,2102,66,31,39.93928042096751,30,0.1941453075559359
30,2102,66,32,8.622170498037464,30,0.32396068260610217
30,2102,66,38,3.880630006975635,30,0.755407780035514
30,2102,67,22,0.7722136133335097,22,0.7272916181155618
30,2102,67,28,1.2572272274213179,28,0.3733221446058969
30,2102,67,29,4.528159863083489,29,0.3725820437403203
30,2102,67,30,4.027948836040115,30,0.22916867508546468
30,2102,67,31,3.9739836761482117,30,0.35008145686850306
30,2102,67,32,2.163929611823479,30,0.5308097472877346
30,2102,67,38,1.7140895014669453,30,0.9445309069553407
30,2102,68,22,1.0572819881745692,22,0.6575820477214772
30,2102,68,28,5.753308871424615,28,0.3625183757193439
30,2102,68,29,7.573280717065808,29,0.3477196492685029
30,2102,68,30,19.600096155673526,30,0.13595292131398867
30,2102,68,31,7.929597517093478,30,0.2615742490953469
30,2102,68,32,7.364358943087886,30,0.3642187135416371
30,2102,68,38,3.940307991625256,30,0.9348311206858093
30,2102,69,22,0.37986764254633265,22,1.2299615066372764
30,2102,69,28,1.5001419004650491,28,0.20118121632977895
30,2102,69,29,11.299585752084687,29,0.06524306420366655
30,2102,69,30,411.12020351966464,30,0.002593794672116625
30,2102,69,31,2.4110762369854624,30,0.25855822169442844
30,2102,69,32,0.8825098990793099,30,0.3662727136972541
30,2102,69,38,2.357586717286365,30,0.8245385003432877
30,2102,70,22,0.8296295562794794,22,0.7816276160938626
30,2102,70,28,3.5930073738494404,28,0.4679972951028324
30,2102,70,29,3.242506954068152,29,0.262787715124833
30,2102,70,30,14.242883847826644,30,0.23001701258096677
30,2102,70,31,4.8326049834733364,30,0.36544835915734836
30,2102,70,32,4.090033986066336,30,0.5559034860108297
30,2102,70,38,4.021054746916221,30,1.1601053482537174
30,2102,71,22,1.2332120683978507,22,0.8618467591825271
30,2102,71,28,2.0376355317782116,28,0.29580889008711203
30,2102,71,29,2.534669108035402,29,0.25585055738266427
30,2102,71,30,6.008765898830929,30,0.09381376290834284
30,2102,71,31,6.253189592284219,30,0.1432993890498395
30,2102,71,32,3.445391566449505,30,0.3902960458747029
30,2102,71,38,3.393731011935375,30,0.8937452527436025
30,2102,72,22,2.8380818946139366,22,0.7371158152128908
30,2102,72,28,3.7945227981697864,28,0.28130243396715954
30,2102,72,29,5.4990507782639435,29,0.24462381717499446
30,2102,72,30,28.792601540046295,30,0.017671795958000502
30,2102,72,31,4.775790722673182,30,0.09356731489869634
30,2102,72,32,2.6795231371287054,30,0.09514225445537078
30,2102,72,38,3.2301145886526905,30,0.8618146005325169
30,2102,73,22,0.7406904806183576,22,0.6788558496123253
30,2102,73,28,4.452510758725254,28,0.41552083834796216
30,2102,73,29,3.743333731946597,29,0.39470874948217777
30,2102,73,30,6.426323986950578,30,0.12619848460770167
30,2102,73,31,2.3090197757975153,30,0.3004553816590893
30,2102,73,32,2.3773049198348337,30,0.43267124354519026
30,2102,73,38,2.023144735364709,30,0.9744143207068144
30,2102,74,22,0.6037622735956923,22,1.2823491024301479
30,2102,74,28,3.6903965170371356,28,0.5380795347376887
30,2102,74,29,3.6346477998345077,29,0.5149534858678169
30,2102,74,30,3.000699330005643,30,0.286066349195685
30,2102,74,31,2.1273600321485935,30,0.3014795311544462
30,2102,74,32,1.636809578429518,30,0.5507588601403931
30,2102,74,38,1.9593524330045067,30,0.9175114122745262
30,2102,75,22,1.4033285025891502,22,0.7609923717132672
30,2102,75,28,2.995711046487674,28,0.14995772999626675
30,2102,75,29,3.3565287613009223,29,0.09304490452248942
30,2102,75,30,2.004412709115118,30,0.05840465736757731
30,2102,75,31,1.8806629603518692,30,0.14275684511941536
30,2102,75,32,1.9888374924088579,30,0.35161996314567134
30,2102,75,38,2.418362847142442,30,0.6490801964507045
30,2102,76,22,0.5524916847699625,22,0.7624447110495337
30,2102,76,28,2.0335210626852556,28,0.4387857608434423
30,2102,76,29,18.807216011376486,29,0.12562555258085087
30,2102,76,30,274.0688790281542,30,0.017280239609808113
30,2102,76,31,3.820229471469621,30,0.363892006501515
30,2102,76,32,3.131124920675025,30,0.3752766509878988
30,2102,76,38,3.2390443854698128,30,0.8983988506836194
30,2102,77,22,0.716323843956278,22,0.8910224079376461
30,2102,77,28,1.9741742989961577,28,0.5032363196387886
30,2102,77,29,3.757637396751872,29,0.20387177754539276
30,2102,77,30,23.436389515108736,30,0.12248746780124975
30,2102,77,31,11.947783140354963,30,0.18032064136567397
30,2102,77,32,4.155623975009543,30,0.2545739557354397
30,2102,77,38,1.859953210135891,30,0.5009144500895174
30,2102,78,22,2.1103394642223243,22,0.5821220093211705
30,2102,78,28,38.721705075180964,28,0.1646776317298
30,2102,78,29,39.078758166177906,29,0.16106039113204912
30,2102,78,30,156911.00270378077,30,0.0034068594288238787
30,2102,78,31,165.92897613373106,30,0.11308073881390088
30,2102,78,32,96.42074481052859,30,0.1681647339005143
30,2102,78,38,5.730748852375986,30,0.8883386711142787
30,2102,79,22,0.561812896009892,22,1.2544661620170705
30,2102,79,28,2.2849551188746715,28,0.4168575756722549
30,2102,79,29,4.736517533860419,29,0.3445495410792144
30,2102,79,30,4.613327064682377,30,0.2815660849129586
30,2102,79,31,3.975819037176527,30,0.3791346327525896
30,2102,79,32,2.7701877397191907,30,0.39159209925296934
30,2102,79,38,1.7844861322011152,30,1.0530725850627287
30,2102,80,22,0.8260314615779506,22,1.5035541465317575
30,2102,80,28,2.182410227351536,28,0.3193565059374616
30,2102,80,29,2.192176672403616,29,0.2140517602787197
30,2102,80,30,2.9840825506097253,30,0.16203432374824084
30,2102,80,31,2.8584628548471684,30,0.16256986395988546
30,2102,80,32,2.27784152942777,30,0.4185397845560678
30,2102,80,38,1.8276616836899158,30,0.8772869255171302
30,2102,81,22,1.0151648796753054,22,0.6783751263269379
30,2102,81,28,2.5102554815959652,28,0.2619319413059128
30,2102,81,29,5.405372434051741,29,0.25504273402434047
30,2102,81,30,7.517171439998216,30,0.11137402258232156
30,2102,81,31,8.214735939301372,30,0.14428446763851818
30,2102,81,32,5.127002409236079,30,0.22884065830781125
30,2102,81,38,3.283882079433041,30,0.9005140370609288
30,2102,82,22,1.7327262045694207,22,1.098615182482304
30,2102,82,28,5.712948685367404,28,0.14867556790688352
30,2102,82,29,8.227675764150165,29,0.14659761566499235
30,2102,82,30,16.773642354188908,30,0.09082019412678423
30,2102,82,31,6.91465314775547,30,0.2045563803876908
30,2102,82,32,3.9200724695095124,30,0.5182045462269297
30,2102,82,38,4.413130806569389,30,0.8116534486645849
30,2102,83,22,1.5976916898878253,22,0.6693368075538141
30,2102,83,28,4.724684668390702,28,0.33594208941037373
30,2102,83,29,3.3753115209945475,29,0.2867859128871994
30,2102,83,30,171.45034372564263,30,0.047376425101435464
30,2102,83,31,12.79945163951888,30,0.20389346560971655
30,2102,83,32,4.764923103312215,30,0.3551499805743046
30,2102,83,38,2.9948719472006915,30,0.9923984951032344
30,2102,84,22,0.6102258978425239,22,0.8171464040040677
30,2102,84,28,1.1968372319042495,28,0.32635552114899424
30,2102,84,29,4.888319210133941,29,0.1800213239009549
30,2102,84,30,183.79571715937175,30,0.05398033287971374
30,2102,84,31,41.624190180253706,30,0.11612727892864534
30,2102,84,32,27.14666702252603,30,0.150340110102899
30,2102,84,38,3.262529782961472,30,0.6668343747232238
30,2102,85,22,1.3474254048989436,22,0.7994037473563969
30,2102,85,28,2.218395180472874,28,0.5084816202984088
30,2102,85,29,22.256104139641447,29,0.15610022940874888
30,2102,85,30,3876.109477278062,30,0.006542017776775306
30,2102,85,31,41.315549004642946,30,0.08835738127553062
30,2102,85,32,9.14527434255962,30,0.21386822111002476
30,2102,85,38,1.2488184172351242,30,0.9726200206979694
30,2102,86,22,0.7583769695762186,22,1.3507713554726186
30,2102,86,28,5.377049318163872,28,0.3179094811421149
30,2102,86,29,5.8244982353718715,29,0.3120845135899258
30,2102,86,30,3.065325087978332,30,0.027836805143312868
30,2102,86,31,3.217498926604061,30,0.028844289388707756
30,2102,86,32,3.1435954615207358,30,0.048334085927718255
30,2102,86,38,3.25741136500985,30,0.7550600083780175
30,2102,87,22,0.769829819202679,22,1.2320390436281976
30,2102,87,28,10.651788302347228,28,0.2745783723743725
30,2102,87,29,9.561817862319632,29,0.2712999058210809
30,2102,87,30,15.68013171824126,30,0.1709292275241244
30,2102,87,31,2.1939144133155946,30,0.2472213106424455
30,2102,87,32,1.3629440317361614,30,0.4981568374982715
30,2102,87,38,3.26116177463003,30,0.9612923293865868
30,2102,88,22,0.8546651408165767,22,0.7186291936393046
30,2102,88,28,5.387085629146249,28,0.3398029320535866
30,2102,88,29,6.973690322564855,29,0.2059892906887455
30,2102,88,30,7.185799208032005,30,0.04848674612315854
30,2102,88,31,4.992747765021142,30,0.23564577839608097
30,2102,88,32,3.1884374899866277,30,0.5192965472259949
30,2102,88,38,2.6350864303400625,30,0.9838126766284132
30,2102,89,22,1.1744099864711126,22,0.9973327289350342
30,2102,89,28,15.025582138104859,28,0.12420474823603861
30,2102,89,29,16.92505465200155,29,0.12416040946617736
30,2102,89,30,16.301255539790375,30,0.12075318619882583
30,2102,89,31,3.74914618587481,30,0.1564497391935291
30,2102,89,32,2.4873490166765064,30,0.3817089500214103
30,2102,89,38,3.6946405256770065,30,1.017582575649698
30,2102,90,22,0.7346497654226983,22,1.2369841556942658
30,2102,90,28,3.053786559512547,28,0.332099416046956
30,2102,90,29,6.969626215514335,29,0.3020145412732807
30,2102,90,30,9.649977301456616,30,0.27968065235848344
30,2102,90,31,9.797392876648036,30,0.2796936836354918
30,2102,90,32,8.321135661365698,30,0.2971514190734281
30,2102,90,38,2.5551360607034526,30,0.8205520468779685
30,2102,91,22,0.5664539513010804,22,1.3285293333868957
30,2102,91,28,1.194056993633133,28,0.5005773517544725
30,2102,91,29,2.8211978729254645,29,0.45661467864537725
30,2102,91,30,19.244271405038752,30,0.1259238335640751
30,2102,91,31,9.792286412190402,30,0.27203437081522736
30,2102,91,32,8.29943249977206,30,0.31398429543409206
30,2102,91,38,4.377202673712855,30,0.7663017848766466
30,2102,92,22,0.8521816309647982,22,1.3410101544851798
30,2102,92,28,2.2659118072167987,28,0.21632511159591766
30,2102,92,29,9.904624450218101,29,0.12647766929395776
30,2102,92,30,25.57361522220267,30,0.11572652429756801
30,2102,92,31,5.462508919629445,30,0.29085422140309053
30,2102,92,32,5.246540711244397,30,0.3142915951880545
30,2102,92,38,2.475012954901937,30,0.6403955382607395
30,2102,93,22,2.123828389149595,22,0.8287968034699014
30,2102,93,28,17.99935283929075,28,0.19839161859052679
30,2102,93,29,13.775152458638765,29,0.18327284583117853
30,2102,93,30,3828.1224164590267,30,0.016853558958404468
30,2102,93,31,71.86690985777408,30,0.16190236246014378
30,2102,93,32,63.83169061866703,30,0.17899050851764736
30,2102,93,38,4.746991822767033,30,0.8982896786221548
30,2102,94,22,0.5186834046661044,22,1.3813621551608495
30,2102,94,28,4.472065296352723,28,0.2525206261181427
30,2102,94,29,4.626389845845542,29,0.15054272834357602
30,2102,94,30,43.492614660941776,30,0.09938507405324302
30,2102,94,31,39.491185492481215,30,0.10066370385462105
30,2102,94,32,35.33486176734855,30,0.10263585049139684
30,2102,94,38,4.129801444716421,30,1.1510903125854213
30,2102,95,22,3.8790531899859904,22,0.6943661994959737
30,2102,95,28,2.816300124686324,28,0.3217110573905739
30,2102,95,29,26.825984221149444,29,0.053765067678144075
30,2102,95,30,30.232112056894433,30,0.03786122950047789
30,2102,95,31,6.790219586189872,30,0.09879256963924782
30,2102,95,32,2.687320415791733,30,0.18830158899558394
30,2102,95,38,2.7176366920761774,30,0.7908185252050052
30,2102,96,22,0.8449854952182956,22,0.9561072644969808
30,2102,96,28,1.6694205383245588,28,0.587216910793349
30,2102,96,29,1.2332095638912093,29,0.3939518695998829
30,2102,96,30,1.2475095351145122,30,0.3443165541498304
30,2102,96,31,1.2690278203425895,30,0.5034929516964537
30,2102,96,32,1.4669100796186054,30,0.7079400113871205
30,2102,96,38,2.412055096099083,30,0.7908530680199735
30,2102,97,22,0.5053153354529561,22,1.0474377726289577
30,2102,97,28,15.66548136034194,28,0.35316346255299974
30,2102,97,29,16.07003245456337,29,0.17873186045885592
30,2102,97,30,18.33644559534858,30,0.17103581183574232
30,2102,97,31,18.497916727809443,30,0.19327537292861652
30,2102,97,32,9.583823290978478,30,0.26146428812992195
30,2102,97,38,3.1936868417068767,30,0.7951425433409808
30,2102,98,22,0.8347125537822925,22,1.0278140005510694
30,2102,98,28,29.96819957266287,28,0.10440192997832262
30,2102,98,29,30.18081071416878,29,0.015237770772074766
30,2102,98,30,17194.124267465264,30,0.002315976492107096
30,2102,98,31,7.022090345517056,30,0.08300761149223952
30,2102,98,32,2.1436804048853095,30,0.3494709520636377
30,2102,98,38,2.6702899434941463,30,0.8797160379611897
30,2102,99,22,0.6839563437028546,22,1.4777408996782528
30,2102,99,28,12.636482139328674,28,0.35147329203975697
30,2102,99,29,38.060712523888576,29,0.1500235229253045
30,2102,99,30,21.74751035689442,30,0.10758758316911235
30,2102,99,31,7.110255587353598,30,0.3376400890573723
30,2102,99,32,4.6125674699891075,30,0.3891177523019975
30,2102,99,38,4.134849629336326,30,0.6258598834159772
30,2102,100,22,0.6875932211365099,22,0.6371929591858511
30,2102,100,28,14.925334263223094,28,0.18101926517759503
30,2102,100,29,27.896608241573848,29,0.18040862466157645
30,2102,100,30,25.219586798923263,30,0.11621158885456861
30,2102,100,31,24.815200296498848,30,0.11634842248101362
30,2102,100,32,3.847598214608879,30,0.12478124458824962
30,2102,100,38,2.680253844520979,30,0.6558177983278283
30,2102,101,22,1.1040848731901305,22,1.0332790958983171
30,2102,101,28,2.0700816879232598,28,0.37888083729058053
30,2102,101,29,11.965039026292294,29,0.20442138051354702
30,2102,101,30,5074.442698094818,30,0.004943197036432334
30,2102,101,31,15.617796381007476,30,0.2038743655818956
30,2102,101,32,13.83318769224395,30,0.20423678503502565
30,2102,101,38,2.602912788251928,30,1.0518971830830057
30,2102,102,22,1.004224518529244,22,0.8185051988361001
30,2102,102,28,8.14241939001068,28,0.0579776138957998
30,2102,102,29,6.894969796486396,29,0.056045094831986365
30,2102,102,30,6.0342804200145475,30,0.05473466720405266
30,2102,102,31,3.0782412156224397,30,0.08489108032817212
30,2102,102,32,2.0900151633070463,30,0.20092286681259652
30,2102,102,38,2.9992008635229768,30,0.783737952522016
30,2102,103,22,0.5432982497861758,22,1.1484908442888002
30,2102,103,28,14.391311300198867,28,0.23855469878676558
30,2102,103,29,13.796644381117499,29,0.23328570273494822
30,2102,103,30,35.0344060321817,30,0.14804776596054572
30,2102,103,31,19.336017590958,30,0.22067287696303142
30,2102,103,32,6.098158178604788,30,0.4358409846063779
30,2102,103,38,2.7686318095257767,30,1.079646518446805
30,2102,104,22,0.5623277890515322,22,1.3674542362052229
30,2102,104,28,2.5815334960162377,28,0.39402984481314135
30,2102,104,29,2.9879755490865314,29,0.2738283011035336
30,2102,104,30,3.357919606520255,30,0.08584771254108794
30,2102,104,31,2.4272449432460084,30,0.20093011984355624
30,2102,104,32,2.39926538506345,30,0.2204211283741058
30,2102,104,38,2.9558899076645613,30,0.7827703131089768
30,2102,105,22,1.0888537991632747,22,1.1679670943996445
30,2102,105,28,1.2454531631602268,28,0.5614165365912067
30,2102,105,29,1.4739259912299947,29,0.4463546625256321
30,2102,105,30,5.153117877058014,30,0.15817545327499186
30,2102,105,31,5.151162748707168,30,0.15875575167228015
30,2102,105,32,4.561388999560409,30,0.22430209781695873
30,2102,105,38,3.0591732112951657,30,0.8107770243370822
30,2102,106,22,1.063973068637719,22,1.0397610144535288
30,2102,106,28,4.877937546905303,28,0.4658761290777746
30,2102,106,29,4.26226236520605,29,0.33870450133034763
30,2102,106,30,114.50980724466586,30,0.037095257098764364
30,2102,106,31,21.79984977838814,30,0.09013930945500993
30,2102,106,32,3.9687620886905934,30,0.1403194559553067
30,2102,106,38,2.840904969572164,30,0.7900222393857306
30,2102,107,22,0.9470127777518251,22,1.085741610923015
30,2102,107,28,2.0653324150983075,28,0.5347522959867907
30,2102,107,29,5.3829226302398725,29,0.39711009039047357
30,2102,107,30,7.749921449521468,30,0.09763269494061165
30,2102,107,31,3.334674231003778,30,0.49526555911255554
30,2102,107,32,3.346260453486758,30,0.6324530698382846
30,2102,107,38,2.8070217921380354,30,1.4073591598124613
30,2102,108,22,0.85465206222221,22,1.1347725586073694
30,2102,108,28,2.045797064799232,28,0.2102752928636882
30,2102,108,29,6.881914870250045,29,0.16024157489269958
30,2102,108,30,6.464677638753286,30,0.13931913593192938
30,2102,108,31,3.833128144316861,30,0.235744746830878
30,2102,108,32,2.748736818446213,30,0.3063054972565497
30,2102,108,38,2.5802053863361887,30,0.8176979783900862
30,2102,109,22,1.0056980713434265,22,0.766106400107707
30,2102,109,28,2.083618186275267,28,0.3958369956916374
30,2102,109,29,4.382138896800668,29,0.18943401619455072
30,2102,109,30,444.60210693994105,30,0.01975121486352774
30,2102,109,31,9.297671626453681,30,0.1916395463618241
30,2102,109,32,8.468352742808122,30,0.20634366164799572
30,2102,109,38,2.580065797206145,30,0.6631599019617059
30,2102,110,22,0.8384291901653129,22,1.1769894969242503
30,2102,110,28,8.25552602609089,28,0.25925805093440096
30,2102,110,29,83.32626669845484,29,0.19916960939942488
30,2102,110,30,82.80250973126503,30,0.1751662682183729
30,2102,110,31,82.79388111392595,30,0.19705575342805867
30,2102,110,32,81.04091333601147,30,0.19757539116501763
30,2102,110,38,6.0224707583254435,30,0.6772260799572768
30,2102,111,22,0.6948784287426913,22,1.20622822553629
30,2102,111,28,4.147343554303971,28,0.42844525531737687
30,2102,111,29,27.08710282019268,29,0.19926059357487155
30,2102,111,30,9.83264007511206,30,0.09995192248212764
30,2102,111,31,7.5116852591744205,30,0.20037602947579228
30,2102,111,32,5.0236058377580495,30,0.2080583815830036
30,2102,111,38,3.967336837773041,30,0.8556358565288867
30,2102,112,22,1.5780265319083784,22,1.115101108035799
30,2102,112,28,1.70734232230578,28,0.501820753801707
30,2102,112,29,1.7178720256171691,29,0.48466669747835844
30,2102,112,30,22.16205525554488,30,0.08044602554955993
30,2102,112,31,7.761760695875353,30,0.11631427442311962
30,2102,112,32,1.3107428528953509,30,0.39052100926878935
30,2102,112,38,1.8092080302888416,30,0.9142072820950661
30,2102,113,22,0.5825893334496278,22,1.0789970343634534
30,2102,113,28,2.6924088701549245,28,0.49611592549458633
30,2102,113,29,3.640522231804478,29,0.28249551180800603
30,2102,113,30,8.09676516672689,30,0.1297746539543197
30,2102,113,31,1.751495178884698,30,0.4084588193996229
30,2102,113,32,2.1428210093555258,30,0.47902839935533514
30,2102,113,38,1.5364395360338383,30,0.8198920064480801
30,2102,114,22,0.78033763251807,22,1.2174739431566304
30,2102,114,28,0.7547054033709566,28,0.44264713181285076
30,2102,114,29,0.7706418406866978,29,0.44190068363160145
30,2102,114,30,304349.0439153844,30,0.00051245064514757
30,2102,114,31,1.2960538716393781,30,0.4834271655328488
30,2102,114,32,1.6207461564603471,30,0.4967052482014224
30,2102,114,38,3.1054662751443374,30,0.961076730116238
30,2102,115,22,1.0467835134342098,22,0.7641705479843484
30,2102,115,28,5.885342434622098,28,0.19738215824821406
30,2102,115,29,4.457691599036634,29,0.06477384297882667
30,2102,115,30,60.48745756498305,30,0.024576960522056664
30,2102,115,31,44.23261930179495,30,0.029096914262841906
30,2102,115,32,5.542647154002345,30,0.09662615486255025
30,2102,115,38,2.526157325536133,30,0.6492546205866686
30,2102,116,22,1.171621565388329,22,0.8212761323585895
30,2102,116,28,12.348827333790465,28,0.3269242515709728
30,2102,116,29,6.837313256779376,29,0.23730968221999357
30,2102,116,30,7781.3227836337155,30,0.006014029904867722
30,2102,116,31,10.586901706218205,30,0.3222931976057294
30,2102,116,32,7.2661763300419775,30,0.5858116608941858
30,2102,116,38,3.8561047639038053,30,0.7563107982189197
30,2102,117,22,0.7890952943027343,22,0.827309904590347
30,2102,117,28,3.0841490875912503,28,0.195006853454384
30,2102,117,29,3.0655643632906693,29,0.194776187966973
30,2102,117,30,3.7782033723165305,30,0.13735784051598898
30,2102,117,31,3.046279426957801,30,0.19068592008229193
30,2102,117,32,1.8897821153660042,30,0.1968044532782096
30,2102,117,38,1.2898044789675371,30,0.9274990216100166
30,2102,118,22,1.7913626029914558,22,0.9950072300758436
30,2102,118,28,3.524576522883831,28,0.3397406702826245
30,2102,118,29,3.178124851289245,29,0.2777644354469343
30,2102,118,30,3.2108019874209304,30,0.27600044652007133
30,2102,118,31,2.563556305298636,30,0.4203541496237735
30,2102,118,32,2.302460263084103,30,0.4922066052519554
30,2102,118,38,2.1209395001298827,30,0.812513361292463
30,2102,119,22,1.0529184927880126,22,1.3224327683015358
30,2102,119,28,1.9534469688572549,28,0.4045089683358809
30,2102,119,29,1.8774623898304101,29,0.33541566433869874
30,2102,119,30,2.4276638708695546,30,0.23914702363622375
30,2102,119,31,2.5238498895522614,30,0.2565097274801636
30,2102,119,32,2.745121030513987,30,0.30633597735459284
30,2102,119,38,3.1512441535884648,30,0.7007092339556578
30,2102,120,22,0.5601966842799115,22,1.2984177394919663
30,2102,120,28,1.93629843734293,28,0.2707784168066798
30,2102,120,29,6.2836722606372,29,0.10410161796782406
30,2102,120,30,3.8054862260786826,30,0.07558367388017015
30,2102,120,31,1.8434496973694077,30,0.2437279218598624
30,2102,120,32,2.443721830842669,30,0.35240750093549084
30,2102,120,38,2.4302154621537992,30,0.890988510671971
30,2102,121,22,1.7175440575952314,22,0.49226690444030063
30,2102,121,28,28.118795380697552,28,0.16850465204653578
30,2102,121,29,27.406729076789013,29,0.16838619715759576
30,2102,121,30,27.16203412166916,30,0.10953847289138781
30,2102,121,31,12.385966764846284,30,0.22723256892978988
30,2102,121,32,8.033931020965703,30,0.24790204720576026
30,2102,121,38,3.3232040779856,30,0.9608420453851407
30,2102,122,22,1.3855692518328684,22,1.0992300566719335
30,2102,122,28,2.1739353942537134,28,0.27220807584705403
30,2102,122,29,2.651850984686653,29,0.2545006062986164
30,2102,122,30,2.557183867571159,30,0.17959756047294148
30,2102,122,31,2.749343435778175,30,0.2918000769544806
30,2102,122,32,3.401370460558229,30,0.3842875982731146
30,2102,122,38,3.8760061558643284,30,0.934410173047629
30,2102,123,22,2.940865619819864,22,0.5557904582213774
30,2102,123,28,4.117778451483492,28,0.29884317238470876
30,2102,123,29,5.0883731757455495,29,0.26818966063347566
30,2102,123,30,118.12144516715158,30,0.058478336801631586
30,2102,123,31,10.532546812738595,30,0.25295066200598454
30,2102,123,32,4.092852655281346,30,0.28358665010494427
30,2102,123,38,2.538151962793616,30,1.077086342710897
30,2102,124,22,1.3421444078002884,22,0.6500516026673941
30,2102,124,28,8.86753689962872,28,0.19426388812669046
30,2102,124,29,3.4639873609249836,29,0.16178758727540107
30,2102,124,30,2074.025055440693,30,0.004111451310963879
30,2102,124,31,3.881465768612103,30,0.20135367321178366
30,2102,124,32,2.287870504319341,30,0.2791118493718181
30,2102,124,38,1.9927476336463508,30,1.2575055828735515
30,2102,125,22,0.5188688877902354,22,1.2169015725450907
30,2102,125,28,5.736418300207262,28,0.14694863335807729
30,2102,125,29,93.3896047413268,29,0.08605801426452524
30,2102,125,30,74.12188992939988,30,0.008812480156957703
30,2102,125,31,22.032646777587974,30,0.1505624880397778
30,2102,125,32,11.589711613872694,30,0.20558232427745657
30,2102,125,38,2.078346915390699,30,0.7184101322587337
30,2102,126,22,1.0226315321524146,22,1.0553313619499427
30,2102,126,28,3.6521536301184363,28,0.2612600110170042
30,2102,126,29,3.138734335824688,29,0.22166167933999972
30,2102,126,30,3.5860701373234884,30,0.176498409552302
30,2102,126,31,2.1184289413696122,30,0.2245743948508568
30,2102,126,32,2.714786370492224,30,0.35192521417080974
30,2102,126,38,2.6093426513523688,30,1.0766789980203986
30,2102,127,22,0.6915158080082746,22,1.120990153930735
30,2102,127,28,6.964387743433377,28,0.4638417780232271
30,2102,127,29,17.76411215545343,29,0.21524621768838878
30,2102,127,30,36.640106084224115,30,0.19931680340140262
30,2102,127,31,36.63296395289506,30,0.19997723750067836
30,2102,127,32,7.310121146846608,30,0.4297773636651095
30,2102,127,38,2.501930992277438,30,1.0397313632494976
30,2102,128,22,1.3786875890920203,22,0.8697388135893764
30,2102,128,28,1.9950701176064738,28,0.4697794432250767
30,2102,128,29,6.482608080970069,29,0.25201523208546767
30,2102,128,30,294.45654047228095,30,0.04389427662312873
30,2102,128,31,12.432667804820948,30,0.1639770044067117
30,2102,128,32,6.977127573105078,30,0.36268997884014414
30,2102,128,38,3.8385569163008157,30,0.7478142500352444
30,2102,129,22,0.9756286227586916,22,1.1635402985297238
30,2102,129,28,4.338361689778702,28,0.3893208340413725
30,2102,129,29,6.406066042611864,29,0.18229550061789435
30,2102,129,30,5.690512100613254,30,0.1781985685334305
30,2102,129,31,5.100340258414912,30,0.20163750739085506
30,2102,129,32,1.8169315406219124,30,0.23246838319993712
30,2102,129,38,2.3952713594609394,30,0.8024919849445189
30,2102,130,22,1.036728740689265,22,1.2205491478959418
30,2102,130,28,4.897539969493102,28,0.3771184912151476
30,2102,130,29,5.797821172005978,29,0.34956509089063675
30,2102,130,30,47.65918028324836,30,0.07646507783883014
30,2102,130,31,30.516492701322203,30,0.12863311096800958
30,2102,130,32,3.322516574881929,30,0.3814251903978558
30,2102,130,38,4.010046541908705,30,1.2065602531414
30,2102,131,22,0.6638449183758288,22,1.2827659963860112
30,2102,131,28,9.075067293104231,28,0.17850287220072786
30,2102,131,29,43.06190312156945,29,0.10008305376809806
30,2102,131,30,6.6355645712218285,30,0.09294203889083301
30,2102,131,31,5.761988523528325,30,0.3249766789508254
30,2102,131,32,5.404624542478686,30,0.4501607576139936
30,2102,131,38,2.450665776289956,30,1.104199008329853
30,2102,132,22,0.7148814271107191,22,1.2619520310154249
30,2102,132,28,1.4468649189248224,28,0.2567246697112102
30,2102,132,29,15.930596599477065,29,0.1730122402969488
30,2102,132,30,154.00459534415077,30,0.03576976928473839
30,2102,132,31,19.474288578201804,30,0.0980535594874411
30,2102,132,32,19.216593564357538,30,0.1355436376885256
30,2102,132,38,3.435844570337693,30,0.5018924781855053
30,2102,133,22,0.7569293048965808,22,0.9827049487840468
30,2102,133,28,6.26170999396889,28,0.24319559626156215
30,2102,133,29,3.7230496818462577,29,0.15211950556723816
30,2102,133,30,3.7472822620117103,30,0.15209851420253662
30,2102,133,31,2.2148363688794444,30,0.15210114454676169
30,2102,133,32,2.2283283788738553,30,0.20464626237809247
30,2102,133,38,1.9015601520707268,30,0.7038875891048147
30,2102,134,22,0.7836950874152232,22,1.0650072418744152
30,2102,134,28,7.109548824451746,28,0.30237216974356984
30,2102,134,29,7.781926898541736,29,0.2262702865114423
30,2102,134,30,9.712116430077536,30,0.21981412320915872
30,2102,134,31,5.414888840115627,30,0.3413697954837024
30,2102,134,32,3.27036361101644,30,0.3495469811880847
30,2102,134,38,3.172688042419141,30,0.5612970980845842
30,2102,135,22,1.1023674975044582,22,1.0429186682527474
30,2102,135,28,1.3082717058368158,28,0.560839580030162
30,2102,135,29,1.410463360477508,29,0.4860779362631511
30,2102,135,30,1.4059956903728066,30,0.28849433563017673
30,2102,135,31,1.6901967514247558,30,0.48491770907230813
30,2102,135,32,1.6812014155257309,30,0.5295377251083374
30,2102,135,38,3.9070930489426936,30,0.9388946221993
30,2102,136,22,0.805557419962742,22,1.1100686830135065
30,2102,136,28,6.161102469925826,28,0.3128598303424816
30,2102,136,29,2.1779812474162585,29,0.2670517988973511
30,2102,136,30,23.240327332933063,30,0.130917631211357
30,2102,136,31,14.50354564145652,30,0.16956617557674952
30,2102,136,32,4.197988791058407,30,0.4418950051737954
30,2102,136,38,2.3880012479217427,30,1.0638438895087061
30,2102,137,22,0.8184909640820459,22,1.0482755624403237
30,2102,137,28,3.859474063502972,28,0.5233142000553573
30,2102,137,29,3.972829632922182,29,0.5101550534352651
30,2102,137,30,21.151974440351736,30,0.17248767244283794
30,2102,137,31,2.017357867325619,30,0.676406649224445
30,2102,137,32,2.0529683338165645,30,0.6825852055283409
30,2102,137,38,1.6569521175055812,30,1.0396698982530876
30,2102,138,22,0.9065594059285993,22,1.2055404037041844
30,2102,138,28,5.702200107325225,28,0.30200905925892585
30,2102,138,29,4.133895345854331,29,0.11221671113778169
30,2102,138,30,3.8602493657648522,30,0.07030966235233742
30,2102,138,31,3.4486960417944226,30,0.08759761219888307
30,2102,138,32,2.2817741574765966,30,0.30562159145904977
30,2102,138,38,1.8578272902190769,30,0.9071579034687375
30,2102,139,22,1.0737550779526914,22,0.8542130994834429
30,2102,139,28,2.8444543927693338,28,0.4875018918496826
30,2102,139,29,75.66473835041982,29,0.16261346480911423
30,2102,139,30,73.53628335741396,30,0.16117061142561376
30,2102,139,31,4.8834231675425075,30,0.4035886174493125
30,2102,139,32,3.4760540588016235,30,0.4413671185748031
30,2102,139,38,2.3158852624427637,30,1.2927169865729902
30,2102,140,22,1.174034096463816,22,0.9687713976484548
30,2102,140,28,1.1224004836742787,28,0.3924278908968687
30,2102,140,29,1.3639059636585982,29,0.09348597780689608
30,2102,140,30,7.74532336224209,30,0.08020142337110428
30,2102,140,31,2.136817285872472,30,0.17060428503226127
30,2102,140,32,1.4320993113655718,30,0.20719125888377835
30,2102,140,38,1.9632229688824465,30,1.056689456366852
30,2102,141,22,0.843226105076205,22,1.1711984055418398
30,2102,141,28,2.404403635512732,28,0.34391502853375455
30,2102,141,29,3.955607142646879,29,0.28354570020532127
30,2102,141,30,396.35026155931496,30,0.04924288740091493
30,2102,141,31,379.4775183987966,30,0.05021715094381786
30,2102,141,32,5.32364635376255,30,0.29343009341017706
30,2102,141,38,3.9052748143616864,30,1.0086249775649045
30,2102,142,22,0.872876882897208,22,0.9133085473464259
30,2102,142,28,3.3041555825735194,28,0.40928635567304217
30,2102,142,29,3.295534016413559,29,0.4092449315389182
30,2102,142,30,6.171846873906351,30,0.278391237840117
30,2102,142,31,4.374604824263782,30,0.47169791571560954
30,2102,142,32,4.4307956861908195,30,0.47169791785038
30,2102,142,38,3.312939021002278,30,0.8003945032622899
30,2102,143,22,0.7343649447578471,22,0.8547675567985408
30,2102,143,28,12.676544512335962,28,0.13337982503397822
30,2102,143,29,10.847398996230146,29,0.08247069648316431
30,2102,143,30,24.819681449178518,30,0.07253771666972994
30,2102,143,31,4.923755001930992,30,0.17334585404482372
30,2102,143,32,4.2704155261408125,30,0.19616456194002457
30,2102,143,38,1.7358035130878997,30,0.861467670682556
30,2102,144,22,1.4547431974363785,22,1.1262419277718732
30,2102,144,28,24.640119749036792,28,0.1465807822644941
30,2102,144,29,31.17250581843586,29,0.130698389749305
30,2102,144,30,15.515180455711244,30,0.0225958481258574
30,2102,144,31,2.882110076849081,30,0.12396078251739201
30,2102,144,32,2.566566110862179,30,0.29822297399562514
30,2102,144,38,2.4816541745902407,30,0.6300136429444169
30,2102,145,22,0.7675035435450397,22,0.6621380503998042
30,2102,145,28,2.261815867242379,28,0.37389801056388305
30,2102,145,29,2.4837073436087294,29,0.26255259313904894
30,2102,145,30,2.116829855637053,30,0.14432591972557585
30,2102,145,31,2.2665168920897303,30,0.2944311441815163
30,2102,145,32,1.638152258127524,30,0.30063718836453485
30,2102,145,38,3.58307798563769,30,1.1424418200271145
30,2102,146,22,1.4246016912873487,22,0.9905972133681121
30,2102,146,28,4.967408908542194,28,0.1749208271411129
30,2102,146,29,4.509954061401446,29,0.12710223259291778
30,2102,146,30,15.146535575422405,30,0.12649944870379143
30,2102,146,31,10.141799791174645,30,0.33453836723554514
30,2102,146,32,10.191216629012743,30,0.3583608091012511
30,2102,146,38,4.004477898944005,30,0.8946119410026258
30,2102,147,22,0.7599600434798334,22,1.0014775987853402
30,2102,147,28,3.8716888655583936,28,0.240982842991532
30,2102,147,29,2.268066501879172,29,0.20384459054054746
30,2102,147,30,8.368408764848226,30,0.10891958601061531
30,2102,147,31,2.3081071916061684,30,0.3956301865698934
30,2102,147,32,2.2622719964142974,30,0.4299417253089923
30,2102,147,38,2.476897295668242,30,0.8378105493301345
30,2102,148,22,0.7334671272126967,22,0.8827960501950664
30,2102,148,28,7.807533094002745,28,0.3701245393372574
30,2102,148,29,19.737788547260212,29,0.0894823972397303
30,2102,148,30,23.628123195848463,30,0.059376091250600366
30,2102,148,31,5.726535614325537,30,0.21647043855315098
30,2102,148,32,3.4214706326405664,30,0.4284771148560744
30,2102,148,38,1.6892500673182371,30,1.0875459553446885
30,2102,149,22,0.7923129411587223,22,0.9740715144046793
30,2102,149,28,9.713283358187978,28,0.4412417037752456
30,2102,149,29,8.943378809716,29,0.15745221354205613
30,2102,149,30,11.905984949539839,30,0.1504262401350877
30,2102,149,31,11.453240172877795,30,0.32041244313220907
30,2102,149,32,11.520504368377951,30,0.35712155993235783
30,2102,149,38,4.178450833118537,30,1.025994408262508
30,2102,150,22,2.006042340771436,22,0.9610612347250991
30,2102,150,28,5.697057559647232,28,0.4045925152090448
30,2102,150,29,24.182557522401165,29,0.18431801745964177
30,2102,150,30,24.630357464357292,30,0.17073192037167503
30,2102,150,31,8.682352622990084,30,0.18598884881149766
30,2102,150,32,8.80921858961768,30,0.18626499018798567
30,2102,150,38,5.007164062821277,30,0.7211756323901889
30,2102,151,22,0.7610483471188441,22,1.3088362891764458
30,2102,151,28,1.1523930695624136,28,0.38301613907021326
30,2102,151,29,9.875671544789794,29,0.2979112686531872
30,2102,151,30,25.714599242301613,30,0.24521219482613038
30,2102,151,31,24.200403266018075,30,0.2522342493373296
30,2102,151,32,23.247169180351904,30,0.2612611446948364
30,2102,151,38,2.891305696831519,30,0.8526513177223634
30,2102,152,22,0.7930226067088357,22,1.245848786783502
30,2102,152,28,3.2903234214465433,28,0.28171393231466835
30,2102,152,29,5.824256294355816,29,0.2717088462558617
30,2102,152,30,26.558301187039977,30,0.07426381852848293
30,2102,152,31,24.469824969031276,30,0.07426383853157235
30,2102,152,32,5.99392102938692,30,0.2506437326897043
30,2102,152,38,3.058643357461962,30,0.6522972259624165
30,2102,153,22,0.8683052869802478,22,1.215744295107415
30,2102,153,28,3.6817023162780904,28,0.24562932410486965
30,2102,153,29,4.619861462469536,29,0.19272553132886924
30,2102,153,30,65.55145163296655,30,0.040952657557602815
30,2102,153,31,65.30567942567427,30,0.04096811275738583
30,2102,153,32,4.812752603890807,30,0.24624420136708866
30,2102,153,38,2.859898501019401,30,0.8588694544822819
30,2102,154,22,0.6427110257294015,22,1.085252316209031
30,2102,154,28,2.594382912971628,28,0.3083335500055556
30,2102,154,29,5.522547246733728,29,0.300638719769386
30,2102,154,30,3.8886167603853115,30,0.056131943109216445
30,2102,154,31,3.5829195194632044,30,0.12004971381962803
30,2102,154,32,3.7625250542236666,30,0.12463354073500052
30,2102,154,38,2.8429531704478133,30,1.1367613000748016
30,2102,155,22,0.8629128018663694,22,1.0870291297297452
30,2102,155,28,1.3706752613952724,28,0.2699508391335045
30,2102,155,29,5.258163053033305,29,0.2086365009914645
30,2102,155,30,50.79965751590055,30,0.12331202382323254
30,2102,155,31,39.15922980090005,30,0.13943293136582693
30,2102,155,32,26.90214729088806,30,0.15732794536940314
30,2102,155,38,1.961551443372746,30,1.0222919017317855
30,2102,156,22,1.2841668798464556,22,0.9375676233294601
30,2102,156,28,1.369802706605625,28,0.2979245371915275
30,2102,156,29,15.16377980156599,29,0.18811930744459573
30,2102,156,30,15.512289563417765,30,0.18782788767900155
30,2102,156,31,6.263060715475762,30,0.22358404654777103
30,2102,156,32,5.880444290255859,30,0.27161346163456646
30,2102,156,38,2.073722962989309,30,0.9258022786506357
30,2102,157,22,0.8198396702369231,22,0.9540846215380713
30,2102,157,28,12.385532555314994,28,0.07083515334301198
30,2102,157,29,993.0857869107086,29,0.03760841196502165
30,2102,157,30,2309.0921885251537,30,0.025035075345278907
30,2102,157,31,40.18856737832615,30,0.14629353988942495
30,2102,157,32,15.377124418879209,30,0.198936756328239
30,2102,157,38,3.556967486027288,30,0.8847337582340121
30,2102,158,22,0.7396765076136034,22,1.2509198005681466
30,2102,158,28,1.6725150302704443,28,0.5373768924583627
30,2102,158,29,8.916647498742998,29,0.11063620309812892
30,2102,158,30,11.780019983637974,30,0.1104987721559745
30,2102,158,31,3.766492206910747,30,0.15733649818382772
30,2102,158,32,1.9256304121526162,30,0.3883582997027236
30,2102,158,38,3.160552902610153,30,1.1861104399808635
30,2102,159,22,0.48264562219782314,22,1.5863524042528978
30,2102,159,28,0.9884080433760516,28,0.7775115373829076
30,2102,159,29,7.4218093157521094,29,0.17577650850222107
30,2102,159,30,5.725194914215602,30,0.01890885738419012
30,2102,159,31,1.3745522767573914,30,0.1498989540940299
30,2102,159,32,1.2404551355038687,30,0.20072053060806522
30,2102,159,38,2.2411270420531686,30,0.9144430379244158
30,2102,160,22,0.9175037436216374,22,0.8879683227562146
30,2102,160,28,8.439980987575275,28,0.21240660159591124
30,2102,160,29,9.890149825822649,29,0.17356756529578493
30,2102,160,30,7.601431754505093,30,0.10668199924652776
30,2102,160,31,4.12748335638934,30,0.23758009328590193
30,2102,160,32,3.8577414011976625,30,0.25009141743086305
30,2102,160,38,2.8451746570173446,30,1.0279130876148415
30,2102,161,22,0.5141598858763984,22,1.0360484248010888
30,2102,161,28,1.7831796416845167,28,0.5257143275908324
30,2102,161,29,1.8942522248919906,29,0.5077832895071053
30,2102,161,30,2.6404830074416195,30,0.26025349302740897
30,2102,161,31,2.624979055417663,30,0.3621071796333044
30,2102,161,32,1.9413275123087277,30,0.5669933584291162
30,2102,161,38,1.1130641702706154,30,1.2455774069905234
30,2102,162,22,0.7446371916272714,22,1.22703459478529
30,2102,162,28,0.8930764489435771,28,0.6679565259730011
30,2102,162,29,1.439101879811902,29,0.3828231757126536
30,2102,162,30,52.417016704901485,30,0.09875233509877274
30,2102,162,31,52.34749950930486,30,0.09944896872348494
30,2102,162,32,6.518093193248177,30,0.3021321473072528
30,2102,162,38,2.664512978360995,30,0.7400086220306764
30,2102,163,22,0.7415464117361337,22,1.1492163925808694
30,2102,163,28,7.180738376139307,28,0.2469509334739512
30,2102,163,29,3.775937762626691,29,0.1359226097289045
30,2102,163,30,39.42406804776672,30,0.10399794725156727
30,2102,163,31,7.538949741746824,30,0.3550018125707298
30,2102,163,32,5.796360111635089,30,0.4053213662218488
30,2102,163,38,3.3991335720065026,30,0.9782700258312051
30,2102,164,22,1.7798618405693434,22,0.748029585940395
30,2102,164,28,3.8796662276144804,28,0.32679538593967455
30,2102,164,29,14.418619510531887,29,0.0880185586045736
30,2102,164,30,10.57279639019938,30,0.08445429267179609
30,2102,164,31,7.490381105841473,30,0.28960872636490537
30,2102,164,32,4.344904705967499,30,0.3091977421570282
30,2102,164,38,2.8067151018254672,30,0.8481675979286345
30,2102,165,22,1.5143892836028174,22,0.8436193694781657
30,2102,165,28,3.966574797390809,28,0.3935620842396769
30,2102,165,29,3.223532557082584,29,0.3935298836349902
30,2102,165,30,6.284354610272102,30,0.3126028428691511
30,2102,165,31,5.8665577388204095,30,0.42820802750624526
30,2102,165,32,5.898331711144068,30,0.4665310460054976
30,2102,165,38,5.11895971976065,30,0.9316556639853032
30,2102,166,22,0.6086387065268497,22,1.0251611699948282
30,2102,166,28,1.8536695978422846,28,0.5189090393042556
30,2102,166,29,4.271470655390724,29,0.2585678378772404
30,2102,166,30,6.934738324568188,30,0.15218987317125993
30,2102,166,31,6.065284525086845,30,0.1522889175251268
30,2102,166,32,4.20910995791631,30,0.2606857496600492
30,2102,166,38,2.027167656492617,30,0.9553408218457476
30,2102,167,22,0.8354566593859839,22,0.8182767930910728
30,2102,167,28,1.8025421784926834,28,0.4162797483731009
30,2102,167,29,9.751144960454212,29,0.2543553487119208
30,2102,167,30,126.48670478977017,30,0.09384584825176842
30,2102,167,31,18.997350901672757,30,0.21770619467212146
30,2102,167,32,3.406715820087797,30,0.32108627578778737
30,2102,167,38,2.492415638865391,30,0.8573819892442505
30,2102,168,22,0.9305932742005318,22,0.7474754482297307
30,2102,168,28,6.702536012460127,28,0.24595394887410077
30,2102,168,29,10.064583963050964,29,0.2241721837844251
30,2102,168,30,241.8613616474977,30,0.07512608479445665
30,2102,168,31,44.939146842605304,30,0.16729854387707527
30,2102,168,32,11.514571598797193,30,0.39768142852273614
30,2102,168,38,3.211184552705283,30,0.5833713879629582
30,2102,169,22,0.8289273953823227,22,1.2462561919297541
30,2102,169,28,1.1618447878028617,28,0.3450288887381112
30,2102,169,29,0.9867460634372522,29,0.308298880690425
30,2102,169,30,12.069163910950103,30,0.17698669047640295
30,2102,169,31,8.96595241115029,30,0.22624309058447523
30,2102,169,32,7.70194188833372,30,0.26609476541684585
30,2102,169,38,2.629708538836616,30,0.8354971889399752
30,2102,170,22,0.9604299455226977,22,1.1249748826678043
30,2102,170,28,13.990658062281573,28,0.14636444270814164
30,2102,170,29,14.290000454027188,29,0.1355870732522483
30,2102,170,30,76.34582822264565,30,0.033582605349223194
30,2102,170,31,2.9328322726839406,30,0.17632339299837463
30,2102,170,32,2.7484347799582114,30,0.20443486843881023
30,2102,170,38,4.094521461373571,30,0.6745271515823935
30,2102,171,22,0.6192015682058243,22,0.9432615977534776
30,2102,171,28,5.026575823386228,28,0.2828324974463628
30,2102,171,29,6.3993433369164885,29,0.281610078515559
30,2102,171,30,10.589407519089976,30,0.26986942026306476
30,2102,171,31,3.6173696604836985,30,0.351253645996266
30,2102,171,32,3.184144875453815,30,0.4995712272630774
30,2102,171,38,3.305837872124212,30,0.9565116271771185
30,2102,172,22,1.0966031520441946,22,0.9938173222967959
30,2102,172,28,21.734386074575998,28,0.16492844156406822
30,2102,172,29,4.528339012212664,29,0.1336741506880638
30,2102,172,30,1238.378713403197,30,0.0017365647017743892
30,2102,172,31,3.643845875471001,30,0.2653361694858291
30,2102,172,32,3.883737521054302,30,0.39719075818602406
30,2102,172,38,2.342143664775803,30,0.9281133265688858
30,2102,173,22,1.0517478908748108,22,1.1786565088387277
30,2102,173,28,4.004536309648152,28,0.1940438915894596
30,2102,173,29,7.917370889749868,29,0.13080967587233192
30,2102,173,30,24.93109551906256,30,0.061010772130241406
30,2102,173,31,3.8204869111245063,30,0.10532359778793852
30,2102,173,32,3.639239679522849,30,0.13517226568122695
30,2102,173,38,3.777322980215334,30,0.7597111288317939
30,2102,174,22,0.9134071455783024,22,1.046829507060271
30,2102,174,28,3.4785745731437707,28,0.3196889829284565
30,2102,174,29,10.964341077356403,29,0.10909943391589358
30,2102,174,30,15983.69087631328,30,0.006781689984330069
30,2102,174,31,10.2718603619366,30,0.2942189586121671
30,2102,174,32,7.4945736985777796,30,0.4054948356461928
30,2102,174,38,3.8700854371783646,30,0.898782480743561
30,2102,175,22,0.6945424040004055,22,1.1712436001157753
30,2102,175,28,2.8087093972278483,28,0.35259419235471334
30,2102,175,29,3.55162080850573,29,0.3517488188823473
30,2102,175,30,8.595536042704044,30,0.10991643821938332
30,2102,175,31,3.9818572311488625,30,0.35607838652774493
30,2102,175,32,3.542773926815136,30,0.3651490144745353
30,2102,175,38,3.192023128186703,30,0.7746480494339252
30,2102,176,22,0.9230993910592044,22,0.635894350513355
30,2102,176,28,2.3401725799519144,28,0.18002442529343146
30,2102,176,29,2.593631854358492,29,0.1761757972370563
30,2102,176,30,6.780338077882352,30,0.12426370730928066
30,2102,176,31,5.039886111323516,30,0.1561521584827953
30,2102,176,32,1.6377443340908764,30,0.5205450047993874
30,2102,176,38,2.0571512487072687,30,1.0054013881187795
30,2102,177,22,0.6402741833745208,22,0.9923560267213739
30,2102,177,28,3.108637347441988,28,0.35577360936594804
30,2102,177,29,297.9071750339807,29,0.0348628916156522
30,2102,177,30,1546.9437558117852,30,0.024975454118303025
30,2102,177,31,30.46800521860123,30,0.18583515409743415
30,2102,177,32,30.68220432261306,30,0.18964512739741954
30,2102,177,38,2.5892746914988884,30,0.8651383840642877
30,2102,178,22,0.8621154928106737,22,1.0978611269963794
30,2102,178,28,6.827601780968932,28,0.403526133508605
30,2102,178,29,6.677133794295393,29,0.37091455135966683
30,2102,178,30,6.797437821326571,30,0.3551637163862847
30,2102,178,31,6.7426189590622645,30,0.3709675163863974
30,2102,178,32,6.714686792337977,30,0.40355212115673633
30,2102,178,38,2.5454459334471053,30,1.030185189817434
30,2102,179,22,0.6441207857886301,22,1.045202710850593
30,2102,179,28,5.168417822375983,28,0.4390285782999836
30,2102,179,29,5.296663351842969,29,0.24721596029985296
30,2102,179,30,5.951355029449252,30,0.2445821166732225
30,2102,179,31,5.409820073851094,30,0.38600962708897246
30,2102,179,32,4.743658443540236,30,0.43465022175703805
30,2102,179,38,3.9265592047500473,30,0.9061993994177727
30,2102,180,22,1.679706231564008,22,0.7912535286372703
30,2102,180,28,7.790348383218565,28,0.1532585466142938
30,2102,180,29,24.493370615617625,29,0.1259947696863177
30,2102,180,30,246.95317070111946,30,0.018028741078352315
30,2102,180,31,5.538504462515629,30,0.12653803494884525
30,2102,180,32,5.275985942441684,30,0.15300236659106875
30,2102,180,38,3.6254471292167607,30,0.4802181390141107
30,2102,181,22,0.5357197686800892,22,0.9611529122906987
30,2102,181,28,4.234450133363188,28,0.3431306605849517
30,2102,181,29,5.3616499999916,29,0.02406310512530825
30,2102,181,30,4372.438893492623,30,0.007344377075280272
30,2102,181,31,8.776132324017,30,0.16258099666047776
30,2102,181,32,8.797314079752212,30,0.16490751434445886
30,2102,181,38,3.9772848175170643,30,0.7673524386956772
30,2102,182,22,1.0658611469519994,22,1.1925766259873818
30,2102,182,28,4.159479612649123,28,0.178754977573755
30,2102,182,29,13.385461300445137,29,0.13933602456955033
30,2102,182,30,1727.3888743716493,30,0.010167104826475681
30,2102,182,31,6.607000511801955,30,0.16682666848033884
30,2102,182,32,7.78121553776547,30,0.1720924251052066
30,2102,182,38,4.1088621420098175,30,0.8436875936949775
30,2102,183,22,1.1444322544592826,22,0.611965831708688
30,2102,183,28,6.326427937265344,28,0.21963372792828423
30,2102,183,29,21.23164152523844,29,0.19032822791736823
30,2102,183,30,13.075973542396461,30,0.0722973782248326
30,2102,183,31,12.708446680222112,30,0.13536571378310672
30,2102,183,32,8.241470167104698,30,0.2867081800393292
30,2102,183,38,2.667628393018701,30,0.6052399170011472
30,2102,184,22,1.0254492658277627,22,0.9845273151747465
30,2102,184,28,15.24840786919119,28,0.139043998632392
30,2102,184,29,19.72680224089688,29,0.07485320613365375
30,2102,184,30,49.192974329846685,30,0.062180905609678566
30,2102,184,31,41.31046026326306,30,0.10009158227421935
30,2102,184,32,3.431578644845394,30,0.24877222118144898
30,2102,184,38,2.0745553809964727,30,1.1447707474667101
30,2102,185,22,1.2535979691096595,22,1.0760010566055291
30,2102,185,28,2.0362671379352713,28,0.5465406476683168
30,2102,185,29,9.649377749639262,29,0.4540142345129026
30,2102,185,30,9.967558660042371,30,0.45378543055145654
30,2102,185,31,10.298899013950615,30,0.4619971689138287
30,2102,185,32,5.3591760547121305,30,0.5737158555072093
30,2102,185,38,2.9866177902144844,30,0.9834406687840305
30,2102,186,22,0.6193233236793849,22,1.1077624689896326
30,2102,186,28,1.7390088393967058,28,0.32154440576946147
30,2102,186,29,17.40468426425494,29,0.14173894731707867
30,2102,186,30,157.82507564107016,30,0.06847957024278176
30,2102,186,31,9.4036878381382,30,0.15768203127116906
30,2102,186,32,3.2939997565124517,30,0.24544535378358273
30,2102,186,38,1.9560653219034596,30,1.2840504680126936
30,2102,187,22,0.6758804041528182,22,0.8757201355349804
30,2102,187,28,2.8898015476164285,28,0.5213708327495475
30,2102,187,29,3.0582127901533167,29,0.4911896566105537
30,2102,187,30,6.618041609267854,30,0.023331173527419622
30,2102,187,31,1.601877634721271,30,0.20859614485974762
30,2102,187,32,1.5467236841894656,30,0.21977902397845106
30,2102,187,38,2.5920477522482432,30,0.6872067667971812
30,2102,188,22,1.5107579576003547,22,0.9724859125836434
30,2102,188,28,3.920934191287305,28,0.3711878035530752
30,2102,188,29,3.919021714175487,29,0.2832710197565271
30,2102,188,30,49.71457973030567,30,0.12127944280330412
30,2102,188,31,32.34055646178641,30,0.13827118976557226
30,2102,188,32,28.615070554903475,30,0.14898759878650983
30,2102,188,38,4.510903296809015,30,0.6871847043825313
30,2102,189,22,1.0436459559992572,22,0.5551661648671928
30,2102,189,28,4.767223427048768,28,0.2671513231249525
30,2102,189,29,4.727986819740191,29,0.26687215294372973
30,2102,189,30,24.779567770742183,30,0.036406570063418325
30,2102,189,31,8.486402931424443,30,0.1498301133873002
30,2102,189,32,4.8355648694871345,30,0.3619027821310181
30,2102,189,38,4.201020426186512,30,0.7161323951080812
30,2102,190,22,1.0449099134917814,22,1.311377293950381
30,2102,190,28,3.00553042561737,28,0.5112719347645914
30,2102,190,29,7.650354059431413,29,0.4337211361032288
30,2102,190,30,11.208918545497562,30,0.13782697959180942
30,2102,190,31,6.142392195895465,30,0.3753823407611255
30,2102,190,32,6.106832556310283,30,0.3869013935104134
30,2102,190,38,2.726310898803263,30,0.9352444607615121
30,2102,191,22,1.3228881340259344,22,0.7811096254919649
30,2102,191,28,17.459347041098457,28,0.1846833627760783
30,2102,191,29,24.334078412358792,29,0.14239697544134128
30,2102,191,30,91.91371200788284,30,0.03289547277143411
30,2102,191,31,3.1267034631768564,30,0.05537837163319854
30,2102,191,32,1.561566019156177,30,0.16282902502820779
30,2102,191,38,1.9038114066231946,30,0.8817992530152884
30,2102,192,22,0.8469925849102834,22,1.2341543077574317
30,2102,192,28,1.0875650802348906,28,0.5630250248289661
30,2102,192,29,1.0904536583674678,29,0.3597890725009539
30,2102,192,30,9.858310477411038,30,0.1683185088114674
30,2102,192,31,2.615747580519186,30,0.38401582148091873
30,2102,192,32,1.3769266952398354,30,0.4471896602019782
30,2102,192,38,2.3165141385213976,30,0.8452601538945014
30,2102,193,22,0.39935626014068776,22,1.2054481215231612
30,2102,193,28,1.076787691914905,28,0.532731323339148
30,2102,193,29,1.678457821620771,29,0.4785989379726693
30,2102,193,30,12.14440636660438,30,0.16160322040252276
30,2102,193,31,7.816305721772229,30,0.18447482198228657
30,2102,193,32,2.119288268721407,30,0.3529512085421449
30,2102,193,38,2.3610877100603913,30,0.8307207938665989
30,2102,194,22,0.8762455687114767,22,1.2073549301937632
30,2102,194,28,2.4442407642145314,28,0.5497357074541238
30,2102,194,29,3.269916619519252,29,0.47191869197599096
30,2102,194,30,14.203707654690065,30,0.2210487402468418
30,2102,194,31,5.464593289244787,30,0.35523774643614253
30,2102,194,32,4.712043898667922,30,0.3734145323581482
30,2102,194,38,3.5974007829537356,30,0.8312511122510937
30,2102,195,22,0.9082719552732761,22,0.9734937098885849
30,2102,195,28,68.46002126654112,28,0.13220116790466083
30,2102,195,29,631.9338681684837,29,0.0495263367893898
30,2102,195,30,1007.6463288011378,30,0.045834104493999266
30,2102,195,31,27.09835823454166,30,0.30997946752261846
30,2102,195,32,4.629987853030821,30,0.33623482192034937
30,2102,195,38,5.678180689953444,30,0.7747610833711005
30,2102,196,22,0.9785495876320249,22,0.8005590922911506
30,2102,196,28,3.82077893028056,28,0.37060746414267404
30,2102,196,29,4.024166423627247,29,0.09755382966246573
30,2102,196,30,7.328187045217404,30,0.09366319698021904
30,2102,196,31,2.096392543926633,30,0.3262191137462844
30,2102,196,32,2.119668896128972,30,0.4115916863529261
30,2102,196,38,2.6198034418649527,30,0.758107980107331
30,2102,197,22,0.888791190930416,22,1.4405564404084465
30,2102,197,28,1.9664171830608523,28,0.4319663888679519
30,2102,197,29,4.121261644820308,29,0.21009042285625978
30,2102,197,30,3.6596066513635668,30,0.1793482656515621
30,2102,197,31,3.6036331406017297,30,0.2721403053861933
30,2102,197,32,3.659635542312744,30,0.29270350807865037
30,2102,197,38,2.086403517904936,30,1.2207687370317757
30,2102,198,22,2.1285711394499875,22,0.8168165629898035
30,2102,198,28,4.293551942186417,28,0.3980522284899013
30,2102,198,29,4.3006814868943986,29,0.36499468114495004
30,2102,198,30,4.693550391231148,30,0.28281892269559894
30,2102,198,31,4.584096203337654,30,0.3406105148182806
30,2102,198,32,3.7947173399674146,30,0.3817380240207109
30,2102,198,38,3.342996391699382,30,0.7701773089430453
30,2102,199,22,0.5585466228667253,22,0.6417855202265146
30,2102,199,28,55.0803521765392,28,0.14214021147825803
30,2102,199,29,95.17942692486822,29,0.11095181414117337
30,2102,199,30,88783.56433317332,30,0.0007485605533314915
30,2102,199,31,236.550884324881,30,0.012892997874770459
30,2102,199,32,2.221677820986585,30,0.09405544026869009
30,2102,199,38,2.2683962537496996,30,0.5833357981990785
30,2102,200,22,0.7582233982476887,22,0.8497152697510926
30,2102,200,28,4.238512471345174,28,0.35288868745158236
30,2102,200,29,5.088287707956705,29,0.260646667170263
30,2102,200,30,5.147689191004491,30,0.25750313723675283
30,2102,200,31,3.1982172081086366,30,0.27168618600670225
30,2102,200,32,1.6792926778108594,30,0.2717113201678555
30,2102,200,38,3.054485880695005,30,1.1759005869952577
30,2102,201,22,1.2235401157672303,22,1.2496406595666079
30,2102,201,28,1.9458768330169183,28,0.30407738954172225
30,2102,201,29,3.0337116973883593,29,0.3013230376569851
30,2102,201,30,21.348233077942425,30,0.03209608645154253
30,2102,201,31,2.664068052073091,30,0.20434230994944955
30,2102,201,32,2.7978816961315975,30,0.3558522016332939
30,2102,201,38,5.27361481432517,30,0.7220159831118904
30,2102,202,22,1.554545149229656,22,0.6706949597649229
30,2102,202,28,6.3220003688146855,28,0.2602103647133315
30,2102,202,29,9.065874934125942,29,0.21138812331653936
30,2102,202,30,10.678033332444947,30,0.16388513237624017
30,2102,202,31,5.6575205926351,30,0.1648542095697065
30,2102,202,32,5.61884122539436,30,0.3538678976915888
30,2102,202,38,3.3917059011397397,30,0.8637656230567711
30,2102,203,22,1.4858069467950195,22,0.9723499931530662
30,2102,203,28,5.78763976164833,28,0.45177190911561194
30,2102,203,29,6.335593552390138,29,0.42332457378065574
30,2102,203,30,10.081725392289862,30,0.1704941340448965
30,2102,203,31,4.935570318086117,30,0.31902327458680235
30,2102,203,32,5.193682910376487,30,0.3496305119351952
30,2102,203,38,4.021125872667409,30,0.6615830185206423
30,2102,204,22,0.7170883203601711,22,1.215670282113861
30,2102,204,28,2.163085760232464,28,0.26216980026757636
30,2102,204,29,1.9754203397988124,29,0.2462302447447075
30,2102,204,30,2.448303404838598,30,0.09229446481220296
30,2102,204,31,1.462745706812398,30,0.16579865160732385
30,2102,204,32,1.542347791429657,30,0.19026818440304344
30,2102,204,38,2.565662575779791,30,0.973526560271603
30,2102,205,22,0.5177458442070624,22,1.348142982801449
30,2102,205,28,36.34919929090564,28,0.15743856027488307
30,2102,205,29,34.11285925192648,29,0.04310974152817
30,2102,205,30,10564.450516708186,30,0.0035680305437917957
30,2102,205,31,9.140100429070833,30,0.16217300652363748
30,2102,205,32,6.009320991136235,30,0.1981824804502194
30,2102,205,38,2.237794500700903,30,0.6656599598283035
30,2102,206,22,1.5533368208296128,22,1.4871674074029928
30,2102,206,28,3.1742487152594583,28,0.09573268267261835
30,2102,206,29,8.596477143447443,29,0.05496874185598656
30,2102,206,30,12.895593575654972,30,0.04961213492758411
30,2102,206,31,3.3064300008673637,30,0.26257418153639533
30,2102,206,32,3.1446657965482996,30,0.3334887625267983
30,2102,206,38,1.8118131701324487,30,0.9940644975796158
30,2102,207,22,0.5915954420672401,22,1.2093964400889234
30,2102,207,28,5.081190610985932,28,0.4377096759242488
30,2102,207,29,6.212715525017053,29,0.414015118661216
30,2102,207,30,25.020329360910253,30,0.22548970574495983
30,2102,207,31,16.691792169872436,30,0.3110647313426047
30,2102,207,32,9.146348195517836,30,0.46027441484810827
30,2102,207,38,6.282914868218377,30,0.6865795043040398
30,2102,208,22,1.0997917956031964,22,0.9343159226308395
30,2102,208,28,29.60093302086743,28,0.21025158334715383
30,2102,208,29,47.3292958839763,29,0.18191136302845784
30,2102,208,30,47.29564290858755,30,0.1780866122853341
30,2102,208,31,46.74171820111067,30,0.1843016035437118
30,2102,208,32,21.04967798411659,30,0.19378325209939823
30,2102,208,38,2.5003041584611125,30,0.7639969185376316
30,2102,209,22,1.4747715137421242,22,0.8318600358485648
30,2102,209,28,4.502505828702631,28,0.3361879800562567
30,2102,209,29,5.5519894819566495,29,0.26713444028191863
30,2102,209,30,6.824942614815038,30,0.2149045682386905
30,2102,209,31,6.027339602987804,30,0.21518615212579703
30,2102,209,32,4.780050194579886,30,0.29982468459130013
30,2102,209,38,3.0238152534694995,30,0.532428655340118
30,2102,210,22,1.0377247549853759,22,0.9695814658463647
30,2102,210,28,2.65707119360412,28,0.2309622624016113
30,2102,210,29,11.633845125204967,29,0.1748668395958934
30,2102,210,30,7.903870493849024,30,0.13504634944468155
30,2102,210,31,7.904802626873983,30,0.1350464470365628
30,2102,210,32,7.517639118289445,30,0.16990208558358866
30,2102,210,38,4.049682569977465,30,1.0577371931323882
30,2102,211,22,1.1406227261539317,22,1.2316845156532144
30,2102,211,28,5.283043552527363,28,0.28917618989939503
30,2102,211,29,3.922488858466556,29,0.0764058620778482
30,2102,211,30,171.43224345047452,30,0.05052245508695903
30,2102,211,31,9.532153583158145,30,0.16922781386341798
30,2102,211,32,7.055327689415366,30,0.2558947293359451
30,2102,211,38,4.555391145476148,30,0.5426066136963917
30,2102,212,22,0.5967893947118887,22,1.2147197965846672
30,2102,212,28,3.183747507943652,28,0.5774886099662843
30,2102,212,29,2.956962635893407,29,0.1332066776101995
30,2102,212,30,9.973166671532177,30,0.1056768133602887
30,2102,212,31,9.422499466562561,30,0.10638264411799288
30,2102,212,32,5.299430823123428,30,0.25465371325487063
30,2102,212,38,1.4637891434047456,30,1.0958861336085413
30,2102,213,22,2.4169611510239766,22,1.0653059626413959
30,2102,213,28,4.149448710531467,28,0.4080488716415101
30,2102,213,29,10.166177681487495,29,0.2790642578316194
30,2102,213,30,11.634947943314414,30,0.2727951209425771
30,2102,213,31,10.011617563811653,30,0.28178360248267337
30,2102,213,32,7.611398184478772,30,0.40829991341645927
30,2102,213,38,3.949804854623454,30,0.7766143163895379
30,2102,214,22,1.5008712477662396,22,0.8063976719202849
30,2102,214,28,12.12836504288574,28,0.29649563318967065
30,2102,214,29,5.451546752371606,29,0.23165594587623003
30,2102,214,30,71.25044273505013,30,0.07383001482840049
30,2102,214,31,50.74486179964897,30,0.08731729123625018
30,2102,214,32,19.14595744234687,30,0.11982662040475969
30,2102,214,38,1.5639556965180499,30,0.7533662809905145
30,2102,215,22,0.576676680601641,22,1.3682475581301983
30,2102,215,28,3.8009973951344818,28,0.4603164579652479
30,2102,215,29,3.6971403115024755,29,0.330268952764801
30,2102,215,30,3.4432348034955598,30,0.23206556552224192
30,2102,215,31,4.52051404387125,30,0.23491701281358587
30,2102,215,32,4.401429447729045,30,0.3689938845692731
30,2102,215,38,2.470399608901424,30,1.165377140498944
30,2102,216,22,0.9002106988812268,22,0.9371353444365532
30,2102,216,28,2.8438515682235943,28,0.745775192485925
30,2102,216,29,2.9705757620097275,29,0.7456546080349442
30,2102,216,30,12.176645094402492,30,0.1518889214588035
30,2102,216,31,12.235387068283451,30,0.16004229542806533
30,2102,216,32,2.3142091337360657,30,0.531604026653981
30,2102,216,38,4.168513062540907,30,1.125677216497932
30,2102,217,22,1.0349008688915058,22,1.2942457580793951
30,2102,217,28,1.818843283727997,28,0.458964537961405
30,2102,217,29,2.3037728965753885,29,0.42752495201721125
30,2102,217,30,2.3750275993173147,30,0.3649497992998422
30,2102,217,31,2.322439615420299,30,0.3818258887801668
30,2102,217,32,2.2356812182302477,30,0.5201071781612068
30,2102,217,38,2.0955071443504325,30,0.8845929148739489
30,2102,218,22,1.3529364082028554,22,0.9443704700176091
30,2102,218,28,21.612997426473328,28,0.21325387477887367
30,2102,218,29,32.996508712595066,29,0.16840489570581557
30,2102,218,30,28.279915313722263,30,0.14530929596046857
30,2102,218,31,28.01830267256108,30,0.20100392224697625
30,2102,218,32,23.878827870482272,30,0.2126190512142039
30,2102,218,38,7.1820167643277895,30,0.528572948041814
30,2102,219,22,0.6016147934089986,22,1.2889812240451508
30,2102,219,28,1.026864032346429,28,0.518693044082054
30,2102,219,29,4.617417719389884,29,0.31893025041339657
30,2102,219,30,162.30725420712875,30,0.016345744459130646
30,2102,219,31,3.0547123469366055,30,0.15695303525236046
30,2102,219,32,3.488276911433889,30,0.2111514585386925
30,2102,219,38,3.0161777881275396,30,0.7794494397702847
30,2102,220,22,2.4805483423556627,22,1.0109403935292403
30,2102,220,28,3.2604250200846123,28,0.4239102841961897
30,2102,220,29,31.5738779479314,29,0.16180784462835493
30,2102,220,30,31.88648391821849,30,0.16153560640433484
30,2102,220,31,16.83825101777081,30,0.23918241870032314
30,2102,220,32,10.747306529715882,30,0.32979058285159274
30,2102,220,38,3.288347448796342,30,0.9053341484876875
30,2102,221,22,1.6548618254705443,22,0.814291976765136
30,2102,221,28,3.4746562168731323,28,0.38658922036514237
30,2102,221,29,28.668852655791927,29,0.14829603141896402
30,2102,221,30,23.957708446618202,30,0.06390715473481219
30,2102,221,31,18.143687539302142,30,0.06407538014081282
30,2102,221,32,12.7250195301611,30,0.267271349396929
30,2102,221,38,2.8456549939160407,30,0.6142780248058778
30,2102,222,22,0.5860682598172431,22,0.9163778345821364
30,2102,222,28,10.25700638698467,28,0.3873168769760701
30,2102,222,29,20.95377801147287,29,0.3240484108829373
30,2102,222,30,12.697448110805448,30,0.1643905781092047
30,2102,222,31,10.299699485675655,30,0.23318008666242065
30,2102,222,32,10.49088297212872,30,0.3118755473897777
30,2102,222,38,3.1217899374520695,30,0.7140670707963549
30,2102,223,22,0.9264602366155905,22,1.2587621835235978
30,2102,223,28,4.333513568431583,28,0.5240024538853365
30,2102,223,29,7.5557398866670225,29,0.3996056864283295
30,2102,223,30,53.33504492628406,30,0.06714671180368559
30,2102,223,31,9.015470996048382,30,0.3779941206917222
30,2102,223,32,7.547412757273707,30,0.3824206118834963
30,2102,223,38,2.1622729120420914,30,1.134969242823047
30,2102,224,22,0.7687283629602363,22,1.2379240373282372
30,2102,224,28,12.997184438680659,28,0.27725802611397665
30,2102,224,29,5.708320530641769,29,0.06312114875269959
30,2102,224,30,29.195923310238147,30,0.05713069358953037
30,2102,224,31,3.9020170679112303,30,0.30519120401934857
30,2102,224,32,4.606924447985433,30,0.31465893042130577
30,2102,224,38,3.5629842878859215,30,0.8126380165006415
30,2102,225,22,0.5508636795283776,22,1.234862558437896
30,2102,225,28,2.5151266933385634,28,0.44554987407994007
30,2102,225,29,2.5470665773095336,29,0.3994074266133422
30,2102,225,30,27.766721731624717,30,0.1665188425351744
30,2102,225,31,11.09261274495786,30,0.3484620506782426
30,2102,225,32,6.350765529113959,30,0.44961102279197585
30,2102,225,38,2.5853886846903475,30,0.8699278243485745
30,2102,226,22,0.5557700672281403,22,1.1129107177469453
30,2102,226,28,7.70237410980221,28,0.1529096036970697
30,2102,226,29,54.65547448594257,29,0.09843973169223989
30,2102,226,30,82.78991373468101,30,0.08500163039438713
30,2102,226,31,82.78381240669924,30,0.08500334954813969
30,2102,226,32,12.207460236370192,30,0.19892457837851985
30,2102,226,38,2.958053392791881,30,0.7505712992031339
30,2102,227,22,1.217092958703515,22,0.918209419858958
30,2102,227,28,9.925861471431764,28,0.19031384636987136
30,2102,227,29,12.535462394291976,29,0.18143759777333315
30,2102,227,30,3033.296915737772,30,0.017488944482225925
30,2102,227,31,266.7810657653426,30,0.05142292844700654
30,2102,227,32,27.679089108806465,30,0.1469897721156874
30,2102,227,38,3.2045983984420388,30,1.08710927139109
30,2102,228,22,0.7344045655211826,22,0.864744062627442
30,2102,228,28,63.01690923465361,28,0.09951210170163195
30,2102,228,29,59.194346624145716,29,0.09870649559041123
30,2102,228,30,51.564166395061015,30,0.09589329670257114
30,2102,228,31,42.941362879278195,30,0.0974433354409491
30,2102,228,32,11.415408550789092,30,0.2187785857605373
30,2102,228,38,1.7975844390930746,30,0.6453791812276517
30,2102,229,22,0.7297031814687474,22,1.0010508900000472
30,2102,229,28,4.247540039455943,28,0.3710022250926537
30,2102,229,29,5.379980892001798,29,0.36274514696609605
30,2102,229,30,25.75950495098583,30,0.0738901356743479
30,2102,229,31,4.9659204387351155,30,0.3839275647990003
30,2102,229,32,4.462562308329894,30,0.38598012997615944
30,2102,229,38,1.7373735990143238,30,0.7593649775214185
30,2102,230,22,0.5915748976554811,22,1.3613506121111356
30,2102,230,28,0.59026140088302,28,0.5818271971645825
30,2102,230,29,0.6780001703677565,29,0.5093803422125994
30,2102,230,30,3.062808930226692,30,0.14643553167873477
30,2102,230,31,1.8315989501505532,30,0.2358334554306822
30,2102,230,32,1.099981606593523,30,0.38017999248512324
30,2102,230,38,0.9946033273801217,30,1.3258341191015521
30,2102,231,22,1.355357257120419,22,1.2584112057370616
30,2102,231,28,3.4856433375074407,28,0.3254335755372889
30,2102,231,29,36.26422713405093,29,0.1510836339488647
30,2102,231,30,53.427778046294364,30,0.14928130361871642
30,2102,231,31,25.600408413485837,30,0.23749124682893127
30,2102,231,32,15.18990825686399,30,0.33317845861101486
30,2102,231,38,4.4052816188529285,30,0.896345942898544
30,2102,232,22,1.218244930787725,22,1.0814289142821742
30,2102,232,28,1.3772644494131714,28,0.5087773889504036
30,2102,232,29,1.3957132565800667,29,0.48938671607952366
30,2102,232,30,53.84903730664499,30,0.027450500679334144
30,2102,232,31,1.830919305343274,30,0.17362559403082153
30,2102,232,32,1.8767955633819746,30,0.28405308256645484
30,2102,232,38,2.4131425143009873,30,0.7693826984140606
30,2102,233,22,1.298429053212932,22,0.6300834035742913
30,2102,233,28,2.5065921349427516,28,0.3073588641228349
30,2102,233,29,5.958416744540509,29,0.2271414940101261
30,2102,233,30,70.70578610790218,30,0.08159959908209691
30,2102,233,31,10.224354112245305,30,0.3189645124465469
30,2102,233,32,10.330296072117953,30,0.37943649835395193
30,2102,233,38,4.490087315888088,30,0.7024706693555529
30,2102,234,22,1.0320701330042568,22,0.6590712180719605
30,2102,234,28,3.6061244700874537,28,0.0944555976039373
30,2102,234,29,5.136594123701211,29,0.04792486459079781
30,2102,234,30,8.665899020082549,30,0.044802862151344415
30,2102,234,31,4.613547696268681,30,0.451242564524773
30,2102,234,32,3.002510473567926,30,0.47407194618316245
30,2102,234,38,2.2158326312638357,30,1.3282968982023606
30,2102,235,22,0.6263654245918875,22,1.1183716449097754
30,2102,235,28,1.9479191865568128,28,0.4070188863832309
30,2102,235,29,4.501931295229461,29,0.24868894330149605
30,2102,235,30,4.553017678856154,30,0.11665532227725584
30,2102,235,31,2.6555077088744086,30,0.3749664554210192
30,2102,235,32,2.1813586089480554,30,0.3903230285299115
30,2102,235,38,2.3457820309559074,30,0.8304264540585427
30,2102,236,22,0.5584062221494241,22,1.0576711907297185
30,2102,236,28,2.6992723949892747,28,0.5067148669406218
30,2102,236,29,22.493476086938102,29,0.1379863416251332
30,2102,236,30,25.891821486916633,30,0.13619659062402684
30,2102,236,31,10.725549523017163,30,0.21850920840269267
30,2102,236,32,3.7766110114132667,30,0.3600773176455554
30,2102,236,38,1.3801497616084242,30,1.1036692555174301
30,2102,237,22,0.6679075859970343,22,1.2345794823634724
30,2102,237,28,2.821497370017222,28,0.23981561997350712
30,2102,237,29,4.718301928602114,29,0.17288301292199465
30,2102,237,30,17.547474424217654,30,0.12133644290219162
30,2102,237,31,8.845217026785688,30,0.13777595458277916
30,2102,237,32,2.8212753819147194,30,0.2527899091701529
30,2102,237,38,2.6237555116931564,30,0.8912214878199348
30,2102,238,22,0.8835210875827972,22,0.9655785100141319
30,2102,238,28,2.5022922266910586,28,0.6171334021081081
30,2102,238,29,4.053294694842778,29,0.45544649749323396
30,2102,238,30,7.926059939836145,30,0.25538416330250785
30,2102,238,31,7.780012831095011,30,0.3424691093979042
30,2102,238,32,6.515272712181556,30,0.4283004220298199
30,2102,238,38,3.654139160350166,30,0.800267706924195
30,2102,239,22,0.7909765338536684,22,0.7982238340691474
30,2102,239,28,17.106710791953628,28,0.14362183557911662
30,2102,239,29,29.704110508522508,29,0.1392872249765026
30,2102,239,30,14682.599790960532,30,0.004752159941347865
30,2102,239,31,60.385736175199334,30,0.08030574333524361
30,2102,239,32,4.89373484758762,30,0.40322875276383796
30,2102,239,38,2.450374104757657,30,0.9839871473144807
30,2102,240,22,0.9591678550647538,22,1.034402147111883
30,2102,240,28,1.6094003093311229,28,0.21624399160084865
30,2102,240,29,1.865034996698524,29,0.0698822726921106
30,2102,240,30,109.67915509868511,30,0.053308004767494685
30,2102,240,31,56.55623267993738,30,0.09930943032317689
30,2102,240,32,10.724070091346306,30,0.19650770722072836
30,2102,240,38,2.8632279382626686,30,1.0656294820560412
30,2102,241,22,0.5836619848587534,22,0.9380466724821532
30,2102,241,28,1.553982613295431,28,0.38046899295168585
30,2102,241,29,1.579902059139063,29,0.2690545506328616
30,2102,241,30,1.637973013561059,30,0.266665134476829
30,2102,241,31,2.0839888075578186,30,0.2903922687087812
30,2102,241,32,2.1504431348455206,30,0.3191457193430801
30,2102,241,38,2.4447011151895244,30,0.6667053626375712
30,2102,242,22,1.0338628158550869,22,1.173789240359682
30,2102,242,28,1.9945737274969015,28,0.6063988798301525
30,2102,242,29,2.223342885623189,29,0.2547694756018861
30,2102,242,30,4.778077256060834,30,0.11890185649563373
30,2102,242,31,4.577609845340009,30,0.11895635537855759
30,2102,242,32,2.0465450428260477,30,0.6269086664360173
30,2102,242,38,3.3579758531405606,30,0.99982704132623
30,2102,243,22,0.7586630290457731,22,0.9875913268790889
30,2102,243,28,3.7050882428349827,28,0.40546173090932436
30,2102,243,29,4.245627222926356,29,0.35673603472330034
30,2102,243,30,9.153215725143404,30,0.18047999763135344
30,2102,243,31,8.649649272499898,30,0.1814606967433241
30,2102,243,32,3.5104736247124633,30,0.21441046143287323
30,2102,243,38,3.4467971975140164,30,0.9259686123876009
30,2102,244,22,0.8506302813847805,22,1.080488610263492
30,2102,244,28,6.612498963104774,28,0.312808998363571
30,2102,244,29,6.042573882569556,29,0.30408486993819167
30,2102,244,30,4.779439431789634,30,0.15716616365336308
30,2102,244,31,4.4658205456420115,30,0.3230054262192875
30,2102,244,32,4.509691205043367,30,0.5219329220855696
30,2102,244,38,5.2274520432671565,30,0.987760941737809
30,2102,245,22,0.7873488358660462,22,1.1077022840481823
30,2102,245,28,3.9436074186792167,28,0.58613971492699
30,2102,245,29,2.6549842201025142,29,0.4036480637453305
30,2102,245,30,8.3897067806882,30,0.21760239850718005
30,2102,245,31,7.754288702168639,30,0.22706376751904392
30,2102,245,32,4.356326447163826,30,0.42436607289289036
30,2102,245,38,3.4478943174104977,30,0.8895576554181721
30,2102,246,22,0.7867266342737557,22,0.6987619713034027
30,2102,246,28,1.8754482210518433,28,0.3892919529670204
30,2102,246,29,5.617445935031939,29,0.35468042560110513
30,2102,246,30,4.709232893846132,30,0.11150307298145835
30,2102,246,31,2.7683232532746342,30,0.1124919436606629
30,2102,246,32,2.6512851881092856,30,0.18705557717652932
30,2102,246,38,3.103847483940903,30,0.7825730124330379
30,2102,247,22,2.6366233879645327,22,0.8138038038395925
30,2102,247,28,9.906389428730606,28,0.35925773414551176
30,2102,247,29,14.61111481045326,29,0.3038121161864668
30,2102,247,30,42.251904997546966,30,0.16478172190977639
30,2102,247,31,14.073269912128357,30,0.23836874983849365
30,2102,247,32,11.341383009429347,30,0.29654436371967985
30,2102,247,38,3.716312742890003,30,0.6946515236315961
30,2102,248,22,0.5145990076932692,22,1.13851419294359
30,2102,248,28,9.101287761655534,28,0.2175026297621693
30,2102,248,29,27.02229371565332,29,0.16161395828815894
30,2102,248,30,16.377603239879267,30,0.11094458840130166
30,2102,248,31,16.257483586270073,30,0.18124919875928286
30,2102,248,32,16.090421570424958,30,0.18606804099167792
30,2102,248,38,2.046800906360252,30,0.9136654455817184
30,2102,249,22,0.7769888978492981,22,0.9385670395611988
30,2102,249,28,5.054690222388269,28,0.2079187817868301
30,2102,249,29,44.947521472222284,29,0.18184417795242588
30,2102,249,30,20.4597080167095,30,0.08711194924182565
30,2102,249,31,20.500479619423118,30,0.08963043381260467
30,2102,249,32,7.251434117679025,30,0.31538947502162784
30,2102,249,38,4.3219229158787105,30,0.8640645886660598
30,2102,250,22,1.3346826230453486,22,0.8487389154000945
30,2102,250,28,0.7413540115837312,28,0.3543142698444526
30,2102,250,29,0.6718714140722127,29,0.21330381573400992
30,2102,250,30,2.5033426838628903,30,0.16159581709431342
30,2102,250,31,2.6393652126706386,30,0.18714741917672736
30,2102,250,32,2.467563922182765,30,0.20040863071326986
30,2102,250,38,2.3377412718203625,30,0.813453100841587
30,2102,251,22,1.0172512371446765,22,0.6987611963978827
30,2102,251,28,4.455367583899762,28,0.14651757461775
30,2102,251,29,4.352992079726477,29,0.1450861694641763
30,2102,251,30,117.86090395307994,30,0.030386410440350387
30,2102,251,31,4.132726258868655,30,0.11028915012348312
30,2102,251,32,3.9908857871533034,30,0.13150358770420306
30,2102,251,38,2.727346219976692,30,0.7029312034254781
30,2102,252,22,0.8524444130571336,22,0.913718134559632
30,2102,252,28,1.312736835781069,28,0.37819540715597705
30,2102,252,29,1.2813122065855511,29,0.32984982590994677
30,2102,252,30,46.319093082512325,30,0.05247146690529369
30,2102,252,31,1.287667011893637,30,0.37721204581770246
30,2102,252,32,1.1931597511413754,30,0.5639863113306182
30,2102,252,38,2.4150681747760734,30,0.7439267273847368
30,2102,253,22,0.7650886958456,22,1.0410047232348703
30,2102,253,28,6.565448305692078,28,0.20605209524136506
30,2102,253,29,6.457500176098149,29,0.17192219767455436
30,2102,253,30,13.73872945731376,30,0.11286548324135418
30,2102,253,31,7.387832716086586,30,0.1513863361418922
30,2102,253,32,7.1273428923232505,30,0.23975029172037812
30,2102,253,38,3.0283610886865002,30,0.6614319330619481
30,2102,254,22,0.7022325691114627,22,0.946822391166447
30,2102,254,28,2.632564133679569,28,0.46019851433084374
30,2102,254,29,12.105864904826904,29,0.21379717005014798
30,2102,254,30,321.15533974586026,30,0.04178314118755133
30,2102,254,31,7.501058328496419,30,0.1636680599965932
30,2102,254,32,6.762409335349664,30,0.4526069229137957
30,2102,254,38,2.833377516801662,30,0.7961290161629734
30,2102,255,22,1.3143133260983921,22,0.8104300238933311
30,2102,255,28,1.9999426548603303,28,0.44184386695293737
30,2102,255,29,4.310224020328847,29,0.3589051447266188
30,2102,255,30,10.499685769876034,30,0.054681733958962093
30,2102,255,31,11.05306092922566,30,0.06204992371836565
30,2102,255,32,3.936992469553667,30,0.293368206740441
30,2102,255,38,2.756983825932785,30,0.921746801315858
30,2102,256,22,0.6133933165593446,22,1.123622984062709
30,2102,256,28,1.8221520945524925,28,0.2501310321832965
30,2102,256,29,2.2545640563418505,29,0.24741209607863593
30,2102,256,30,3.6941451746799228,30,0.03019851725494601
30,2102,256,31,1.0373382659574752,30,0.25468530637710085
30,2102,256,32,1.506820365065392,30,0.266079682017588
30,2102,256,38,1.6704843857838436,30,0.6538353659577169
30,2102,257,22,0.6758761301452918,22,0.74304917963211
30,2102,257,28,8.75107856645364,28,0.2427598520556683
30,2102,257,29,268.3067286109831,29,0.08494663530392389
30,2102,257,30,236325.23502192675,30,0.0006929243138554894
30,2102,257,31,30.73295779469141,30,0.05931457767750267
30,2102,257,32,5.160148365161458,30,0.30028615288082827
30,2102,257,38,3.7641621757650356,30,0.9591982999397457
30,2102,258,22,0.7952950239279983,22,1.1353010865939328
30,2102,258,28,1.6054993304606022,28,0.4442613184829945
30,2102,258,29,1.836899095715073,29,0.16384362622102988
30,2102,258,30,67.94449009150345,30,0.037830566673369606
30,2102,258,31,5.118881525445784,30,0.11168367744470083
30,2102,258,32,2.5003983183569147,30,0.14612739043370496
30,2102,258,38,2.4356242924587614,30,0.854680968107443
30,2102,259,22,1.1309716840666977,22,0.9923169250163235
30,2102,259,28,2.412440113345734,28,0.48499552999392237
30,2102,259,29,2.353509158397013,29,0.47892688659752564
30,2102,259,30,19.23261397568061,30,0.0789789218790267
30,2102,259,31,2.899696104665552,30,0.2667360892138468
30,2102,259,32,2.8700167283830815,30,0.28182281651582924
30,2102,259,38,2.789852481933939,30,0.9994359178786636
30,2102,260,22,1.1946142346561581,22,0.9094045555362169
30,2102,260,28,1.7242713011369917,28,0.4101163921245139
30,2102,260,29,2.786829029630055,29,0.3924870324389061
30,2102,260,30,2.901512286353163,30,0.1993898933727593
30,2102,260,31,2.034843387556787,30,0.20010060465131896
30,2102,260,32,2.134067065144684,30,0.4068197856742844
30,2102,260,38,1.8323095639156388,30,0.9387886538561216
30,2102,261,22,1.0356215346576334,22,0.9914750995899464
30,2102,261,28,2.2177324248503822,28,0.382784454599474
30,2102,261,29,4.259233815058041,29,0.2912029680631063
30,2102,261,30,46.943496366980014,30,0.03786695078507649
30,2102,261,31,7.784055669590791,30,0.16695431472218172
30,2102,261,32,7.515831335681655,30,0.19003081804078917
30,2102,261,38,2.2972976609647437,30,0.8121596019783845
30,2102,262,22,1.5238828341192714,22,0.8543814539896124
30,2102,262,28,0.7111567740829152,28,0.5090232372266724
30,2102,262,29,0.7153144830573368,29,0.5009354603951716
30,2102,262,30,418.30729059770226,30,0.02259732605861025
30,2102,262,31,2.911181301099466,30,0.3212496649502982
30,2102,262,32,2.122913407195152,30,0.46220104598083317
30,2102,262,38,2.6982198053187143,30,1.0911218082691112
30,2102,263,22,1.1669982934586205,22,0.7898128052752564
30,2102,263,28,12.730076894225359,28,0.21670752036943716
30,2102,263,29,21.382434149005416,29,0.17686510039302217
30,2102,263,30,21.189650419704307,30,0.16873641481782975
30,2102,263,31,17.981681801126406,30,0.1761132858241272
30,2102,263,32,2.2510609902568497,30,0.3986345568886912
30,2102,263,38,2.2719385930676204,30,0.8913621124648401
30,2102,264,22,0.5650010468375237,22,1.0847457836455392
30,2102,264,28,1.123958963996603,28,0.31727175632328203
30,2102,264,29,1.1382119127319748,29,0.2739069288948548
30,2102,264,30,25.076536687088236,30,0.0302063647493349
30,2102,264,31,1.7873657984944786,30,0.17133584393485415
30,2102,264,32,1.30838086402031,30,0.24271916169888327
30,2102,264,38,1.7603682327992918,30,0.48116293935001564
30,2102,265,22,0.6272148559976296,22,1.2346268741851258
30,2102,265,28,1.7390923282426902,28,0.42189798564510494
30,2102,265,29,9.785508307647454,29,0.35803413949306173
30,2102,265,30,17.767595897814385,30,0.26297370164043815
30,2102,265,31,11.504208556602459,30,0.2903526110762372
30,2102,265,32,4.636391764834347,30,0.4488360228704597
30,2102,265,38,2.382245561066896,30,1.238337971207132
30,2102,266,22,0.7853771038781028,22,1.2616455941770803
30,2102,266,28,1.5094490067378612,28,0.21932432719183373
30,2102,266,29,2.019763742343642,29,0.18055688262311306
30,2102,266,30,1.7826142539031054,30,0.17227179974257323
30,2102,266,31,1.872127281887977,30,0.20233257075448488
30,2102,266,32,1.7095213598758263,30,0.32047541724290657
30,2102,266,38,2.3246421600801614,30,0.6137334986881685
30,2102,267,22,0.44703644835288925,22,1.2769290490745417
30,2102,267,28,21.78033043018289,28,0.18542646323220166
30,2102,267,29,13.035964458873288,29,0.14359245599645878
30,2102,267,30,16.09667216161732,30,0.08491890120111481
30,2102,267,31,5.197670958227492,30,0.08492854506827516
30,2102,267,32,4.505466212581888,30,0.21783567255726297
30,2102,267,38,3.3489029170541373,30,0.8166282653370388
30,2102,268,22,0.6394305850355562,22,1.027866602567442
30,2102,268,28,4.024382947707302,28,0.2021590202031074
30,2102,268,29,3.38180363525708,29,0.19774710448453742
30,2102,268,30,2859.957826786659,30,0.004275779856807863
30,2102,268,31,5.279261576047465,30,0.19461325509424193
30,2102,268,32,5.315121610415779,30,0.19936704987453424
30,2102,268,38,4.349883127236612,30,0.8100048733880848
30,2102,269,22,0.899715324867161,22,1.285187558716314
30,2102,269,28,1.795471524634749,28,0.26780286560377337
30,2102,269,29,12.837966540780307,29,0.20147189208078636
30,2102,269,30,12.652175936233784,30,0.17692890695626537
30,2102,269,31,4.905031703570843,30,0.28443476572046655
30,2102,269,32,4.584349237486412,30,0.3627600884176156
30,2102,269,38,2.4562881529562772,30,0.8873322136699099
30,2102,270,22,0.562215526644184,22,1.43387767725418
30,2102,270,28,29.28113541457929,28,0.2413731107428817
30,2102,270,29,30.41573713377864,29,0.23520625471588216
30,2102,270,30,10.326577018367917,30,0.1553958344611618
30,2102,270,31,10.459842356407652,30,0.17610302529838792
30,2102,270,32,5.183244277432986,30,0.3255099779503057
30,2102,270,38,3.2162178890969066,30,0.9429150395310266
30,2102,271,22,0.7651642789917821,22,1.3236491972830065
30,2102,271,28,2.4893575198473723,28,0.29130691524489816
30,2102,271,29,1.7175942330529057,29,0.22926409090992528
30,2102,271,30,16.33343834667053,30,0.19524557012954838
30,2102,271,31,9.740658831914336,30,0.29748835063145507
30,2102,271,32,6.277624583284597,30,0.3394275820916387
30,2102,271,38,3.517090358090192,30,1.0170166974343355
30,2102,272,22,1.1767223072369632,22,0.8138591279416112
30,2102,272,28,2.7940216277856673,28,0.22817009031643415
30,2102,272,29,8.006055720871942,29,0.12745666760031238
30,2102,272,30,4.599597118319034,30,0.10027975924985728
30,2102,272,31,4.332582952287879,30,0.11014374228135777
30,2102,272,32,4.211676681333959,30,0.3044302213221841
30,2102,272,38,2.729242485199593,30,1.070421270756487
30,2102,273,22,1.031368803640705,22,0.991482855517094
30,2102,273,28,1.0587178958792753,28,0.13378582537250633
30,2102,273,29,3.4108281120159125,29,0.04052633943679704
30,2102,273,30,5.0567605495862775,30,0.010514064275187723
30,2102,273,31,0.7952299269871855,30,0.3108924921331688
30,2102,273,32,0.846454772061399,30,0.5124698962128321
30,2102,273,38,1.242493547662432,30,0.83364189984792
30,2102,274,22,0.47781535209186166,22,0.9004578013053256
30,2102,274,28,9.975389560135154,28,0.2565067070692369
30,2102,274,29,4.6338858513140835,29,0.1136084175091727
30,2102,274,30,9.888975632836182,30,0.09662422148290196
30,2102,274,31,7.69395176952171,30,0.16813122938569555
30,2102,274,32,3.57205389190198,30,0.27867776547653816
30,2102,274,38,3.0716177458028473,30,1.183200781513824
30,2102,275,22,1.8964145133338828,22,1.0871826301848477
30,2102,275,28,2.0991890615680115,28,0.4178960009787025
30,2102,275,29,3.393122435339941,29,0.3311963623466582
30,2102,275,30,4.922323082952419,30,0.31438485822356677
30,2102,275,31,4.529755830096239,30,0.3440419788897763
30,2102,275,32,4.490131796784842,30,0.3501791345724206
30,2102,275,38,1.5275473896575325,30,0.7887752125633698
30,2102,276,22,0.7854463538251812,22,0.7376521430201844
30,2102,276,28,11.385121594998223,28,0.291437662200935
30,2102,276,29,30.067028656737193,29,0.0714895523033925
30,2102,276,30,1548.4006356517,30,0.014051548970905117
30,2102,276,31,22.655003682734037,30,0.2241803082578578
30,2102,276,32,21.20290916136979,30,0.2256080925915687
30,2102,276,38,5.273184028727915,30,0.5527873068963797
30,2102,277,22,1.0833145375142323,22,1.0473415002798554
30,2102,277,28,5.365680242860761,28,0.14983053025418677
30,2102,277,29,7.92366488250221,29,0.13894660950899237
30,2102,277,30,326184.7678634525,30,0.000709063665873247
30,2102,277,31,24.532144248184405,30,0.0939062982289622
30,2102,277,32,18.80887893057703,30,0.12759199323705328
30,2102,277,38,3.520808172971531,30,1.0910248023122107
30,2102,278,22,0.8297309195562947,22,1.5680532352757275
30,2102,278,28,10.031088006411974,28,0.21864544128260102
30,2102,278,29,10.025292901244311,29,0.2174349045786834
30,2102,278,30,10.159726102826536,30,0.1424831930907312
30,2102,278,31,8.94887045653778,30,0.16348047073181077
30,2102,278,32,7.328037596524835,30,0.19672836363063564
30,2102,278,38,2.703573603717953,30,0.9720479804710784
30,2102,279,22,0.9497021488607079,22,0.91037537766606
30,2102,279,28,6.247682437081773,28,0.424727586567023
30,2102,279,29,96.79024235860945,29,0.05781280891389671
30,2102,279,30,96.99784522179648,30,0.03648224149633681
30,2102,279,31,9.306637007462376,30,0.16810074566970498
30,2102,279,32,9.555201300504935,30,0.23002983423050932
30,2102,279,38,3.186686293991974,30,0.5579889240005147
30,2102,280,22,1.135649105204179,22,0.924043182339838
30,2102,280,28,4.5302357559422735,28,0.2577328109448198
30,2102,280,29,3.2190611271205753,29,0.1981254851822743
30,2102,280,30,2.5299315439703407,30,0.19126412533728107
30,2102,280,31,2.413396950345408,30,0.21443353006535573
30,2102,280,32,2.4119795277139353,30,0.2989351995354988
30,2102,280,38,3.513287228670009,30,0.7574752209545624
30,2102,281,22,0.7341720887226661,22,1.2191569811459098
30,2102,281,28,0.9008068116226481,28,0.5938419925518698
30,2102,281,29,1.7702596595364568,29,0.29913468117337233
30,2102,281,30,10.200287426335615,30,0.09830585440384616
30,2102,281,31,1.141141302287899,30,0.31115835367889344
30,2102,281,32,1.1370852647458296,30,0.38253397748612905
30,2102,281,38,0.916892894844323,30,0.8219476491163943
30,2102,282,22,2.9278503454443214,22,0.847270275934048
30,2102,282,28,3.0886312968366023,28,0.3923339920024863
30,2102,282,29,7.777403869154162,29,0.26545376494153167
30,2102,282,30,15.403269536277577,30,0.11155353981135015
30,2102,282,31,8.215473450588496,30,0.20820832184150653
30,2102,282,32,2.7371672831461598,30,0.2699061997485714
30,2102,282,38,2.9409347728412185,30,0.6894857484748408
30,2102,283,22,0.6803480467501826,22,1.1413276610869774
30,2102,283,28,3.055698909787835,28,0.36666511965295223
30,2102,283,29,3.517554137945426,29,0.2959163317633674
30,2102,283,30,7.247874448329601,30,0.21480927990722687
30,2102,283,31,5.313181337212635,30,0.3235399071864822
30,2102,283,32,4.16000573873071,30,0.3587167198003617
30,2102,283,38,2.516721991500586,30,0.9301570151142192
30,2102,284,22,1.6082140961416806,22,0.9216218490907189
30,2102,284,28,6.320868829105003,28,0.47096754894921466
30,2102,284,29,17.443367404032312,29,0.21161932824060017
30,2102,284,30,35.50612512152121,30,0.1256891515820694
30,2102,284,31,36.9448963995561,30,0.1273801887927694
30,2102,284,32,5.029826577690763,30,0.361890234337168
30,2102,284,38,4.267306106918786,30,1.167934691793272
30,2102,285,22,0.6421521971594402,22,1.1296762386017485
30,2102,285,28,1.2560188009638926,28,0.4351893947535019
30,2102,285,29,2.967061630252334,29,0.1993018496788543
30,2102,285,30,2.225715053022217,30,0.10992091190358722
30,2102,285,31,2.045594229700697,30,0.19263723252261072
30,2102,285,32,1.9792029363872752,30,0.20596718450933585
30,2102,285,38,2.3010865190423258,30,0.8246321143560477
30,2102,286,22,0.7192489792857655,22,1.070699142269396
30,2102,286,28,2.0400315992124067,28,0.4792173900694361
30,2102,286,29,3.8054002967257015,29,0.4680563459836773
30,2102,286,30,12.483208554577217,30,0.23126704126682998
30,2102,286,31,6.696092676251583,30,0.45806756113249
30,2102,286,32,6.43822426626857,30,0.4750779823480316
30,2102,286,38,3.9835421612131414,30,0.9340641324155443
30,2102,287,22,0.9081186905325583,22,0.8183028440683203
30,2102,287,28,4.482506152846279,28,0.16286488879930588
30,2102,287,29,5.508208742773099,29,0.14162778743597773
30,2102,287,30,224.3156547649108,30,0.06862074438916817
30,2102,287,31,39.947165619314106,30,0.12985850265658958
30,2102,287,32,11.59533252129995,30,0.26343325124892936
30,2102,287,38,4.102470556014976,30,0.8465811127187367
30,2102,288,22,1.0525551853768944,22,0.8555751609621212
30,2102,288,28,1.0777218181288815,28,0.4795036351419838
30,2102,288,29,1.7850566858758719,29,0.4304434592145971
30,2102,288,30,5.962768998526807,30,0.32977969760289727
30,2102,288,31,5.952036772512381,30,0.3588566756930044
30,2102,288,32,5.503820952540519,30,0.3675387936957844
30,2102,288,38,2.4368440103974662,30,0.7346872400675902
30,2102,289,22,1.0374147750596627,22,0.975777749345516
30,2102,289,28,3.128324521497375,28,0.4645616977667719
30,2102,289,29,4.2866514973260195,29,0.46358442194343685
30,2102,289,30,10.635943069420511,30,0.05036559913613586
30,2102,289,31,3.470039419463092,30,0.4451203623867257
30,2102,289,32,2.872334434804199,30,0.513117759187091
30,2102,289,38,1.656209414036674,30,0.9838252004114395
30,2102,290,22,0.7972394363004857,22,1.027727645385112
30,2102,290,28,4.256103605392206,28,0.34598275954128926
30,2102,290,29,27.019296854791914,29,0.13749150692962583
30,2102,290,30,26.244018861369103,30,0.13745189414429365
30,2102,290,31,7.921755482599551,30,0.2805857979028979
30,2102,290,32,8.431544492746974,30,0.3089262392730458
30,2102,290,38,3.3650388477705966,30,1.071050481564048
30,2102,291,22,0.603745548459345,22,0.8789179533799304
30,2102,291,28,1.255948137629931,28,0.3211669155934162
30,2102,291,29,1.5503587931547629,29,0.2694695779510743
30,2102,291,30,1.5143147426025614,30,0.2654766619682682
30,2102,291,31,1.686561195026816,30,0.273169448252425
30,2102,291,32,1.8399017061718852,30,0.30901845727956684
30,2102,291,38,1.4661788594414733,30,1.0296829097353934
30,2102,292,22,0.9320982831346484,22,0.9115366343492624
30,2102,292,28,3.1205976897885788,28,0.4971446485544927
30,2102,292,29,3.2879281741518707,29,0.44017784017687306
30,2102,292,30,6.394328188458965,30,0.16146013029785158
30,2102,292,31,3.301550183649191,30,0.5056437457670564
30,2102,292,32,3.480402080333663,30,0.5698828287093651
30,2102,292,38,2.86545218796789,30,0.658499123767792
30,2102,293,22,2.0092835601097505,22,1.023610809843393
30,2102,293,28,10.886410323243531,28,0.28621716419521565
30,2102,293,29,10.821647835953863,29,0.28576740676139645
30,2102,293,30,530.4799607931571,30,0.04792253618986311
30,2102,293,31,27.754551271727475,30,0.19951823660659476
30,2102,293,32,9.066231299205072,30,0.3672487947233517
30,2102,293,38,4.543542865391383,30,0.7881265406097038
30,2102,294,22,0.49411672762112513,22,1.0732440261068565
30,2102,294,28,0.7373472242524968,28,0.5408788465958474
30,2102,294,29,43.77162834418442,29,0.03685623708856378
30,2102,294,30,1465.9431254571414,30,0.012470573219625185
30,2102,294,31,2.8919118168087046,30,0.3128193088358611
30,2102,294,32,1.6589321308100824,30,0.521166791188418
30,2102,294,38,1.7101983158130132,30,0.8978201630934713
30,2102,295,22,1.1697612678018348,22,0.8961350370536468
30,2102,295,28,3.3149735142228076,28,0.49886733113458576
30,2102,295,29,3.3397096465069747,29,0.46930345220649994
30,2102,295,30,5.608636172168531,30,0.1022692342714322
30,2102,295,31,3.0882598560258585,30,0.23772355927446756
30,2102,295,32,2.9934375272504115,30,0.3868955689070407
30,2102,295,38,2.963922991344425,30,0.9607027772151632
30,2102,296,22,0.640982118458346,22,1.0175370906125543
30,2102,296,28,29.37756479869468,28,0.20352217776722836
30,2102,296,29,42.90675564505997,29,0.13573297693103312
30,2102,296,30,42.30933554547002,30,0.13529665585286763
30,2102,296,31,42.51480630875351,30,0.13529669879190312
30,2102,296,32,32.4339948095251,30,0.24898044499042393
30,2102,296,38,3.0924952773364636,30,1.0468610487806356
30,2102,297,22,1.00623048435618,22,1.061711533320307
30,2102,297,28,7.009369253798809,28,0.34185903276516344
30,2102,297,29,12.453278159486674,29,0.22533374735318126
30,2102,297,30,11.565400017843631,30,0.22110254686981962
30,2102,297,31,11.496839198502427,30,0.23398088149758434
30,2102,297,32,7.523390048838705,30,0.4160619751839525
30,2102,297,38,3.5369675641493976,30,0.4946273733777663
30,2102,298,22,1.4833702384746021,22,0.8421598807893903
30,2102,298,28,8.225005055667427,28,0.3225556522710361
30,2102,298,29,47.15148620124653,29,0.18772703302003857
30,2102,298,30,112.55830202096386,30,0.10222453201884452
30,2102,298,31,7.8921673803520696,30,0.25929361869490747
30,2102,298,32,7.312013640398503,30,0.2651620443572604
30,2102,298,38,4.187651888927148,30,0.8497033280720233
30,2102,299,22,0.5119955562445777,22,0.8366510162108217
30,2102,299,28,1.6523449769683132,28,0.37504695969376634
30,2102,299,29,46.008134944805306,29,0.1198472113593142
30,2102,299,30,348.25399354136385,30,0.054811959942409984
30,2102,299,31,102.97289448538893,30,0.11057993044090332
30,2102,299,32,85.71766097367237,30,0.11403617951705028
30,2102,299,38,2.7463008093541457,30,0.8771044975011537
30,2102,300,22,2.5989733122317906,22,0.9067002349605898
30,2102,300,28,2.562053030145869,28,0.363273227374216
30,2102,300,29,2.3957667449177116,29,0.31435037446604275
30,2102,300,30,10.758450302938604,30,0.1539380850587601
30,2102,300,31,3.0948081189676975,30,0.33237782658073667
30,2102,300,32,3.028802211540171,30,0.49751205212862365
30,2102,300,38,3.8086319992789472,30,1.0285530358028403
30,2102,301,22,0.8673850171790226,22,0.6882054427325255
30,2102,301,28,4.816319141962172,28,0.1885242819244015
30,2102,301,29,31.3436182920366,29,0.1555592871824813
30,2102,301,30,205.1589973906399,30,0.07929956285229485
30,2102,301,31,16.043100697363467,30,0.18605667073653176
30,2102,301,32,10.479657305138192,30,0.37712346375481925
30,2102,301,38,2.483333624324033,30,1.085788159896544
30,2102,302,22,0.8337240900782439,22,0.8442004854835812
30,2102,302,28,1.3049733552542686,28,0.4729020789681337
30,2102,302,29,1.5597735552450895,29,0.28204952182265247
30,2102,302,30,15.125743371720354,30,0.21315225615437586
30,2102,302,31,8.856183408032928,30,0.2390670094846023
30,2102,302,32,8.900346558920972,30,0.24112592988369108
30,2102,302,38,2.4048390217380895,30,0.7412034230327801
30,2102,303,22,0.6936704323684675,22,1.0979329206403843
30,2102,303,28,2.4926316255748664,28,0.3060101609816074
30,2102,303,29,6.2270381416046305,29,0.2876734981123191
30,2102,303,30,27.79597264738574,30,0.10142189556374616
30,2102,303,31,6.351704740537755,30,0.2594180125384829
30,2102,303,32,6.308025221942808,30,0.3187564969355351
30,2102,303,38,2.704642019147866,30,1.1239885315057547
30,2102,304,22,0.5755916210310545,22,1.0367972141677493
30,2102,304,28,5.062106395960312,28,0.23402172367215063
30,2102,304,29,6.466699115019709,29,0.2331470943366413
30,2102,304,30,1037.329217322769,30,0.017521002229430815
30,2102,304,31,34.05753062174834,30,0.1304712691510495
30,2102,304,32,6.274172975277459,30,0.28575532867609427
30,2102,304,38,2.447760480893633,30,0.8369201990693099
30,2102,305,22,1.491696750089073,22,0.8387725715444828
30,2102,305,28,3.799201495201727,28,0.3804764539693866
30,2102,305,29,112.67650501090696,29,0.07497318239085461
30,2102,305,30,304.56205961793324,30,0.027551690174436875
30,2102,305,31,5.282234895719545,30,0.19733635471237143
30,2102,305,32,4.15148574319627,30,0.21230710895546823
30,2102,305,38,1.9131151374812085,30,0.5795125416154769
30,2102,306,22,1.323645770946804,22,0.9317624973090368
30,2102,306,28,1.653023466584905,28,0.42515047490525965
30,2102,306,29,8.174072283201847,29,0.11699988383204739
30,2102,306,30,1.9181255445163097,30,0.07184719324805601
30,2102,306,31,1.72443680375812,30,0.23532635790504655
30,2102,306,32,2.006709814279349,30,0.323972301844247
30,2102,306,38,2.671418408151368,30,0.8670637476998075
30,2102,307,22,2.3175889106903185,22,0.5602296301217516
30,2102,307,28,25.045482412606837,28,0.09468878061178314
30,2102,307,29,115.69862479955833,29,0.012966264741822092
30,2102,307,30,6403.386625702076,30,0.0045601999891875375
30,2102,307,31,12.794125991741321,30,0.027702382236829744
30,2102,307,32,9.467846112947468,30,0.06130919721624563
30,2102,307,38,2.037469191900069,30,0.7350131503526358
30,2102,308,22,0.6597424867133744,22,1.1081901972316643
30,2102,308,28,3.118147088328547,28,0.40395824584697865
30,2102,308,29,8.245677799363158,29,0.1282548552893387
30,2102,308,30,91.61900082826023,30,0.06727955865869213
30,2102,308,31,25.34862511750509,30,0.1344195518292244
30,2102,308,32,7.984186497221208,30,0.1721808401358524
30,2102,308,38,2.3097033602966595,30,0.6007300573610493
30,2102,309,22,2.731039601592047,22,0.9505380935409726
30,2102,309,28,15.13596099298599,28,0.22771832491897553
30,2102,309,29,41.941452673938755,29,0.09978645191374144
30,2102,309,30,56.58280125255059,30,0.040247109344104
30,2102,309,31,20.35773995711999,30,0.14367203040056659
30,2102,309,32,10.101600614956517,30,0.16798137870644353
30,2102,309,38,3.224435104580633,30,0.9166946834217804
30,2102,310,22,0.8901145508494867,22,1.1873089352495385
30,2102,310,28,2.258328520585798,28,0.2539117444803297
30,2102,310,29,10.461063216364506,29,0.17884358612504167
30,2102,310,30,4.506378866331754,30,0.022126481966291203
30,2102,310,31,3.0449315091285407,30,0.1388411772486569
30,2102,310,32,2.226185444559203,30,0.30880606697875346
30,2102,310,38,3.375648329207545,30,0.8564705085635292
30,2102,311,22,0.44004638689777853,22,0.7384151755815911
30,2102,311,28,5.7709960295953815,28,0.21248904115943817
30,2102,311,29,4.589961147587698,29,0.2025127636124493
30,2102,311,30,26.05322026876205,30,0.12567736641884422
30,2102,311,31,8.837576790144684,30,0.182908342741866
30,2102,311,32,4.62301261044189,30,0.18529000440237545
30,2102,311,38,2.146729393707057,30,0.9248580223848206
30,2102,312,22,0.6529413258097618,22,1.209942638934978
30,2102,312,28,3.407537823188294,28,0.48931103520109553
30,2102,312,29,3.473646327308397,29,0.4857826565491311
30,2102,312,30,2.6302187901992324,30,0.31735381987155376
30,2102,312,31,1.9530455364786956,30,0.32298505459386306
30,2102,312,32,2.644063238819853,30,0.34776395225187123
30,2102,312,38,3.733547439065143,30,0.807251571345911
30,2102,313,22,2.2181699244491035,22,0.9046128906615022
30,2102,313,28,7.92940822985192,28,0.22999393975556337
30,2102,313,29,9.614637937454791,29,0.1923281707334847
30,2102,313,30,16.20033009565512,30,0.10903552327570934
30,2102,313,31,12.131522442891265,30,0.24813871118992933
30,2102,313,32,11.554875737596692,30,0.26771298282893247
30,2102,313,38,3.430936773623268,30,0.9631645575462167
30,2102,314,22,2.671642851661682,22,0.6107984838368922
30,2102,314,28,1.1753736540821849,28,0.1779106189288513
30,2102,314,29,1.2631451607004136,29,0.14607478967942514
30,2102,314,30,50.42988590649082,30,0.035736847910985456
30,2102,314,31,1.174333102528939,30,0.32496719134951224
30,2102,314,32,1.165483088839133,30,0.7364690224658699
30,2102,314,38,2.140053310581046,30,1.211216511272152
30,2102,315,22,1.02444648429024,22,0.7262750328163078
30,2102,315,28,1.464040106523911,28,0.6009669700118305
30,2102,315,29,1.5509328846407786,29,0.581565491518797
30,2102,315,30,2.4035258322482402,30,0.581228743591675
30,2102,315,31,2.3863363123459767,30,0.6095940654063858
30,2102,315,32,2.166017805563664,30,0.6224107611681966
30,2102,315,38,2.5996189781110433,30,0.8734078891554113
30,2102,316,22,1.4910229515361608,22,1.0879930937912388
30,2102,316,28,5.4559512864759245,28,0.34799194330983774
30,2102,316,29,15.859991392144831,29,0.21203733167915476
30,2102,316,30,3.675806586119446,30,0.059190780665703165
30,2102,316,31,3.371077633533248,30,0.298315782115147
30,2102,316,32,2.528307594160834,30,0.31035898673522794
30,2102,316,38,2.6140421690031928,30,0.877362275724481
30,2102,317,22,0.48020145796532765,22,1.0494252589384547
30,2102,317,28,2.571890286488721,28,0.5481120883293285
30,2102,317,29,2.294813054819909,29,0.38410808024763143
30,2102,317,30,3.8566346728352316,30,0.13139642865159815
30,2102,317,31,2.4147404834714354,30,0.37881780982243785
30,2102,317,32,1.3984905217661046,30,0.4936161539848018
30,2102,317,38,2.1749032820174987,30,1.179770692129917
30,2102,318,22,0.7451568264442838,22,0.864792397488568
30,2102,318,28,44.36298542990861,28,0.10588230067869465
30,2102,318,29,18172.348967815775,29,0.0023589395699553386
30,2102,318,30,491737.9467431108,30,0.0009724152238775948
30,2102,318,31,614.8136545610947,30,0.022600349481659798
30,2102,318,32,12.905454994059003,30,0.13762247186619195
30,2102,318,38,2.503417108862043,30,0.6667082506472786
30,2102,319,22,0.8072937442251015,22,1.094144033383506
30,2102,319,28,1.1806098048052749,28,0.48426703552441314
30,2102,319,29,1.0625348403549046,29,0.4187733087658929
30,2102,319,30,24.930172995604,30,0.1091502840593677
30,2102,319,31,24.534490716206534,30,0.10967033973457044
30,2102,319,32,10.772552845050164,30,0.16880879372205984
30,2102,319,38,2.1644575721362034,30,0.892979864753381
30,2102,320,22,1.249270786249944,22,1.1336219778982086
30,2102,320,28,2.16465109301609,28,0.6910974397145926
30,2102,320,29,2.2492847430580802,29,0.5694074674895558
30,2102,320,30,5.701106765156731,30,0.3542200746839554
30,2102,320,31,4.978455470404865,30,0.35961706773966284
30,2102,320,32,4.031271314356043,30,0.4501902194918842
30,2102,320,38,2.290210473576659,30,0.9475758373343602
30,2102,321,22,0.9216427742245623,22,1.2528909553376562
30,2102,321,28,7.32207680484497,28,0.1263251276158959
30,2102,321,29,18.34343243636446,29,0.10207134100252836
30,2102,321,30,487.3812603449021,30,0.018638376067498637
30,2102,321,31,14.207245700020085,30,0.12477945435091382
30,2102,321,32,14.112853851665319,30,0.12478032228818203
30,2102,321,38,2.4172154415388047,30,0.9374617473714382
30,2102,322,22,1.455530651120868,22,0.9230174068167057
30,2102,322,28,2.865661402379135,28,0.4934350579566992
30,2102,322,29,25.758180362986224,29,0.1993506766299389
30,2102,322,30,3925.650866697838,30,0.010882175226609406
30,2102,322,31,243.50162790838354,30,0.059591683994220254
30,2102,322,32,20.92850411031096,30,0.1904104699334281
30,2102,322,38,4.873297126868485,30,0.8011802149907524
30,2102,323,22,0.6355481370731753,22,1.1768821421239561
30,2102,323,28,1.7450076655737885,28,0.5523941239610293
30,2102,323,29,4.824743896841953,29,0.1962497934809587
30,2102,323,30,4.10285069019341,30,0.19556925766725214
30,2102,323,31,3.399446957235144,30,0.21174171265054026
30,2102,323,32,1.343548482264754,30,0.5097673085744163
30,2102,323,38,3.109386767387434,30,0.9749679788831737
30,2102,324,22,0.885519387964958,22,0.7662634689222173
30,2102,324,28,0.8126586039561996,28,0.4732157646904476
30,2102,324,29,3.258673504858884,29,0.21669875167580444
30,2102,324,30,5.498385988004461,30,0.17839488679665036
30,2102,324,31,1.3587719819213935,30,0.3231086465930828
30,2102,324,32,1.430445260183049,30,0.3680273226285663
30,2102,324,38,1.644173981488378,30,0.837221446977404
30,2102,325,22,0.8408672152997138,22,1.2302630431279662
30,2102,325,28,2.414850405346978,28,0.6025390123868973
30,2102,325,29,2.894224613301604,29,0.366781372812897
30,2102,325,30,3.1984028098380803,30,0.111366167487395
30,2102,325,31,3.0703471187257763,30,0.11287414565481013
30,2102,325,32,3.0543163946444736,30,0.13629706818123752
30,2102,325,38,3.078865364038792,30,1.062840008837399
30,2102,326,22,2.323176901427938,22,1.089983821492011
30,2102,326,28,2.3089394587784358,28,0.2657057383749966
30,2102,326,29,6.338436373539469,29,0.25994445470347377
30,2102,326,30,7.734321351873204,30,0.16667683784678142
30,2102,326,31,6.548885753856395,30,0.16759201255198639
30,2102,326,32,4.661148860020415,30,0.21586195801131802
30,2102,326,38,1.9800884106555756,30,1.0130312380223019
30,2102,327,22,0.8295249209017016,22,0.931542216348837
30,2102,327,28,10.634092506172543,28,0.18579453770396695
30,2102,327,29,39.49441734456036,29,0.15248190538326933
30,2102,327,30,129.4803713059417,30,0.08036996518748711
30,2102,327,31,113.76864243910354,30,0.0840840682388851
30,2102,327,32,52.679998613335876,30,0.13906535244026244
30,2102,327,38,2.684692394592342,30,0.8352752310243461
30,2102,328,22,1.250934439392322,22,1.17776771282098
30,2102,328,28,3.4700088249804666,28,0.7485900400504046
30,2102,328,29,4.2643724105551835,29,0.43613406226426427
30,2102,328,30,4.559194713483237,30,0.19303845010355186
30,2102,328,31,3.559873538531774,30,0.22668479045636003
30,2102,328,32,3.3751449586733804,30,0.5083200744735704
30,2102,328,38,2.1304868741427176,30,1.0511505547313942
30,2102,329,22,0.7815084433786064,22,0.6856553776741656
30,2102,329,28,1.5023512344448133,28,0.33864997904286814
30,2102,329,29,1.9861165191600827,29,0.2113959844434753
30,2102,329,30,1637.4227551014726,30,0.00856715949688281
30,2102,329,31,4.912889964339034,30,0.19702242791507105
30,2102,329,32,4.39338377741954,30,0.20678380877737812
30,2102,329,38,2.426409357743614,30,0.9479319638956438
30,2102,330,22,1.0602615616222282,22,1.0846155175036667
30,2102,330,28,7.714951271326782,28,0.20679904667407412
30,2102,330,29,7.604353063305576,29,0.11277748276100989
30,2102,330,30,32725.28805101368,30,0.0053631128435775634
30,2102,330,31,4.760616812739235,30,0.4073485273672217
30,2102,330,32,3.8967966373457075,30,0.41302086379354697
30,2102,330,38,2.906808469945555,30,1.0632253924932669
30,2102,331,22,1.0671238390711513,22,1.031700534731395
30,2102,331,28,3.3801441410761432,28,0.34750703920363357
30,2102,331,29,3.4251374807879906,29,0.3436136233034693
30,2102,331,30,4.152563476469508,30,0.26321093197996287
30,2102,331,31,3.30648218549289,30,0.26453832946783673
30,2102,331,32,2.893409503531289,30,0.3594715426233282
30,2102,331,38,1.6602281787784963,30,0.8379311810674182
30,2102,332,22,1.402129733232404,22,1.057711176991011
30,2102,332,28,3.7314550927049432,28,0.4400891825345203
30,2102,332,29,4.730739646556435,29,0.37159798436531305
30,2102,332,30,8.338689389225866,30,0.24349223005268517
30,2102,332,31,7.231271352316539,30,0.31986503581276904
30,2102,332,32,6.274576461584686,30,0.33478427610610534
30,2102,332,38,3.3540801239046325,30,0.9145060531597533
30,2102,333,22,0.6651631704966778,22,0.9456169777815007
30,2102,333,28,3.492849496496577,28,0.3487236968213823
30,2102,333,29,1.795293208069331,29,0.1060491649905646
30,2102,333,30,141.48840906679277,30,0.025945641530693803
30,2102,333,31,4.085106244663338,30,0.15721422942084665
30,2102,333,32,3.9114308361547447,30,0.15873958314652614
30,2102,333,38,2.3290738575092544,30,0.6172958635739626
30,2102,334,22,1.4357447667032674,22,0.9566160696570699
30,2102,334,28,1.4725316331590432,28,0.2968594549697595
30,2102,334,29,5.36295202416368,29,0.180388865163391
30,2102,334,30,13.11934954155933,30,0.04867049430507615
30,2102,334,31,4.715893549169831,30,0.19020808910484588
30,2102,334,32,2.656139385617131,30,0.4518799612640491
30,2102,334,38,3.078764329566112,30,0.9179691756899371
30,2102,335,22,1.6476648618933947,22,0.9053722156408385
30,2102,335,28,51.16703827492515,28,0.2253248635576431
30,2102,335,29,62.135245825810856,29,0.1679350979978217
30,2102,335,30,55.51637696720426,30,0.1673271766740005
30,2102,335,31,47.291521626965306,30,0.1770765606429424
30,2102,335,32,7.773680036356946,30,0.3252742112845052
30,2102,335,38,2.576429734797639,30,0.7308802873282623
30,2102,336,22,0.582258351055944,22,1.3481968360944303
30,2102,336,28,1.997243109379136,28,0.28979212276539373
30,2102,336,29,9.642445183654926,29,0.19010955916025943
30,2102,336,30,4.927202904511576,30,0.012222074313115764
30,2102,336,31,4.1986424489647955,30,0.17985877558677021
30,2102,336,32,4.055123629656332,30,0.2748003022950644
30,2102,336,38,1.867533312020346,30,1.0141937095908204
30,2102,337,22,0.6584865546653074,22,1.4030373661368232
30,2102,337,28,23.532055359149005,28,0.23080164223702776
30,2102,337,29,40.81639577441566,29,0.1919059027975409
30,2102,337,30,34.16464850802618,30,0.14960369847740784
30,2102,337,31,5.670645945627077,30,0.2405203117355424
30,2102,337,32,5.717284985958363,30,0.422468296366861
30,2102,337,38,3.7039075516897606,30,0.9117803148140796
30,2102,338,22,0.9191814621705267,22,1.001898755954943
30,2102,338,28,1.9453980138829918,28,0.3826176897417374
30,2102,338,29,2.0307007060066065,29,0.2736472135752579
30,2102,338,30,80.80046908899746,30,0.0563035085155971
30,2102,338,31,16.759344154567106,30,0.1392415750313183
30,2102,338,32,4.29580799966854,30,0.275917577990013
30,2102,338,38,3.267677912022579,30,0.9653282388606775
30,2102,339,22,0.7270005082080853,22,1.1359495909861963
30,2102,339,28,20.23252357016154,28,0.24476222130066952
30,2102,339,29,24.175676312029903,29,0.24029624838603067
30,2102,339,30,43.98945691103314,30,0.18733491858613877
30,2102,339,31,42.07471823878055,30,0.1923356790247285
30,2102,339,32,15.215142274004455,30,0.33491128837154766
30,2102,339,38,4.624840830238578,30,0.8300384363821965
30,2102,340,22,0.6126958083825829,22,1.2985182866623906
30,2102,340,28,0.722609325314334,28,0.28405469989674714
30,2102,340,29,11.825102997595973,29,0.18303118419123285
30,2102,340,30,8.705302673371719,30,0.024402696041122624
30,2102,340,31,7.615405022863179,30,0.17756320530193848
30,2102,340,32,4.398000224921973,30,0.45249812191246913
30,2102,340,38,2.5819731376845243,30,0.732833975652124
30,2102,341,22,0.6581115054232742,22,0.9781992370013899
30,2102,341,28,6.728601288118396,28,0.40948254783505345
30,2102,341,29,18.782027630954094,29,0.13761890168354016
30,2102,341,30,4.617153430946473,30,0.09699315545442859
30,2102,341,31,4.60053845678342,30,0.23161285003055332
30,2102,341,32,2.8393077586874425,30,0.5588889061552319
30,2102,341,38,3.3246295942637256,30,1.1979028228229291
30,2102,342,22,0.588409225843748,22,1.266529825462856
30,2102,342,28,2.0558415530197727,28,0.36728617258279084
30,2102,342,29,3.27956319398428,29,0.19636888328950794
30,2102,342,30,552.7856773513257,30,0.04144834370263256
30,2102,342,31,252.18024733865045,30,0.060282123830808075
30,2102,342,32,222.37371623838933,30,0.06360547866652852
30,2102,342,38,5.610674289782992,30,0.42213086439465425
30,2102,343,22,0.4234409677491643,22,0.9739003541822272
30,2102,343,28,1.5432320957901828,28,0.36632687190399266
30,2102,343,29,173.8780199936207,29,0.08941337711972497
30,2102,343,30,236.39759813078513,30,0.029608036628764624
30,2102,343,31,5.730955648863836,30,0.13078541827491863
30,2102,343,32,3.2896270014118687,30,0.3910090934133479
30,2102,343,38,2.799939542999524,30,0.7248722526938522
30,2102,344,22,2.787479216971436,22,0.8488953712164343
30,2102,344,28,9.216061553664819,28,0.36103424948357404
30,2102,344,29,59.14043197266341,29,0.05320686531211614
30,2102,344,30,55.7939355177344,30,0.052350720941439305
30,2102,344,31,20.27281870859676,30,0.08107662013096817
30,2102,344,32,1.6748642107282974,30,0.14679115365688597
30,2102,344,38,2.5414606916623224,30,0.8415790674216257
30,2102,345,22,0.647467724929649,22,1.078829417054092
30,2102,345,28,1.2608800003705098,28,0.20423210800790076
30,2102,345,29,5.5886200879595815,29,0.17757319358900106
30,2102,345,30,1378.0326623862466,30,0.022015141535228728
30,2102,345,31,100.46700971268582,30,0.08912112088515985
30,2102,345,32,7.084241740921598,30,0.243627257497323
30,2102,345,38,2.3886219447204295,30,1.109618225592649
30,2102,346,22,2.6134568525868795,22,0.678777070930223
30,2102,346,28,5.559403334917057,28,0.29605930529043734
30,2102,346,29,7.272786980717906,29,0.2959710971995618
30,2102,346,30,8.344774423162757,30,0.25966097593778903
30,2102,346,31,3.005490746492981,30,0.2747020719599181
30,2102,346,32,3.0091588032520145,30,0.28056600587001457
30,2102,346,38,4.388977642528722,30,0.8831119113665447
30,2102,347,22,0.8270531127227514,22,0.984481652986633
30,2102,347,28,36.94180797181231,28,0.14625624880113602
30,2102,347,29,163.89084307925327,29,0.09437733002172255
30,2102,347,30,128.80177199677516,30,0.07171401446378313
30,2102,347,31,61.42564919900739,30,0.13568996204237513
30,2102,347,32,4.764958790354985,30,0.31366885614612444
30,2102,347,38,5.355743035756569,30,0.9985809517734292
30,2102,348,22,0.925253679032572,22,0.4727540773074576
30,2102,348,28,2.4336341140710935,28,0.2224574185464827
30,2102,348,29,2.4660022214652053,29,0.2210443116865116
30,2102,348,30,90.61020394886835,30,0.11500765185913585
30,2102,348,31,20.247019047077206,30,0.20679707924638532
30,2102,348,32,19.525153723225376,30,0.20679795140173213
30,2102,348,38,4.063710915806588,30,0.5784329957888826
30,2102,349,22,0.7115836231458383,22,1.2757223166664042
30,2102,349,28,2.7680576707757307,28,0.5115943988294165
30,2102,349,29,3.554209055316536,29,0.0993897747317952
30,2102,349,30,2.4274739500979026,30,0.03602932553140981
30,2102,349,31,2.584871367139123,30,0.20001028261469744
30,2102,349,32,2.869909292456088,30,0.31984072644399836
30,2102,349,38,2.5432747219810747,30,1.3968936003812074
30,2102,350,22,0.9785953675875743,22,0.7242149776139999
30,2102,350,28,2.7959657448518707,28,0.18503312001895678
30,2102,350,29,2.6218931622743167,29,0.1796060312146484
30,2102,350,30,8.981370705495383,30,0.16728472393074226
30,2102,350,31,2.948452518875084,30,0.3808534792503808
30,2102,350,32,2.019063143886508,30,0.4154584815702132
30,2102,350,38,2.6761051854908886,30,0.8715514802230989
30,2102,351,22,0.7980701584983176,22,1.083781923966437
30,2102,351,28,1.7322047386078419,28,0.5198443535535946
30,2102,351,29,3.833599758808732,29,0.13697758342958344
30,2102,351,30,1.9032749105818703,30,0.111806107556609
30,2102,351,31,1.7187334513579284,30,0.14229780970361594
30,2102,351,32,1.5812827979013924,30,0.5404385907374795
30,2102,351,38,3.19807551989279,30,1.0848238322590398
30,2102,352,22,0.9025847372569982,22,0.887152718820456
30,2102,352,28,1.0087658124543661,28,0.6948372046689384
30,2102,352,29,25.224267803526743,29,0.08941566471141453
30,2102,352,30,23.018502384697122,30,0.05516063218761709
30,2102,352,31,5.820273399883444,30,0.3030077463912318
30,2102,352,32,5.918565916115185,30,0.30898085606869985
30,2102,352,38,2.4769318488488214,30,1.2233025266851674
30,2102,353,22,0.4135883227338434,22,0.6664233453300791
30,2102,353,28,13.93283162770909,28,0.1231554191392556
30,2102,353,29,19.03885684732325,29,0.12110477848485711
30,2102,353,30,27.76475705099882,30,0.0882236271113184
30,2102,353,31,3.5456589625995103,30,0.33520029761931336
30,2102,353,32,3.2422676770651613,30,0.3832202562276743
30,2102,353,38,2.3434620447869396,30,0.6228594359856479
30,2102,354,22,1.289473469392259,22,1.0401249321820119
30,2102,354,28,8.247598194037451,28,0.3522028567503951
30,2102,354,29,19.635984642670422,29,0.17899295325052456
30,2102,354,30,19.738566132550016,30,0.1786326741963053
30,2102,354,31,2.773229495000514,30,0.3714431526420171
30,2102,354,32,2.2335565982130094,30,0.40138555604056975
30,2102,354,38,2.331402861008074,30,0.7902505074748255
30,2102,355,22,1.1973357076970799,22,0.7562568967605305
30,2102,355,28,3.094086234879591,28,0.48196748807167367
30,2102,355,29,3.0833144199731852,29,0.4723370492680038
30,2102,355,30,2.8055660892741554,30,0.08638462361974401
30,2102,355,31,1.7495000153417026,30,0.10067038823249515
30,2102,355,32,1.7351741841215902,30,0.27447291505299604
30,2102,355,38,2.0162570566461753,30,0.6455031161971243
30,2102,356,22,0.6982571320716427,22,1.2885671422386002
30,2102,356,28,1.3251830436431953,28,0.6417961597549033
30,2102,356,29,1.3246738523637829,29,0.6405018752948717
30,2102,356,30,25971.779964836514,30,0.005674906602922783
30,2102,356,31,35.09178578819627,30,0.15137876786629506
30,2102,356,32,3.7321943224801997,30,0.5701926657816757
30,2102,356,38,2.786437987706452,30,0.8858948584038095
30,2102,357,22,0.7982758615176717,22,0.8919926829797438
30,2102,357,28,0.8689407272796508,28,0.6222783333837885
30,2102,357,29,1.3007836857660662,29,0.5366865746444374
30,2102,357,30,5.856962836229329,30,0.1068307441967688
30,2102,357,31,2.4840838419201563,30,0.3025195662497159
30,2102,357,32,1.848499433544425,30,0.474800160532356
30,2102,357,38,2.0132965837484385,30,1.2441035417755324
30,2102,358,22,1.318520725650222,22,1.2655002894057585
30,2102,358,28,4.06101247982983,28,0.23491860460655659
30,2102,358,29,5.91799675238171,29,0.10799310537548648
30,2102,358,30,6.2438617125951055,30,0.10583851262909243
30,2102,358,31,2.6748067387108145,30,0.1935802224718593
30,2102,358,32,2.709433055651681,30,0.2278344322052881
30,2102,358,38,1.9925426557989112,30,0.9823188945017669
30,2102,359,22,1.238082525185046,22,1.0298483632616269
30,2102,359,28,4.970212893094538,28,0.19021068425415477
30,2102,359,29,12.959079837585856,29,0.1003131743134253
30,2102,359,30,27.487675994162956,30,0.013199426090973961
30,2102,359,31,5.124382009704737,30,0.19330222871786112
30,2102,359,32,4.153375209729319,30,0.19508803455500934
30,2102,359,38,4.152181662335058,30,0.7921853554785651
30,2102,360,22,0.550892740563275,22,1.2025103343919938
30,2102,360,28,1.1746417398744489,28,0.5728057957108168
30,2102,360,29,4.458585730176995,29,0.4559547788348052
30,2102,360,30,212.19711457285777,30,0.03967893753722801
30,2102,360,31,100.24666272762443,30,0.06341067321386382
30,2102,360,32,10.52872828110558,30,0.27669557501801556
30,2102,360,38,2.67065302088195,30,0.5215910630094668
30,2102,361,22,0.9313089904558471,22,1.155542740258653
30,2102,361,28,3.613174942584129,28,0.40591418874469715
30,2102,361,29,5.542641218827249,29,0.3245314453979599
30,2102,361,30,3.9923397403927505,30,0.2916121147669583
30,2102,361,31,3.6583759020960835,30,0.5037220036446602
30,2102,361,32,3.6600531510565224,30,0.526825915885246
30,2102,361,38,2.905722252419583,30,1.102907466834572
30,2102,362,22,2.2064593023708796,22,1.2286329918428054
30,2102,362,28,4.429725682979161,28,0.36456889378742224
30,2102,362,29,6.018860449424693,29,0.36454516851285684
30,2102,362,30,17.438148814942274,30,0.23653663521297302
30,2102,362,31,5.779223592923724,30,0.451006401893769
30,2102,362,32,5.788005184681322,30,0.46309098295533296
30,2102,362,38,3.1456466043350813,30,0.9633574835059888
30,2102,363,22,0.7640671362598035,22,1.2566686739097452
30,2102,363,28,1.2707582029389717,28,0.5145521778365152
30,2102,363,29,1.7523295667512546,29,0.3961467013904952
30,2102,363,30,3.581849397964319,30,0.33094879653343307
30,2102,363,31,2.7670097891580276,30,0.3309899475270239
30,2102,363,32,2.754211214573659,30,0.3518436547735673
30,2102,363,38,2.350121995146334,30,1.0713606930674586
30,2102,364,22,1.3454998780041467,22,0.7368348515474715
30,2102,364,28,1.4373653837757587,28,0.48950890911595574
30,2102,364,29,1.4651644061347313,29,0.4600666475809379
30,2102,364,30,5.052830774420974,30,0.3427143959804361
30,2102,364,31,4.099969248261685,30,0.4187942711692095
30,2102,364,32,2.6626881503239157,30,0.5710206549618865
30,2102,364,38,1.8306792633318643,30,1.1999625131423732
30,2102,365,22,1.349941627146285,22,0.7373347113959351
30,2102,365,28,5.404604356776211,28,0.15346527514142497
30,2102,365,29,5.43316606555003,29,0.15345830301266858
30,2102,365,30,204633.5654974278,30,0.0006108232264264408
30,2102,365,31,2.336517069312511,30,0.16662838230680557
30,2102,365,32,1.4578116092031497,30,0.3264716740011301
30,2102,365,38,2.3020009236990897,30,0.7833912984408579
30,2102,366,22,0.536737523624655,22,1.068280502963533
30,2102,366,28,1.1467173695546005,28,0.22220350265098754
30,2102,366,29,4.3138481781985965,29,0.21756013353728745
30,2102,366,30,119.99612632655068,30,0.03628078017623982
30,2102,366,31,7.913145510916123,30,0.10315563697930726
30,2102,366,32,2.717437999455978,30,0.519113213525798
30,2102,366,38,3.8251321983981494,30,1.2679033669891095
30,2102,367,22,2.189127096755853,22,0.5764746087798449
30,2102,367,28,3.486948083826492,28,0.23545243736749796
30,2102,367,29,7.869148905370914,29,0.23147549112438623
30,2102,367,30,565.4654035256942,30,0.025015925310147097
30,2102,367,31,518.4503809222746,30,0.02590073895750894
30,2102,367,32,15.880939523257846,30,0.15029785046819674
30,2102,367,38,4.621927455399793,30,0.790338456829266
30,2102,368,22,0.8330180018031048,22,0.8603345377358422
30,2102,368,28,5.754081523237702,28,0.2730015866201134
30,2102,368,29,5.165237224492216,29,0.21374276805036685
30,2102,368,30,28.832978273468783,30,0.19220296665148917
30,2102,368,31,24.201164490585516,30,0.22441577635191998
30,2102,368,32,4.649356774610957,30,0.28938132872482103
30,2102,368,38,2.629949622975436,30,0.8304015639048615
30,2102,369,22,1.2127184364110977,22,1.261482975670327
30,2102,369,28,5.939781064418847,28,0.3004166696127184
30,2102,369,29,6.5828597694523605,29,0.15170014407112742
30,2102,369,30,3587.28811301354,30,0.008375805449065504
30,2102,369,31,3.6681887502289587,30,0.24728193611079274
30,2102,369,32,2.3018240936405396,30,0.25412389809457314
30,2102,369,38,2.5710142416575597,30,0.8629260828938359
30,2102,370,22,0.713104296177387,22,1.0638759918331986
30,2102,370,28,3.6536299492971662,28,0.45701537993761904
30,2102,370,29,4.16836276265035,29,0.4300175152706977
30,2102,370,30,15.615889163589486,30,0.17710661329453706
30,2102,370,31,3.2886718610100627,30,0.3909396636937438
30,2102,370,32,3.2458432051188035,30,0.6081621966989936
30,2102,370,38,3.173208674216016,30,0.9584646162172608
30,2102,371,22,0.936237012286302,22,0.908015872711887
30,2102,371,28,2.2989971617966822,28,0.23881487058775083
30,2102,371,29,3.0566356514466073,29,0.21349050518683463
30,2102,371,30,16.9184091418075,30,0.10511462778860091
30,2102,371,31,3.2926327356427825,30,0.30592870733205285
30,2102,371,32,4.367092594603063,30,0.3775384066794472
30,2102,371,38,4.28046523351146,30,0.6815020435477402
30,2102,372,22,1.0153977682331279,22,0.995008972757376
30,2102,372,28,1.7234593146429993,28,0.2501696373939092
30,2102,372,29,2.6436709010407653,29,0.24161849241410677
30,2102,372,30,3.9659163241656814,30,0.12778455848351683
30,2102,372,31,2.5298415952728948,30,0.20094256355707152
30,2102,372,32,2.537181108103778,30,0.3871939431499705
30,2102,372,38,2.59776745488406,30,0.7592709829861284
30,2102,373,22,1.914082309238922,22,1.2201048570734614
30,2102,373,28,1.828432651345262,28,0.2511359514434125
30,2102,373,29,4.551492100475236,29,0.20416119127070181
30,2102,373,30,22.505102446007786,30,0.10587429691753676
30,2102,373,31,18.61375615499947,30,0.12097613140423488
30,2102,373,32,18.61413331115348,30,0.12167764190628629
30,2102,373,38,2.4670221875868563,30,0.9747620798177256
30,2102,374,22,0.9054055775435519,22,1.141358946159974
30,2102,374,28,4.341127621380978,28,0.4103638867309117
30,2102,374,29,10.875720541506238,29,0.1607727696121394
30,2102,374,30,42.70858953631675,30,0.10888636761865135
30,2102,374,31,40.20902263381534,30,0.11547387825892788
30,2102,374,32,14.970616462710403,30,0.1834540753127088
30,2102,374,38,3.4556337232923307,30,0.9678259778123127
30,2102,375,22,1.2854871916457407,22,0.9232401660908748
30,2102,375,28,3.1192407930363,28,0.38868267171986914
30,2102,375,29,5.51629668328301,29,0.26927241904259447
30,2102,375,30,85.38860494886573,30,0.07599318245456922
30,2102,375,31,22.52609504338601,30,0.13538966131755115
30,2102,375,32,1.8513211529350821,30,0.46024217897481773
30,2102,375,38,3.2545215441344464,30,0.9623854039626429
30,2102,376,22,0.5059533715794173,22,0.8619994638110509
30,2102,376,28,5.687752002093766,28,0.33773053314049284
30,2102,376,29,5.033399214240613,29,0.1925301310881224
30,2102,376,30,125.90549707395212,30,0.042166905249187606
30,2102,376,31,82.25961217166414,30,0.05432993330211888
30,2102,376,32,5.0184295687823575,30,0.29199970196686253
30,2102,376,38,2.819630355403967,30,0.8653009907327238
30,2102,377,22,0.6892306685258085,22,1.1957207362749698
30,2102,377,28,2.394143997326259,28,0.34424617601153223
30,2102,377,29,42.721870378192875,29,0.11021860628250243
30,2102,377,30,26.02300608687284,30,0.06231158589276593
30,2102,377,31,6.7758176520954105,30,0.17888072842818012
30,2102,377,32,2.097740793181737,30,0.19695507644546265
30,2102,377,38,3.552325972572593,30,1.1336419877530097
30,2102,378,22,1.036282400495302,22,0.8879325069003977
30,2102,378,28,55.518287747044525,28,0.12815798193725383
30,2102,378,29,48.32948179656363,29,0.11750754452979591
30,2102,378,30,33.270444902220206,30,0.08903192974956635
30,2102,378,31,20.705573264712978,30,0.14247716834014462
30,2102,378,32,18.74769380460818,30,0.14272087477911286
30,2102,378,38,3.1850679998324645,30,0.8422644051512802
30,2102,379,22,1.4600830590419283,22,1.1318461857671323
30,2102,379,28,3.646789165430395,28,0.3891045198017199
30,2102,379,29,3.463552303498964,29,0.3727583426818972
30,2102,379,30,197.2402437919794,30,0.03179833893229824
30,2102,379,31,197.22514567137313,30,0.03180527392048232
30,2102,379,32,3.807923484843026,30,0.5050878710353776
30,2102,379,38,3.1742205248509032,30,0.812200678353176
30,2102,380,22,0.7388429552049345,22,0.9341680777886472
30,2102,380,28,1.2599044885273802,28,0.5706683693837529
30,2102,380,29,1.3080576826702772,29,0.2619432603414111
30,2102,380,30,24.21986176589219,30,0.030931430822510722
30,2102,380,31,1.8735017327965036,30,0.1651901020389928
30,2102,380,32,2.6064052746782096,30,0.3170525716954706
30,2102,380,38,2.510875883926667,30,0.8637593371311468
30,2102,381,22,0.7292029975174762,22,1.2554266480750749
30,2102,381,28,1.4426258818531972,28,0.508469803317269
30,2102,381,29,1.5581911058609073,29,0.4452504290388108
30,2102,381,30,1.7859246896422445,30,0.062214039574076146
30,2102,381,31,1.779582534845071,30,0.23790891785484258
30,2102,381,32,1.9311923917743843,30,0.5331743164473404
30,2102,381,38,2.5727669465299634,30,0.8274915403300962
30,2102,382,22,1.4683172730781202,22,0.915851056687967
30,2102,382,28,6.05033316707467,28,0.4010293005851581
30,2102,382,29,5.882566602831184,29,0.3919897449597107
30,2102,382,30,6.879321633511105,30,0.16198637247574652
30,2102,382,31,5.552432734362097,30,0.28099806361164503
30,2102,382,32,5.151974779856525,30,0.305333295447579
30,2102,382,38,2.921127689614192,30,0.5076751220487487
30,2102,383,22,1.052100278781345,22,1.060621603216345
30,2102,383,28,5.9838474970626825,28,0.26983026425011414
30,2102,383,29,13.603103032675657,29,0.23952645402677916
30,2102,383,30,11.95109975206228,30,0.1703034428213894
30,2102,383,31,9.70679098052963,30,0.17132099936842188
30,2102,383,32,4.205562505763843,30,0.4721016881263384
30,2102,383,38,2.446422379173887,30,0.9028677019380651
30,2102,384,22,1.0375456443787474,22,1.2249909516346977
30,2102,384,28,2.559263080244634,28,0.3964806686224777
30,2102,384,29,3.130462486273942,29,0.3464727989696421
30,2102,384,30,3.6577932591433115,30,0.3437470778284085
30,2102,384,31,2.43759434477913,30,0.5038133429959376
30,2102,384,32,3.5625235031665534,30,0.5253257603394205
30,2102,384,38,3.459195229646542,30,1.2085859442253055
30,2102,385,22,0.5606536295390321,22,1.0187504760455033
30,2102,385,28,4.086364150016502,28,0.15521362795418983
30,2102,385,29,93.10981196320662,29,0.0896396595359196
30,2102,385,30,96.4834772516907,30,0.08503948802078488
30,2102,385,31,64.76571422130648,30,0.12329766999039109
30,2102,385,32,62.30649402712299,30,0.12437714554275048
30,2102,385,38,3.1943845468235668,30,0.8892819691225641
30,2102,386,22,0.43176821784096486,22,1.1334497646569106
30,2102,386,28,1.6922599051286231,28,0.4772840616940991
30,2102,386,29,1.7497309487716417,29,0.46181636187555586
30,2102,386,30,2.100698727239681,30,0.31991597967516333
30,2102,386,31,2.0286955737259125,30,0.46004106916879595
30,2102,386,32,0.9751728513732725,30,0.48009478873890155
30,2102,386,38,3.2057769686075566,30,0.9966885179689481
30,2102,387,22,0.8386254144211396,22,1.1958538350231067
30,2102,387,28,4.700420446596039,28,0.29695099033110506
30,2102,387,29,11.347207425675737,29,0.23717393312521215
30,2102,387,30,13.25507156363975,30,0.22988578514498664
30,2102,387,31,10.694906231660083,30,0.25519450162560864
30,2102,387,32,7.210037438455034,30,0.2922767365818658
30,2102,387,38,2.0977776443817335,30,0.7801661012285193
30,2102,388,22,1.1216582230026622,22,1.060213262775019
30,2102,388,28,4.10299136168176,28,0.14404041346546884
30,2102,388,29,5.364510787040618,29,0.12478085727556901
30,2102,388,30,8.815572284879035,30,0.10888275294134639
30,2102,388,31,8.455106052804085,30,0.17422748362407625
30,2102,388,32,6.578294845373499,30,0.1829035418082711
30,2102,388,38,2.817252441290066,30,0.8143502114368637
30,2102,389,22,0.5585699302951068,22,1.1674150249057322
30,2102,389,28,9.751552677339781,28,0.3523640461766544
30,2102,389,29,7.836358002041358,29,0.28581072211462744
30,2102,389,30,20.986381646499986,30,0.09319115862754093
30,2102,389,31,10.74491743911009,30,0.1428915031405934
30,2102,389,32,3.234544668967101,30,0.38602395089016284
30,2102,389,38,2.2305786652336708,30,1.0100498495134393
30,2102,390,22,1.3080400032024364,22,1.0525772072947202
30,2102,390,28,3.4402488399666713,28,0.3765933120179279
30,2102,390,29,1.8428817147978407,29,0.26585556814901284
30,2102,390,30,2.2276700864282932,30,0.23326818405024452
30,2102,390,31,1.4293596511415039,30,0.28224517281298334
30,2102,390,32,1.598329725474197,30,0.3049564745075223
30,2102,390,38,3.1853872785254387,30,1.1117953198374448
30,2102,391,22,1.9730238531455893,22,0.60040595949709
30,2102,391,28,2.9377961724280373,28,0.14108656109213785
30,2102,391,29,3.4750291526773243,29,0.13457580587413145
30,2102,391,30,7.168775974193504,30,0.12743869759199455
30,2102,391,31,2.988956336024418,30,0.28890316833917373
30,2102,391,32,1.838379470460144,30,0.28898880964394336
30,2102,391,38,3.341752722493687,30,0.8358299298032105
30,2102,392,22,0.9704208044904903,22,1.0181873158951298
30,2102,392,28,1.1494840042061896,28,0.40733935149450196
30,2102,392,29,1.6467349070192698,29,0.40728776689052815
30,2102,392,30,2.510249082647205,30,0.4052077625281976
30,2102,392,31,2.805150826063456,30,0.43450200429672275
30,2102,392,32,2.1082342261633533,30,0.44941198775722857
30,2102,392,38,2.8648214312530786,30,0.9793101217156399
30,2102,393,22,1.7366935192590778,22,0.8037446451487327
30,2102,393,28,10.097449237810604,28,0.1944749940639194
30,2102,393,29,9.825175847719128,29,0.19434425653570525
30,2102,393,30,17.60157053103969,30,0.13135568319490595
30,2102,393,31,8.267867463683379,30,0.2525009149650646
30,2102,393,32,8.504458481518045,30,0.2674622399527413
30,2102,393,38,4.67722071474,30,0.8259822179493745
30,2102,394,22,0.9219851063009263,22,0.8076120047956239
30,2102,394,28,3.4713342501872613,28,0.5375584179450578
30,2102,394,29,3.3178957097254806,29,0.42919562840578745
30,2102,394,30,3.517473502897329,30,0.36361762250831386
30,2102,394,31,3.1422381852842305,30,0.39282916650230826
30,2102,394,32,3.187822361648429,30,0.39408127802306303
30,2102,394,38,1.5562027134811751,30,1.1919666527770578
30,2102,395,22,0.8209527477698272,22,1.1842329389917043
30,2102,395,28,5.590270254716146,28,0.43670205399302453
30,2102,395,29,207.69215942817254,29,0.029941418860983362
30,2102,395,30,10.47188418261409,30,0.02613839170394172
30,2102,395,31,9.519296244423991,30,0.06968559501899083
30,2102,395,32,7.875198479230698,30,0.07081465970866702
30,2102,395,38,3.1931676918905563,30,0.9254112778742594
30,2102,396,22,1.458721538266725,22,1.1274460279714877
30,2102,396,28,7.758208849658255,28,0.4809765466863245
30,2102,396,29,11.871062322236071,29,0.25551399205881
30,2102,396,30,62.24850390022624,30,0.08831582767325244
30,2102,396,31,24.680400609517324,30,0.12796134830001846
30,2102,396,32,19.548339356369027,30,0.12861984937151485
30,2102,396,38,3.5993900911404473,30,0.9380084884161882
30,2102,397,22,0.9619035135790169,22,1.0383142434580797
30,2102,397,28,31.661420080086316,28,0.20111137128354728
30,2102,397,29,23.48318001693911,29,0.17866395085778197
30,2102,397,30,22.47552916699357,30,0.16922199487427697
30,2102,397,31,13.667171469687442,30,0.3341690618989915
30,2102,397,32,7.27551185810235,30,0.4014119530170011
30,2102,397,38,3.5650252921489263,30,0.9241306837419297
30,2102,398,22,1.2797952214018107,22,0.9662789840879553
30,2102,398,28,12.759294144804926,28,0.2241394912909602
30,2102,398,29,12.533761614321287,29,0.22381780673514043
30,2102,398,30,13.707697425944435,30,0.21429116192169861
30,2102,398,31,4.706374049930629,30,0.4529298645215164
30,2102,398,32,2.42244102051529,30,0.4961268120010609
30,2102,398,38,3.0994112517028034,30,0.8930058261787639
30,2102,399,22,0.6585705694144657,22,0.8739442684589986
30,2102,399,28,0.9445722678553723,28,0.3913276080249661
30,2102,399,29,0.9457750895750792,29,0.3864290808453369
30,2102,399,30,1.3241297638164042,30,0.1573328133048345
30,2102,399,31,2.2254980522967336,30,0.21425824050565712
30,2102,399,32,1.5359623440888823,30,0.39255802037075266
30,2102,399,38,2.445062622336178,30,1.2084535983999642
30,2102,400,22,0.8809225607795298,22,0.9399595377370794
30,2102,400,28,4.170396525855704,28,0.4445113306452202
30,2102,400,29,4.899103890456331,29,0.15313801990484163
30,2102,400,30,5.946615407551734,30,0.10052813043413956
30,2102,400,31,3.860755604003726,30,0.24685120633294533
30,2102,400,32,3.708914024428736,30,0.4257977915062736
30,2102,400,38,3.557558733655393,30,0.8689992223980806
30,2102,401,22,0.8633901478900359,22,1.230277711082903
30,2102,401,28,1.205794657357922,28,0.5093529985476621
30,2102,401,29,2.9738177763376306,29,0.4750451760322865
30,2102,401,30,3.44630259852527,30,0.22095667671614494
30,2102,401,31,3.59807261383641,30,0.3421754360262359
30,2102,401,32,3.9503122784570888,30,0.3421803101776266
30,2102,401,38,3.58647685926235,30,1.0255452898675501
30,2102,402,22,0.6904981886238866,22,0.9982178936544479
30,2102,402,28,9.85259192573896,28,0.35271988586833625
30,2102,402,29,20.694120445387632,29,0.23301457992978222
30,2102,402,30,48636.11116908665,30,0.002272234107078851
30,2102,402,31,19.670970774048136,30,0.26346645111207667
30,2102,402,32,19.97788936613667,30,0.2651902469039359
30,2102,402,38,2.90449270423411,30,0.9977215406718718
30,2102,403,22,1.5215145116642923,22,1.0906041280793983
30,2102,403,28,3.6224682936334407,28,0.4449676681791189
30,2102,403,29,3.646138777266299,29,0.43700426433534373
30,2102,403,30,2058.349835367655,30,0.010213462770056653
30,2102,403,31,3.3990165034172923,30,0.3189346804206582
30,2102,403,32,3.1861613243453712,30,0.6332774114710125
30,2102,403,38,3.3785085551231293,30,0.9918065747122554
30,2102,404,22,0.8157181928298299,22,0.9035433179645288
30,2102,404,28,20.61103094002533,28,0.15916802815381545
30,2102,404,29,6.095072241041314,29,0.1039347690487493
30,2102,404,30,98.01746564160212,30,0.06321893720830836
30,2102,404,31,83.24525250033906,30,0.07331756726376072
30,2102,404,32,8.066643221034608,30,0.4462904563800159
30,2102,404,38,5.338105191745046,30,0.9173617384571728
30,2102,405,22,0.5073731836569386,22,0.8894828164640353
30,2102,405,28,2.1336350934261894,28,0.37310167090831736
30,2102,405,29,2.084511717325829,29,0.32233166930474366
30,2102,405,30,16.51523000648176,30,0.1427921630921156
30,2102,405,31,5.807229251824191,30,0.22165211384697658
30,2102,405,32,2.5635811829881403,30,0.3223612495361739
30,2102,405,38,3.4233498735053867,30,0.6150862840113771
30,2102,406,22,0.8929556212935464,22,0.9431447194210762
30,2102,406,28,4.9709623627217825,28,0.5185653145792937
30,2102,406,29,4.504879787988828,29,0.4763815749589881
30,2102,406,30,15.537459810893784,30,0.08357179530131141
30,2102,406,31,5.401239514426212,30,0.3504187582999698
30,2102,406,32,5.622138054660926,30,0.3849631309607447
30,2102,406,38,4.673549562808133,30,1.0713723228285597
30,2102,407,22,1.2505375372906202,22,1.0862462272755269
30,2102,407,28,2.280401029382549,28,0.4508569669708083
30,2102,407,29,3.4393284219261484,29,0.3976412705879967
30,2102,407,30,4.128749457326428,30,0.2692418337575736
30,2102,407,31,4.196346300000602,30,0.36242981641782235
30,2102,407,32,1.7903488856589527,30,0.4183367910020617
30,2102,407,38,2.1677213585624653,30,1.009688995485659
30,2102,408,22,0.641908278859971,22,1.2471009365443269
30,2102,408,28,10.95817393428558,28,0.09304361484920504
30,2102,408,29,10.553456029485,29,0.08235749357723555
30,2102,408,30,62275.48008498128,30,0.001709514017365902
30,2102,408,31,170.30859594442518,30,0.031614845596233586
30,2102,408,32,22.68102624292178,30,0.09779295843734101
30,2102,408,38,2.5350165557723248,30,0.6836466095058455
30,2102,409,22,0.8378801572649524,22,0.8816820759184038
30,2102,409,28,1.3938668876490048,28,0.5439773740312916
30,2102,409,29,1.3812045188044206,29,0.5186305975312379
30,2102,409,30,4.22414511405265,30,0.08419863513093014
30,2102,409,31,1.5535615899857735,30,0.4389995358360381
30,2102,409,32,1.5666268680706976,30,0.469543288620968
30,2102,409,38,2.7004833745187615,30,0.9410940478475931
30,2102,410,22,1.1747792301755853,22,0.7505018854254369
30,2102,410,28,2.3399396629933364,28,0.3512340565688095
30,2102,410,29,2.1704913381406277,29,0.3330169754067703
30,2102,410,30,2.238025909142583,30,0.24546254714286364
30,2102,410,31,2.580878456444259,30,0.3748064795040342
30,2102,410,32,2.774662941678607,30,0.3868801181216498
30,2102,410,38,2.531552564757062,30,1.0168691760524098
30,2102,411,22,0.8045011947936385,22,0.8737814195600312
30,2102,411,28,3.4212750926915,28,0.33248923221243504
30,2102,411,29,1.8828702369576198,29,0.31114287828853954
30,2102,411,30,77.06382461677812,30,0.06198153230637845
30,2102,411,31,22.528715473310662,30,0.10165016994862679
30,2102,411,32,11.566657016469401,30,0.1439942214597657
30,2102,411,38,4.278530067114102,30,0.5759219128852839
30,2102,412,22,1.6254544133397224,22,1.0518704776879653
30,2102,412,28,6.0385450950538315,28,0.5525611270445574
30,2102,412,29,8.372284724372152,29,0.5511383014200174
30,2102,412,30,212.25944155215146,30,0.07019609483364753
30,2102,412,31,20.824220313427677,30,0.2804046691144593
30,2102,412,32,9.348323720004595,30,0.3239108204448813
30,2102,412,38,4.570267930022474,30,0.634099026624458
30,2102,413,22,0.5572352971719963,22,1.0862804488341917
30,2102,413,28,1.9542065487488973,28,0.22328005928507938
30,2102,413,29,37.06931463941,29,0.053759395837667125
30,2102,413,30,143145.83246224007,30,0.0011024396665543505
30,2102,413,31,107.40870964964044,30,0.035375888396110895
30,2102,413,32,12.745631116385296,30,0.13027476600259993
30,2102,413,38,2.639720388213552,30,0.9977497932370643
30,2102,414,22,0.5224392884885525,22,0.9528836418486235
30,2102,414,28,6.059283931176065,28,0.3140218713508958
30,2102,414,29,2.8745352856005857,29,0.19847072177460845
30,2102,414,30,6.919824399241805,30,0.16127872089732312
30,2102,414,31,6.795928666531364,30,0.17188196334320605
30,2102,414,32,5.824800711929338,30,0.1926632543291293
30,2102,414,38,2.511934206910426,30,0.8839821800276906
30,2102,415,22,1.1797076888358093,22,1.314293163600837
30,2102,415,28,5.280196331727035,28,0.19431036367583743
30,2102,415,29,11.483899298759301,29,0.15446618687626582
30,2102,415,30,24.4543370576024,30,0.016409449307909513
30,2102,415,31,24.916749073520375,30,0.016658349544704944
30,2102,415,32,11.239976415730538,30,0.2295043817310844
30,2102,415,38,4.183394685949173,30,1.0446518804682572
30,2102,416,22,0.4405129675315949,22,1.281415346050799
30,2102,416,28,1.0989837759624952,28,0.4570110411235505
30,2102,416,29,1.2953569714185342,29,0.4550312423329829
30,2102,416,30,2.0286646291878476,30,0.27303128404815574
30,2102,416,31,1.9374669848677977,30,0.4983269732895982
30,2102,416,32,2.039537354085701,30,0.5427217230965699
30,2102,416,38,2.6596631603347656,30,1.1923384952997165
30,2102,417,22,0.7206143325589123,22,0.9050065448645178
30,2102,417,28,1.6988594341302183,28,0.46081265767801033
30,2102,417,29,2.031414668740414,29,0.11705442595678087
30,2102,417,30,3.8773284614981463,30,0.11669015829951586
30,2102,417,31,3.268277791692912,30,0.2251382529538692
30,2102,417,32,2.614187933623125,30,0.30084072574331533
30,2102,417,38,1.5014056995854668,30,0.763241216184626
30,2102,418,22,1.4642415482672908,22,1.1292232031896723
30,2102,418,28,10.411584515074082,28,0.16963872016160733
30,2102,418,29,11.874581731293077,29,0.16707666656783696
30,2102,418,30,12.894895980860273,30,0.16142809701705768
30,2102,418,31,5.073039440183613,30,0.29137903749813987
30,2102,418,32,4.4775122625376085,30,0.29139308135112196
30,2102,418,38,2.3171981286052863,30,0.5586627274294166
30,2102,419,22,1.056163622209107,22,1.000420121941158
30,2102,419,28,4.072471361376374,28,0.26762508134830076
30,2102,419,29,3.819274576139662,29,0.18884509065856092
30,2102,419,30,3.49433907672541,30,0.08716180156761799
30,2102,419,31,2.2536979594854123,30,0.3129920661157151
30,2102,419,32,2.189219706909664,30,0.33387162698254175
30,2102,419,38,3.9608395242534593,30,0.5787557803844677
30,2102,420,22,2.3472091126546504,22,1.2567302511864211
30,2102,420,28,3.434031018240212,28,0.4759728842267846
30,2102,420,29,7.502422098837222,29,0.21965741741633626
30,2102,420,30,3.743648102438943,30,0.050481896807125726
30,2102,420,31,4.374387003142003,30,0.07427821200975351
30,2102,420,32,3.7614458054507187,30,0.24485537731709406
30,2102,420,38,5.777830311825642,30,0.6493340594139005
30,2102,421,22,1.1035295166011627,22,1.0720588804866267
30,2102,421,28,2.6979527996262735,28,0.184429579216538
30,2102,421,29,6.460772421223637,29,0.1569327813198746
30,2102,421,30,28.55513225866331,30,0.13068676395568815
30,2102,421,31,28.96436961098877,30,0.13068877400188664
30,2102,421,32,27.173612707363652,30,0.13673469432598417
30,2102,421,38,2.3323072714368274,30,1.0490468861647966
30,2102,422,22,1.0625107756545473,22,1.0329005601593784
30,2102,422,28,12.898171563509102,28,0.2818018347277005
30,2102,422,29,86.01435998954446,29,0.09548338914374065
30,2102,422,30,146.12463285437943,30,0.09173382506147479
30,2102,422,31,15.37332694161234,30,0.16539772113921555
30,2102,422,32,15.266188179987113,30,0.20118632441071407
30,2102,422,38,6.920135022872679,30,0.7772178609057846
30,2102,423,22,0.9768581218372139,22,0.9172326043866488
30,2102,423,28,8.60488852809392,28,0.2917263677434054
30,2102,423,29,8.779142465824236,29,0.22245987863093658
30,2102,423,30,16.609514086653537,30,0.08846260413710474
30,2102,423,31,10.376095737612008,30,0.11460908488524338
30,2102,423,32,8.654881918096162,30,0.147646622772599
30,2102,423,38,2.929078603384339,30,1.0113996847289783
30,2102,424,22,0.8402507936801935,22,1.3416064396910916
30,2102,424,28,1.5610264538421745,28,0.37772513818376174
30,2102,424,29,2.2417816047336743,29,0.21193756928238283
30,2102,424,30,3.9114722332381424,30,0.11990864997866403
30,2102,424,31,3.5832540398469086,30,0.23102613534774427
30,2102,424,32,3.2294665482477476,30,0.3173196126183901
30,2102,424,38,2.540686880130287,30,0.8464613508212825
30,2102,425,22,2.530870888519865,22,0.7145811717089636
30,2102,425,28,5.336795673682008,28,0.30401423098798935
30,2102,425,29,11.365331957497444,29,0.22875824350416288
30,2102,425,30,38.635280820844685,30,0.08394217697798538
30,2102,425,31,35.1148787233033,30,0.08473463062758115
30,2102,425,32,6.730848007101983,30,0.26766849542922333
30,2102,425,38,1.9882201312968606,30,0.7387709404666751
30,2102,426,22,3.4281664895399753,22,0.8832975181565282
30,2102,426,28,3.531512513574171,28,0.4676531612240984
30,2102,426,29,3.148765665381491,29,0.35133111965674024
30,2102,426,30,4.467922858789439,30,0.34823984150507686
30,2102,426,31,4.18278637846963,30,0.37366964040161416
30,2102,426,32,2.549461170352277,30,0.7343780750410754
30,2102,426,38,3.718249740409013,30,1.0665787161371139
30,2102,427,22,0.7561892743205146,22,1.092200984751359
30,2102,427,28,17.877328471384224,28,0.3423776899519429
30,2102,427,29,468.60582948988105,29,0.028465614709978233
30,2102,427,30,601.1611655629467,30,0.02808133658711277
30,2102,427,31,4.857513409390487,30,0.37156838692895694
30,2102,427,32,4.891602297356814,30,0.4552815258058773
30,2102,427,38,3.2405495678010707,30,1.1891293954456983
30,2102,428,22,1.4051137469964683,22,0.7061447161071702
30,2102,428,28,19.86802836836531,28,0.21530411426356288
30,2102,428,29,20.18853607524498,29,0.2144885671973907
30,2102,428,30,28.190449326661152,30,0.1926102256789692
30,2102,428,31,24.3016051618563,30,0.20379845503331154
30,2102,428,32,7.324153676913564,30,0.37184524465736196
30,2102,428,38,3.9312644303895703,30,0.7941029909867274
30,2102,429,22,0.776637754537486,22,0.933508824039943
30,2102,429,28,8.68002889934506,28,0.2021017899959342
30,2102,429,29,9.902722747589337,29,0.20070247942092145
30,2102,429,30,13.420480196455093,30,0.13640031345308254
30,2102,429,31,14.554323462703202,30,0.1528449014204243
30,2102,429,32,4.313093159492282,30,0.27028768632663275
30,2102,429,38,4.823115707498958,30,0.7201877007450087
30,2102,430,22,1.583742677299992,22,0.9780385559040904
30,2102,430,28,3.5832621580193496,28,0.29107736522517547
30,2102,430,29,3.42725867764548,29,0.25360254642401425
30,2102,430,30,19.844028247834597,30,0.0160914599946874
30,2102,430,31,1.9081065680174405,30,0.27322289445039305
30,2102,430,32,1.8726033773163488,30,0.2763453319565436
30,2102,430,38,2.8628181775297827,30,0.8054553751037794
30,2102,431,22,1.7382501607666192,22,1.3912019461681993
30,2102,431,28,1.5492003049377212,28,0.7375861352455719
30,2102,431,29,1.6561100298316864,29,0.7375361968116501
30,2102,431,30,22.204278424035337,30,0.03889911923597379
30,2102,431,31,1.810581313548756,30,0.6061603119783525
30,2102,431,32,1.8911691403067623,30,0.643038036206224
30,2102,431,38,2.721604334998515,30,0.8470197071265664
30,2102,432,22,1.8773827105703245,22,0.7086662879277412
30,2102,432,28,1.2603297462218874,28,0.04645873450508745
30,2102,432,29,40.65800027488058,29,0.02646702570903998
30,2102,432,30,20.99746694408081,30,0.02604264477895259
30,2102,432,31,9.307658168029947,30,0.10297179464300031
30,2102,432,32,2.3919065883538018,30,0.15448788019279744
30,2102,432,38,1.286846560452896,30,0.5783470613998849
30,2102,433,22,0.6017247021851211,22,1.4185833743722687
30,2102,433,28,2.0871355915851852,28,0.5476352983491695
30,2102,433,29,6.01190054099992,29,0.2851026797942344
30,2102,433,30,8.148468652427884,30,0.09485020247391164
30,2102,433,31,6.33110156393422,30,0.27653180476257533
30,2102,433,32,3.298120558168849,30,0.43796542616270484
30,2102,433,38,2.752498008454576,30,1.0968117354309561
30,2102,434,22,0.8291512766290854,22,1.0799807451539922
30,2102,434,28,1.550256991001283,28,0.40386317115282877
30,2102,434,29,5.9441042367989025,29,0.22570334061788133
30,2102,434,30,1.7916630835611318,30,0.0867567034066378
30,2102,434,31,1.5737437104538279,30,0.3735031965337153
30,2102,434,32,1.589932439727274,30,0.3735087261854458
30,2102,434,38,4.096819857399138,30,1.1885693809279
30,2102,435,22,0.8197623658433978,22,1.313611549574194
30,2102,435,28,5.642625783754557,28,0.6482800970006223
30,2102,435,29,4.919823142666541,29,0.3924833602956635
30,2102,435,30,5.69531919224748,30,0.31333505093095
30,2102,435,31,4.839180450500465,30,0.5139185027000555
30,2102,435,32,2.0514360192335985,30,0.6016780075299976
30,2102,435,38,3.3132355855152236,30,1.1184620411940114
30,2102,436,22,0.6754246726986478,22,1.3328663080417122
30,2102,436,28,1.43908450553558,28,0.43759297878704656
30,2102,436,29,8.782769253540904,29,0.22862581125700754
30,2102,436,30,107.98727039440173,30,0.04764572108578712
30,2102,436,31,8.023820231657425,30,0.20541259617650495
30,2102,436,32,5.815212694295099,30,0.3691920226239927
30,2102,436,38,2.8690621690416744,30,1.118263186658871
30,2102,437,22,1.9396273731869347,22,0.6491425200055051
30,2102,437,28,2.2761544981721253,28,0.518959559847918
30,2102,437,29,3.8864536439435344,29,0.16596106046854997
30,2102,437,30,2.620060863075927,30,0.12268899110194821
30,2102,437,31,2.6312711229108956,30,0.16717712271255963
30,2102,437,32,2.6244380959345692,30,0.19697754630225342
30,2102,437,38,2.7574469716087737,30,1.2176964167914948
30,2102,438,22,0.6424762801291796,22,0.7885343881634338
30,2102,438,28,2.8795607674054735,28,0.41345798702790065
30,2102,438,29,16.13616249756832,29,0.3307149601037967
30,2102,438,30,16.520199637223612,30,0.10609024111570955
30,2102,438,31,11.002967535890374,30,0.19016606050787815
30,2102,438,32,7.750993706886549,30,0.4483595806260854
30,2102,438,38,5.329231026702941,30,0.6505353573710595
30,2102,439,22,0.9221342538632269,22,1.1934206691381495
30,2102,439,28,27.731838779251824,28,0.13930090664260608
30,2102,439,29,78.88850783200118,29,0.1319298986735474
30,2102,439,30,557.3559640033181,30,0.04232686081777268
30,2102,439,31,283.66894968718356,30,0.06801838248552936
30,2102,439,32,56.35685089540791,30,0.11553578865732768
30,2102,439,38,2.32815267957869,30,1.3127838370673321
30,2102,440,22,2.032022003897565,22,0.958191345124267
30,2102,440,28,26.74314966733961,28,0.14852470309282864
30,2102,440,29,22.464493571644574,29,0.14464484779094378
30,2102,440,30,6.643651325896689,30,0.06926613019758805
30,2102,440,31,5.490948374851687,30,0.22488028379654892
30,2102,440,32,5.577064343817364,30,0.22934210739171906
30,2102,440,38,3.245744282496021,30,0.6516606651158756
30,2102,441,22,1.08983676735135,22,1.0502639148137665
30,2102,441,28,5.848669841484538,28,0.2459056517471383
30,2102,441,29,7.160411247119926,29,0.15410466418508295
30,2102,441,30,4.579491318676304,30,0.1365777714931556
30,2102,441,31,4.204924315648121,30,0.2221021740498857
30,2102,441,32,3.3448885238088755,30,0.6130577450011009
30,2102,441,38,3.1987774822122583,30,0.7897631826654853
30,2102,442,22,1.2836003456018261,22,0.9852256224382698
30,2102,442,28,8.34165455932898,28,0.16736740559501967
30,2102,442,29,8.408479892020692,29,0.12327773136251337
30,2102,442,30,3822.1949126429236,30,0.022124150472263307
30,2102,442,31,38.384446336014264,30,0.23809167962139333
30,2102,442,32,38.43865019231309,30,0.25273624830541114
30,2102,442,38,4.777679142766189,30,1.1741634009413129
30,2102,443,22,0.6653270149131236,22,1.1381462859111013
30,2102,443,28,1.235541655882006,28,0.35285557612184615
30,2102,443,29,2.526264814666982,29,0.28548930310951764
30,2102,443,30,1.752096793804721,30,0.20950467296897848
30,2102,443,31,2.126677147803451,30,0.4976336450754944
30,2102,443,32,2.1891171952131376,30,0.5189599109984827
30,2102,443,38,3.480658942593659,30,0.9730696407329025
30,2102,444,22,0.6692041795315871,22,0.988586505637318
30,2102,444,28,17.148023656804302,28,0.3066186404555602
30,2102,444,29,16.94802214054815,29,0.30641206393539683
30,2102,444,30,17.113742376077354,30,0.3064051505911414
30,2102,444,31,10.29393668508313,30,0.42606941678228055
30,2102,444,32,4.6091447744027345,30,0.4820247418233715
30,2102,444,38,4.666950115643466,30,0.9135681048170795
30,2102,445,22,0.9492243031867051,22,0.987918102114881
30,2102,445,28,1.7240072738119598,28,0.6321778933710155
30,2102,445,29,1.460361079347757,29,0.5084077975764816
30,2102,445,30,1.5382926440585662,30,0.2305267459373134
30,2102,445,31,1.4676069323358294,30,0.352930646276321
30,2102,445,32,2.0205568526876094,30,0.37301413723773813
30,2102,445,38,2.511183466693476,30,0.8952873697812228
30,2102,446,22,0.8674083615802333,22,1.2167357566750425
30,2102,446,28,1.7205810098140915,28,0.2912596410387545
30,2102,446,29,1.6959100890995906,29,0.29057117911430663
30,2102,446,30,19.63139933762777,30,0.06307924052317655
30,2102,446,31,2.223564126910616,30,0.4232260403412813
30,2102,446,32,2.6358663994735725,30,0.437235454791409
30,2102,446,38,3.960190149723437,30,0.9387535651960603
30,2102,447,22,0.7815389225181085,22,1.2152227043238313
30,2102,447,28,26.892754702066554,28,0.25680475599632246
30,2102,447,29,53.45947187724653,29,0.14254986388642704
30,2102,447,30,404.4099297884113,30,0.016705249195405104
30,2102,447,31,239.5639959252272,30,0.027826650434497214
30,2102,447,32,2.1464075723415235,30,0.14345191428757934
30,2102,447,38,2.9435656238750862,30,1.2483210777063032
30,2102,448,22,1.13957064785304,22,0.9336447450670338
30,2102,448,28,3.9317560989137124,28,0.4131444056024993
30,2102,448,29,6.232840039622809,29,0.29378844432224743
30,2102,448,30,24.093384522289192,30,0.04837893815125429
30,2102,448,31,2.2461585693040735,30,0.30776734336890554
30,2102,448,32,1.9083942599915351,30,0.5592742333251985
30,2102,448,38,2.6058765377638005,30,0.9316945162139796
30,2102,449,22,2.4268959411363817,22,1.162834769523261
30,2102,449,28,2.9060891317376405,28,0.5782363510094343
30,2102,449,29,7.219063711498178,29,0.242889871908025
30,2102,449,30,4.647752983696722,30,0.16125198176372396
30,2102,449,31,3.6298948818350962,30,0.38133466139650424
30,2102,449,32,3.517541727686827,30,0.3930712897782257
30,2102,449,38,3.4367092494247897,30,1.0117132383032097
30,2102,450,22,1.0154133731934207,22,1.1340295140038632
30,2102,450,28,1.8344488211337304,28,0.5418854243517003
30,2102,450,29,2.2385772985035977,29,0.3604666615902266
30,2102,450,30,3.4598021403865156,30,0.2854520726889785
30,2102,450,31,3.5999674241654365,30,0.48279029236202814
30,2102,450,32,3.3402895928790284,30,0.514381532913996
30,2102,450,38,4.286279199919093,30,0.767276069343292
30,2102,451,22,0.8299771040464996,22,0.8873673379061444
30,2102,451,28,9.597204530320713,28,0.24118818449912008
30,2102,451,29,13.146090913382094,29,0.22246277053323285
30,2102,451,30,13.736232363539118,30,0.11749029639980993
30,2102,451,31,13.182920895968882,30,0.12451778311846116
30,2102,451,32,7.821233359088409,30,0.20915213412882025
30,2102,451,38,3.126740804041598,30,0.9079959136869666
30,2102,452,22,0.7924860568616394,22,1.1250107746326967
30,2102,452,28,1.071350241178176,28,0.3830231424388061
30,2102,452,29,0.958801314878591,29,0.2782037332675072
30,2102,452,30,104.05142898977546,30,0.04372904526863667
30,2102,452,31,2.120771684993535,30,0.2705777471427494
30,2102,452,32,4.357738672863247,30,0.3378963619924756
30,2102,452,38,4.159316931920274,30,0.6767377579306164
30,2102,453,22,0.8332926147969711,22,1.1013097213183671
30,2102,453,28,1.8937897205952665,28,0.5596227850342357
30,2102,453,29,1.9783439960873843,29,0.3402594632034934
30,2102,453,30,52.473703072402486,30,0.039233746888224445
30,2102,453,31,4.933886984078845,30,0.21667910501768817
30,2102,453,32,2.087073562046508,30,0.36370234594787504
30,2102,453,38,2.7508325988907045,30,0.9632249551082541
30,2102,454,22,0.7390952514057461,22,1.2478548079250837
30,2102,454,28,3.45973424176139,28,0.2545555368969903
30,2102,454,29,3.2557000445254793,29,0.12887342022142378
30,2102,454,30,353.88262015693664,30,0.02289603141271104
30,2102,454,31,10.67159298680395,30,0.09972838916032231
30,2102,454,32,11.569618816524649,30,0.09974898119808626
30,2102,454,38,2.5485481202665987,30,0.7360907814648907
30,2102,455,22,0.732538991851283,22,0.9429627331078902
30,2102,455,28,2.8291409628556585,28,0.36643815708739397
30,2102,455,29,6.368298564058361,29,0.3379447059156586
30,2102,455,30,13.415055692544954,30,0.19865974505991338
30,2102,455,31,2.7041808542706276,30,0.5456341116303229
30,2102,455,32,3.3492382667165943,30,0.5456984433930937
30,2102,455,38,4.259849564022091,30,0.8820239970688265
30,2102,456,22,1.3644629097781067,22,1.4199067535517795
30,2102,456,28,1.8140211133317752,28,0.36280583108897796
30,2102,456,29,3.4771715672648287,29,0.30505728156518447
30,2102,456,30,3.2640680714222046,30,0.1459472571811835
30,2102,456,31,2.75304128416884,30,0.37571439414097135
30,2102,456,32,3.39362383996756,30,0.3760195293728642
30,2102,456,38,2.837459593322369,30,1.225406550493913
30,2102,457,22,0.5519306989621604,22,1.3256491747330963
30,2102,457,28,3.229914785196965,28,0.5669797876172114
30,2102,457,29,6.860842506455209,29,0.31421155127089656
30,2102,457,30,4.772661622930958,30,0.1961088023887542
30,2102,457,31,3.744270892037245,30,0.2629507803434262
30,2102,457,32,3.626858362371801,30,0.32042144348877155
30,2102,457,38,3.3905112495850545,30,1.1250947791329386
30,2102,458,22,2.0125961529063687,22,0.5774751307290065
30,2102,458,28,5.448140373395391,28,0.2476656013117347
30,2102,458,29,2.9404415976780145,29,0.19467032791866865
30,2102,458,30,4.0393120329938155,30,0.09269491134422807
30,2102,458,31,3.158305375031008,30,0.3788820971775698
30,2102,458,32,3.155966302861694,30,0.5378660000508578
30,2102,458,38,2.0151743419966506,30,0.8240816748956865
30,2102,459,22,0.9163803848165784,22,1.1853467062490994
30,2102,459,28,4.288248653119679,28,0.48900662333631256
30,2102,459,29,2.545391164678924,29,0.3972374581342123
30,2102,459,30,1.7723642807677835,30,0.18705618735387333
30,2102,459,31,1.6562843809372374,30,0.4529025544173985
30,2102,459,32,2.285873369650554,30,0.8105131899571677
30,2102,459,38,2.6606030373169434,30,1.101562973262682
30,2102,460,22,1.0400383820279393,22,0.9105566835025314
30,2102,460,28,3.5031813025031315,28,0.452406834691202
30,2102,460,29,8.60476666012529,29,0.06171898335145261
30,2102,460,30,1529602.3875854358,30,0.00013422655227463288
30,2102,460,31,661.4829033379812,30,0.006354190294574204
30,2102,460,32,38.15931384056749,30,0.02641063039354875
30,2102,460,38,3.3082480807685015,30,1.0151620189578747
30,2102,461,22,0.946379701317116,22,0.9271358744829644
30,2102,461,28,6.433164133698143,28,0.353037643741233
30,2102,461,29,3.013540287264645,29,0.15112896755948477
30,2102,461,30,5.219253889388871,30,0.08114848379173463
30,2102,461,31,5.226727018726039,30,0.0816667741653706
30,2102,461,32,2.0864340434057453,30,0.16927033991637813
30,2102,461,38,1.3008017662794995,30,0.8462269229420487
30,2102,462,22,0.5172295568743077,22,1.4993619288947484
30,2102,462,28,1.3210234526376383,28,0.25016328209411026
30,2102,462,29,72.28669752895163,29,0.1354332886332535
30,2102,462,30,117.45561776170611,30,0.04183167303129437
30,2102,462,31,2.792022042643202,30,0.14608358199172264
30,2102,462,32,2.6991144700163003,30,0.4069143582181809
30,2102,462,38,2.1090708749779563,30,0.9170365516585114
30,2102,463,22,1.1356217334508485,22,0.8306216737597217
30,2102,463,28,5.967723011789868,28,0.38002860608172895
30,2102,463,29,14.715950000238841,29,0.15892798558102514
30,2102,463,30,42.558703940717116,30,0.0313321875319635
30,2102,463,31,4.008085810764273,30,0.2659645614633523
30,2102,463,32,4.361547233660373,30,0.37949074655519094
30,2102,463,38,4.289746678298364,30,0.8411805310294819
30,2102,464,22,1.442214599611665,22,0.7585655174163044
30,2102,464,28,1.9953164003102004,28,0.3086727339578721
30,2102,464,29,3.4423456847916643,29,0.30764482383676894
30,2102,464,30,11.46739109823173,30,0.17519116016728864
30,2102,464,31,9.662230107761005,30,0.23255995595220696
30,2102,464,32,9.538380355000122,30,0.23267978446476043
30,2102,464,38,4.1326864075982295,30,0.9040698942522652
30,2102,465,22,1.610174487151323,22,1.0025562759372701
30,2102,465,28,1.9984776131686854,28,0.42313279256872866
30,2102,465,29,1.6493446073912343,29,0.4106689801934948
30,2102,465,30,1.5040910657923754,30,0.33167272539359227
30,2102,465,31,1.4607185822470077,30,0.37898198842246
30,2102,465,32,1.443773828376401,30,0.4139466548486082
30,2102,465,38,1.1644545139587117,30,1.0958167670535626
30,2102,466,22,0.704158988724013,22,0.8625607221060222
30,2102,466,28,1.8357028422520838,28,0.4142626602507126
30,2102,466,29,1.5668484375067986,29,0.29752440602610897
30,2102,466,30,4.551599806674496,30,0.1716710581376083
30,2102,466,31,2.976080934208192,30,0.18822789563439374
30,2102,466,32,2.530066526967076,30,0.196886729765766
30,2102,466,38,2.741439647813935,30,0.6650229879162846
30,2102,467,22,0.8114500923479027,22,1.0933278902398287
30,2102,467,28,4.673595813891423,28,0.1947187832829979
30,2102,467,29,4.743195043784998,29,0.14929904085891815
30,2102,467,30,235.34527330987387,30,0.04023986410838802
30,2102,467,31,128.2456227719451,30,0.056002496125542485
30,2102,467,32,35.30596139840575,30,0.1124973295887756
30,2102,467,38,4.96710950868272,30,0.7962240687471609
30,2102,468,22,2.3059820374793745,22,1.0076465372846122
30,2102,468,28,1.982024973633508,28,0.5317872510761674
30,2102,468,29,2.9668936865775954,29,0.5004820605593662
30,2102,468,30,3.796342119356161,30,0.19425725615562836
30,2102,468,31,2.464607488106309,30,0.3863098615977102
30,2102,468,32,2.8260352488019556,30,0.5047335645288479
30,2102,468,38,5.014948729811191,30,0.9279367133268591
30,2102,469,22,0.4384586948303661,22,0.9637138334733687
30,2102,469,28,6.871656925459202,28,0.3918624981217455
30,2102,469,29,7.435539469191608,29,0.3457086184248282
30,2102,469,30,20.13574283749177,30,0.08754027353714128
30,2102,469,31,4.129222866584883,30,0.1866442582981944
30,2102,469,32,4.030945356310941,30,0.33891113819342333
30,2102,469,38,2.2368222865878193,30,0.8879026284867705
30,2102,470,22,0.5334037957170092,22,0.8402217170562168
30,2102,470,28,0.8979665549856639,28,0.3798327016543238
30,2102,470,29,3.039633221383053,29,0.19260944879599767
30,2102,470,30,64.42345836961088,30,0.052821587163587785
30,2102,470,31,4.405607411087562,30,0.17708345056149466
30,2102,470,32,2.6194032807821577,30,0.21556380111549256
30,2102,470,38,2.7909107625339837,30,0.9373704310806917
30,2102,471,22,0.7197154650946902,22,1.340139887948661
30,2102,471,28,1.4082560090211826,28,0.5448788631273788
30,2102,471,29,1.4573140419317583,29,0.3873775456551732
30,2102,471,30,50.514499395657964,30,0.123689849074887
30,2102,471,31,23.7172932466653,30,0.18045500843235968
30,2102,471,32,20.469745471676156,30,0.20578891636217914
30,2102,471,38,3.329475939172348,30,0.5923773052758023
30,2102,472,22,0.7387621458407231,22,1.3240601681207078
30,2102,472,28,2.5177363272995006,28,0.5487190378276479
30,2102,472,29,2.4791582500000575,29,0.33424658100177573
30,2102,472,30,38.418248277574435,30,0.12078161763564495
30,2102,472,31,18.469069072327397,30,0.18355975241276518
30,2102,472,32,18.454765259650948,30,0.1950365557628852
30,2102,472,38,2.401558571894036,30,0.9976608310400175
30,2102,473,22,0.42910562956073706,22,1.092208711612884
30,2102,473,28,14.716516416763284,28,0.183948104782269
30,2102,473,29,37.05748148809255,29,0.11957750884889734
30,2102,473,30,37.14753851522103,30,0.09490773013995586
30,2102,473,31,20.188488670690862,30,0.11026749963412966
30,2102,473,32,16.09662316075897,30,0.11170343953039917
30,2102,473,38,2.0259886566729577,30,0.9187217066622972
30,2102,474,22,1.9406225097136909,22,0.8324136818305201
30,2102,474,28,2.312002166846944,28,0.2611130578803886
30,2102,474,29,155.44343899371847,29,0.07659410757592762
30,2102,474,30,47.779924765862596,30,0.04533081123677326
30,2102,474,31,31.026871870353077,30,0.06778400349353349
30,2102,474,32,5.847220786458294,30,0.2545605665696146
30,2102,474,38,3.302038494895471,30,0.8210813871173144
30,2102,475,22,1.742329205801675,22,0.9657856215405015
30,2102,475,28,1.6501798412522983,28,0.3647983568132487
30,2102,475,29,51.23442428222008,29,0.03739933052682447
30,2102,475,30,36.3184844719306,30,0.037098517321211236
30,2102,475,31,4.742018456479502,30,0.22277903080768213
30,2102,475,32,4.6845630823713025,30,0.22278943653499733
30,2102,475,38,3.0603850632526415,30,1.070394212094466
30,2102,476,22,1.2294809680898569,22,1.0737559345082077
30,2102,476,28,15.846634279811747,28,0.4702191952699095
30,2102,476,29,16.315420258435285,29,0.40047877773696416
30,2102,476,30,17.442938672600736,30,0.3516125424196402
30,2102,476,31,5.742949020210818,30,0.5257438375323613
30,2102,476,32,2.8663048048950985,30,0.5692520397306886
30,2102,476,38,3.8290761399176656,30,1.031726087176932
30,2102,477,22,1.9581663366998727,22,1.0402012907642249
30,2102,477,28,2.7707909524352505,28,0.5912657750887597
30,2102,477,29,2.639319350917265,29,0.45581539264256277
30,2102,477,30,3.552013360192043,30,0.44780326503047796
30,2102,477,31,2.114048417310288,30,0.45104942956869853
30,2102,477,32,2.1141165771923265,30,0.46652770976865987
30,2102,477,38,2.7536431592901907,30,1.0010932322543216
30,2102,478,22,0.6411658368044832,22,0.9531093574179726
30,2102,478,28,3.1307646646631344,28,0.4254272589478526
30,2102,478,29,6.0925257753721676,29,0.18175964177450776
30,2102,478,30,122.2803786800514,30,0.07673637462390888
30,2102,478,31,76.91740227482084,30,0.08852463940223564
30,2102,478,32,5.6265438795226554,30,0.30832420336678673
30,2102,478,38,1.3132679923914814,30,1.1936463429987163
30,2102,479,22,0.5379913418193627,22,1.304715971228047
30,2102,479,28,1.6847069811170832,28,0.5972390294846079
30,2102,479,29,1.9981155796766852,29,0.35887261760772665
30,2102,479,30,10.954765218862587,30,0.021512647220897036
30,2102,479,31,8.764358114450213,30,0.025797183945145206
30,2102,479,32,8.447742472652322,30,0.025887484332373083
30,2102,479,38,2.9695622983025456,30,0.6600375955624392
30,2102,480,22,0.6967780194000235,22,0.9887535906278734
30,2102,480,28,2.2412969948011408,28,0.4024341287895554
30,2102,480,29,2.484425039992939,29,0.4017245592341945
30,2102,480,30,5.220055849786855,30,0.14417949273512043
30,2102,480,31,4.202674329170861,30,0.1456134354158703
30,2102,480,32,2.828980484438521,30,0.3505027275998286
30,2102,480,38,2.5063698633889917,30,0.7528886496137308
30,2102,481,22,0.5040771524834375,22,0.7969844261392571
30,2102,481,28,1.0827476770121947,28,0.4429664025183936
30,2102,481,29,1.0318353971287064,29,0.2802907654891773
30,2102,481,30,11.941013320030406,30,0.17180346581513808
30,2102,481,31,7.928522023855834,30,0.21758576118737105
30,2102,481,32,6.332941183818792,30,0.22958916326359521
30,2102,481,38,1.928009530321087,30,0.8824559023472085
30,2102,482,22,0.6263584721905071,22,1.363925439969963
30,2102,482,28,1.3406957195083768,28,0.4015402174893069
30,2102,482,29,4.061957440732027,29,0.3947227640321777
30,2102,482,30,4.733800568389309,30,0.20873876340568556
30,2102,482,31,4.135854585283539,30,0.3602399550686106
30,2102,482,32,2.8353913407271283,30,0.36027987055908645
30,2102,482,38,1.592039351551857,30,0.9979273876640659
30,2102,483,22,0.5782127676370119,22,1.0820867562475274
30,2102,483,28,0.9157199781468277,28,0.3616330346308887
30,2102,483,29,1.6585063377052462,29,0.36148111750418466
30,2102,483,30,25.294708702483867,30,0.07792306194371516
30,2102,483,31,4.327349338993255,30,0.19585287298685478
30,2102,483,32,2.1509534732393396,30,0.41679733352852494
30,2102,483,38,2.986532604483198,30,0.9767994515176898
30,2102,484,22,1.2655031616684986,22,0.8664809528312692
30,2102,484,28,2.4783940796803967,28,0.334795970059379
30,2102,484,29,2.4803812288894425,29,0.30443777504400266
30,2102,484,30,407.48237394725487,30,0.00616524204077175
30,2102,484,31,2.051844160849212,30,0.2411474614996127
30,2102,484,32,2.356922614179312,30,0.2939205394274981
30,2102,484,38,2.085256604061204,30,1.0582628300433439
30,2102,485,22,1.051679337560595,22,1.2512437706387347
30,2102,485,28,1.0235732838594707,28,0.3864020713756693
30,2102,485,29,0.9386118477858847,29,0.38337706081985196
30,2102,485,30,4.86340601639532,30,0.26565791957410645
30,2102,485,31,2.625408500289205,30,0.33043235783456243
30,2102,485,32,1.7450276887296967,30,0.34648559548133745
30,2102,485,38,2.57597254054706,30,1.11208235325821
30,2102,486,22,0.8836220724525498,22,1.2702157294193706
30,2102,486,28,4.528017951503628,28,0.17771125013101619
30,2102,486,29,6.591768730332137,29,0.17282031231853712
30,2102,486,30,17.856524070881708,30,0.1338871380383703
30,2102,486,31,17.90311955054433,30,0.135936089507808
30,2102,486,32,2.701848783878133,30,0.43196195533780335
30,2102,486,38,1.9292952908927101,30,0.7935327031396362
30,2102,487,22,0.8016122751982682,22,1.16345743203421
30,2102,487,28,2.6548378018831893,28,0.38588511916267865
30,2102,487,29,15.259442030879342,29,0.13784093319533455
30,2102,487,30,14.23939685929328,30,0.1287377441103583
30,2102,487,31,4.195360511722073,30,0.35891548521906635
30,2102,487,32,4.637206175468432,30,0.3617624520447303
30,2102,487,38,2.5665564248565134,30,0.9026182625636168
30,2102,488,22,0.7626168174376705,22,1.3491978261247666
30,2102,488,28,4.140163394951162,28,0.4717930397785552
30,2102,488,29,8.537454696443787,29,0.14721996133076426
30,2102,488,30,8.322559472622457,30,0.14716561086481408
30,2102,488,31,4.206013285842305,30,0.420153493444618
30,2102,488,32,4.15106788934324,30,0.4982966003864611
30,2102,488,38,2.6115849239080666,30,1.2136654533005524
30,2102,489,22,1.0115406693700018,22,1.091722552182292
30,2102,489,28,1.1793674350217875,28,0.3310228746645979
30,2102,489,29,23.85364173019393,29,0.05078472120292469
30,2102,489,30,146.8534757751427,30,0.04599877480850677
30,2102,489,31,17.276501916448176,30,0.19008724447918884
30,2102,489,32,16.502627164655696,30,0.21360865447975735
30,2102,489,38,3.911860689266799,30,0.774581071689326
30,2102,490,22,1.7625981291847235,22,0.9699288714860239
30,2102,490,28,8.833136836492502,28,0.34078113481042643
30,2102,490,29,48.2945280421345,29,0.07813130203207622
30,2102,490,30,632.6673258189737,30,0.021626568421946296
30,2102,490,31,10.882148745119268,30,0.1408842637849553
30,2102,490,32,7.744265163929529,30,0.27509028346540715
30,2102,490,38,3.3340846897138774,30,0.7523978327530002
30,2102,491,22,0.9155307476929517,22,1.1383242401496463
30,2102,491,28,8.431372838367984,28,0.4532452249518671
30,2102,491,29,6.345624915324574,29,0.41016617252215043
30,2102,491,30,1355.6636989365802,30,0.011120353507904392
30,2102,491,31,83.17873711936335,30,0.05244957511094634
30,2102,491,32,6.87068332910869,30,0.30265418896676216
30,2102,491,38,3.6017779253075335,30,0.7138928258554699
30,2102,492,22,0.764159412256785,22,1.2959673149088076
30,2102,492,28,0.9012777813319348,28,0.6052235214857634
30,2102,492,29,0.9881130277781268,29,0.5185878415492144
30,2102,492,30,1.1377876338289932,30,0.5139844186863846
30,2102,492,31,1.0521322291987532,30,0.514777793156306
30,2102,492,32,1.2139170658172884,30,0.5192589323651065
30,2102,492,38,2.2860402212587525,30,1.0630020591855227
30,2102,493,22,1.0713399869269815,22,0.8087797731679722
30,2102,493,28,98.79740968127827,28,0.12616000925814383
30,2102,493,29,113.0591484078569,29,0.09167671839102415
30,2102,493,30,197.22372645132876,30,0.07600463210367629
30,2102,493,31,186.83756572527912,30,0.07866791529202166
30,2102,493,32,14.054113299495015,30,0.3575448776486072
30,2102,493,38,6.849124890264791,30,0.5371080693618817
30,2102,494,22,0.5105749359345377,22,0.9423406157318296
30,2102,494,28,22.678137502435874,28,0.30810894744671774
30,2102,494,29,86.81475811667254,29,0.14739998011333585
30,2102,494,30,112.12179615259035,30,0.06460249409743242
30,2102,494,31,21.96415685702814,30,0.24951282433010424
30,2102,494,32,15.671014293455308,30,0.25415998734588496
30,2102,494,38,1.7848311117824767,30,1.1401860666973835
30,2102,495,22,0.7492405083690972,22,1.2607209509829875
30,2102,495,28,3.1102740603605206,28,0.2400831182137226
30,2102,495,29,3.6398409298818533,29,0.22846786061897847
30,2102,495,30,316.4058673735047,30,0.03854248131173827
30,2102,495,31,4.476658277602177,30,0.3505885052932363
30,2102,495,32,4.658670820366239,30,0.35141619671374535
30,2102,495,38,3.7481053353800227,30,0.8615136793600284
30,2102,496,22,2.550088098969674,22,0.5370959328814169
30,2102,496,28,35.5017543076388,28,0.07677910356131132
30,2102,496,29,44.82581656265693,29,0.0726542130893611
30,2102,496,30,196.50769278318757,30,0.011166755639283129
30,2102,496,31,3.8057711251278823,30,0.19028891779289048
30,2102,496,32,3.9525589713065545,30,0.2497918750746308
30,2102,496,38,2.5179964913467003,30,0.8735636608348608
30,2102,497,22,2.148139374705951,22,0.7617941315014298
30,2102,497,28,2.1327655789377546,28,0.2413015516708186
30,2102,497,29,24.30676506401313,29,0.10870764031655647
30,2102,497,30,35.037853314784776,30,0.05099301796164167
30,2102,497,31,30.356028644754954,30,0.07811660962954328
30,2102,497,32,3.3848232319052665,30,0.3368612213228436
30,2102,497,38,1.803027371926845,30,1.0441741529565198
30,2102,498,22,1.2851852315554015,22,1.1880001016391604
30,2102,498,28,2.7584247188506525,28,0.3576654415653006
30,2102,498,29,8.975790778382851,29,0.2718161915611281
30,2102,498,30,59.957852237231876,30,0.061443483051555635
30,2102,498,31,19.4798875695726,30,0.1433906175515664
30,2102,498,32,14.72902659980188,30,0.17015815081400662
30,2102,498,38,4.180343054409992,30,0.7431560827825312
30,2102,499,22,0.7238008383530314,22,0.6848748513771638
30,2102,499,28,1.2805700622939509,28,0.3530179114009611
30,2102,499,29,1.975249163947265,29,0.3295331509167129
30,2102,499,30,2.2274607933413293,30,0.31869649022762736
30,2102,499,31,2.546326095802675,30,0.3653126369751579
30,2102,499,32,3.2059093295949275,30,0.44181949059332976
30,2102,499,38,3.716353710522775,30,0.8087815983839004
30,2102,500,22,0.887316907842602,22,1.190891191612545
30,2102,500,28,18.098927526489895,28,0.23058233364366906
30,2102,500,29,17.565752335728817,29,0.22445906341502317
30,2102,500,30,17.301639696810664,30,0.17085320508088317
30,2102,500,31,13.190535673763584,30,0.2421591664231212
30,2102,500,32,7.172169327030138,30,0.4247844168684821
30,2102,500,38,3.5039367194849587,30,0.9313330599046471
30,2102,501,22,0.7557852226209075,22,1.1728699721140694
30,2102,501,28,6.002845219942653,28,0.4742383338319536
30,2102,501,29,5.710152248839806,29,0.44542712154932906
30,2102,501,30,5.1825969699776016,30,0.30521078378943967
30,2102,501,31,5.152861434021258,30,0.3434484374748371
30,2102,501,32,1.8346541632188316,30,0.5284580917142758
30,2102,501,38,2.1178667276821552,30,1.1979233467604706
30,2102,502,22,1.139425774145927,22,0.7800932775993598
30,2102,502,28,13.427335481202839,28,0.1947538813347649
30,2102,502,29,31.576876479298214,29,0.15829077804415898
30,2102,502,30,35.83584801737474,30,0.146041358475237
30,2102,502,31,16.101783057197984,30,0.22113766561837422
30,2102,502,32,14.38031169153403,30,0.2549714243390111
30,2102,502,38,2.338489060348341,30,0.9476519009253879
30,2102,503,22,0.5540008348795856,22,1.1008599938577524
30,2102,503,28,3.074985015735411,28,0.14505755529354522
30,2102,503,29,6.664329886250011,29,0.1444108448644702
30,2102,503,30,8.515150877910251,30,0.14440900966140555
30,2102,503,31,8.262675937702722,30,0.28555019082078037
30,2102,503,32,7.246228473663282,30,0.28822647015903274
30,2102,503,38,3.647459864217214,30,0.4409951688078888
30,2102,504,22,0.6552887022897141,22,0.9715822205126521
30,2102,504,28,12.323470261071872,28,0.19754812909034936
30,2102,504,29,52.68386410847664,29,0.09225911994950889
30,2102,504,30,54.475903674129114,30,0.09173669701496953
30,2102,504,31,15.765617859350943,30,0.1873271054571906
30,2102,504,32,13.034713418556574,30,0.21225016542315367
30,2102,504,38,1.9629341858121143,30,0.9640018880782111
30,2102,505,22,1.2368889522799509,22,1.263763101114988
30,2102,505,28,1.6637465781855532,28,0.15669622314357784
30,2102,505,29,4.652030140860424,29,0.14765923895206057
30,2102,505,30,3.7950727716755877,30,0.1266312933562546
30,2102,505,31,2.5160039348804095,30,0.16463103021771552
30,2102,505,32,3.373993777304092,30,0.369826210445485
30,2102,505,38,3.2861508277796663,30,0.9290454638389072
30,2102,506,22,1.8955897006678177,22,0.9263640668116736
30,2102,506,28,2.080681021547007,28,0.4107261218380412
30,2102,506,29,37.450569737046315,29,0.08221093073228442
30,2102,506,30,22.74456709473965,30,0.07950419915523246
30,2102,506,31,7.579078775593616,30,0.13840688891463107
30,2102,506,32,2.8946191136934933,30,0.4062393593454101
30,2102,506,38,2.6094886241129087,30,1.0049417472656077
30,2102,507,22,1.179013256038285,22,1.312385658844115
30,2102,507,28,4.575866192721766,28,0.6190657101263785
30,2102,507,29,4.353385266413263,29,0.5603459654807001
30,2102,507,30,19.082245693141136,30,0.11319888605120494
30,2102,507,31,17.25500607309783,30,0.11320512009450331
30,2102,507,32,3.2338913151419044,30,0.37294516772326397
30,2102,507,38,2.861954317521278,30,1.0950064796387056
30,2102,508,22,1.4647126287342604,22,0.6422548948987232
30,2102,508,28,40.955903970400676,28,0.156551520610041
30,2102,508,29,26.839387362755026,29,0.14166538756343441
30,2102,508,30,48.77237884873097,30,0.12824733511115696
30,2102,508,31,41.97840157290952,30,0.1451679813239257
30,2102,508,32,40.64213407846884,30,0.1571187153235938
30,2102,508,38,3.9700579084568584,30,0.9598133308989295
30,2102,509,22,1.0849679647991364,22,1.2054054051094643
30,2102,509,28,1.1854051600881668,28,0.5960874592146471
30,2102,509,29,28.463582768651936,29,0.25305421359893
30,2102,509,30,21.334956127581957,30,0.1347740819666476
30,2102,509,31,10.702976434656579,30,0.3162713419699819
30,2102,509,32,6.757005742996021,30,0.4252288313629113
30,2102,509,38,3.045300600018977,30,1.0761482034036032
30,2102,510,22,0.6421893659005535,22,1.127082449802909
30,2102,510,28,1.6765227310105173,28,0.4076909304354189
30,2102,510,29,0.9809538875682555,29,0.33856447127546
30,2102,510,30,0.8305190233613203,30,0.2149748600904599
30,2102,510,31,0.8402377054716547,30,0.29197447696643863
30,2102,510,32,0.7218442665499969,30,0.38861672161878574
30,2102,510,38,0.9755798571490187,30,1.2847856910435709
30,2102,511,22,0.48915096866673746,22,1.2398207560477128
30,2102,511,28,5.247956455361972,28,0.40869059240059047
30,2102,511,29,29.376349347113916,29,0.1824740196384862
30,2102,511,30,2.8286053893572007,30,0.11205069808235561
30,2102,511,31,3.1022315898383956,30,0.1731810519710727
30,2102,511,32,3.2761255159207003,30,0.22853381725188154
30,2102,511,38,3.829780097651573,30,0.8665861537882165
30,2102,512,22,0.922970355765939,22,0.4113637628983172
30,2102,512,28,37.44176740386823,28,0.11247690614329596
30,2102,512,29,34.895477803775485,29,0.11089724000763994
30,2102,512,30,156.47378546728783,30,0.03615231587919065
30,2102,512,31,12.690524401868394,30,0.09288105038013163
30,2102,512,32,2.5671768112823585,30,0.3028818478299964
30,2102,512,38,1.8528532532048998,30,0.7137515569411329
30,2102,513,22,1.08970713907486,22,0.6298111687204931
30,2102,513,28,22.894522221145124,28,0.15966431514201782
30,2102,513,29,7.748932628014459,29,0.11937525971705956
30,2102,513,30,173.35637274557624,30,0.03344182352926216
30,2102,513,31,13.303522311004894,30,0.11121407602309022
30,2102,513,32,10.822631178708916,30,0.1436003534048186
30,2102,513,38,5.773751310736161,30,0.39692130418261795
30,2102,514,22,1.2926723780781888,22,0.7749243268156704
30,2102,514,28,5.457681352252873,28,0.4342641603096121
30,2102,514,29,8.613245358509602,29,0.4314355743991999
30,2102,514,30,17.440788525462143,30,0.16240367480999857
30,2102,514,31,14.8031033238835,30,0.20764852087283336
30,2102,514,32,9.928635438426884,30,0.30018624366411123
30,2102,514,38,4.1980246172510585,30,1.0299627654162344
30,2102,515,22,0.5925944722724846,22,0.7596406825400585
30,2102,515,28,5.636498690117609,28,0.19753264824586095
30,2102,515,29,4.9555892139971105,29,0.17882190709814683
30,2102,515,30,292.3159162864684,30,0.04779134830963266
30,2102,515,31,69.62158603207291,30,0.10287809794073953
30,2102,515,32,5.219752771705225,30,0.4523190632222426
30,2102,515,38,3.5643992613173667,30,0.7783862011591312
30,2102,516,22,0.8809708110702454,22,0.7819575197546651
30,2102,516,28,18.326526017399914,28,0.2603599714673274
30,2102,516,29,24.171711988666374,29,0.16292041057106857
30,2102,516,30,25.055140273214306,30,0.0997424865866422
30,2102,516,31,21.69688696556122,30,0.16021796313194753
30,2102,516,32,15.256357907694456,30,0.16028209371094235
30,2102,516,38,3.7690703963949717,30,0.5496845781736196
30,2102,517,22,1.2340482480655846,22,1.4496688241402003
30,2102,517,28,2.4926992466563362,28,0.2871196969839827
30,2102,517,29,2.845508825393686,29,0.27144480442639146
30,2102,517,30,2.798758223425964,30,0.09199199204450753
30,2102,517,31,1.9861038712991008,30,0.23521353935059366
30,2102,517,32,1.7594707569764851,30,0.23776534476965078
30,2102,517,38,2.5179582380332857,30,1.198370852579787
30,2102,518,22,1.2070375639051458,22,0.9068382129847251
30,2102,518,28,3.4294132787399825,28,0.5488329713598
30,2102,518,29,3.7416996906983964,29,0.5091015806573224
30,2102,518,30,3.470476644528102,30,0.5071294279426515
30,2102,518,31,2.7567846386764354,30,0.5726358544635667
30,2102,518,32,3.843555969454495,30,0.6026361219807163
30,2102,518,38,3.9716660647903885,30,0.9830994390694519
30,2102,519,22,1.153865048047717,22,0.9096517761369811
30,2102,519,28,2.179823278522148,28,0.23464564242169111
30,2102,519,29,3.6902930228135697,29,0.23385675949601936
30,2102,519,30,2.539597805809494,30,0.21880520209210846
30,2102,519,31,2.189390963171773,30,0.22170467032991614
30,2102,519,32,2.09700127296389,30,0.411420311557084
30,2102,519,38,2.8674511815871537,30,0.7099487946940499
30,2102,520,22,0.6858057860236588,22,1.2290944348536796
30,2102,520,28,5.888161128856277,28,0.44555767932592055
30,2102,520,29,5.367840031124918,29,0.2326813726427745
30,2102,520,30,61.13155264218811,30,0.1125537175592703
30,2102,520,31,49.13269704121217,30,0.12949099630289074
30,2102,520,32,48.74383795938613,30,0.12980007782969777
30,2102,520,38,4.661052153015565,30,0.9268060286605354
30,2102,521,22,0.7529459531804595,22,1.1784475047361
30,2102,521,28,0.9519776602436278,28,0.4221172752526684
30,2102,521,29,0.8240832681095025,29,0.4088513256482312
30,2102,521,30,70.67242177225049,30,0.05694308725839135
30,2102,521,31,1.200215118025313,30,0.45631510067626047
30,2102,521,32,1.0795952351621945,30,0.560682384126256
30,2102,521,38,2.044882757770976,30,0.9989201774017689
30,2102,522,22,1.8821548257590033,22,0.8606113560722803
30,2102,522,28,1.750496552344018,28,0.2629781707951675
30,2102,522,29,1.1259267629095027,29,0.15464210210292678
30,2102,522,30,12251.042601312234,30,0.004896665752311939
30,2102,522,31,2.8332717137254124,30,0.38200256502370045
30,2102,522,32,2.0291492767922685,30,0.5303549897327299
30,2102,522,38,1.4033664654622475,30,0.9271622028497355
30,2102,523,22,0.9986539194267864,22,0.9947759711633283
30,2102,523,28,3.282355193094369,28,0.1601076374523803
30,2102,523,29,12.975592911362746,29,0.1414865571230343
30,2102,523,30,6.900542919894137,30,0.07311300106397353
30,2102,523,31,2.4180368838584005,30,0.24831132258413663
30,2102,523,32,2.1937475532256543,30,0.2570341095923063
30,2102,523,38,1.335625318701595,30,0.7534626213660278
30,2102,524,22,0.9706667848655175,22,0.7163047961518199
30,2102,524,28,44.69972871842251,28,0.0881000835878202
30,2102,524,29,40.481714660062764,29,0.0865869657063412
30,2102,524,30,1128.4150031367606,30,0.017138951529804432
30,2102,524,31,2.175406640803237,30,0.17707426085356676
30,2102,524,32,2.2867518401362763,30,0.40708707749035716
30,2102,524,38,4.157954602844702,30,1.1025323158313933
30,2102,525,22,1.1834934944943996,22,1.3484279070993814
30,2102,525,28,2.262488745249428,28,0.613021805317657
30,2102,525,29,7.542581607192908,29,0.38609993631165485
30,2102,525,30,7.328499122499948,30,0.12188344543968298
30,2102,525,31,7.371185094838107,30,0.191555134699164
30,2102,525,32,5.417629667326961,30,0.2369559818664812
30,2102,525,38,4.019294903073879,30,1.461182396752011
30,2102,526,22,2.4738384370945337,22,0.990442111188085
30,2102,526,28,10.02248969377991,28,0.5038730333602243
30,2102,526,29,14.49108957500961,29,0.2630288912417134
30,2102,526,30,13.823857612699868,30,0.10080251781093785
30,2102,526,31,8.72697772400939,30,0.13235645970948753
30,2102,526,32,6.537184807465836,30,0.146045411782353
30,2102,526,38,1.8111278486620936,30,0.9297552167780146
30,2102,527,22,1.4060342746016714,22,1.0529111704268947
30,2102,527,28,27.44287704952378,28,0.2159183727719141
30,2102,527,29,35.5502383027318,29,0.21030059775357407
30,2102,527,30,44.50217129034782,30,0.07586761135286635
30,2102,527,31,23.29716899467195,30,0.18957179365752516
30,2102,527,32,8.940754103814617,30,0.2872855536253454
30,2102,527,38,3.5601320273699417,30,1.096734756234758
30,2102,528,22,0.6466088719429057,22,1.0091203687221135
30,2102,528,28,1.2905815890209211,28,0.48806705955225804
30,2102,528,29,10.960613288068457,29,0.12780537427289415
30,2102,528,30,13.399454486888592,30,0.049475571098452395
30,2102,528,31,4.881199144131837,30,0.09701265374812099
30,2102,528,32,4.193206965222461,30,0.24711010506169326
30,2102,528,38,3.445102852827305,30,1.0598247417687063
30,2102,529,22,1.0309929241569387,22,0.7943257471358686
30,2102,529,28,11.302986524197008,28,0.1476256768240331
30,2102,529,29,10.721922006145858,29,0.13601355924830125
30,2102,529,30,15.534783880716768,30,0.07458247669692351
30,2102,529,31,8.389972763752063,30,0.23834923787908538
30,2102,529,32,7.1675758307810735,30,0.23846723037014225
30,2102,529,38,4.206603692150106,30,0.6969241698866191
30,2102,530,22,1.310170627919078,22,1.2793137833388388
30,2102,530,28,21.34697734967291,28,0.1748047911378349
30,2102,530,29,29.434397095073027,29,0.1410083594567801
30,2102,530,30,129.70263052486797,30,0.033494636221095705
30,2102,530,31,57.147314719723035,30,0.04645817070595005
30,2102,530,32,6.289331962888074,30,0.15477491513076036
30,2102,530,38,3.1457350073962607,30,0.813588321869113
30,2102,531,22,0.6969360371438378,22,0.8822528379040087
30,2102,531,28,1.8000059899178031,28,0.24399320100827251
30,2102,531,29,5.0166550171980715,29,0.2106087901679493
30,2102,531,30,5.476576393127008,30,0.2020228149586299
30,2102,531,31,2.631065597163094,30,0.23861574405369265
30,2102,531,32,2.9677867755584004,30,0.2387120922525595
30,2102,531,38,2.5604096657653157,30,1.1424463705798935
30,2102,532,22,0.8222061906118047,22,1.2344733193998474
30,2102,532,28,6.262764299162325,28,0.2514990723569527
30,2102,532,29,33.99718923719413,29,0.03744160141608611
30,2102,532,30,316.80238434296126,30,0.018994093336790002
30,2102,532,31,2.577234756777864,30,0.13835164371594244
30,2102,532,32,2.412458112201107,30,0.16165193813793727
30,2102,532,38,2.459810656226149,30,0.5891260656016394
30,2102,533,22,0.6114128913835182,22,0.8284807580940954
30,2102,533,28,1.7528994524264823,28,0.19231594814754935
30,2102,533,29,5.163818099482529,29,0.18850464083600607
30,2102,533,30,176.86545181258546,30,0.02352104819221427
30,2102,533,31,2.9899952755286727,30,0.3854037587060977
30,2102,533,32,1.9925764911638046,30,0.38887572606183124
30,2102,533,38,1.688511992611543,30,0.5388053270914392
30,2102,534,22,0.7632907299648761,22,1.4166285264885068
30,2102,534,28,5.052386289907571,28,0.28432938815590597
30,2102,534,29,5.16534905377707,29,0.19711229804214367
30,2102,534,30,6.640058460020086,30,0.1930438559577249
30,2102,534,31,6.558554295109979,30,0.281145825097332
30,2102,534,32,6.644033315736068,30,0.2815906210438735
30,2102,534,38,2.1749028657005107,30,0.8174451799319384
30,2102,535,22,0.7267550380516206,22,1.020838176496158
30,2102,535,28,1.3528371865866935,28,0.3802872098671102
30,2102,535,29,1.8276989623708368,29,0.32166198573998894
30,2102,535,30,4.620715391061547,30,0.2748430265854671
30,2102,535,31,3.0366213750947613,30,0.3975855721805206
30,2102,535,32,2.8062741170642846,30,0.4425081041379825
30,2102,535,38,3.8733116949522737,30,0.7010307274231831
30,2102,536,22,1.233481534354736,22,1.2883494947455838
30,2102,536,28,1.369849027387271,28,0.32180273112243923
30,2102,536,29,896.3097008359829,29,0.030666434300990243
30,2102,536,30,5305.664078670507,30,0.019682097978735175
30,2102,536,31,2541.6651625089303,30,0.02819788439085645
30,2102,536,32,6.440667810785238,30,0.34702861059474477
30,2102,536,38,2.751336881587284,30,1.158743312481059
30,2102,537,22,0.8055210174323876,22,1.0584816365431553
30,2102,537,28,1.5861406497051151,28,0.3672548609357169
30,2102,537,29,1.5851588284152471,29,0.3564096038135236
30,2102,537,30,2.003160559198463,30,0.046619452701139714
30,2102,537,31,1.6646011650135664,30,0.22858055043537615
30,2102,537,32,1.674223358070022,30,0.2893878054230753
30,2102,537,38,2.5389319955621503,30,0.8992256499301147
30,2102,538,22,0.7337922962725862,22,1.1455500976035098
30,2102,538,28,3.22434825034108,28,0.44955389292770814
30,2102,538,29,3.0837676715250013,29,0.44621249706215305
30,2102,538,30,6.217993874920077,30,0.1351423554660864
30,2102,538,31,4.89905098042258,30,0.2890351256375905
30,2102,538,32,2.946766695714837,30,0.5757089863691264
30,2102,538,38,3.1898903133393173,30,1.0472399865306818
30,2102,539,22,0.816804209902682,22,0.9924250159406869
30,2102,539,28,2.9155957465811366,28,0.18018804416085385
30,2102,539,29,3.29529958134935,29,0.15358026775339598
30,2102,539,30,28.89690135369178,30,0.11595894730949376
30,2102,539,31,20.7629671253277,30,0.19555269346372142
30,2102,539,32,12.55901830895736,30,0.2571099594087441
30,2102,539,38,2.0046592858215186,30,0.4831906970524575
30,2102,540,22,1.1429978883262835,22,0.9386564395719306
30,2102,540,28,6.076423527115636,28,0.38948747287259233
30,2102,540,29,5.824314340448788,29,0.16471923487510035
30,2102,540,30,36.018685654513305,30,0.1255633373476981
30,2102,540,31,5.512072068487553,30,0.28955282968655816
30,2102,540,32,5.443008582068746,30,0.3424001589385067
30,2102,540,38,4.4829899307608,30,0.8422017642729557
30,2102,541,22,0.8089325471601706,22,0.558323160080766
30,2102,541,28,3.5183713402522403,28,0.3398452568595564
30,2102,541,29,3.575603333337795,29,0.33587067319134967
30,2102,541,30,98.87968488949166,30,0.08785142725525474
30,2102,541,31,43.031703195837416,30,0.14326931354455805
30,2102,541,32,1.9399127004750996,30,0.484110676980869
30,2102,541,38,1.8812049869324954,30,1.011288522536703
30,2102,542,22,1.3194237061815817,22,0.580055901194532
30,2102,542,28,2.500688485231578,28,0.32633982578725135
30,2102,542,29,8.825492834524164,29,0.15951340816701717
30,2102,542,30,7.0676954001907095,30,0.1430963578752926
30,2102,542,31,7.511693789663046,30,0.21879809608377646
30,2102,542,32,5.897889852806616,30,0.287609834031374
30,2102,542,38,2.3668696292470015,30,1.0310846503533426
30,2102,543,22,0.8841422451254188,22,0.989823975443769
30,2102,543,28,10.894228717556066,28,0.3718071283559748
30,2102,543,29,15.250461370345764,29,0.14586719664315695
30,2102,543,30,17.32682568333093,30,0.14242188627978858
30,2102,543,31,11.324409412644506,30,0.19160991001713795
30,2102,543,32,3.930135146455974,30,0.1970693578120631
30,2102,543,38,2.3028039580540702,30,0.5697334354067977
30,2102,544,22,0.4603232052533301,22,1.2116913081214018
30,2102,544,28,7.238270335979563,28,0.20332203586480935
30,2102,544,29,9.718370668804916,29,0.08758150422696545
30,2102,544,30,26.264025932772668,30,0.005251966477264791
30,2102,544,31,5.015623270067368,30,0.12770261064440833
30,2102,544,32,4.651825409994425,30,0.13089863072518806
30,2102,544,38,1.5630217122771195,30,0.6261292270684451
30,2102,545,22,1.158684830840434,22,0.8706995230595592
30,2102,545,28,7.907690469247128,28,0.3621179529159775
30,2102,545,29,14.426604897695652,29,0.17122628467353834
30,2102,545,30,199.60390079969392,30,0.029855641271511267
30,2102,545,31,198.4649691324504,30,0.02993068551895195
30,2102,545,32,3.860945416670135,30,0.3645919566880112
30,2102,545,38,3.492446190806877,30,0.7566201837236
30,2102,546,22,0.7308474529920875,22,0.6495337821843256
30,2102,546,28,7.575056346566668,28,0.2694145880475618
30,2102,546,29,6.255046825661294,29,0.2598937376600405
30,2102,546,30,22.55827404059564,30,0.1700934187794525
30,2102,546,31,5.5719196431533895,30,0.25948987611156726
30,2102,546,32,3.7781575604605733,30,0.26878676435721555
30,2102,546,38,3.723952158829961,30,0.918179308418858
30,2102,547,22,0.787301529372391,22,0.9744311064409767
30,2102,547,28,2.0914040056486565,28,0.35106012726147945
30,2102,547,29,2.3914688117768055,29,0.2705983589806437
30,2102,547,30,6.70068935494877,30,0.150463348445997
30,2102,547,31,2.7166131685994146,30,0.2375282433891397
30,2102,547,32,2.173160838100901,30,0.24234229116998818
30,2102,547,38,2.381011424689462,30,1.1125024317387069
30,2102,548,22,0.7953216016568407,22,1.0967525319073776
30,2102,548,28,9.36554530622488,28,0.24808565290532647
30,2102,548,29,10.622687485791669,29,0.12670872175807044
30,2102,548,30,128.57265476150576,30,0.041967123031923605
30,2102,548,31,49.382857466069936,30,0.09071721792543018
30,2102,548,32,3.370355097399143,30,0.2047984811677655
30,2102,548,38,2.4522910638736932,30,0.8200856660360187
30,2102,549,22,0.6002109602431607,22,0.964744376381698
30,2102,549,28,2.4692516099246427,28,0.2846393814980466
30,2102,549,29,19.857462316225547,29,0.11201965593339508
30,2102,549,30,134.65166564350147,30,0.04914214733864957
30,2102,549,31,56.96553026543907,30,0.058254668204359136
30,2102,549,32,1.3242387565352662,30,0.3888870276598217
30,2102,549,38,2.114582021459761,30,0.8487974167906861
30,2102,550,22,0.5670021616996666,22,1.3628394099228232
30,2102,550,28,1.8024913724156224,28,0.4856734285736636
30,2102,550,29,46.08812278892723,29,0.18237357530279466
30,2102,550,30,81.5941411255246,30,0.023878301235330735
30,2102,550,31,22.098527164413635,30,0.24975188686184327
30,2102,550,32,2.7095612738390216,30,0.5034042933069997
30,2102,550,38,2.397883110389201,30,1.0685747856672356
30,2102,551,22,0.8994569479172234,22,1.331153032794759
30,2102,551,28,2.353056896453819,28,0.14749945034361492
30,2102,551,29,3.393055097461211,29,0.13458925867468235
30,2102,551,30,6.114095498995396,30,0.12723151810569538
30,2102,551,31,5.384547308493039,30,0.17697750922855726
30,2102,551,32,1.5768509769606056,30,0.2951146057312889
30,2102,551,38,2.3036147504595714,30,1.0181473813695967
30,2102,552,22,0.9267769304643374,22,1.0415240971258195
30,2102,552,28,1.7541742055173548,28,0.14506116687522735
30,2102,552,29,4.584562298644414,29,0.11576293637601684
30,2102,552,30,14.764774931966228,30,0.050849403027780876
30,2102,552,31,5.427099381175786,30,0.11462462404278448
30,2102,552,32,1.2497320675019552,30,0.2719529534953712
30,2102,552,38,2.1898334851529397,30,1.2668800524979278
30,2102,553,22,0.7039697215846222,22,1.0951552158923106
30,2102,553,28,19.725241625166632,28,0.06450037907343552
30,2102,553,29,18.764996594328945,29,0.06436506201124605
30,2102,553,30,78.64045204668783,30,0.06271380294574283
30,2102,553,31,3.569887721939303,30,0.2938773131769916
30,2102,553,32,1.9916648281478433,30,0.6004045754406048
30,2102,553,38,2.2148448886944694,30,0.921370861335606
30,2102,554,22,0.8135450086115802,22,1.2472855289642724
30,2102,554,28,4.759482936117911,28,0.14887843001247508
30,2102,554,29,4.15396217250699,29,0.12197855021196087
30,2102,554,30,8.059601617651603,30,0.08935050687044573
30,2102,554,31,4.095720700693211,30,0.18095418082795625
30,2102,554,32,1.8440795921260036,30,0.37304516381513997
30,2102,554,38,3.11175237608097,30,0.7680829991976558
30,2102,555,22,2.8401476844421256,22,1.0064404060567231
30,2102,555,28,9.677208875976403,28,0.3465104759935592
30,2102,555,29,58.9747922395239,29,0.072013844402879
30,2102,555,30,672.5558623417041,30,0.03574609727498415
30,2102,555,31,61.36520427539796,30,0.11186729507178059
30,2102,555,32,56.87318635010981,30,0.11836515042542342
30,2102,555,38,3.6738745506387476,30,1.002199420879433
30,2102,556,22,0.8273689071675565,22,1.1866215847180885
30,2102,556,28,1.057815841899423,28,0.41993102018068057
30,2102,556,29,1.1438374963274405,29,0.40567513218360585
30,2102,556,30,1.583466283931809,30,0.40322719642116417
30,2102,556,31,1.4526106065804931,30,0.40508382383885627
30,2102,556,32,1.8317483872741795,30,0.5085885876970037
30,2102,556,38,2.5482756379188993,30,1.1718120274843162
30,2102,557,22,1.1666936772030485,22,1.5404415756598306
30,2102,557,28,3.870715563131925,28,0.33266357433517446
30,2102,557,29,11.605442891181916,29,0.16540171364005593
30,2102,557,30,87.67428276301254,30,0.06842537118583944
30,2102,557,31,3.3140514823676908,30,0.477012254080288
30,2102,557,32,1.7905008391078534,30,0.6469720466241091
30,2102,557,38,2.471483418243162,30,1.3311219372974883
30,2102,558,22,0.544829891236472,22,0.873897979440404
30,2102,558,28,1.4843577701040616,28,0.40761280432082664
30,2102,558,29,2.6578947995888154,29,0.14634774844320572
30,2102,558,30,2.2295445231108695,30,0.12138486227363526
30,2102,558,31,2.3409763441021667,30,0.27671445008559264
30,2102,558,32,2.258203908481783,30,0.32058563774121973
30,2102,558,38,1.8329122312800021,30,1.0457098434194168
30,2102,559,22,1.134504440940312,22,0.9191675451993438
30,2102,559,28,5.062842935084984,28,0.400900528608466
30,2102,559,29,5.21791429795642,29,0.3116831520395113
30,2102,559,30,6.401814750851566,30,0.25271723951081404
30,2102,559,31,3.528472920467483,30,0.2693068596278746
30,2102,559,32,3.273184415652443,30,0.29496249777748434
30,2102,559,38,2.9367599513161364,30,0.6394920651028156
30,2102,560,22,0.8232011472451041,22,0.7193313592321474
30,2102,560,28,1.447771812966015,28,0.3373588607871627
30,2102,560,29,2.838979893355159,29,0.3128607205349357
30,2102,560,30,6.54899073291749,30,0.2842455869720625
30,2102,560,31,6.617232414650668,30,0.28436532158217726
30,2102,560,32,6.253952063057236,30,0.3085418967207036
30,2102,560,38,3.2648684237186725,30,0.6911927944776165
30,2102,561,22,1.03671563896854,22,1.2141930917770172
30,2102,561,28,126.66202351673499,28,0.04855543908522228
30,2102,561,29,144.1271498653614,29,0.04809954202896358
30,2102,561,30,138.47629005895604,30,0.04806660924325415
30,2102,561,31,46.00625240921965,30,0.08054615853121094
30,2102,561,32,3.5368073161484803,30,0.32337421805868266
30,2102,561,38,2.3058906676181605,30,0.806508261964695
30,2102,562,22,1.7148599803439621,22,0.6626890601527643
30,2102,562,28,25.995348039389263,28,0.2812616149579081
30,2102,562,29,94.73615439153437,29,0.19391312349078516
30,2102,562,30,102.66056567214564,30,0.17139873371615444
30,2102,562,31,31.92645701739626,30,0.19808376392718524
30,2102,562,32,14.152575257254593,30,0.38340800278676035
30,2102,562,38,2.1524468641098258,30,1.0744397930307619
30,2102,563,22,0.7740406201781955,22,1.4899727571981183
30,2102,563,28,4.494706955730527,28,0.6450829308407385
30,2102,563,29,6.27912300800984,29,0.2312106605474104
30,2102,563,30,6.21162622418865,30,0.21487016468312964
30,2102,563,31,6.119551383235232,30,0.36010189624249467
30,2102,563,32,5.7228059167072,30,0.42622558089115586
30,2102,563,38,4.2450154405063705,30,0.8463105245237335
30,2102,564,22,0.5820120783425904,22,1.2830457502808286
30,2102,564,28,1.4798189068698904,28,0.6664359699453046
30,2102,564,29,1.5950329249348492,29,0.5077632014064236
30,2102,564,30,3.093979308507548,30,0.2429322980871691
30,2102,564,31,1.9435655847487174,30,0.46566066877715173
30,2102,564,32,1.5423752047068457,30,0.5889694976533684
30,2102,564,38,1.835748880681677,30,1.0778374597443687
30,2102,565,22,2.923729977835556,22,0.816874203817191
30,2102,565,28,3.010308897584081,28,0.1152798936693622
30,2102,565,29,4.993758315326464,29,0.10980674710640011
30,2102,565,30,5.108813245308826,30,0.10960572689825296
30,2102,565,31,4.1214064641779,30,0.1426364042753813
30,2102,565,32,4.36045276742222,30,0.18604720210285683
30,2102,565,38,4.005328423443659,30,1.120294407243734
30,2102,566,22,1.0052056925056692,22,0.9479182277894186
30,2102,566,28,2.0654096150371286,28,0.3611223244718836
30,2102,566,29,47.64301957888474,29,0.04150861749836924
30,2102,566,30,59.92589751432951,30,0.03208673791534954
30,2102,566,31,12.104221337955318,30,0.2689033814272495
30,2102,566,32,11.431624035549707,30,0.2995851436640182
30,2102,566,38,4.752875407684207,30,0.7909990947251311
30,2102,567,22,1.2560053754324176,22,0.9524423759038392
30,2102,567,28,2.549322513106019,28,0.2950536326397528
30,2102,567,29,8.860843812255546,29,0.17208278033342153
30,2102,567,30,11.699073919194806,30,0.03778593030254965
30,2102,567,31,7.8332786805548364,30,0.14971412128847
30,2102,567,32,6.063820425411838,30,0.20149708285390827
30,2102,567,38,2.563301674002278,30,0.671676578923139
30,2102,568,22,0.9273247758514325,22,0.8668747010689398
30,2102,568,28,6.370674329018771,28,0.30645970438191156
30,2102,568,29,6.980819678952661,29,0.15692979656600398
30,2102,568,30,25.16554282879807,30,0.13459765443594768
30,2102,568,31,13.859424909332377,30,0.15783506302496608
30,2102,568,32,8.08798196723504,30,0.2921478783282733
30,2102,568,38,2.4761428443842037,30,0.7969786912455324
30,2102,569,22,3.3895446370856845,22,1.0767806422577524
30,2102,569,28,228.98293840195254,28,0.11847732116322256
30,2102,569,29,110.72481709045334,29,0.09073866169384803
30,2102,569,30,125.7614157274653,30,0.09059169636832985
30,2102,569,31,68.46752916756706,30,0.09772896304440205
30,2102,569,32,12.596197518607333,30,0.5196826552728246
30,2102,569,38,5.064597771053543,30,1.00760206356184
30,2102,570,22,1.107650352141549,22,0.8262972633849099
30,2102,570,28,7.639203653914605,28,0.22634764805102872
30,2102,570,29,10.51108425854594,29,0.2086946527555809
30,2102,570,30,10.03739682267481,30,0.13641234733652932
30,2102,570,31,9.211916482501877,30,0.19363717494204882
30,2102,570,32,9.020250724655428,30,0.20848277002955756
30,2102,570,38,2.068215512811251,30,0.8054108422768874
30,2102,571,22,0.6356075586080152,22,1.0251163161280858
30,2102,571,28,4.90430941478906,28,0.40574291852547556
30,2102,571,29,2.279049691951369,29,0.3773534039708607
30,2102,571,30,2.2335456904929147,30,0.35254033950146413
30,2102,571,31,2.252498164882,30,0.3672520587326058
30,2102,571,32,1.9345824669983145,30,0.3683103260515513
30,2102,571,38,2.880035922126615,30,1.092332482658639
30,2102,572,22,1.3637769766921566,22,1.2425175643962092
30,2102,572,28,2.889919137984042,28,0.45821340651518183
30,2102,572,29,5.408192419900453,29,0.4181746978223276
30,2102,572,30,20.92471129321981,30,0.10174003100541526
30,2102,572,31,9.764404424686399,30,0.2139042925457889
30,2102,572,32,10.051800466071992,30,0.22789923788615019
30,2102,572,38,2.186712060050323,30,0.843418569434259
30,2102,573,22,0.49993295850292274,22,0.876283943985862
30,2102,573,28,3.362365310734194,28,0.16638533314632611
30,2102,573,29,4.809381511720625,29,0.15362173888058436
30,2102,573,30,5.971665540983436,30,0.14798478117666453
30,2102,573,31,5.809324212483651,30,0.16251827777986466
30,2102,573,32,4.565750317419018,30,0.19831046304453612
30,2102,573,38,3.22542867549518,30,1.1621861728251106
30,2102,574,22,1.1858466478542977,22,1.199087503937788
30,2102,574,28,2.2610633947235907,28,0.33278001041672073
30,2102,574,29,9.047379343002884,29,0.18513178662194615
30,2102,574,30,534897.7648925523,30,0.00017837606247362553
30,2102,574,31,3.4310785095786644,30,0.06949827638790122
30,2102,574,32,2.33935581594127,30,0.2876446328805445
30,2102,574,38,2.721511762645326,30,1.0796448553378473
30,2102,575,22,0.6428315572307493,22,1.34950382644958
30,2102,575,28,1.3786741172107837,28,0.6109115086119481
30,2102,575,29,3.991542673297828,29,0.21402112285876593
30,2102,575,30,37.6383689005864,30,0.13398511752845832
30,2102,575,31,24.23427055624827,30,0.16444417178472795
30,2102,575,32,12.305298670769112,30,0.22155284738716477
30,2102,575,38,2.7777618857993422,30,0.6218957407339399
30,2102,576,22,1.7847569865469868,22,0.6797103321610075
30,2102,576,28,921.824085847794,28,0.02952280973874252
30,2102,576,29,914.3963776530924,29,0.026105863862583473
30,2102,576,30,941.6431248890924,30,0.023324369321074873
30,2102,576,31,597.4929971745964,30,0.029275640858745806
30,2102,576,32,65.27583147272452,30,0.07719468643194383
30,2102,576,38,2.644814732320815,30,1.179256249803538
30,2102,577,22,0.9760806941397178,22,0.9473511802553684
30,2102,577,28,4.235204291506104,28,0.1519567616902773
30,2102,577,29,4.159082192171714,29,0.15161216950185635
30,2102,577,30,8.135150350635248,30,0.13364706032547533
30,2102,577,31,8.196467247332066,30,0.1365540103458883
30,2102,577,32,3.2008356160704934,30,0.2889048523598996
30,2102,577,38,3.42025784146802,30,0.9545160231372921
30,2102,578,22,0.531725496828054,22,1.1787977244848533
30,2102,578,28,2.5519796201097114,28,0.508500268249388
30,2102,578,29,2.2177220517664225,29,0.2438982994008003
30,2102,578,30,49.3511552913461,30,0.04234477494983484
30,2102,578,31,39.01652428281764,30,0.04483783513287539
30,2102,578,32,9.389180967148407,30,0.10970019567539999
30,2102,578,38,1.7108963525428933,30,1.0979904939551517
30,2102,579,22,2.328469718560521,22,0.6137273784876616
30,2102,579,28,1.1413007026491089,28,0.1521587042620652
30,2102,579,29,1.5296763304937029,29,0.14088540726340307
30,2102,579,30,45.35029292947912,30,0.07665881898087898
30,2102,579,31,13.745995580435443,30,0.13987331541170553
30,2102,579,32,2.8687894557413243,30,0.2001860157013435
30,2102,579,38,2.381323476672835,30,0.8775185483827247
30,2102,580,22,0.8888204330895998,22,0.9648476209149371
30,2102,580,28,13.598281160941557,28,0.2447715047256369
30,2102,580,29,20.845105968680745,29,0.15894430030872891
30,2102,580,30,32.944621394294515,30,0.11328608618213631
30,2102,580,31,24.947682437689945,30,0.11653331122436364
30,2102,580,32,13.351649599193841,30,0.17432639724408736
30,2102,580,38,5.126792845245246,30,0.7803357137177952
30,2102,581,22,0.5709823080782199,22,1.1255938284326512
30,2102,581,28,12.586987792179515,28,0.3019538141090063
30,2102,581,29,5.14890633607902,29,0.23416240760025056
30,2102,581,30,60.08386776607971,30,0.010388436276017968
30,2102,581,31,2.428499815630599,30,0.1277065732284515
30,2102,581,32,2.4231530845875726,30,0.22136422259930946
30,2102,581,38,2.8883667318418116,30,1.0498107079435128
30,2102,582,22,0.6754677300861281,22,1.1083329047828512
30,2102,582,28,1.8053976462636823,28,0.226541809609258
30,2102,582,29,125.06234642467257,29,0.02284662947887508
30,2102,582,30,375.9007336281431,30,0.014760683452720375
30,2102,582,31,224.13065806209167,30,0.03535120938493922
30,2102,582,32,5.656418238546942,30,0.17412599355179073
30,2102,582,38,1.758657777085523,30,0.9321461021758287
30,2102,583,22,1.243011829858371,22,1.0677576741257426
30,2102,583,28,2.383676827491,28,0.2578922905599182
30,2102,583,29,26.551813492383587,29,0.11277822971832528
30,2102,583,30,11.275260655512838,30,0.09336269259464444
30,2102,583,31,8.36218774852029,30,0.34040411670952714
30,2102,583,32,7.7003509457547406,30,0.39768301390324684
30,2102,583,38,4.395699441454826,30,0.729583752021353
30,2102,584,22,0.6758937961560172,22,1.0735097263552151
30,2102,584,28,4.4085778354236735,28,0.30125985679519757
30,2102,584,29,13.687469300825528,29,0.14330365454070812
30,2102,584,30,17.635170947948083,30,0.10727698040965256
30,2102,584,31,6.31778149542086,30,0.27420505151912034
30,2102,584,32,4.42930566709075,30,0.2928095159504473
30,2102,584,38,2.5200150184864647,30,1.058047573355978
30,2102,585,22,1.2909144537732486,22,1.1738069910579496
30,2102,585,28,3.3065407254524057,28,0.36448353632905095
30,2102,585,29,5.749967536133974,29,0.3636336401998928
30,2102,585,30,11.660962759114696,30,0.31019608312984454
30,2102,585,31,6.89538449623156,30,0.35498973989080834
30,2102,585,32,4.289893636155057,30,0.4578291911982425
30,2102,585,38,4.315663439813797,30,0.8821951053786061
30,2102,586,22,0.5149466867681927,22,0.8708531758619309
30,2102,586,28,1.2915097815088894,28,0.5996701685377679
30,2102,586,29,2.700873748760494,29,0.48188118961435567
30,2102,586,30,1646.5515563942897,30,0.03053879320518298
30,2102,586,31,25.647666313119384,30,0.229495472438408
30,2102,586,32,5.8552059293666066,30,0.6209199428525058
30,2102,586,38,3.150845049637997,30,0.908164529558512
30,2102,587,22,0.8463450121334232,22,0.8673107382977366
30,2102,587,28,1.2624565043946554,28,0.24327840097775735
30,2102,587,29,1.443536150740031,29,0.23080846965375493
30,2102,587,30,212.57271199360508,30,0.017200002367276493
30,2102,587,31,104.52889612651315,30,0.02481608233326787
30,2102,587,32,100.38594523387096,30,0.02566638949362047
30,2102,587,38,1.1170801862947386,30,0.5284277164179961
30,2102,588,22,3.1987378718407546,22,0.6164094373979896
30,2102,588,28,4.371336771476066,28,0.3403352255941268
30,2102,588,29,4.401266296426791,29,0.31802080745709693
30,2102,588,30,129.24384622917097,30,0.03981834036227763
30,2102,588,31,42.03299248877751,30,0.06493978719483422
30,2102,588,32,33.04060558485439,30,0.07873013764055717
30,2102,588,38,2.504782066270912,30,0.8287829837980095
30,2102,589,22,0.7899293935169418,22,0.9039446279212885
30,2102,589,28,1.8543274029823111,28,0.5601063456462357
30,2102,589,29,14.093126244854677,29,0.2122732639500316
30,2102,589,30,44.336627793288685,30,0.12256847130297281
30,2102,589,31,4.1676389847545074,30,0.4125563738179536
30,2102,589,32,3.040055049152806,30,0.5075231565758537
30,2102,589,38,2.4485647986535497,30,0.8381395015372509
30,2102,590,22,1.9040050177238903,22,0.9255466927639403
30,2102,590,28,3.2742556498498683,28,0.3407598185707362
30,2102,590,29,6.957441443983195,29,0.21447441159747593
30,2102,590,30,7.274065217321934,30,0.18768534281075686
30,2102,590,31,7.719831812468412,30,0.26823501409407124
30,2102,590,32,7.5188251243489885,30,0.2841437627269605
30,2102,590,38,4.303391345524846,30,0.8833226386515713
30,2102,591,22,2.075982484757132,22,1.129656030376602
30,2102,591,28,22.383613396230768,28,0.17035158564394703
30,2102,591,29,7.964769442759671,29,0.1359675579995492
30,2102,591,30,2715.709168917936,30,0.016563194338325073
30,2102,591,31,20.833296851845503,30,0.2039546001002073
30,2102,591,32,8.783116321594001,30,0.33588220741863223
30,2102,591,38,5.069731323709383,30,0.8643989450297387
30,2102,592,22,1.1609329385033966,22,1.3970258806883011
30,2102,592,28,1.071417898811914,28,0.6377205536690298
30,2102,592,29,2.085881259736797,29,0.30493519296275223
30,2102,592,30,7.409304891567642,30,0.2938521011519179
30,2102,592,31,7.41973981813703,30,0.3683417985762226
30,2102,592,32,6.6688418555192115,30,0.38722264269349455
30,2102,592,38,2.384807635471897,30,1.1350674210569445
30,2102,593,22,0.8505352245929717,22,0.8453182194414446
30,2102,593,28,29.212105994277596,28,0.16676876805049218
30,2102,593,29,49.86332847234594,29,0.1596257468504486
30,2102,593,30,84.13880431314506,30,0.13921683750978198
30,2102,593,31,26.858729106862246,30,0.219927563652841
30,2102,593,32,17.993316436373583,30,0.28112668340636704
30,2102,593,38,2.9514273577126287,30,0.9107643552439803
30,2102,594,22,0.7868434739927849,22,1.0069258340478062
30,2102,594,28,6.360009226270041,28,0.4473070749960703
30,2102,594,29,43.78274712357917,29,0.16916225163055876
30,2102,594,30,6335.099104304991,30,0.009923445998835203
30,2102,594,31,8.203674575315373,30,0.3915286357146309
30,2102,594,32,6.635973540932458,30,0.5047568677821707
30,2102,594,38,2.781794662284947,30,1.0148728951893442
30,2102,595,22,0.9252657521716854,22,1.1356193380353086
30,2102,595,28,1.130404142128274,28,0.08894142810344052
30,2102,595,29,1.4625690094017854,29,0.08872626181331504
30,2102,595,30,20.03466339149376,30,0.037634898380230396
30,2102,595,31,2.7981949716541963,30,0.12524228530613243
30,2102,595,32,2.68784309581696,30,0.12590613670454912
30,2102,595,38,1.5565710901891707,30,1.0478712180495144
30,2102,596,22,1.0633680514474053,22,0.8319391406793104
30,2102,596,28,3.128702943901921,28,0.1817446713845135
30,2102,596,29,8.443056230754518,29,0.14807599802995902
30,2102,596,30,43.32896679021929,30,0.08512208329829644
30,2102,596,31,3.204761724779232,30,0.1410910197237117
30,2102,596,32,2.79513663534916,30,0.4657134039109367
30,2102,596,38,2.4275655479522613,30,0.835663088071408
30,2102,597,22,0.6695258534510103,22,1.3302239489929226
30,2102,597,28,1.5337430549617508,28,0.5660302061479021
30,2102,597,29,1.6080369231985274,29,0.46376497794221055
30,2102,597,30,52.694452544501154,30,0.1688504590055055
30,2102,597,31,17.502522309437413,30,0.28575606744141374
30,2102,597,32,13.472226477286391,30,0.3004187163272972
30,2102,597,38,4.407034786235246,30,0.8988891609629804
30,2102,598,22,0.8788818480817613,22,1.3017641842561176
30,2102,598,28,3.793779482859789,28,0.5287826025937159
30,2102,598,29,4.176991103502463,29,0.2664444593111277
30,2102,598,30,144.73214872577273,30,0.0444646763284392
30,2102,598,31,91.51058285754391,30,0.05787037740810368
30,2102,598,32,55.00528691050498,30,0.08088127101267643
30,2102,598,38,2.9276364369752006,30,0.5942838438954915
30,2102,599,22,1.2543656346360208,22,0.8417472977515096
30,2102,599,28,4.361012141105949,28,0.1912131380103907
30,2102,599,29,3.648761857024641,29,0.13344214811319244
30,2102,599,30,847.0497249902862,30,0.03741835163623637
30,2102,599,31,10.153765252547835,30,0.13591223293474247
30,2102,599,32,6.755284739340745,30,0.21681511017289173
30,2102,599,38,3.359325276770683,30,1.2455218578054565
30,2102,600,22,0.597744913890947,22,0.9222352227574727
30,2102,600,28,1.2926952289387321,28,0.2195338730562352
30,2102,600,29,3.399133388450575,29,0.21704634987645902
30,2102,600,30,113.57801487290673,30,0.04934747938737763
30,2102,600,31,42.039587806950095,30,0.09174276239746773
30,2102,600,32,39.916473788680854,30,0.09243675337140873
30,2102,600,38,2.0512633443438144,30,1.0093696812304405
30,2102,601,22,0.9493114860292658,22,1.2068327050677319
30,2102,601,28,2.5908710283778227,28,0.2644663777614262
30,2102,601,29,2.530973796163627,29,0.25979406333822996
30,2102,601,30,14.871412075215762,30,0.21695251948247588
30,2102,601,31,4.712306744579435,30,0.33071449795844027
30,2102,601,32,2.2894318202271697,30,0.5796087212234912
30,2102,601,38,2.1447117923429504,30,0.9047917224683393
30,2102,602,22,0.9477444689411575,22,0.7750517947788573
30,2102,602,28,3.6434582789451735,28,0.30863480035630914
30,2102,602,29,3.590605787187417,29,0.3070577870255857
30,2102,602,30,246.66199971455498,30,0.02071847846621234
30,2102,602,31,4.268690328199507,30,0.1666256217511943
30,2102,602,32,3.8902702512889173,30,0.2375125039231547
30,2102,602,38,4.801577964332347,30,0.6816297429528262
30,2102,603,22,0.9317046091939797,22,0.7914776537752731
30,2102,603,28,5.940052406123789,28,0.3201414767091679
30,2102,603,29,16.143767889015596,29,0.15893002144137677
30,2102,603,30,34.23974127167119,30,0.1421961542281629
30,2102,603,31,8.719293768030525,30,0.2731789541596658
30,2102,603,32,8.664873958322234,30,0.29086430718840517
30,2102,603,38,2.2713583637309487,30,1.126568157313008
30,2102,604,22,1.0829347048043259,22,0.6119436732473899
30,2102,604,28,6.8636025634676106,28,0.24086455102132076
30,2102,604,29,15.11276058095655,29,0.23424312376831494
30,2102,604,30,25.445894200333036,30,0.22927983451847553
30,2102,604,31,10.123540655521829,30,0.233290062829992
30,2102,604,32,7.027190289623716,30,0.2667882302471123
30,2102,604,38,3.0622896398680837,30,0.904643702417986
30,2102,605,22,1.2070780205856926,22,1.1994181299263478
30,2102,605,28,2.4666442944991016,28,0.7367818865911472
30,2102,605,29,4.764561024379218,29,0.6058879551387969
30,2102,605,30,7.503201544448582,30,0.4257186132875975
30,2102,605,31,3.1916299388667277,30,0.5810419450332829
30,2102,605,32,2.187299811838568,30,0.6599642411308905
30,2102,605,38,3.70621392677863,30,1.2372375362101162
30,2102,606,22,0.47693452208666925,22,1.3545881929296808
30,2102,606,28,1.144424686334447,28,0.6193182429065683
30,2102,606,29,0.9465234357317417,29,0.43034154277967107
30,2102,606,30,1500.9659766175637,30,0.007559452973245514
30,2102,606,31,95.99412308276123,30,0.03060208499149694
30,2102,606,32,2.950064210165146,30,0.22322174851034213
30,2102,606,38,2.7242847856996484,30,1.197268535652547
30,2102,607,22,0.6221118479990556,22,1.1021667945034845
30,2102,607,28,5.104978371687384,28,0.34212514024822827
30,2102,607,29,9.849196418201329,29,0.2327078863012538
30,2102,607,30,10.323097780389613,30,0.10576479945383148
30,2102,607,31,7.065461688926331,30,0.19267728526081299
30,2102,607,32,5.7605137869492,30,0.212124105773421
30,2102,607,38,2.199294640071992,30,0.5268351784828905
30,2102,608,22,1.2034251453577127,22,1.1189541208974845
30,2102,608,28,4.31070366307511,28,0.38346818465785026
30,2102,608,29,9.952711623287138,29,0.2854572823709547
30,2102,608,30,16.515479353979295,30,0.28512722750686614
30,2102,608,31,7.40389391498922,30,0.31785948309207884
30,2102,608,32,4.426397400195982,30,0.4333461675319631
30,2102,608,38,1.8322419525707214,30,0.8821980831442732
30,2102,609,22,1.0781553178701788,22,1.1096343448907782
30,2102,609,28,2.1966911021264544,28,0.6356415975195833
30,2102,609,29,2.6575096001588605,29,0.39449738515805116
30,2102,609,30,2.2310584998714615,30,0.2852631341054408
30,2102,609,31,2.4679392241674574,30,0.2855305104024505
30,2102,609,32,2.3341294296629735,30,0.44043511200702135
30,2102,609,38,1.9905499000444458,30,0.8264845227277108
30,2102,610,22,0.6813839498127667,22,0.9066340695039862
30,2102,610,28,7.872350577526952,28,0.1606728112801963
30,2102,610,29,9.407104606670428,29,0.15064241667862266
30,2102,610,30,8.676272717315127,30,0.14817980387400692
30,2102,610,31,7.8548896196713605,30,0.1706793350995187
30,2102,610,32,2.383112801014841,30,0.24278999744857396
30,2102,610,38,2.6702588041195434,30,0.9334763129575524
30,2102,611,22,1.2008143529146214,22,1.2065066652384941
30,2102,611,28,3.1386820825120645,28,0.5329353385519714
30,2102,611,29,5.59515419931989,29,0.14528749873778468
30,2102,611,30,269.2654387076295,30,0.023626314526242875
30,2102,611,31,36.933427307960706,30,0.05072754688280817
30,2102,611,32,2.5409610946206134,30,0.27710242665246604
30,2102,611,38,2.90472529052885,30,0.8045224232717226
30,2102,612,22,2.6606973584035236,22,0.9513911853582485
30,2102,612,28,2.534765077375955,28,0.2440772882215183
30,2102,612,29,2.644087841532723,29,0.2336737627039458
30,2102,612,30,26.583383036738194,30,0.15464031351573176
30,2102,612,31,17.560038868355512,30,0.162966320363345
30,2102,612,32,9.361794150520478,30,0.2056980475312135
30,2102,612,38,3.6259233658833163,30,0.8510393962874288
30,2102,613,22,0.6290369986681621,22,0.9869389946151106
30,2102,613,28,8.494382146426725,28,0.26310392882965394
30,2102,613,29,12.812368984257722,29,0.16560118972966553
30,2102,613,30,76.77980637170809,30,0.11721960518622399
30,2102,613,31,42.420973471465665,30,0.17588769375097515
30,2102,613,32,22.90375891969839,30,0.24933493687499697
30,2102,613,38,3.014239841289198,30,0.9300315800100376
30,2102,614,22,1.0187314869436628,22,0.9360551587061164
30,2102,614,28,1.1641333938103147,28,0.5107322310572726
30,2102,614,29,1.52074928506254,29,0.5095240048072911
30,2102,614,30,3.26577164122213,30,0.4452114328691192
30,2102,614,31,2.5879909401725683,30,0.4716224170694303
30,2102,614,32,1.7470710179857618,30,0.5737367767074535
30,2102,614,38,2.139197391523012,30,1.048800256548065
30,2102,615,22,2.0077524664291815,22,1.4025930707359269
30,2102,615,28,2.945726410478499,28,0.4798344754876527
30,2102,615,29,20.3688473865248,29,0.10931447535476611
30,2102,615,30,26.06237241986039,30,0.1082627543132634
30,2102,615,31,20.907295366074536,30,0.12337562899569304
30,2102,615,32,4.191474845927857,30,0.2878385052920581
30,2102,615,38,2.57382236919971,30,1.2477302129911456
30,2102,616,22,0.7005288135846104,22,1.3111866646115495
30,2102,616,28,3.478704104965902,28,0.4735712429714775
30,2102,616,29,4.694753212083627,29,0.34256995214099
30,2102,616,30,7.35645322193364,30,0.2056526141209015
30,2102,616,31,3.591209007601666,30,0.22267171492558138
30,2102,616,32,2.8806767027438083,30,0.4992342422731235
30,2102,616,38,3.6329981957533284,30,1.0516650765504532
30,2102,617,22,0.5386603438287575,22,0.8781980359213895
30,2102,617,28,7.38943335953989,28,0.28505934620675716
30,2102,617,29,6.8231118634341446,29,0.2668252529824364
30,2102,617,30,17.12595191253782,30,0.15543188927407864
30,2102,617,31,1.6816747566652825,30,0.2129843874290434
30,2102,617,32,1.314770078325278,30,0.21692812737884926
30,2102,617,38,3.0802585893691448,30,0.5930271512961715
30,2102,618,22,0.7488611553338747,22,1.1947308037960795
30,2102,618,28,1.9089546134130826,28,0.15358565237320804
30,2102,618,29,17.456284919006606,29,0.08605475111755573
30,2102,618,30,13.437949862497721,30,0.06812461364671067
30,2102,618,31,12.774397523110329,30,0.0685343598237026
30,2102,618,32,1.469427774636492,30,0.36036842978798034
30,2102,618,38,1.6905931791848046,30,1.0064207715627602
30,2102,619,22,1.917860788440999,22,0.6099947762125728
30,2102,619,28,4.088562537310024,28,0.27631131782960694
30,2102,619,29,3.9873466915982285,29,0.11378990361821036
30,2102,619,30,4.796252184117646,30,0.11295384486379677
30,2102,619,31,5.058295521441974,30,0.12818484679398168
30,2102,619,32,4.485925389428617,30,0.31088330767324646
30,2102,619,38,2.8085175703265004,30,0.7293480005823446
30,2102,620,22,0.5589224519724916,22,1.2314000546214854
30,2102,620,28,2.116410547834643,28,0.3138910519913193
30,2102,620,29,3.9317363580799407,29,0.3124734855084011
30,2102,620,30,13.259984516963462,30,0.050013253462191314
30,2102,620,31,3.8312721842803477,30,0.39648473382114613
30,2102,620,32,3.4776086340464043,30,0.40819070033193056
30,2102,620,38,2.375126839292132,30,1.1722122752089863
30,2102,621,22,0.6683110218841086,22,1.0390058444742194
30,2102,621,28,1.620260217915534,28,0.3552786775995932
30,2102,621,29,2.9688570760671427,29,0.10203422315231726
30,2102,621,30,8.395189140484089,30,0.10117297299418263
30,2102,621,31,7.521822175758126,30,0.1481143912022166
30,2102,621,32,5.609796154161167,30,0.15464733174479017
30,2102,621,38,2.475473249727552,30,0.7047546400208019
30,2102,622,22,1.9961057450447572,22,0.8867474736234211
30,2102,622,28,7.357592758172453,28,0.29168877733213916
30,2102,622,29,7.960017976326417,29,0.2714595278331607
30,2102,622,30,112.64477227595518,30,0.09303180421393316
30,2102,622,31,7.486105956951062,30,0.28978014045266376
30,2102,622,32,6.506306854292226,30,0.31839123281748966
30,2102,622,38,2.659173584758549,30,1.3395149319309625
30,2102,623,22,0.5430888061291795,22,1.4560242979388003
30,2102,623,28,1.0072743524593222,28,0.467918828077065
30,2102,623,29,1.1050232642100453,29,0.4517987044044164
30,2102,623,30,3.9435397806128716,30,0.3309030996077027
30,2102,623,31,3.914070191556561,30,0.33571223668405736
30,2102,623,32,5.226715750293248,30,0.3498302506619607
30,2102,623,38,3.0860590136450923,30,1.1261772305993953
30,2102,624,22,1.264529801125364,22,0.7168265616638775
30,2102,624,28,16.671908297650273,28,0.11389657593226865
30,2102,624,29,2.8079107782787087,29,0.05262239298901938
30,2102,624,30,43.756496742621586,30,0.041380397782661414
30,2102,624,31,2.4564637880380285,30,0.0986992030084023
30,2102,624,32,2.158639802602755,30,0.14540761810553207
30,2102,624,38,2.266738787831744,30,1.126424078472446
30,2102,625,22,1.1440964618162495,22,1.2249007049986045
30,2102,625,28,3.3337527145709096,28,0.2446327613654919
30,2102,625,29,4.996665351334344,29,0.23490642416489965
30,2102,625,30,4.886748506815844,30,0.2240399893101941
30,2102,625,31,4.949316360181374,30,0.2669381533289679
30,2102,625,32,4.9637778303188185,30,0.41721738662267854
30,2102,625,38,2.5491686915671554,30,0.7872310505359904
30,2102,626,22,0.686124072892339,22,0.9901318793184126
30,2102,626,28,1.997575969153661,28,0.4936449972933277
30,2102,626,29,4.715463471140292,29,0.20848805017610672
30,2102,626,30,9.951263722292916,30,0.05168685055319461
30,2102,626,31,1.8843827214634676,30,0.2342175979903603
30,2102,626,32,1.9739935121440169,30,0.5291232310060859
30,2102,626,38,2.462506602200544,30,1.0293430777341204
30,2102,627,22,1.6408006992127715,22,0.9965585462423125
30,2102,627,28,16.619473910807077,28,0.159682958230639
30,2102,627,29,3.516831252082993,29,0.11002620358397593
30,2102,627,30,7.088257521736325,30,0.09167898599617429
30,2102,627,31,3.4699183521239947,30,0.28420392807807154
30,2102,627,32,2.7100446847479374,30,0.3658087316173542
30,2102,627,38,2.861948728667228,30,0.5252965357152862
30,2102,628,22,0.8062702592559515,22,1.322653005219694
30,2102,628,28,1.6315905149905934,28,0.3489961181300928
30,2102,628,29,8.863107425655206,29,0.30365199314065133
30,2102,628,30,3.5431316367007835,30,0.2500187447724505
30,2102,628,31,3.438216812800196,30,0.31891947474162186
30,2102,628,32,1.8576198747546653,30,0.4648530127432004
30,2102,628,38,1.5919465650935398,30,0.9532279252412754
30,2102,629,22,0.8184996748800023,22,0.7532215853728572
30,2102,629,28,3.7519396796988658,28,0.46642906603031103
30,2102,629,29,17.822248684843615,29,0.14760508666168917
30,2102,629,30,63.44242897247305,30,0.056721205328527285
30,2102,629,31,26.932171483370126,30,0.1440189326623548
30,2102,629,32,25.05007251388854,30,0.15847464359336866
30,2102,629,38,3.456600910959549,30,0.8508864004192682
30,2102,630,22,0.6896817515990815,22,1.0359986689223244
30,2102,630,28,8.157010117231138,28,0.15803106249827903
30,2102,630,29,9.519633647909554,29,0.15276481414731838
30,2102,630,30,7.462961624780368,30,0.0403836388728373
30,2102,630,31,3.138124420047964,30,0.11952877346058624
30,2102,630,32,1.858962732353187,30,0.48543243881307807
30,2102,630,38,1.8013009746867923,30,1.0076076629705943
30,2102,631,22,0.9780070319231482,22,1.1378576207669582
30,2102,631,28,3.643743695449581,28,0.35000006559950636
30,2102,631,29,2.5235940171392253,29,0.1591269868084183
30,2102,631,30,4.498832555306607,30,0.15903544729455582
30,2102,631,31,4.664079916826066,30,0.17705339491697888
30,2102,631,32,4.700367296932049,30,0.4447826924276399
30,2102,631,38,4.605133324256635,30,0.7664712474745519
30,2102,632,22,0.9511845021938715,22,1.1047395233453972
30,2102,632,28,2.257122175042944,28,0.29185272927880784
30,2102,632,29,2.1378469777865416,29,0.19414125615035233
30,2102,632,30,4.898577876459143,30,0.05944457374197991
30,2102,632,31,1.2100500243047485,30,0.24813892436273027
30,2102,632,32,1.1957411991442601,30,0.44157188943440034
30,2102,632,38,2.67071338152561,30,1.183690261293789
30,2102,633,22,0.8052232943276957,22,1.0033162640670859
30,2102,633,28,4.242256436215715,28,0.5259611793356125
30,2102,633,29,7.81639050822673,29,0.5105842350073707
30,2102,633,30,6.5347121784953295,30,0.19753695373352978
30,2102,633,31,5.252219530689846,30,0.20611292724368363
30,2102,633,32,5.48096607340592,30,0.2824610333994047
30,2102,633,38,3.0378563478640386,30,0.8998471581517805
30,2102,634,22,0.5033033637817966,22,1.2838743647598756
30,2102,634,28,10.608508062013508,28,0.173277764981714
30,2102,634,29,6.2223793300548715,29,0.12590524645788814
30,2102,634,30,6.497003955107692,30,0.10600700614631571
30,2102,634,31,4.825071949009268,30,0.12633180497527843
30,2102,634,32,4.396453314322885,30,0.13397543451818775
30,2102,634,38,2.5308082202309325,30,0.6364495834500166
30,2102,635,22,0.7294477745291464,22,1.3673210248676018
30,2102,635,28,2.2392343436657596,28,0.2690436945304421
30,2102,635,29,5.4161492836278615,29,0.2438932942552526
30,2102,635,30,5.046160600781337,30,0.2331273783074871
30,2102,635,31,2.312757140431465,30,0.43397520578241777
30,2102,635,32,2.045727623812823,30,0.4428082837024029
30,2102,635,38,2.3968536925409536,30,1.2189293391397347
30,2102,636,22,0.4389920644811963,22,0.6113220778297157
30,2102,636,28,15.96141021626271,28,0.24444843286379267
30,2102,636,29,24.916791613860298,29,0.1806133912227949
30,2102,636,30,17.216039077180216,30,0.05612254665903424
30,2102,636,31,14.360984963519984,30,0.23375514393307084
30,2102,636,32,9.561266017976207,30,0.2786101634012239
30,2102,636,38,3.333089309867841,30,0.7603856562681799
30,2102,637,22,1.107685015359138,22,0.8678249338507928
30,2102,637,28,1.1464395656472242,28,0.6428919830889944
30,2102,637,29,1.810066630835151,29,0.5143165556414234
30,2102,637,30,71.3506053636117,30,0.08996774369787804
30,2102,637,31,29.336215466117736,30,0.13109566890767993
30,2102,637,32,2.988053196255404,30,0.5813407194261545
30,2102,637,38,2.1513388711351684,30,0.7477886924596493
30,2102,638,22,0.9585071875565904,22,0.9713233157324431
30,2102,638,28,5.479545910251981,28,0.20551577707045374
30,2102,638,29,5.665757529623673,29,0.12317462298847083
30,2102,638,30,49.535265649642085,30,0.018268955623657317
30,2102,638,31,2.5196913384872945,30,0.10330988134062886
30,2102,638,32,3.280998423672051,30,0.3151142418293668
30,2102,638,38,3.744634565502453,30,0.848596752720809
30,2102,639,22,2.0188732221117274,22,0.5489442943798339
30,2102,639,28,2.5141493390511744,28,0.32054678034836137
30,2102,639,29,8.127564855186566,29,0.17799039416014034
30,2102,639,30,2.5044055175388813,30,0.11095151749719204
30,2102,639,31,3.269771073510725,30,0.12728800039271368
30,2102,639,32,3.765204343040975,30,0.20108846908535646
30,2102,639,38,3.4898301371887284,30,0.9747152443698238
30,2102,640,22,1.0064099918760174,22,1.1088896732754223
30,2102,640,28,2.6770119665688727,28,0.4233955071269319
30,2102,640,29,35.12379473394319,29,0.22879373221748217
30,2102,640,30,19.496437837839643,30,0.1447508090566993
30,2102,640,31,6.593475814190537,30,0.15359342346284993
30,2102,640,32,6.151232582689699,30,0.15668400315018124
30,2102,640,38,2.226762805013454,30,0.7913529641455499
30,2102,641,22,0.578975619676434,22,1.5302603033737963
30,2102,641,28,1.7116937833534867,28,0.28001958473770894
30,2102,641,29,1.9628389542079827,29,0.16191147554296062
30,2102,641,30,15.805956019970514,30,0.09095110196539691
30,2102,641,31,13.097091621619057,30,0.09890066247259152
30,2102,641,32,4.880547866084476,30,0.27340137531455255
30,2102,641,38,4.29811859932184,30,0.8366545766275469
30,2102,642,22,0.9810408714492842,22,0.7750533350093318
30,2102,642,28,11.028512741922109,28,0.3992799764445116
30,2102,642,29,11.267412238292568,29,0.3197135552954782
30,2102,642,30,10.571719468618173,30,0.2460353087748678
30,2102,642,31,8.243642541297813,30,0.26650310899526153
30,2102,642,32,6.279085206571762,30,0.2686456156625955
30,2102,642,38,3.9527299426252593,30,0.9126189553848295
30,2102,643,22,0.7983682119228604,22,1.1023187430577222
30,2102,643,28,4.728209625822911,28,0.2283315441935513
30,2102,643,29,5.015857510951997,29,0.2138305191717496
30,2102,643,30,32.589986859685084,30,0.17022090469608214
30,2102,643,31,13.951122921991066,30,0.2528476533381761
30,2102,643,32,9.54318886021446,30,0.2540694005068265
30,2102,643,38,2.5596612794844726,30,0.7837512203584828
30,2102,644,22,3.0184646244098574,22,0.8409330960435976
30,2102,644,28,2.5016567987412404,28,0.48080054140976475
30,2102,644,29,2.4594679435588254,29,0.47723271080792046
30,2102,644,30,2.6532606006748702,30,0.4566742925316068
30,2102,644,31,2.6830303791240686,30,0.4762030643703216
30,2102,644,32,2.135286935601995,30,0.47633399991458714
30,2102,644,38,2.259792531241558,30,0.9700282665783553
30,2102,645,22,0.8010217365190908,22,1.0366812600941928
30,2102,645,28,2.0136442284767178,28,0.4881099760011319
30,2102,645,29,1.5637128503715516,29,0.3045136567960813
30,2102,645,30,64.55156702126598,30,0.09790274151495011
30,2102,645,31,49.740743777551764,30,0.11507847311956601
30,2102,645,32,3.182226210191852,30,0.49903631512939783
30,2102,645,38,1.9098767687780345,30,1.0084811516333791
30,2102,646,22,6.103689441895388,22,0.40857670589343875
30,2102,646,28,9.112475810836637,28,0.3033964140405825
30,2102,646,29,9.1278445848938,29,0.3030791162356729
30,2102,646,30,7.707494474111647,30,0.070902160746508
30,2102,646,31,6.326577580267999,30,0.23625761349003502
30,2102,646,32,4.682470468634319,30,0.4245628048160593
30,2102,646,38,3.1772629918978588,30,0.9428981253032095
30,2102,647,22,0.5665027098925952,22,1.3340869494556697
30,2102,647,28,5.834444892392246,28,0.45389974649527315
30,2102,647,29,6.286191572222284,29,0.4360409667175219
30,2102,647,30,5.526059362971144,30,0.15247393369088544
30,2102,647,31,5.759308778289051,30,0.15301542722316874
30,2102,647,32,2.5991325658088495,30,0.2685774412180103
30,2102,647,38,2.709931338944603,30,0.9377519532934743
30,2102,648,22,0.5855903815704878,22,1.157963986569249
30,2102,648,28,1.5235819198883982,28,0.761186659537335
30,2102,648,29,2.0188806370986905,29,0.48748726632358635
30,2102,648,30,1.9485665791057132,30,0.25658901580509264
30,2102,648,31,4.664693131864888,30,0.27569788870321776
30,2102,648,32,4.701484659062567,30,0.45513538083580496
30,2102,648,38,4.519413908837532,30,0.7070607379521857
30,2102,649,22,1.4906352929735438,22,0.8699655791638967
30,2102,649,28,4.16096938919905,28,0.33676125014132896
30,2102,649,29,4.128082544152644,29,0.33675849738879216
30,2102,649,30,15.468500779446142,30,0.15010225318542242
30,2102,649,31,6.540990175340569,30,0.24658717261778382
30,2102,649,32,5.976612245080764,30,0.31684121063236564
30,2102,649,38,2.506784294000325,30,0.9926379165141275
30,2102,650,22,0.60908859123328,22,1.398527500263835
30,2102,650,28,7.709262471088208,28,0.21845097153866933
30,2102,650,29,23.2054105155381,29,0.18235359985078936
30,2102,650,30,10.503863243800515,30,0.08841853431236543
30,2102,650,31,6.445840322655442,30,0.29839906106141373
30,2102,650,32,4.48728563160649,30,0.42375570760793946
30,2102,650,38,3.1006281850270367,30,1.2132704382658204
30,2102,651,22,0.6935230595825659,22,1.0786352640442027
30,2102,651,28,2.414544765286944,28,0.33270009146627316
30,2102,651,29,3.155873589029471,29,0.33035782746710596
30,2102,651,30,2.3203194305526016,30,0.3279549347709262
30,2102,651,31,1.862004607707597,30,0.33879114070901023
30,2102,651,32,2.628520112844148,30,0.5313935612759054
30,2102,651,38,2.068129065131815,30,0.8493531713314846
30,2102,652,22,0.7171580369453894,22,1.1521945408119691
30,2102,652,28,2.798231648829969,28,0.2926313407680057
30,2102,652,29,16.328388297404103,29,0.11753633496793373
30,2102,652,30,27.353738969618664,30,0.11244492832256006
30,2102,652,31,10.363354491253228,30,0.19682438164807686
30,2102,652,32,4.320983934794863,30,0.5045766908222935
30,2102,652,38,2.47336047778271,30,1.210057939538114
30,2102,653,22,0.7676910805113756,22,0.8860817193998103
30,2102,653,28,9.377264902162064,28,0.3487561219903984
30,2102,653,29,16.024259109229778,29,0.308423194723073
30,2102,653,30,22.14187199466712,30,0.26104278417833615
30,2102,653,31,11.509555046130197,30,0.30503772887648817
30,2102,653,32,3.1114546294194403,30,0.7848380171144119
30,2102,653,38,1.3827411220278847,30,1.1624418885877548
30,2102,654,22,0.4456694238027402,22,1.0331976690091775
30,2102,654,28,1.0729562344806358,28,0.3261375679283902
30,2102,654,29,23.142978383685566,29,0.18223239114014045
30,2102,654,30,39.09157790096627,30,0.06918647650203684
30,2102,654,31,35.29258630847279,30,0.08041224570597635
30,2102,654,32,33.798250273850975,30,0.09002686033938437
30,2102,654,38,3.7028702751989604,30,0.7236010154773648
30,2102,655,22,0.7910808260022285,22,0.8743930307460394
30,2102,655,28,15.598248992552476,28,0.09415255713823506
30,2102,655,29,8.288059469467033,29,0.08837720963726241
30,2102,655,30,13.799504939798696,30,0.058243514420467025
30,2102,655,31,3.228236107778072,30,0.06617000219437627
30,2102,655,32,3.2522859581024903,30,0.2665208922156773
30,2102,655,38,2.624075238110424,30,0.8586135043445292
30,2102,656,22,1.8451806920472713,22,0.8408270497135212
30,2102,656,28,10.54599989452811,28,0.3467450007533585
30,2102,656,29,12.221718933218163,29,0.3125085439906274
30,2102,656,30,13.961696415303857,30,0.30999091974590104
30,2102,656,31,13.010373703668186,30,0.3312445886495743
30,2102,656,32,13.436992655595507,30,0.3313943773240078
30,2102,656,38,4.4993660230227945,30,0.856825105703684
30,2102,657,22,0.9735297089309088,22,0.9090072263959761
30,2102,657,28,6.586935935962791,28,0.5125298434318185
30,2102,657,29,10.144891769373773,29,0.4598414094894726
30,2102,657,30,44.41502395762047,30,0.039976156066769665
30,2102,657,31,6.688384409209222,30,0.46264679069946607
30,2102,657,32,6.02975705348743,30,0.502059888819696
30,2102,657,38,2.5676814523345883,30,1.0450747877734539
30,2102,658,22,1.132707527010751,22,1.0835059406735672
30,2102,658,28,1.761501374893159,28,0.659587016859594
30,2102,658,29,3.2315015101650904,29,0.35473150690691785
30,2102,658,30,31.5276360218977,30,0.11263175366783193
30,2102,658,31,19.801734302434863,30,0.13255927142084128
30,2102,658,32,7.951042391726752,30,0.1936121267911432
30,2102,658,38,2.609208735338625,30,1.2456985510258043
30,2102,659,22,0.5116853163845818,22,1.4431706107018412
30,2102,659,28,1.0892734813657503,28,0.207190016032037
30,2102,659,29,298.93610490097376,29,0.04012883549441094
30,2102,659,30,379.92574390780464,30,0.033738556342485675
30,2102,659,31,32.59084781378428,30,0.11154203688276264
30,2102,659,32,32.31515886760036,30,0.11167767284138423
30,2102,659,38,1.7621128716260024,30,1.2312117756620575
30,2102,660,22,0.8647678257789615,22,0.7771283649728966
30,2102,660,28,2.1949830153340666,28,0.4904032089480209
30,2102,660,29,2.658980051474711,29,0.25755357449540484
30,2102,660,30,47421.830925783586,30,0.001490137050001314
30,2102,660,31,6.120013881653924,30,0.23836738729001922
30,2102,660,32,3.2534436322434472,30,0.47532172859510224
30,2102,660,38,2.2091751483345017,30,0.9450833382639174
30,2102,661,22,1.9245594284233187,22,0.7940123356665826
30,2102,661,28,11.76187239804823,28,0.36428850246537986
30,2102,661,29,21.600191538501008,29,0.25214467059819456
30,2102,661,30,14.091264137907878,30,0.22372331889815428
30,2102,661,31,9.864674540705913,30,0.25168929379975585
30,2102,661,32,9.207139958985751,30,0.30343932426279485
30,2102,661,38,3.75734731103035,30,0.9220740906647371
30,2102,662,22,0.6154271323364812,22,1.3173737414657567
30,2102,662,28,1.9224751352132745,28,0.6599808504608998
30,2102,662,29,1.9147375115819187,29,0.5625441830889523
30,2102,662,30,2.0363352608834013,30,0.3722152352452496
30,2102,662,31,1.902889926499942,30,0.38180325689289657
30,2102,662,32,1.6990692272073393,30,0.514776396138174
30,2102,662,38,2.871061938286343,30,1.0364795704486
30,2102,663,22,0.6608488822481253,22,1.4562487656082814
30,2102,663,28,3.2357215116204743,28,0.33314557441980225
30,2102,663,29,3.721630712679108,29,0.3317816382081952
30,2102,663,30,5.297816070783042,30,0.23601499280201557
30,2102,663,31,3.7172782682997916,30,0.3351341747388314
30,2102,663,32,2.6533566069251124,30,0.45343739747022216
30,2102,663,38,2.0738682538194864,30,0.6637670334513175
30,2102,664,22,0.7284387000247613,22,1.1042306792484093
30,2102,664,28,1.2903216073482286,28,0.5993562322594913
30,2102,664,29,6.949634479440201,29,0.2698712077160984
30,2102,664,30,5.3006566445068275,30,0.12846449597837017
30,2102,664,31,4.117828579879218,30,0.3554205470802881
30,2102,664,32,4.093196443595882,30,0.37228605470964937
30,2102,664,38,2.4463339933377717,30,0.7941507875753714
30,2102,665,22,0.789417432477968,22,0.8767349722592381
30,2102,665,28,20.993125560660875,28,0.15133378862936445
30,2102,665,29,14.145820906277986,29,0.095945697275663
30,2102,665,30,60.938891857926784,30,0.018940445811523307
30,2102,665,31,14.374000942259709,30,0.09617837853694428
30,2102,665,32,1.8746368987438293,30,0.3017515047571417
30,2102,665,38,2.4779654818950254,30,0.8901743136845229
30,2102,666,22,0.8690142941497491,22,1.0294317119723202
30,2102,666,28,0.7153828184831151,28,0.5036060829279727
30,2102,666,29,3.837691308559709,29,0.4500638465134912
30,2102,666,30,19.055300700942535,30,0.1421912655047609
30,2102,666,31,11.149245770927664,30,0.20593584151248828
30,2102,666,32,10.98466918121462,30,0.2083674434217021
30,2102,666,38,2.9698455050567643,30,0.9130712470444308
30,2102,667,22,0.981135600250737,22,0.9220208793857825
30,2102,667,28,3.215508656429066,28,0.1634867240719078
30,2102,667,29,3.4408776346373116,29,0.16346030111756593
30,2102,667,30,300.92652795757175,30,0.06222571970540782
30,2102,667,31,58.371363477774715,30,0.14614179505437183
30,2102,667,32,50.75548043761205,30,0.1519606074166801
30,2102,667,38,2.350745147872491,30,0.779257136417816
30,2102,668,22,0.7742357557795474,22,1.0124614696983327
30,2102,668,28,3.220697216303429,28,0.22028537228765618
30,2102,668,29,3.9429782547151553,29,0.22015559954654068
30,2102,668,30,6.804086745410648,30,0.2198806938551709
30,2102,668,31,6.726662693907894,30,0.24589801918491747
30,2102,668,32,4.439823373053024,30,0.2805952996272909
30,2102,668,38,1.7182608134415691,30,0.9282884642129324
30,2102,669,22,0.5742451679422471,22,0.9544849156307071
30,2102,669,28,2.285825828004219,28,0.6333699019315462
30,2102,669,29,1.8873724837609533,29,0.6095772561359819
30,2102,669,30,3.3570549435059713,30,0.28969956199082025
30,2102,669,31,1.8212031250779277,30,0.3834942306178863
30,2102,669,32,2.993519774787192,30,0.6159767244493127
30,2102,669,38,3.1330319068542476,30,0.91257550849457
30,2102,670,22,0.9630989508031523,22,0.982967449086104
30,2102,670,28,7.327655259850394,28,0.4618643303033133
30,2102,670,29,6.922574081923158,29,0.4438308933416165
30,2102,670,30,8.400908307207603,30,0.17712960978157705
30,2102,670,31,4.181198142409468,30,0.1811250278084413
30,2102,670,32,3.3113144891176303,30,0.20177593321337944
30,2102,670,38,4.09793049533576,30,1.045839675239822
30,2102,671,22,1.3690006025187287,22,1.5887475166088545
30,2102,671,28,4.2990078126215,28,0.4084896595394653
30,2102,671,29,21.19408628901833,29,0.3596359769447593
30,2102,671,30,9.628843333686756,30,0.1497941969255649
30,2102,671,31,10.15742730211554,30,0.20219266106505143
30,2102,671,32,10.454140114871239,30,0.3360020442950892
30,2102,671,38,6.35135027063007,30,0.9394071773470505
30,2102,672,22,0.6642790065611688,22,1.5269011268928974
30,2102,672,28,1.4613877571307654,28,0.685426146866694
30,2102,672,29,2.940999301439143,29,0.6342345374563058
30,2102,672,30,6.054833610679796,30,0.3726861412788046
30,2102,672,31,6.0944195558601075,30,0.37901829747809
30,2102,672,32,6.0971675435235,30,0.37901920853457766
30,2102,672,38,3.4484693619518776,30,1.0030805182517795
30,2102,673,22,0.8361936023555373,22,0.7478590971961816
30,2102,673,28,4.529135925989004,28,0.33339086149885117
30,2102,673,29,4.206577337515122,29,0.33280371650460094
30,2102,673,30,5.546312888502868,30,0.33220200231733676
30,2102,673,31,5.574292487580217,30,0.40615804378632114
30,2102,673,32,5.805066413732299,30,0.4290262333286718
30,2102,673,38,3.2509784279227065,30,0.7709703223840567
30,2102,674,22,0.8192647398519791,22,1.2347970936730226
30,2102,674,28,1.400219420416288,28,0.35782500346721624
30,2102,674,29,45.29373350774349,29,0.1539231382583437
30,2102,674,30,45.755418488655515,30,0.15159368905459916
30,2102,674,31,6.751460274657747,30,0.2918049116433398
30,2102,674,32,3.6936687569596796,30,0.3208447992241313
30,2102,674,38,2.554258567101018,30,0.7796019279505692
30,2102,675,22,0.9976896507781354,22,1.1270642185405768
30,2102,675,28,5.474602252715256,28,0.28724662975519333
30,2102,675,29,7.3474065884419835,29,0.2781852957913729
30,2102,675,30,14.867011665845256,30,0.2023291375935629
30,2102,675,31,13.530597518541068,30,0.3052405519883885
30,2102,675,32,9.589160268325843,30,0.3803997436011018
30,2102,675,38,4.208570261222839,30,0.8460035331701858
30,2102,676,22,0.8217360490303895,22,0.9664911822866308
30,2102,676,28,2.5819788864913398,28,0.257300618039253
30,2102,676,29,3.114225828956335,29,0.07246051899693066
30,2102,676,30,132.2625556970119,30,0.037780697516580954
30,2102,676,31,10.14344959386181,30,0.09832155785811238
30,2102,676,32,3.7437228890033873,30,0.282725248861627
30,2102,676,38,2.751861148775667,30,0.820532238884458
30,2102,677,22,0.7660647234192847,22,1.0502147716646841
30,2102,677,28,10.792276364316363,28,0.24509320233353188
30,2102,677,29,4.543532184467099,29,0.1799624342462511
30,2102,677,30,58.484178681953075,30,0.138923152607331
30,2102,677,31,15.127695938904125,30,0.2876324091748566
30,2102,677,32,4.378439913473329,30,0.3324568481943492
30,2102,677,38,4.437776845400424,30,0.8641899328545778
30,2102,678,22,1.110434789817052,22,1.1302787713291782
30,2102,678,28,12.167273139889756,28,0.4877594668632043
30,2102,678,29,13.515878074021705,29,0.36837608033311464
30,2102,678,30,326.77554492795934,30,0.014458913089793544
30,2102,678,31,4.605305596415312,30,0.7662196081359671
30,2102,678,32,3.9413002291507473,30,0.7722473410670928
30,2102,678,38,2.4586419838395943,30,1.2400651755487129
30,2102,679,22,2.38397018565773,22,1.019093516875358
30,2102,679,28,4.7457957243433935,28,0.4290614958822428
30,2102,679,29,4.672190738790566,29,0.4194876985399591
30,2102,679,30,5.159605178688718,30,0.4139157008876507
30,2102,679,31,5.196503932407402,30,0.41735898920523995
30,2102,679,32,3.810939948290601,30,0.536715221925481
30,2102,679,38,3.1255618033567365,30,0.6186634552177606
30,2102,680,22,0.9023304553491287,22,1.1534832792026135
30,2102,680,28,1.1429671425590167,28,0.18916713399627072
30,2102,680,29,1.1527350045075573,29,0.14777862073966375
30,2102,680,30,1.8493049279844984,30,0.10597880093798756
30,2102,680,31,1.8352385739809984,30,0.12074711358847012
30,2102,680,32,1.1791103268559906,30,0.40775313878456204
30,2102,680,38,1.5495991395857993,30,1.0986377790392379
30,2102,681,22,0.8268223177496119,22,0.7310415524055233
30,2102,681,28,1.7495608897956836,28,0.19771115506269762
30,2102,681,29,16.311025980878885,29,0.1521091498288455
30,2102,681,30,127.5797167270361,30,0.02770769055252985
30,2102,681,31,2.79646071432642,30,0.12564413065655922
30,2102,681,32,2.831701379994361,30,0.1625483878336764
30,2102,681,38,2.7816246204054607,30,1.1919858834012773
30,2102,682,22,0.9811834806206519,22,0.8941400964472127
30,2102,682,28,108.6707895115988,28,0.0833196651111363
30,2102,682,29,299.59047841102785,29,0.03232845267317029
30,2102,682,30,2242.680352449986,30,0.004173521371830876
30,2102,682,31,6.88073734964714,30,0.08389709966563202
30,2102,682,32,2.6934930153381553,30,0.20123478791459745
30,2102,682,38,3.2110655966696924,30,0.9470952327519115
30,2102,683,22,0.8510846385449768,22,0.8497894939355257
30,2102,683,28,2.7101819233327777,28,0.1691231148258837
30,2102,683,29,4.602285852681625,29,0.16535683869073534
30,2102,683,30,2240433.8752842597,30,0.0002309388302203688
30,2102,683,31,2.072457971240812,30,0.16966206906102582
30,2102,683,32,2.620409971132795,30,0.4492768165721405
30,2102,683,38,3.3997911566237593,30,0.5425073590106054
30,2102,684,22,0.7390902487551021,22,0.8282761512455761
30,2102,684,28,3.8807736271064974,28,0.4453924308665577
30,2102,684,29,4.880561960799927,29,0.32584717260035045
30,2102,684,30,54.208885509334834,30,0.016631354490481018
30,2102,684,31,2.797278518716151,30,0.08595110590624025
30,2102,684,32,3.4997148123264914,30,0.31861970020632807
30,2102,684,38,3.236974106164707,30,0.5790119319660428
30,2102,685,22,1.3684248214792272,22,0.7438684309283163
30,2102,685,28,2.0077899985205736,28,0.42379982789722526
30,2102,685,29,9.233825064137951,29,0.3424058544618215
30,2102,685,30,9.84814527335919,30,0.3383274806805329
30,2102,685,31,9.288229170209089,30,0.3385019532538557
30,2102,685,32,8.626711841789826,30,0.37742919071661957
30,2102,685,38,2.429887197225296,30,1.043880046736994
30,2102,686,22,0.5681202568264572,22,1.0151275254292365
30,2102,686,28,10.180895304675765,28,0.33318677036275995
30,2102,686,29,10.788941740194112,29,0.3182914507137089
30,2102,686,30,42.39177309982824,30,0.0736069375812485
30,2102,686,31,38.92999814678151,30,0.0794352037732915
30,2102,686,32,23.173554286198787,30,0.10840369442501752
30,2102,686,38,3.8390554658853304,30,0.6771933753016348
30,2102,687,22,1.4552283056986004,22,1.227403116730008
30,2102,687,28,3.8314617881913957,28,0.27717642751692134
30,2102,687,29,4.514698079495579,29,0.11905112937099722
30,2102,687,30,4.5421221662764095,30,0.10596796686292069
30,2102,687,31,4.366672753254882,30,0.21591452379130738
30,2102,687,32,2.9762525880329456,30,0.3447073753717834
30,2102,687,38,2.105761951713696,30,0.6998697740647158
30,2102,688,22,0.9016450414130214,22,1.22107055091045
30,2102,688,28,2.7932962537402393,28,0.4906183342142304
30,2102,688,29,2.571438221036193,29,0.3884287504080866
30,2102,688,30,13.053400128384165,30,0.1614428634976348
30,2102,688,31,2.0559924174955038,30,0.3326246298071538
30,2102,688,32,1.8793975893515111,30,0.33281278457586894
30,2102,688,38,2.530941041049321,30,0.9119751987395082
30,2102,689,22,0.822721620118691,22,0.8979323987088623
30,2102,689,28,1.6345088247340507,28,0.614305506306095
30,2102,689,29,6.378745967175921,29,0.34505849942752814
30,2102,689,30,73.01488359389845,30,0.1408596373416453
30,2102,689,31,57.73922335685814,30,0.1555560951508986
30,2102,689,32,15.68825099625314,30,0.3282505709642111
30,2102,689,38,8.8966555314134,30,0.5824523331320802
30,2102,690,22,0.6512097227985587,22,1.2250349010817254
30,2102,690,28,3.84489695653708,28,0.5241044881477919
30,2102,690,29,6.712058210442617,29,0.24423352023722203
30,2102,690,30,38.15782714240197,30,0.08579360873393133
30,2102,690,31,35.19617402093184,30,0.08753832239474717
30,2102,690,32,3.1148968340928302,30,0.302931812978831
30,2102,690,38,3.316367223916967,30,0.8868714678651264
30,2102,691,22,0.7889492167245699,22,1.2153450968677437
30,2102,691,28,6.446496503409514,28,0.1407375659846052
30,2102,691,29,7.597836235152819,29,0.14067177474563516
30,2102,691,30,46.801880385872714,30,0.030695154011841717
30,2102,691,31,1.759313159276409,30,0.28526484279039105
30,2102,691,32,1.8802779965338612,30,0.31505930679838007
30,2102,691,38,3.561780279785242,30,0.5997142379547838
30,2102,692,22,0.573624085743,22,1.129911079272313
30,2102,692,28,1.2727300799505974,28,0.41225878886824047
30,2102,692,29,4.710115910963862,29,0.373165698467084
30,2102,692,30,133.0883743744241,30,0.08528622881586316
30,2102,692,31,17.03168249271944,30,0.2368455373723853
30,2102,692,32,17.0299328504148,30,0.23720592714388597
30,2102,692,38,1.9611609046225258,30,0.8749314800335011
30,2102,693,22,2.22702344638623,22,0.7493664385474127
30,2102,693,28,5.218664735129852,28,0.24458429235591148
30,2102,693,29,4.608110346709392,29,0.11237475868384532
30,2102,693,30,22.926110188613,30,0.10039369840504929
30,2102,693,31,20.590509114709803,30,0.10039485757673572
30,2102,693,32,3.2508804291282143,30,0.21957367988186224
30,2102,693,38,2.9370937623958646,30,0.6321659966742211
30,2102,694,22,1.3584098481823106,22,0.867556534015897
30,2102,694,28,2.6116544766751435,28,0.34650348663455516
30,2102,694,29,4.468278960661002,29,0.26729678275422963
30,2102,694,30,11.15031687500789,30,0.0573220968726832
30,2102,694,31,2.454719189574935,30,0.22255963420421868
30,2102,694,32,1.8373047959301931,30,0.3431068226821363
30,2102,694,38,2.0683355250743842,30,1.0492408759071783
30,2102,695,22,2.0773777490524727,22,0.6861742103579959
30,2102,695,28,6.880943897229496,28,0.43955425843800094
30,2102,695,29,16.479488291205367,29,0.28444385926837845
30,2102,695,30,33.149916450775805,30,0.11679006765604599
30,2102,695,31,7.771596733261533,30,0.37133209227448977
30,2102,695,32,3.870492563275095,30,0.43084465910890146
30,2102,695,38,2.6944471554546503,30,0.5922188315427542
30,2102,696,22,0.631133986315945,22,0.7071499564629216
30,2102,696,28,5.939257332996597,28,0.2724983775202254
30,2102,696,29,6.623944002455331,29,0.2679401501995395
30,2102,696,30,23.832354161517845,30,0.07589417252259101
30,2102,696,31,2.383632952806123,30,0.2850837081552381
30,2102,696,32,2.284927193242059,30,0.3552799857750879
30,2102,696,38,2.223931282378906,30,1.2268425752278707
30,2102,697,22,2.901450247597121,22,0.9652507617009533
30,2102,697,28,30.545251608589215,28,0.22047594010997443
30,2102,697,29,45.83462353501337,29,0.1691277244163741
30,2102,697,30,36.940468269603535,30,0.11797352194743947
30,2102,697,31,36.978220233592495,30,0.16130339310809644
30,2102,697,32,16.617832677163324,30,0.2292753880873224
30,2102,697,38,4.762151394476315,30,1.0111818477973793
30,2102,698,22,0.6274750419910219,22,0.7036327129123876
30,2102,698,28,2.9742639625318463,28,0.41389667032134264
30,2102,698,29,2.437891860857978,29,0.28193002443243975
30,2102,698,30,4.610493501467843,30,0.13442671613571497
30,2102,698,31,4.698520516875103,30,0.14162474543752038
30,2102,698,32,2.863068609136155,30,0.18973101630554165
30,2102,698,38,2.332973687402436,30,0.8506761227174053
30,2102,699,22,1.0984945004594322,22,0.9643001781416198
30,2102,699,28,3.4261456516576003,28,0.19995396030604953
30,2102,699,29,4.820189040628693,29,0.19993551754894956
30,2102,699,30,797.5155880895155,30,0.03604859332381094
30,2102,699,31,15.22889197586159,30,0.15146052988299177
30,2102,699,32,4.315259175979751,30,0.5348121256037255
30,2102,699,38,3.073488307535446,30,0.6827537463405954
30,2102,700,22,0.9390520907123493,22,1.2007009573009175
30,2102,700,28,6.689423538961649,28,0.3646746854674806
30,2102,700,29,8.108691477345264,29,0.3068292552490109
30,2102,700,30,6.347884517063933,30,0.12159076166500571
30,2102,700,31,4.916537886388355,30,0.3066504988589932
30,2102,700,32,3.6972621754976136,30,0.47263157944013373
30,2102,700,38,3.4942705283450994,30,1.0847325218220443
30,2102,701,22,0.6048778740011138,22,1.044597319906109
30,2102,701,28,1.4830432118692225,28,0.188173745151772
30,2102,701,29,9.531487922348518,29,0.17997657534726869
30,2102,701,30,14.437797062317177,30,0.17831135451499625
30,2102,701,31,10.485638567497167,30,0.2726988261632237
30,2102,701,32,4.126764833169567,30,0.36897654461903107
30,2102,701,38,1.783209161887402,30,0.8699864699320914
30,2102,702,22,0.49957195578867486,22,0.8372703404871948
30,2102,702,28,0.952262045820462,28,0.22963246533511222
30,2102,702,29,5.510072576934467,29,0.153402663984339
30,2102,702,30,1.9635759974157276,30,0.06784261944865208
30,2102,702,31,1.2366604890735293,30,0.07021613498753532
30,2102,702,32,1.9923353723794537,30,0.195346149215654
30,2102,702,38,2.4511654720761937,30,0.618089245629209
30,2102,703,22,0.5354202128352312,22,1.1781652347547251
30,2102,703,28,2.278858394439334,28,0.4366231420245731
30,2102,703,29,2.264128870027816,29,0.43542637354074315
30,2102,703,30,1.6461005028635123,30,0.30572076608092874
30,2102,703,31,1.6285451273138047,30,0.3057385516640558
30,2102,703,32,1.5672366786149179,30,0.5335091309209001
30,2102,703,38,1.5787554585663472,30,0.9899817137976394
30,2102,704,22,0.7862861939448322,22,1.3754638546416247
30,2102,704,28,5.997862854493501,28,0.3640060107142404
30,2102,704,29,10.884919530113097,29,0.28263139308144675
30,2102,704,30,23.834186173508584,30,0.23909747100334072
30,2102,704,31,9.597402351977651,30,0.29613507828922936
30,2102,704,32,7.693691663254054,30,0.33000834073451835
30,2102,704,38,4.243828986683254,30,0.6769604063702733
30,2102,705,22,0.4281401808524654,22,0.9335284159781069
30,2102,705,28,15.510355727901475,28,0.1842232693463427
30,2102,705,29,4.369585284008556,29,0.11916763339374219
30,2102,705,30,48.82740724360483,30,0.02891216990091437
30,2102,705,31,2.3106165417670677,30,0.127967613967457
30,2102,705,32,2.5919364645597924,30,0.409740810170886
30,2102,705,38,3.281434272043483,30,0.6498174436929187
30,2102,706,22,0.5364911202461582,22,1.4014188134012633
30,2102,706,28,2.6705667878738577,28,0.46841392944909177
30,2102,706,29,3.486137405529634,29,0.45997521704411326
30,2102,706,30,14.01624457523654,30,0.10876010704764011
30,2102,706,31,13.5242728499448,30,0.11181933958666249
30,2102,706,32,9.212986658981716,30,0.12384191443641906
30,2102,706,38,3.007939485477708,30,0.9572940151607967
30,2102,707,22,0.8950721448670312,22,0.8177353473948706
30,2102,707,28,3.558365852312376,28,0.2668419019273392
30,2102,707,29,2.662430417033016,29,0.20864414828562447
30,2102,707,30,2.3563508691328194,30,0.2007387801463847
30,2102,707,31,2.3570228652574654,30,0.208132931082665
30,2102,707,32,2.2233137843229738,30,0.2522088674315591
30,2102,707,38,2.3061706664693755,30,0.769931324937946
30,2102,708,22,0.6038528922814271,22,1.3267298643420957
30,2102,708,28,2.3384415965017573,28,0.28409714100358724
30,2102,708,29,3.1891525683241926,29,0.25425676840734207
30,2102,708,30,2787.4023480255764,30,0.018174815526408677
30,2102,708,31,6.559404198537392,30,0.34016977292938894
30,2102,708,32,3.75815894717629,30,0.44949362171976914
30,2102,708,38,3.3522643752858747,30,1.0330867760288245
30,2102,709,22,0.9191115386261399,22,1.1903098757989832
30,2102,709,28,2.7490878817702016,28,0.3143398642957349
30,2102,709,29,14.01329811646933,29,0.09804733215390997
30,2102,709,30,1919.216673844385,30,0.027761744924175942
30,2102,709,31,19.95522206094131,30,0.2289675337848645
30,2102,709,32,5.460199158586598,30,0.4008174121159315
30,2102,709,38,1.7559146595208552,30,0.8507745417087671
30,2102,710,22,1.0320574266020843,22,0.6643117213291209
30,2102,710,28,1.800473271920158,28,0.38102583306113336
30,2102,710,29,1.8660987400157614,29,0.37960415963495164
30,2102,710,30,66.9697028771993,30,0.09759770038798375
30,2102,710,31,41.64937197470262,30,0.12383840533767472
30,2102,710,32,30.190752814392155,30,0.15617930411560776
30,2102,710,38,3.5354711305374567,30,0.8985823670403934
30,2102,711,22,3.3531903568911074,22,0.9158914766165652
30,2102,711,28,5.039242859336598,28,0.24982948442498012
30,2102,711,29,4.751673535643799,29,0.2490431088563798
30,2102,711,30,6.428664079564809,30,0.10989806813796595
30,2102,711,31,6.187606660600827,30,0.10991114378189293
30,2102,711,32,4.782928851701492,30,0.45818233219785665
30,2102,711,38,2.0133033731085916,30,1.2410412561072806
30,2102,712,22,1.2138749422094508,22,0.7384963547554034
30,2102,712,28,5.2687566309642495,28,0.15003290894019167
30,2102,712,29,9.980281891977365,29,0.13496285358598178
30,2102,712,30,10.244914709503238,30,0.13031055840489092
30,2102,712,31,5.07759717168608,30,0.17829572935247073
30,2102,712,32,5.866244599193598,30,0.23493442842772913
30,2102,712,38,3.074432916993431,30,0.7799244048996024
30,2102,713,22,0.8421676533549919,22,0.7733937187560743
30,2102,713,28,10.05561219472805,28,0.15874084410631165
30,2102,713,29,28.82992841749049,29,0.047753230883576074
30,2102,713,30,13.443647638334335,30,0.028473916699820166
30,2102,713,31,3.9636292486856943,30,0.3219803835165798
30,2102,713,32,3.0629583504716473,30,0.3387983969285019
30,2102,713,38,1.9745913333120564,30,0.7228546948351082
30,2102,714,22,1.6620923076643908,22,0.9278409817754647
30,2102,714,28,7.154909744750012,28,0.2537957071512528
30,2102,714,29,3.9008259547529547,29,0.12784942413184802
30,2102,714,30,25.33938039128432,30,0.09398007448122021
30,2102,714,31,14.021498642892178,30,0.15046839906045184
30,2102,714,32,12.472809416981772,30,0.15398873956009215
30,2102,714,38,3.452998170383836,30,0.7662427432447293
30,2102,715,22,1.053457811709322,22,0.883021713046891
30,2102,715,28,2.1171964335400277,28,0.18619655951085057
30,2102,715,29,1.8509745425238795,29,0.13862001002339305
30,2102,715,30,5.489304271324093,30,0.07149975186206722
30,2102,715,31,1.695988590806269,30,0.3948475492870181
30,2102,715,32,1.6277099901531882,30,0.3948476112460386
30,2102,715,38,1.715350750103134,30,0.8060023046474971
30,2102,716,22,1.5127632825668182,22,1.0384615954719694
30,2102,716,28,14.200795577234798,28,0.18589560054773066
30,2102,716,29,376.6466126007497,29,0.03472128149136877
30,2102,716,30,332.1235910547599,30,0.03162561896233194
30,2102,716,31,132.0848438099841,30,0.04668987639021593
30,2102,716,32,5.795204333771793,30,0.5398149108976737
30,2102,716,38,5.0344391112517615,30,0.7930503296701963
30,2102,717,22,1.1683824817718826,22,0.9497328638386232
30,2102,717,28,11.057988290744547,28,0.4606974470425452
30,2102,717,29,3.8289803813746772,29,0.22278009961322195
30,2102,717,30,3.982189293934507,30,0.08760745227283315
30,2102,717,31,2.7589334432079013,30,0.46894257549122353
30,2102,717,32,2.999798279199026,30,0.4703290502851648
30,2102,717,38,3.560872219396093,30,0.8970326161919768
30,2102,718,22,0.4336061105172402,22,1.0498243436343362
30,2102,718,28,1.0580965752074845,28,0.32861765450214103
30,2102,718,29,2.8157822451589074,29,0.23511239131555356
30,2102,718,30,37.18223265303271,30,0.09460107440992688
30,2102,718,31,36.518658390612906,30,0.09540799271405732
30,2102,718,32,3.0248177261652005,30,0.3665582375690137
30,2102,718,38,2.522121448444873,30,0.7965707232113434
30,2102,719,22,1.124973229053548,22,0.789690325515381
30,2102,719,28,3.9308903951535443,28,0.2826024174552115
30,2102,719,29,5.123134738849151,29,0.2718693367392568
30,2102,719,30,5.164885895562885,30,0.23600803706097445
30,2102,719,31,5.263010010931556,30,0.3625871554075377
30,2102,719,32,3.235194782326257,30,0.362629194962001
30,2102,719,38,4.756344019750487,30,0.857096669361906
30,2102,720,22,0.6423259977510597,22,1.1722074669586289
30,2102,720,28,2.5472850403551717,28,0.6742697823433178
30,2102,720,29,3.056441041263528,29,0.3576227083073886
30,2102,720,30,202.6944443286332,30,0.051510676599047116
30,2102,720,31,139.7705133042976,30,0.06316142949716
30,2102,720,32,29.85633840747888,30,0.13963022018548435
30,2102,720,38,4.485323919538971,30,0.4495982527817304
30,2102,721,22,0.8120180648118824,22,1.3346201472899097
30,2102,721,28,24.165295787893864,28,0.13472122405832002
30,2102,721,29,18.818875374829034,29,0.10432921530297157
30,2102,721,30,11.658320286473089,30,0.08655113912643796
30,2102,721,31,11.353659772967548,30,0.20749006524960703
30,2102,721,32,4.390712052577966,30,0.4111357414910661
30,2102,721,38,3.3263442744520635,30,0.6972761633314267
30,2102,722,22,2.038441261092255,22,0.6015869892139818
30,2102,722,28,26.36110942349679,28,0.08766576476624612
30,2102,722,29,7.596948183455163,29,0.06403451621459866
30,2102,722,30,3992.3653050332364,30,0.004897902233962162
30,2102,722,31,4.225927714273439,30,0.15554543790689915
30,2102,722,32,3.9421293983470025,30,0.2660345867121085
30,2102,722,38,3.272473368454441,30,0.9130007262113297
30,2102,723,22,0.4677002829978195,22,0.8493068220689252
30,2102,723,28,3.3995961471790475,28,0.2257959171156552
30,2102,723,29,18.35237923075218,29,0.18142403110662575
30,2102,723,30,257.1250369859513,30,0.05649034040579031
30,2102,723,31,4.9792151148890795,30,0.16586752372421626
30,2102,723,32,3.339294521591823,30,0.3859946995827242
30,2102,723,38,3.4165910259229184,30,0.6762943898791027
30,2102,724,22,0.8577878252403974,22,0.7730432584572279
30,2102,724,28,3.7097261102432233,28,0.1318089072696799
30,2102,724,29,61.13090091826537,29,0.08419299929321965
30,2102,724,30,15.403957555561014,30,0.035230891706370386
30,2102,724,31,6.269150575949185,30,0.3000994730214935
30,2102,724,32,5.862455025794414,30,0.46525972244825703
30,2102,724,38,2.092675259418078,30,0.767223581350424
30,2102,725,22,2.7730506319537205,22,0.6529555723807391
30,2102,725,28,3.871129718939426,28,0.25796076548012975
30,2102,725,29,4.53546324311812,29,0.2527889484619229
30,2102,725,30,14.484440064421175,30,0.164655218971985
30,2102,725,31,10.805464735327904,30,0.16557772910987742
30,2102,725,32,4.429834293775712,30,0.2516175233275718
30,2102,725,38,3.6286958888946192,30,0.739871635284514
30,2102,726,22,0.545128682629012,22,1.4460446546139905
30,2102,726,28,0.9218072399643765,28,0.43229872839465433
30,2102,726,29,2.8505749765574255,29,0.4049191523311131
30,2102,726,30,36.30630488070173,30,0.16922849599271894
30,2102,726,31,23.268962397150553,30,0.2162545185937287
30,2102,726,32,21.280430848655016,30,0.23407948833092931
30,2102,726,38,2.552063821954497,30,0.8087209833557338
30,2102,727,22,0.8379085966129103,22,1.0669149533410234
30,2102,727,28,25.693362905317162,28,0.09281319773985791
30,2102,727,29,72.49190153333129,29,0.039777039443242915
30,2102,727,30,49.89529801740702,30,0.025394682400128134
30,2102,727,31,20.438632967676483,30,0.030329235544031136
30,2102,727,32,7.570761403315627,30,0.05206478947384724
30,2102,727,38,2.666916867412802,30,0.8624510536230151
30,2102,728,22,0.7746932252334136,22,1.3101261829223696
30,2102,728,28,23.029430373380233,28,0.1723191892650989
30,2102,728,29,22.654431804606535,29,0.17231164850601385
30,2102,728,30,462.93762519867056,30,0.04580359156105875
30,2102,728,31,50.71214410772056,30,0.12403278467668731
30,2102,728,32,9.87039599771184,30,0.2860760750554859
30,2102,728,38,1.8976559394673413,30,1.0441542265668728
30,2102,729,22,1.2695869217064275,22,0.8984284220121482
30,2102,729,28,2.471997661761646,28,0.3748250858923086
30,2102,729,29,2.339366915092445,29,0.354713724886201
30,2102,729,30,7.92511293189474,30,0.11767555264385335
30,2102,729,31,2.751545956471602,30,0.3998757164810686
30,2102,729,32,2.2688160942214832,30,0.517810542771222
30,2102,729,38,2.4281547205905305,30,0.8134050731885575
30,2102,730,22,0.8905806539196162,22,1.383212302504395
30,2102,730,28,3.7245018261696514,28,0.20930407274127732
30,2102,730,29,13.132835992400329,29,0.18669014803932224
30,2102,730,30,15.773754373540067,30,0.13666742332588744
30,2102,730,31,8.60650498459652,30,0.32260448301433503
30,2102,730,32,6.237091783797463,30,0.4760462632176634
30,2102,730,38,3.730339331180296,30,0.5931296310616486
30,2102,731,22,0.8335812830594089,22,1.2201629690170233
30,2102,731,28,1.083010174810373,28,0.3880588890542565
30,2102,731,29,2.5808779470629477,29,0.3740708375145043
30,2102,731,30,4.16594516025501,30,0.1815038176727002
30,2102,731,31,2.1596431782775984,30,0.2670805501235149
30,2102,731,32,2.2816136564118032,30,0.30141659574619606
30,2102,731,38,2.613608327728267,30,1.202060264436784
30,2102,732,22,0.775905690143639,22,1.4134495399662816
30,2102,732,28,3.2388379259314135,28,0.2986417209916403
30,2102,732,29,3.116087132031641,29,0.14874311618105585
30,2102,732,30,44.287831841281736,30,0.043828726428807606
30,2102,732,31,2.7587839018289926,30,0.283449446201977
30,2102,732,32,3.105871617851882,30,0.3667757451869419
30,2102,732,38,3.1249036718792222,30,0.7718510900674651
30,2102,733,22,1.555558051617027,22,0.6798587554931759
30,2102,733,28,8.724724485787107,28,0.200550084914219
30,2102,733,29,41.39112414930079,29,0.12489872872260668
30,2102,733,30,34.77599650126485,30,0.10676723257437579
30,2102,733,31,11.652644609960227,30,0.22071493262372077
30,2102,733,32,4.97740360953558,30,0.3682708647822375
30,2102,733,38,5.009602210281562,30,0.5760162808596475
30,2102,734,22,0.8241783250034428,22,1.0796472292799983
30,2102,734,28,1.8483387430603224,28,0.3827835854181092
30,2102,734,29,3.0298408304025126,29,0.35544928486657185
30,2102,734,30,3.285193618806109,30,0.3035397559420417
30,2102,734,31,3.3540391151266284,30,0.31949452937852496
30,2102,734,32,3.2840460401370026,30,0.5024649119133351
30,2102,734,38,2.553415834025475,30,0.786808121751628
30,2102,735,22,0.6624723499530909,22,1.1949298582959074
30,2102,735,28,1.576693177406936,28,0.31552963063564166
30,2102,735,29,3.785574119050055,29,0.3133210347975368
30,2102,735,30,30.646004390878492,30,0.10228459305592782
30,2102,735,31,3.484295455583077,30,0.3211111200837351
30,2102,735,32,3.456274527340418,30,0.39771792653716603
30,2102,735,38,3.8934828268962636,30,0.8925119253853931
30,2102,736,22,0.5314624603847857,22,0.808823807787545
30,2102,736,28,1.9053049861822535,28,0.27615545162348976
30,2102,736,29,2.202958053704772,29,0.2758491686527128
30,2102,736,30,2.4767964336341004,30,0.1736350353533118
30,2102,736,31,1.7793580734152858,30,0.5398425934762169
30,2102,736,32,2.078824057821766,30,0.6030519919365354
30,2102,736,38,3.2395956560028996,30,0.6486435079587284
30,2102,737,22,1.6869217205432765,22,0.8367051946803091
30,2102,737,28,23.770030562783635,28,0.2922543845519111
30,2102,737,29,30.970501968992682,29,0.10392625739016932
30,2102,737,30,24.53193754688717,30,0.023205893781198896
30,2102,737,31,24.031713444844495,30,0.04243403565926704
30,2102,737,32,24.338649954425396,30,0.22882912581145645
30,2102,737,38,6.258532893553067,30,0.6874857346764556
30,2102,738,22,1.6222359964414785,22,1.1842955409858054
30,2102,738,28,1.8645891366612501,28,0.3598032860410818
30,2102,738,29,4.708502376214811,29,0.3245032903431043
30,2102,738,30,20.649713264124532,30,0.10710216018554967
30,2102,738,31,4.882543317703138,30,0.518733201171484
30,2102,738,32,4.504864634914051,30,0.538130593583745
30,2102,738,38,2.4987607240490126,30,1.1286658246280943
30,2102,739,22,0.9301442208631788,22,0.7209227181085918
30,2102,739,28,4.324828492207212,28,0.1643298108789097
30,2102,739,29,4.900240161685259,29,0.13280550544926628
30,2102,739,30,6.00439620782432,30,0.12041349858486754
30,2102,739,31,7.067830042050007,30,0.1250448887607794
30,2102,739,32,3.5375713459512244,30,0.23175491121989136
30,2102,739,38,3.509054430233087,30,0.7010311056542141
30,2102,740,22,0.8842990695848905,22,1.0289974170187584
30,2102,740,28,3.1153298076337026,28,0.1882503890686123
30,2102,740,29,3.117574236824244,29,0.18472933909513933
30,2102,740,30,13.71765360583871,30,0.02103743975615809
30,2102,740,31,1.769030558724129,30,0.3798618403205819
30,2102,740,32,1.9595979812830309,30,0.4352322154710311
30,2102,740,38,2.1015991224858723,30,0.8172004266942932
30,2102,741,22,0.7256353269135095,22,1.1278554356217867
30,2102,741,28,6.976390189917566,28,0.33769488429539796
30,2102,741,29,8.859464440487638,29,0.31801964319975334
30,2102,741,30,7.206258454488768,30,0.2936107406516679
30,2102,741,31,5.802507732558084,30,0.3119470406993931
30,2102,741,32,5.919136298810248,30,0.31293626380787815
30,2102,741,38,4.9882443167366946,30,0.7387262763402861
30,2102,742,22,0.8141484048573611,22,1.4632916337351587
30,2102,742,28,4.836539458908591,28,0.4111482657721121
30,2102,742,29,3.1946870721765417,29,0.3708686451484472
30,2102,742,30,4.679030451126971,30,0.29989940143482746
30,2102,742,31,3.7087212857173886,30,0.3628312225573595
30,2102,742,32,2.3018107535742027,30,0.4569067517093529
30,2102,742,38,3.0034155769212485,30,1.03846029523929
30,2102,743,22,0.6842831089439501,22,1.0317662825967657
30,2102,743,28,2.052713912428603,28,0.5230178094652881
30,2102,743,29,3.0581713174784997,29,0.2905189071428074
30,2102,743,30,11.935760512334092,30,0.05872363523527358
30,2102,743,31,2.990660960837726,30,0.41171093863102104
30,2102,743,32,2.8142823370517784,30,0.4194372484742892
30,2102,743,38,2.335378559667656,30,0.6280606579277502
30,2102,744,22,0.4160382258944009,22,1.006883974746576
30,2102,744,28,17.86027957678875,28,0.1982070560756823
30,2102,744,29,24.658762215466762,29,0.19504129031111805
30,2102,744,30,125.50575804551467,30,0.0739452761941657
30,2102,744,31,5.267901638845145,30,0.38475324001211236
30,2102,744,32,4.6288172967774415,30,0.46166678801230693
30,2102,744,38,3.0130340637992736,30,0.8839546082625764
30,2102,745,22,0.681327542836365,22,1.2214189149131536
30,2102,745,28,6.020646673322185,28,0.40084517679368065
30,2102,745,29,44.52618854248234,29,0.0722152965867113
30,2102,745,30,78.58267765177386,30,0.027043162255559087
30,2102,745,31,24.461070662160864,30,0.14805190103754895
30,2102,745,32,22.31938008272434,30,0.16890510174848392
30,2102,745,38,1.986705581827757,30,0.9038407115652253
30,2102,746,22,0.9103534984218861,22,1.0872090848701332
30,2102,746,28,4.622284735862967,28,0.19622897907081352
30,2102,746,29,18.842554604023043,29,0.17615454796904503
30,2102,746,30,23.747648747796053,30,0.09476024699251387
30,2102,746,31,16.64224002915919,30,0.2671058005498225
30,2102,746,32,14.62172213736446,30,0.2702022894791143
30,2102,746,38,5.305892956579384,30,0.7715819498377497
30,2102,747,22,1.1979805624990265,22,0.8386327695581014
30,2102,747,28,4.5850009819524145,28,0.31104034621585586
30,2102,747,29,4.272375961272415,29,0.28912602518745956
30,2102,747,30,74.92018583829736,30,0.06334579883489376
30,2102,747,31,5.768902350110271,30,0.2991013496572177
30,2102,747,32,5.834613987347727,30,0.31590017677593857
30,2102,747,38,3.5747770720537018,30,1.2036919794340781
30,2102,748,22,0.8031012928985628,22,0.8694933915465244
30,2102,748,28,9.494503727123435,28,0.21512506018119076
30,2102,748,29,9.206879593814184,29,0.20048089508965866
30,2102,748,30,9.682808524338345,30,0.19069670509953898
30,2102,748,31,2.726037779703014,30,0.353627616017648
30,2102,748,32,2.3727311590161366,30,0.3659734779393202
30,2102,748,38,1.6160408548353038,30,0.9741234969033666
30,2102,749,22,1.3306554748757697,22,0.9723419901904842
30,2102,749,28,1.5059539893729783,28,0.3907420825252651
30,2102,749,29,10.19965901405723,29,0.19303864825648961
30,2102,749,30,156.10224399029676,30,0.1342841602457338
30,2102,749,31,28.524785899615562,30,0.29092588145223813
30,2102,749,32,28.481317690641806,30,0.3196997754425976
30,2102,749,38,5.8601939827838425,30,0.8516253247863164
30,2102,750,22,1.0948703743739374,22,1.3462329265163842
30,2102,750,28,28.79968638755547,28,0.16221647351085183
30,2102,750,29,123.69070910002964,29,0.038102149675980045
30,2102,750,30,103.43151218891315,30,0.026936275183830925
30,2102,750,31,21.662186060164554,30,0.06984388435380108
30,2102,750,32,1.9139336879851947,30,0.38646810331322506
30,2102,750,38,1.9051496534051882,30,1.017683632920368
30,2102,751,22,0.6825122913031079,22,1.3691229807234293
30,2102,751,28,1.2407999586548182,28,0.5429595651655356
30,2102,751,29,4.20140797802651,29,0.24233259675424323
30,2102,751,30,4.696828324423941,30,0.1837149271654333
30,2102,751,31,3.1538937287612545,30,0.255643011513375
30,2102,751,32,3.9941783314971238,30,0.2909777324586022
30,2102,751,38,3.584243535298195,30,0.8384438148995137
30,2102,752,22,1.0266257788802118,22,1.2209248924242648
30,2102,752,28,1.594912164780057,28,0.6823198880820714
30,2102,752,29,5.968890409659213,29,0.16869731741354668
30,2102,752,30,8.060860763061921,30,0.16544249350277748
30,2102,752,31,3.110169987552373,30,0.3604137816721483
30,2102,752,32,3.233843768795939,30,0.3981152710374615
30,2102,752,38,3.6849905502828992,30,0.8987182549096183
30,2102,753,22,0.7742437674968118,22,1.4160221696960444
30,2102,753,28,1.2512788593161588,28,0.4766109670482517
30,2102,753,29,2.1846364445392217,29,0.4307742290962121
30,2102,753,30,20.667282800959825,30,0.12207657989158552
30,2102,753,31,17.22696037902182,30,0.15094923309238015
30,2102,753,32,6.448218352863443,30,0.2464019174818581
30,2102,753,38,2.6567947652901256,30,1.253064026922592
30,2102,754,22,0.6203617173931176,22,1.4829194321537547
30,2102,754,28,2.830585458996215,28,0.3044948706243488
30,2102,754,29,3.473100028374415,29,0.27338954256262615
30,2102,754,30,19.76033842428373,30,0.02497535687265248
30,2102,754,31,3.9527375501485307,30,0.3697732004653553
30,2102,754,32,2.2492185964437343,30,0.4382671178654838
30,2102,754,38,2.16294892916265,30,0.8188542374248362
30,2102,755,22,0.9119533835562247,22,1.1318487965499768
30,2102,755,28,2.817955312085099,28,0.4044832469393366
30,2102,755,29,2.5635511521191554,29,0.3979688848804341
30,2102,755,30,430.2231672057116,30,0.010919535546646432
30,2102,755,31,13.65068017773505,30,0.06301476413353505
30,2102,755,32,2.9555851776476443,30,0.21882285658075723
30,2102,755,38,2.295030743501419,30,0.581228475349323
30,2102,756,22,0.693615317128318,22,1.4217689657650479
30,2102,756,28,4.387867556641707,28,0.4143461621353495
30,2102,756,29,3.8395080083778654,29,0.3524980947450939
30,2102,756,30,8.354772582147255,30,0.2626712636351907
30,2102,756,31,3.470987075731656,30,0.3777643008955112
30,2102,756,32,2.838675196433879,30,0.4300597269342107
30,2102,756,38,3.090388673148738,30,1.0018643910767953
30,2102,757,22,0.9481789918338236,22,0.9909793700923144
30,2102,757,28,1.9443888902613002,28,0.43905811008255025
30,2102,757,29,3.152243709729166,29,0.3283013332019084
30,2102,757,30,2.9905706324085726,30,0.16358381239536984
30,2102,757,31,3.398192480271793,30,0.3059048114131987
30,2102,757,32,2.9051923320321937,30,0.385882274732776
30,2102,757,38,3.6979001366584487,30,1.0402242534606716
30,2102,758,22,0.6332618510968284,22,0.7444753475079857
30,2102,758,28,6.5928030621013445,28,0.27900302440645547
30,2102,758,29,6.879780467309122,29,0.16906034397441339
30,2102,758,30,18.662213776926624,30,0.12995229322414895
30,2102,758,31,7.138891587279818,30,0.186331175643582
30,2102,758,32,5.1226282749518655,30,0.21326413159980784
30,2102,758,38,4.8546085741174,30,0.5160771062635181
30,2102,759,22,1.0256491373028873,22,0.9898439110524225
30,2102,759,28,2.4512978818694022,28,0.49255254412830113
30,2102,759,29,2.651810126093684,29,0.48827622346474936
30,2102,759,30,8.08614197268104,30,0.048138394674128754
30,2102,759,31,3.2572365179555245,30,0.5162213226058188
30,2102,759,32,3.22180279141309,30,0.5245278310943524
30,2102,759,38,3.4638724158128493,30,0.7685653516401585
30,2102,760,22,0.8357910810792045,22,1.1521963235055834
30,2102,760,28,5.335443037102071,28,0.29578336454159204
30,2102,760,29,6.080066085060444,29,0.23127491137935122
30,2102,760,30,168.63719771066204,30,0.08168217050551013
30,2102,760,31,20.06073839247165,30,0.24463147482433367
30,2102,760,32,17.628005888510312,30,0.28455085207087577
30,2102,760,38,4.967748745175678,30,0.7877915666327843
30,2102,761,22,0.6300000765330693,22,1.042425924258411
30,2102,761,28,65.06694049262121,28,0.10943835985500461
30,2102,761,29,65.54267298515428,29,0.10942764314655005
30,2102,761,30,56.31370764625714,30,0.10866268249417076
30,2102,761,31,38.33019744154844,30,0.1266726143991477
30,2102,761,32,1.8669912023246547,30,0.4100842609689332
30,2102,761,38,3.1036660842375126,30,1.110805857098732
30,2102,762,22,0.5866331095588548,22,0.8781149070211085
30,2102,762,28,4.687245876103465,28,0.15783644595190602
30,2102,762,29,5.574900434525215,29,0.12362541845019373
30,2102,762,30,20.082844895838043,30,0.062184909458397775
30,2102,762,31,8.986209541261093,30,0.11985026618235374
30,2102,762,32,8.316791419374885,30,0.14884025220318645
30,2102,762,38,2.2753576167076877,30,0.6494294855908731
30,2102,763,22,1.3091477555406574,22,1.0043996213452133
30,2102,763,28,1.9038129491772484,28,0.43541564038482655
30,2102,763,29,8.068451105163172,29,0.36363322799415226
30,2102,763,30,7.465379526030316,30,0.3618657187514246
30,2102,763,31,6.703959024713659,30,0.3856430589606913
30,2102,763,32,5.367664313569483,30,0.46939866615479303
30,2102,763,38,3.9903064711742515,30,0.8393583268794759
30,2102,764,22,0.6667456325067851,22,0.965081363377301
30,2102,764,28,2.7490184354006817,28,0.18737222350405416
30,2102,764,29,3.810294778852333,29,0.15365673337480698
30,2102,764,30,4398.920944019064,30,0.003319944615767791
30,2102,764,31,2.028148772564992,30,0.15570327940839515
30,2102,764,32,2.421908329578333,30,0.18257406944963764
30,2102,764,38,2.7502453088258525,30,0.9462938075614323
30,2102,765,22,0.9296291760672929,22,0.7898999589604082
30,2102,765,28,1.6169888419483327,28,0.3457676743585778
30,2102,765,29,1.642019281942412,29,0.34573744169382226
30,2102,765,30,106.2428948266104,30,0.042721547313800116
30,2102,765,31,9.53887194157637,30,0.17793695665900006
30,2102,765,32,2.5232729960451694,30,0.3422410148988864
30,2102,765,38,1.6775801545105948,30,0.7073971818485413
30,2102,766,22,0.4521831943302763,22,1.1802973669822432
30,2102,766,28,2.3716283796299953,28,0.5910011195307582
30,2102,766,29,3.844874561542049,29,0.3123958269174
30,2102,766,30,3.8533453436019514,30,0.3010861829925203
30,2102,766,31,3.828514345267089,30,0.3167018567637727
30,2102,766,32,3.8490621776059006,30,0.31812903341023024
30,2102,766,38,2.889337124048553,30,1.2371842713836199
30,2102,767,22,1.3560917046767471,22,0.8647486791834144
30,2102,767,28,1.026666584701168,28,0.26395038129951354
30,2102,767,29,17.372798394773813,29,0.08740130528746332
30,2102,767,30,114.2900617780333,30,0.0552397873163327
30,2102,767,31,10.545281864895856,30,0.1648998069176602
30,2102,767,32,7.022421169732969,30,0.2205040678588229
30,2102,767,38,4.146554408313107,30,1.0288247314058072
30,2102,768,22,1.2498127639044694,22,0.7533145353913959
30,2102,768,28,1.9572225186389274,28,0.20690874863294853
30,2102,768,29,3.290627917979571,29,0.1583583917657645
30,2102,768,30,1522.113636305135,30,0.018537091743134858
30,2102,768,31,490.4007792920088,30,0.033822820302119166
30,2102,768,32,444.33950630932236,30,0.03560456358004887
30,2102,768,38,2.624385044667729,30,0.9202918118534418
30,2102,769,22,3.0495009180949837,22,0.7438596655756703
30,2102,769,28,1.3023937284603302,28,0.15893008193689134
30,2102,769,29,1.408877250470678,29,0.13297257950064517
30,2102,769,30,40.55060921193497,30,0.09810800654698522
30,2102,769,31,2.263671011774604,30,0.33269406137447854
30,2102,769,32,1.2759006612908708,30,0.48678557896910196
30,2102,769,38,2.0491921038780294,30,1.1748712035196556
30,2102,770,22,0.6928283168426406,22,1.0620855245654897
30,2102,770,28,28.91746487863579,28,0.2918418331615123
30,2102,770,29,22.498332632720135,29,0.2744503477180493
30,2102,770,30,21.672904422123185,30,0.05426658643153431
30,2102,770,31,7.695154804933777,30,0.1331247839373624
30,2102,770,32,7.4321623482237325,30,0.24091547642383287
30,2102,770,38,3.710573809110624,30,0.8436534490640522
30,2102,771,22,0.49776235765994353,22,1.3120495879290883
30,2102,771,28,8.930069391443206,28,0.34684133183181304
30,2102,771,29,10.858892083828133,29,0.31625624585966283
30,2102,771,30,2183.3557549187944,30,0.0072750565369256075
30,2102,771,31,4.336299948018167,30,0.2215727854007846
30,2102,771,32,3.6120460970674855,30,0.38491055931279333
30,2102,771,38,2.6745298942414113,30,0.9113725202232996
30,2102,772,22,0.6931590614230946,22,1.02499569515694
30,2102,772,28,4.742542808979479,28,0.23140145337591883
30,2102,772,29,4.09983284096368,29,0.17435765842082857
30,2102,772,30,13.217553175774201,30,0.14397964366222016
30,2102,772,31,9.249151725661456,30,0.1780132740132915
30,2102,772,32,7.92554249950695,30,0.18161730408454205
30,2102,772,38,2.6854964648497326,30,0.7455247190234786
30,2102,773,22,0.5732163757639368,22,1.1984621402221691
30,2102,773,28,2.407727245968944,28,0.6103119578728
30,2102,773,29,7.7096329218453885,29,0.19360540060042342
30,2102,773,30,4.819361330101899,30,0.1623950825825732
30,2102,773,31,5.101405764534345,30,0.2996480074858941
30,2102,773,32,3.673039334184338,30,0.4606301949803703
30,2102,773,38,3.739183551359617,30,0.8276088737946056
30,2102,774,22,1.035214287650715,22,1.0689284802579073
30,2102,774,28,1.3820071474971078,28,0.22596015608293646
30,2102,774,29,10.563525974286314,29,0.10771827019374976
30,2102,774,30,1855848.2589591234,30,0.0004013313114535192
30,2102,774,31,4.079787641051734,30,0.18557036376287217
30,2102,774,32,3.5246733634228984,30,0.22115961933693032
30,2102,774,38,3.8328754356004544,30,0.7067490199892685
30,2102,775,22,1.1701393809984943,22,0.7366727487093936
30,2102,775,28,3.150374682739687,28,0.3757062208834163
30,2102,775,29,15.5928987456181,29,0.07757589935043764
30,2102,775,30,514.7855181287676,30,0.032588731799585366
30,2102,775,31,218.07289738030056,30,0.04785930037132591
30,2102,775,32,113.2508045372241,30,0.06569774953137933
30,2102,775,38,3.07089398713253,30,0.8177964961013672
30,2102,776,22,0.8082256942150957,22,1.3784241811950955
30,2102,776,28,3.1832641813588523,28,0.5976327686889431
30,2102,776,29,3.371239428089932,29,0.5851083381059575
30,2102,776,30,57.6853522074717,30,0.11894620949683776
30,2102,776,31,8.886957589114807,30,0.31697358407982706
30,2102,776,32,5.546676033598452,30,0.4422531899426481
30,2102,776,38,2.735107443807023,30,1.144136679398899
30,2102,777,22,1.1712052618806095,22,1.0714012906916968
30,2102,777,28,8.682744143896171,28,0.3137335565568965
30,2102,777,29,13.235274103444283,29,0.20215556505012736
30,2102,777,30,14.826312503630358,30,0.20186229721034005
30,2102,777,31,12.352375154639162,30,0.2822812865345716
30,2102,777,32,9.649264374038427,30,0.3085073934547261
30,2102,777,38,3.7983516988201043,30,0.6019779567892798
30,2102,778,22,1.0724209088869572,22,1.2370897309350422
30,2102,778,28,7.139291099326511,28,0.3565820662550556
30,2102,778,29,9.42521304441821,29,0.34818046531033486
30,2102,778,30,7.950009505952549,30,0.22388523511606334
30,2102,778,31,3.597037153116041,30,0.4776516713430751
30,2102,778,32,3.6133078159975103,30,0.5146988384836162
30,2102,778,38,2.7207580066941426,30,0.8639096540166497
30,2102,779,22,0.6370636357827268,22,0.9200806366001208
30,2102,779,28,16.302793291947868,28,0.2812512106645708
30,2102,779,29,18.373676183884633,29,0.18043449010603788
30,2102,779,30,652.5811619522976,30,0.014797839389157425
30,2102,779,31,26.164797976418484,30,0.20971084954015107
30,2102,779,32,10.594901089356181,30,0.2689917573800229
30,2102,779,38,2.8960615655869235,30,1.1090565858596002
30,2102,780,22,0.9111766235368972,22,0.8185135621535858
30,2102,780,28,3.111343930486483,28,0.2597619541962849
30,2102,780,29,21.98802788354383,29,0.1654698087530679
30,2102,780,30,17.435526953372392,30,0.04983999319565753
30,2102,780,31,17.277237065510725,30,0.17879970899559944
30,2102,780,32,11.900646215316948,30,0.1878991128624844
30,2102,780,38,2.872526740205165,30,0.7405842921292342
30,2102,781,22,6.083815770611088,22,0.8069657507796453
30,2102,781,28,7.8135721850899325,28,0.14863655225493513
30,2102,781,29,38.859017558709574,29,0.11209705525011229
30,2102,781,30,292044.53546054894,30,0.0010286135133960655
30,2102,781,31,19.53345108719498,30,0.05743083654049512
30,2102,781,32,13.51206847087382,30,0.18447195065868452
30,2102,781,38,6.815504670349532,30,0.738924736061417
30,2102,782,22,0.8010061005038269,22,1.3774099964418869
30,2102,782,28,4.673867831026923,28,0.4119728159383428
30,2102,782,29,7.78544305294575,29,0.13499012099774782
30,2102,782,30,19.895196186078078,30,0.11600291395177041
30,2102,782,31,19.43517201282869,30,0.11780033302867932
30,2102,782,32,7.254070648421562,30,0.22295653798702994
30,2102,782,38,4.560041428607461,30,1.127570664267349
30,2102,783,22,0.6016346895946854,22,0.9172339752611619
30,2102,783,28,3.376616482892835,28,0.39754674739349694
30,2102,783,29,6.542058222677926,29,0.2983308516822308
30,2102,783,30,258.75024673653775,30,0.01770126737902722
30,2102,783,31,8.12929593333628,30,0.21117384397257274
30,2102,783,32,7.941443845123568,30,0.2173042846336838
30,2102,783,38,2.8334453835261817,30,0.49937110080949215
30,2102,784,22,0.8025157156438523,22,1.28079021990692
30,2102,784,28,5.356912107287473,28,0.24257048457342814
30,2102,784,29,7.339572014093338,29,0.24255726211056977
30,2102,784,30,7.224074508113013,30,0.23682685447143165
30,2102,784,31,6.038621882919893,30,0.2370839270776346
30,2102,784,32,3.525076566992177,30,0.5671162179684079
30,2102,784,38,3.3821648789721857,30,0.8019727584597235
30,2102,785,22,0.8446160788795597,22,0.9462691165027869
30,2102,785,28,5.003875849831306,28,0.4458448276843261
30,2102,785,29,4.644401546364718,29,0.2795380523054399
30,2102,785,30,5.860945955628355,30,0.1667390603539389
30,2102,785,31,5.780626884678062,30,0.2846740734090868
30,2102,785,32,5.091560243807011,30,0.2922170518902625
30,2102,785,38,3.0676220483536896,30,0.9119842010214608
30,2102,786,22,0.685149901657021,22,1.1823384138909971
30,2102,786,28,11.612300293222287,28,0.1976190249193033
30,2102,786,29,30.57011422522298,29,0.16348103602808345
30,2102,786,30,259.3850316322083,30,0.03576422579287011
30,2102,786,31,71.49633393264735,30,0.05072946342725825
30,2102,786,32,61.13252338943339,30,0.05683278683960993
30,2102,786,38,2.987286885800099,30,0.652698518503849
30,2102,787,22,0.6860653802441792,22,1.3088727644225164
30,2102,787,28,1.9680562090154043,28,0.3541887735629373
30,2102,787,29,1.9329792495567353,29,0.29988327618757754
30,2102,787,30,2.4541711533165755,30,0.24578757059374556
30,2102,787,31,1.8404847755948823,30,0.24612707626802277
30,2102,787,32,1.9855868334898519,30,0.32881078846678347
30,2102,787,38,3.843945460517916,30,0.8985418847069478
30,2102,788,22,1.532914761054935,22,1.0825815135932735
30,2102,788,28,3.0009712346325594,28,0.3834807164048038
30,2102,788,29,11.390106761131115,29,0.34499031482583503
30,2102,788,30,9.601210835604912,30,0.3311699514627095
30,2102,788,31,4.44476737163141,30,0.4260940210549153
30,2102,788,32,3.9990523077504534,30,0.4786280593764884
30,2102,788,38,3.7163546354918946,30,1.0495939625446937
30,2102,789,22,0.4884375595081833,22,1.0617146801566122
30,2102,789,28,2.7458607122998706,28,0.3663044482173419
30,2102,789,29,729.3693810826653,29,0.03646989922063072
30,2102,789,30,161.89021566739808,30,0.012962548528004918
30,2102,789,31,97.09768209731638,30,0.04034327020708967
30,2102,789,32,62.55586829805681,30,0.10175548395153948
30,2102,789,38,2.994340342592919,30,1.0117413461492701
30,2102,790,22,0.6117298646547257,22,1.1445067640805946
30,2102,790,28,7.303665032977729,28,0.19397474207634316
30,2102,790,29,6.104452297232926,29,0.1512501151742094
30,2102,790,30,5.52268436446483,30,0.14753344629335982
30,2102,790,31,5.574156752173965,30,0.21182967275375567
30,2102,790,32,5.133697873217538,30,0.21933787690729098
30,2102,790,38,3.0159245615716586,30,0.7646241691760469
30,2102,791,22,0.6901787574616978,22,0.785739755786804
30,2102,791,28,3.262843572145575,28,0.1654882841034238
30,2102,791,29,18.989440504930595,29,0.09897050661707268
30,2102,791,30,93.51234746631022,30,0.0231410365355382
30,2102,791,31,23.887498893266624,30,0.09382729383235856
30,2102,791,32,3.977931554462185,30,0.2586660505084302
30,2102,791,38,1.8706781504822576,30,1.1020863250171482
30,2102,792,22,0.8814050564200504,22,1.158648813360068
30,2102,792,28,3.039925426867342,28,0.6705245358605592
30,2102,792,29,89.72299340535103,29,0.08437123924052563
30,2102,792,30,93.22593022541548,30,0.08435054382976812
30,2102,792,31,12.354502450461286,30,0.20567392275005625
30,2102,792,32,3.645298302730965,30,0.37915420238000763
30,2102,792,38,3.459680279333433,30,0.9814498366842896
30,2102,793,22,1.7393465129407601,22,0.9298891634003263
30,2102,793,28,28.621213611479952,28,0.05643570072394948
30,2102,793,29,23.6905376137121,29,0.056140603267950784
30,2102,793,30,11.03657554272236,30,0.013145703035941845
30,2102,793,31,7.160787404422852,30,0.02004746830393236
30,2102,793,32,4.591145335770141,30,0.11409511329391286
30,2102,793,38,2.4769450376266335,30,0.9171329196678899
30,2102,794,22,0.7019978563224292,22,0.6205832607445244
30,2102,794,28,6.679723056870249,28,0.3427578754839022
30,2102,794,29,5.318267270264608,29,0.29207406910785494
30,2102,794,30,15.58785419934584,30,0.11984879727440163
30,2102,794,31,5.9426032549312335,30,0.3790916092306107
30,2102,794,32,5.8658349726955334,30,0.39110652548069763
30,2102,794,38,5.42615661581417,30,0.753927905927257
30,2102,795,22,0.737598716135373,22,0.8877147290453435
30,2102,795,28,3.6048273643861837,28,0.3363591835013191
30,2102,795,29,15.569437472877587,29,0.22086439606993302
30,2102,795,30,20.917041894853938,30,0.2175659653986961
30,2102,795,31,17.168579530403218,30,0.24829651979831432
30,2102,795,32,16.515073495876685,30,0.25007097033817544
30,2102,795,38,3.194800595570998,30,0.9417080027721526
30,2102,796,22,1.880237810145101,22,1.009522289253534
30,2102,796,28,7.0564921206953946,28,0.4190866787560004
30,2102,796,29,19.424279661900506,29,0.1787541558537629
30,2102,796,30,19.294925202354335,30,0.1787218369113639
30,2102,796,31,14.47182409665878,30,0.2169706997121516
30,2102,796,32,14.706665331805064,30,0.22060789103742515
30,2102,796,38,2.97919474587253,30,0.7673450234486426
30,2102,797,22,0.6198683279585927,22,0.9096428877532238
30,2102,797,28,9.89809480390176,28,0.20299327149455798
30,2102,797,29,57.31001710148233,29,0.11731693527349382
30,2102,797,30,57.26862428866812,30,0.11700540415621971
30,2102,797,31,32.61987761824781,30,0.14760498707453565
30,2102,797,32,7.361952801903218,30,0.3015849520136923
30,2102,797,38,2.786043095172504,30,0.9714743125392423
30,2102,798,22,0.8896272481667982,22,0.871612660385985
30,2102,798,28,1.5899465764484042,28,0.4563681909327433
30,2102,798,29,3.6248693188039565,29,0.23706987696465665
30,2102,798,30,7.276662531826112,30,0.231653191820029
30,2102,798,31,7.804582928779074,30,0.23165386129954482
30,2102,798,32,7.732678390119123,30,0.23167312183915845
30,2102,798,38,2.732046633246784,30,1.2511308510670633
30,2102,799,22,0.6265787105965064,22,1.5211776333817193
30,2102,799,28,1.2485504807410204,28,0.2679846015579241
30,2102,799,29,1.0237619338781505,29,0.18685434411705948
30,2102,799,30,1.6939087382861715,30,0.1411607395704594
30,2102,799,31,2.4779044339171015,30,0.15900619462040688
30,2102,799,32,2.5425714418763006,30,0.1628184979805696
30,2102,799,38,2.9669171638670035,30,0.8790892744465606
30,2102,800,22,0.9338553385860858,22,1.2335952970698723
30,2102,800,28,1.5733232431044135,28,0.38539023940738004
30,2102,800,29,2.788656274407814,29,0.3765015783795499
30,2102,800,30,19.197749320987533,30,0.28581517837878045
30,2102,800,31,12.251682199064794,30,0.3975106816788625
30,2102,800,32,9.072528781802976,30,0.4675959665904627
30,2102,800,38,3.222663703247513,30,0.9566720136976764
30,2102,801,22,1.0672480526275916,22,0.8676841542972914
30,2102,801,28,10.787474499560957,28,0.26716175584563384
30,2102,801,29,8.772328706056468,29,0.2651600077008045
30,2102,801,30,4.7112397185546335,30,0.0864656407200251
30,2102,801,31,3.374718512201797,30,0.3415321937050961
30,2102,801,32,3.386898938590861,30,0.38100387784818424
30,2102,801,38,4.438218619805925,30,0.9079181079456511
30,2102,802,22,0.738606806024352,22,0.9011770920288625
30,2102,802,28,1.3668645892246691,28,0.2857405313341195
30,2102,802,29,1.0933716025829632,29,0.26268149010988373
30,2102,802,30,1.9390657344121123,30,0.2147973841983391
30,2102,802,31,1.8336247587006642,30,0.23784267351079827
30,2102,802,32,1.600776513176366,30,0.288497142966511
30,2102,802,38,2.4704554637746075,30,0.9922545636798498
30,2102,803,22,0.7765929030615006,22,0.9839867555389264
30,2102,803,28,1.3586549474767406,28,0.3940450713566018
30,2102,803,29,1.9256702930137637,29,0.20890541544493818
30,2102,803,30,15.702497897212645,30,0.08471399905171136
30,2102,803,31,2.0239020133805825,30,0.4141823262584482
30,2102,803,32,1.867318690952375,30,0.41503903162860833
30,2102,803,38,1.2542328658462767,30,0.9222166774300057
30,2102,804,22,1.3886879888464059,22,0.9617504150322458
30,2102,804,28,10.508792224770621,28,0.256210121683323
30,2102,804,29,53.85770031270052,29,0.09049786230868866
30,2102,804,30,67.89477339647101,30,0.08808002990893714
30,2102,804,31,18.468163646660805,30,0.19337581813427418
30,2102,804,32,4.425233999439792,30,0.2259425878614391
30,2102,804,38,2.968786540119754,30,0.846599783967464
30,2102,805,22,0.3899593073396964,22,1.3231051612756284
30,2102,805,28,4.176628115861698,28,0.1915528179659414
30,2102,805,29,4.655888272913952,29,0.18303867207838845
30,2102,805,30,2119.223878654106,30,0.007791208130540526
30,2102,805,31,122.51989673565804,30,0.03322541800429639
30,2102,805,32,25.72168506291043,30,0.08565530541725075
30,2102,805,38,2.367985920221881,30,0.9482227581654683
30,2102,806,22,0.835686560216646,22,0.9426620647187053
30,2102,806,28,1.057767303815758,28,0.4151378017783101
30,2102,806,29,2.0310447649466585,29,0.40654010288876125
30,2102,806,30,1.946224178392647,30,0.3664038411979288
30,2102,806,31,1.987853426430053,30,0.4002156181543653
30,2102,806,32,2.2215959013325755,30,0.52498095306343
30,2102,806,38,3.2763392468934582,30,1.0835441747016203
30,2102,807,22,0.7307987020169958,22,0.8596850764386693
30,2102,807,28,4.240028995377847,28,0.24260276943329434
30,2102,807,29,3.3366834610094274,29,0.22614896770170267
30,2102,807,30,5.001740075148229,30,0.16688444232811278
30,2102,807,31,4.499373969190199,30,0.22060580740764327
30,2102,807,32,2.124943571417958,30,0.28818898406680277
30,2102,807,38,2.138921369007206,30,1.0501232169242423
30,2102,808,22,0.9808365409623758,22,0.6411777047882388
30,2102,808,28,1.3965519761416765,28,0.14487696397289715
30,2102,808,29,9.105397291287069,29,0.099553770842763
30,2102,808,30,22.705255916119302,30,0.07078993511314594
30,2102,808,31,9.24810143455941,30,0.1638385213096606
30,2102,808,32,9.254315089507916,30,0.1640123455588154
30,2102,808,38,1.88383704446965,30,0.4763025507848594
30,2102,809,22,0.7348360334128675,22,0.9722245727653301
30,2102,809,28,2.355823471028971,28,0.3318362953595252
30,2102,809,29,4.124673628093721,29,0.327017936515794
30,2102,809,30,19.189028062273504,30,0.14350017240761676
30,2102,809,31,11.26290522124649,30,0.23906135177811522
30,2102,809,32,4.085114301239665,30,0.36730867023981173
30,2102,809,38,2.5501184970788504,30,0.692193718040044
30,2102,810,22,0.683841420086192,22,0.7530644163311698
30,2102,810,28,0.8334911983208396,28,0.39454481255982216
30,2102,810,29,22.52771166227981,29,0.14067859649731612
30,2102,810,30,2372.7760722350295,30,0.01369201409220774
30,2102,810,31,21.114824663309545,30,0.19342235933483645
30,2102,810,32,20.093212730045494,30,0.19589761634244984
30,2102,810,38,4.980905922212959,30,0.65678432393352
30,2102,811,22,2.069176652655873,22,0.8045501262264211
30,2102,811,28,3.287070632740256,28,0.5393191175583418
30,2102,811,29,7.979645320520118,29,0.24986664252028215
30,2102,811,30,18.063035033357703,30,0.1253885021137957
30,2102,811,31,8.759227944348554,30,0.28727367294967227
30,2102,811,32,8.649617944752338,30,0.32043028298627707
30,2102,811,38,2.8692275471362834,30,1.1730515384577096
30,2102,812,22,1.1131702629855216,22,1.445307074101846
30,2102,812,28,3.9717436359328055,28,0.3761391759953969
30,2102,812,29,6.634160321945426,29,0.2266908119631571
30,2102,812,30,4.088412743642707,30,0.20748978539332288
30,2102,812,31,4.4564387634936296,30,0.26161903577395856
30,2102,812,32,3.934079562291969,30,0.38541519023299325
30,2102,812,38,4.002976977023171,30,1.1792756992498301
30,2102,813,22,1.232736102637105,22,0.8038358356641795
30,2102,813,28,12.370467556403465,28,0.11531062365883052
30,2102,813,29,21.101963274161594,29,0.10813824447188541
30,2102,813,30,38.353335851016524,30,0.044211545437543305
30,2102,813,31,25.158174115777154,30,0.06378728273774496
30,2102,813,32,3.138864711693061,30,0.44409433495308503
30,2102,813,38,2.7502229288875997,30,0.9050195455613951
30,2102,814,22,0.8409474170466237,22,1.0197247650869599
30,2102,814,28,6.237289833560069,28,0.3745063207188736
30,2102,814,29,34.83611571159192,29,0.08036323866129608
30,2102,814,30,24.793246630883903,30,0.05421824311570971
30,2102,814,31,24.786036250484745,30,0.07582587181430588
30,2102,814,32,2.1472926810707476,30,0.39277350642057196
30,2102,814,38,2.8822414747460434,30,0.8248694145314786
30,2102,815,22,1.2054321029911885,22,1.270719613122256
30,2102,815,28,2.1458732547617343,28,0.5961914076932497
30,2102,815,29,27.52015045400447,29,0.08739075803160032
30,2102,815,30,23.934731930767068,30,0.08685856418517539
30,2102,815,31,7.438886028619491,30,0.1520256841272122
30,2102,815,32,6.748821214114335,30,0.1831408194048509
30,2102,815,38,3.0611827157366687,30,1.0330695773399887
30,2102,816,22,1.2791400288940675,22,1.094004650816641
30,2102,816,28,2.139980234320408,28,0.3118002839770736
30,2102,816,29,2.1382054826849863,29,0.31166633728000853
30,2102,816,30,2.3676341168845396,30,0.30782323053883226
30,2102,816,31,2.527520080587878,30,0.3800784700452546
30,2102,816,32,2.800920345289656,30,0.3806359925964268
30,2102,816,38,2.9152898210705502,30,0.7996779810691349
30,2102,817,22,0.9993870236147184,22,1.1689798459593181
30,2102,817,28,1.8473772271640205,28,0.2718579290609803
30,2102,817,29,3.511641629651189,29,0.20685461434611013
30,2102,817,30,657.1211023377257,30,0.02539917153383444
30,2102,817,31,115.36037721600152,30,0.0616780904286984
30,2102,817,32,5.421552855500481,30,0.2983233242954725
30,2102,817,38,2.1864150550895887,30,0.987269680124247
30,2102,818,22,1.558697132562813,22,1.1332301047645512
30,2102,818,28,3.1665916569237846,28,0.35219045674292154
30,2102,818,29,3.352289645665637,29,0.30525109177803234
30,2102,818,30,2.664159882020103,30,0.22757528374074765
30,2102,818,31,2.407293421551383,30,0.23293210642118523
30,2102,818,32,2.1324260313322947,30,0.2673886983011968
30,2102,818,38,3.576790331550513,30,1.020668549174644
30,2102,819,22,0.7639288483483684,22,1.195098698544877
30,2102,819,28,2.9515657349555755,28,0.2974525392911179
30,2102,819,29,3.2649984594386114,29,0.288676023305315
30,2102,819,30,3.8136371610050324,30,0.2630063209295099
30,2102,819,31,3.76930540550791,30,0.2632324961143234
30,2102,819,32,3.568319154930337,30,0.3417911392823231
30,2102,819,38,2.6215624966429116,30,0.945468084386124
30,2102,820,22,0.6953022025375124,22,1.1778149474632658
30,2102,820,28,3.444327050024501,28,0.28583390720502816
30,2102,820,29,2.983695051577511,29,0.2340819522108393
30,2102,820,30,16.891240649337504,30,0.11664448782841232
30,2102,820,31,12.649771438489061,30,0.17950685274469547
30,2102,820,32,10.750516877447279,30,0.186497543566095
30,2102,820,38,3.391791483719087,30,0.8448232859277903
30,2102,821,22,0.7311285851461302,22,1.3308553047043477
30,2102,821,28,1.785129116001418,28,0.4385073416312112
30,2102,821,29,1.7688078497263626,29,0.3907888762680022
30,2102,821,30,3.9100522862429115,30,0.14456449988390296
30,2102,821,31,3.695637363200783,30,0.1596680181182892
30,2102,821,32,2.039908490897933,30,0.21653019588205896
30,2102,821,38,2.241082844371265,30,0.8515169764055194
30,2102,822,22,1.4289998709990066,22,1.1318729568084287
30,2102,822,28,2.338320457285255,28,0.5318883561308276
30,2102,822,29,2.401274300469164,29,0.3405003736837982
30,2102,822,30,2.269406915683607,30,0.26472874879255875
30,2102,822,31,2.3485620956542985,30,0.29609822490406096
30,2102,822,32,2.561444305426803,30,0.29837840528229514
30,2102,822,38,1.9492909220196744,30,0.6723410955553627
30,2102,823,22,0.8469824092841833,22,1.2609346743179048
30,2102,823,28,2.020459537127415,28,0.2884849160051473
30,2102,823,29,2.0886573308661602,29,0.28250960938496855
30,2102,823,30,2.2154614428422175,30,0.181688003685118
30,2102,823,31,1.580242928043533,30,0.18315739094382727
30,2102,823,32,1.3590998611404652,30,0.46846873831653163
30,2102,823,38,2.337889473105403,30,1.2175139853402541
30,2102,824,22,0.9783398654485065,22,1.4580422906210524
30,2102,824,28,8.729875877706348,28,0.22150926233648893
30,2102,824,29,23.7633170795147,29,0.19783959211401064
30,2102,824,30,24.385339201692258,30,0.19781825413618812
30,2102,824,31,17.571556784615332,30,0.28311480912821
30,2102,824,32,17.350417706195095,30,0.2844828390915464
30,2102,824,38,4.581029045974878,30,0.6466487692910012
30,2102,825,22,0.5392845313553445,22,0.41711472559991136
30,2102,825,28,8.635035587296843,28,0.22602512899201554
30,2102,825,29,5.065218288793232,29,0.12346797124805767
30,2102,825,30,117.57569431266116,30,0.029117821679842715
30,2102,825,31,29.257711149695094,30,0.050863442837978355
30,2102,825,32,17.30012581087005,30,0.06084104603121161
30,2102,825,38,2.386948619603005,30,0.7448661721622427
30,2102,826,22,0.8543687070768082,22,1.0587693706930672
30,2102,826,28,2.497662019981027,28,0.5247148079640994
30,2102,826,29,2.3067856760435985,29,0.5201118961618484
30,2102,826,30,2.2370296292569534,30,0.24466536580877793
30,2102,826,31,2.265346301422618,30,0.49759842650348207
30,2102,826,32,2.1622161685379897,30,0.5207106640421199
30,2102,826,38,1.967221274851516,30,0.9339710516221482
30,2102,827,22,0.7574743134298136,22,1.2746690266315475
30,2102,827,28,2.674104632549455,28,0.24069712323871906
30,2102,827,29,7.155592900977584,29,0.23690945519245654
30,2102,827,30,853.7352732605658,30,0.027300444264909136
30,2102,827,31,8.232019805879666,30,0.27160934097641626
30,2102,827,32,7.0504884206535685,30,0.2790795793153158
30,2102,827,38,3.4209109326636318,30,1.0374124043419475
30,2102,828,22,0.6819713437154126,22,0.9936544110850729
30,2102,828,28,1.8370138943521022,28,0.35892177197497627
30,2102,828,29,3.5664475715109183,29,0.23387673711908494
30,2102,828,30,69.44302320702634,30,0.06891783523838624
30,2102,828,31,66.30816964924689,30,0.07072281934465427
30,2102,828,32,66.45365514436163,30,0.07074647463715017
30,2102,828,38,3.572152592457152,30,1.1627295521489713
30,2102,829,22,0.4127492624750543,22,1.3250900310329754
30,2102,829,28,2.160143079791204,28,0.5122369660959073
30,2102,829,29,1.7133985329090278,29,0.3736149406650987
30,2102,829,30,1.7453619190437157,30,0.3719413020048131
30,2102,829,31,1.7871481428767495,30,0.5638003751459957
30,2102,829,32,1.9002502126832084,30,0.6046003289547691
30,2102,829,38,2.501631058931453,30,1.075225662707286
30,2102,830,22,0.6136326732736206,22,1.1093674054984854
30,2102,830,28,1.6978539777779351,28,0.5806133841687643
30,2102,830,29,2.7445060820038134,29,0.2744815293431015
30,2102,830,30,2.083898909293556,30,0.25824382463470097
30,2102,830,31,2.076952193141627,30,0.25827809244834177
30,2102,830,32,2.3159898532615495,30,0.4383616801038282
30,2102,830,38,2.3967539209783495,30,1.038621865995027
30,2102,831,22,0.8864146601478736,22,0.8728760819916976
30,2102,831,28,1.2227620084052866,28,0.2423263713036225
30,2102,831,29,0.9659906906803748,29,0.20326845957024336
30,2102,831,30,11.882297281799092,30,0.14924164901258885
30,2102,831,31,8.118907878593287,30,0.17486772615373747
30,2102,831,32,2.430764385723366,30,0.4516025649558615
30,2102,831,38,2.3093463302561803,30,1.1692828515650873
30,2102,832,22,0.7356408846330316,22,1.1195512905054377
30,2102,832,28,4.009309972654602,28,0.43637208138246625
30,2102,832,29,6.399362087997231,29,0.40843997927327447
30,2102,832,30,11.138834862993757,30,0.1416172468364062
30,2102,832,31,2.544897151684751,30,0.24697647313833174
30,2102,832,32,2.706446935747514,30,0.3771576732239253
30,2102,832,38,3.591595559493454,30,1.0553993342076127
30,2102,833,22,0.670044589132389,22,0.9093471640280157
30,2102,833,28,1.3241594746378047,28,0.3341180151925202
30,2102,833,29,6.197644077742921,29,0.18210716036387908
30,2102,833,30,9.700974993129782,30,0.17920793403979815
30,2102,833,31,6.544289223502021,30,0.2041527314990559
30,2102,833,32,2.0753458630392196,30,0.2359401203925536
30,2102,833,38,3.8720695182006333,30,0.6623027469984754
30,2102,834,22,0.6205924524888335,22,1.4775445303894286
30,2102,834,28,12.034139249993945,28,0.2826982015530118
30,2102,834,29,16.54357032313779,29,0.2420779614168043
30,2102,834,30,10.030277435254114,30,0.2182972208311857
30,2102,834,31,3.4296312001534206,30,0.3192147503388368
30,2102,834,32,2.9714837052935374,30,0.3397034287854372
30,2102,834,38,1.666940565551963,30,1.1807290899593352
30,2102,835,22,1.354145055663373,22,1.041378170724584
30,2102,835,28,1.685101323248076,28,0.4325932831867104
30,2102,835,29,1.87967981729207,29,0.26518016624034785
30,2102,835,30,5.830847709327078,30,0.2116903762574149
30,2102,835,31,6.312734865810114,30,0.23907019203230956
30,2102,835,32,2.986009193722717,30,0.5039501755672287
30,2102,835,38,2.4100993762549594,30,0.9697163968347349
30,2102,836,22,1.493922051173867,22,1.192058094850479
30,2102,836,28,1.5485619839583713,28,0.4204071295065452
30,2102,836,29,84.98899649350585,29,0.045480663978398714
30,2102,836,30,717.0929294495494,30,0.02039542455936798
30,2102,836,31,3.187377853872147,30,0.37426590193497555
30,2102,836,32,3.1030551568544418,30,0.38399299296073663
30,2102,836,38,3.8286517063558128,30,0.9191798933955521
30,2102,837,22,0.5595802109307866,22,1.486197850108184
30,2102,837,28,0.8083710452323996,28,0.5115834211699052
30,2102,837,29,1.1786927983717468,29,0.2926156249103878
30,2102,837,30,2.858143978501086,30,0.17745484217712681
30,2102,837,31,1.7545626145880384,30,0.30146710582105746
30,2102,837,32,2.4633866130878963,30,0.3033577114887131
30,2102,837,38,2.900075937204674,30,0.8032529773152263
30,2102,838,22,1.7522346873049663,22,0.947651282999586
30,2102,838,28,36.478849160117285,28,0.15862582862257918
30,2102,838,29,32.63749448115838,29,0.10155815822833937
30,2102,838,30,35.623850693573786,30,0.06388436291937892
30,2102,838,31,18.79392087093236,30,0.08868057204770333
30,2102,838,32,17.618079262616448,30,0.24956138534681022
30,2102,838,38,3.250072535582025,30,0.7803257683164139
30,2102,839,22,0.5634675631706002,22,0.7550380601752336
30,2102,839,28,2.807287218255643,28,0.13603803884753443
30,2102,839,29,4.772345158571257,29,0.09661277037802558
30,2102,839,30,21.899006672877963,30,0.045143418567308746
30,2102,839,31,1.524527907742016,30,0.2121442063244031
30,2102,839,32,1.5472646554871083,30,0.3228191526636029
30,2102,839,38,2.000828912463178,30,0.8195904358493543
30,2102,840,22,1.4729318067470525,22,1.055418444977882
30,2102,840,28,2.347503868234542,28,0.6119272818774498
30,2102,840,29,5.8648570428876985,29,0.26181328916109475
30,2102,840,30,612.0589302007318,30,0.03092429987459718
30,2102,840,31,60.074634832752324,30,0.09631198712559931
30,2102,840,32,24.000257028745693,30,0.17218199474688153
30,2102,840,38,5.353472834362395,30,0.4815901098500232
30,2102,841,22,1.4122054763377765,22,0.7206624638307958
30,2102,841,28,3.3573211962855316,28,0.31693689186784546
30,2102,841,29,2.955872900165944,29,0.13428388099567487
30,2102,841,30,3.072266169860886,30,0.10108021763847357
30,2102,841,31,3.0710193068509675,30,0.16427694630728693
30,2102,841,32,2.801183060101103,30,0.3074740924221158
30,2102,841,38,2.837413958625176,30,1.0200338943481972
30,2102,842,22,0.8130174750759014,22,1.3515188636288165
30,2102,842,28,4.279961146613232,28,0.27251768214871414
30,2102,842,29,6.8563241648800055,29,0.12495565039268261
30,2102,842,30,47911.01576970234,30,0.005071471143917174
30,2102,842,31,9.15908121080288,30,0.38982535049580486
30,2102,842,32,6.1630060832561675,30,0.5935581748997866
30,2102,842,38,3.64531431454379,30,1.0468725716826905
30,2102,843,22,1.4087930440808107,22,0.8784675341993985
30,2102,843,28,2.9654158413116387,28,0.2886895657845547
30,2102,843,29,5.759994998259091,29,0.18952190515969408
30,2102,843,30,12.89389460022938,30,0.17338337433097842
30,2102,843,31,2.5157402924310737,30,0.17589404501720626
30,2102,843,32,2.3519685531999137,30,0.33640006866138084
30,2102,843,38,2.4494924146139514,30,1.106735203859812
30,2102,844,22,1.0713512278520996,22,0.590962781524493
30,2102,844,28,6.810276576884474,28,0.23166496117273336
30,2102,844,29,8.166412304524078,29,0.18283853290847826
30,2102,844,30,28356.898309834825,30,0.00036366649595582335
30,2102,844,31,3.1166838075058,30,0.1826731280187122
30,2102,844,32,2.14068211709706,30,0.19760372307776666
30,2102,844,38,3.865845290867698,30,1.038162248869525
30,2102,845,22,1.5944592981098753,22,1.0841643025233005
30,2102,845,28,2.139757622305206,28,0.37372876134097666
30,2102,845,29,3.528159822399448,29,0.1706827380764168
30,2102,845,30,32.593226291596984,30,0.017555605025723106
30,2102,845,31,4.200515971370312,30,0.14951654477236087
30,2102,845,32,2.377541630889179,30,0.5051922369678783
30,2102,845,38,1.8970454513360726,30,0.8200790833368607
30,2102,846,22,1.0805498405366074,22,1.0881186109224668
30,2102,846,28,11.832513156506922,28,0.2293574008205403
30,2102,846,29,19.613988206612618,29,0.22011625226600093
30,2102,846,30,30.248159920219052,30,0.18824596541871289
30,2102,846,31,15.07631481873975,30,0.26358490284808805
30,2102,846,32,11.837427222027742,30,0.3546411579512303
30,2102,846,38,3.8173902436510665,30,0.9942045733762356
30,2102,847,22,0.6564403129428175,22,1.1399346928864713
30,2102,847,28,12.060534172695638,28,0.20261501925361552
30,2102,847,29,8.788047462717941,29,0.1731725848036538
30,2102,847,30,11.507752951388268,30,0.1451821120833842
30,2102,847,31,10.560357594083259,30,0.15409759459063022
30,2102,847,32,1.675000018665649,30,0.44430830840293706
30,2102,847,38,1.811219377353761,30,0.7836589788474684
30,2102,848,22,1.0367582903679669,22,0.9149185214958212
30,2102,848,28,12.679654961427214,28,0.369461596490179
30,2102,848,29,35.104455155301544,29,0.28725737621024683
30,2102,848,30,48.064174590174154,30,0.2552662885326538
30,2102,848,31,48.19303616307373,30,0.2586947757979872
30,2102,848,32,4.2259695581184396,30,0.36845731484438915
30,2102,848,38,3.7258254648411553,30,0.991482664096193
30,2102,849,22,1.196977419738349,22,0.8397068397020743
30,2102,849,28,2.323090497381278,28,0.37476179010407124
30,2102,849,29,3.0514092562099964,29,0.2685800278271039
30,2102,849,30,80.47029162806103,30,0.09158880069201734
30,2102,849,31,5.357422155894225,30,0.3673273249071492
30,2102,849,32,4.148537358716615,30,0.4015507570314724
30,2102,849,38,2.6339461971079627,30,0.9419210252221163
30,2102,850,22,0.6207611996488092,22,1.2502601557332964
30,2102,850,28,1.5652808903307462,28,0.26369977582593473
30,2102,850,29,8.826646409970934,29,0.19411575639346842
30,2102,850,30,2.0958130210385084,30,0.08747105955253215
30,2102,850,31,1.1644628568598214,30,0.3287823564264194
30,2102,850,32,1.420719849769379,30,0.5140545741955713
30,2102,850,38,1.2231877132669096,30,0.9652053984252571
30,2102,851,22,1.0101901955079613,22,0.9957188036204939
30,2102,851,28,2.2205021413233874,28,0.4266751489575845
30,2102,851,29,13.007888659663251,29,0.24870094774360324
30,2102,851,30,31.24717782114579,30,0.1773474498021483
30,2102,851,31,5.643581676206691,30,0.4262302307821594
30,2102,851,32,3.9716881328758324,30,0.5569880569138042
30,2102,851,38,2.996867499427516,30,1.0294368890384546
30,2102,852,22,1.2429175387455844,22,0.8189856835897331
30,2102,852,28,3.568412970746568,28,0.2351019433749658
30,2102,852,29,27.38955047935254,29,0.07711683480641073
30,2102,852,30,18.1004132674609,30,0.06908899341780773
30,2102,852,31,4.895484514442363,30,0.3900560498649322
30,2102,852,32,5.006476556111114,30,0.4138828494265423
30,2102,852,38,2.606688773744982,30,1.0090310808268257
30,2102,853,22,1.4939982993403016,22,0.9757478031431097
30,2102,853,28,6.598057332210771,28,0.26351653914460504
30,2102,853,29,4.476391421804099,29,0.1976607117545137
30,2102,853,30,11.339446023759866,30,0.101641867502815
30,2102,853,31,8.914080608204971,30,0.10276947062664908
30,2102,853,32,2.48642379686853,30,0.42984724694338905
30,2102,853,38,2.507581429015949,30,1.0198922029383504
30,2102,854,22,0.7429582014959155,22,0.5558981686621267
30,2102,854,28,44.360876604976454,28,0.16549251747981814
30,2102,854,29,32.77761536577325,29,0.15872276143701583
30,2102,854,30,19.238768049805422,30,0.09150177909857556
30,2102,854,31,8.15420738526478,30,0.1055867423341265
30,2102,854,32,6.37069391660968,30,0.46785014876608505
30,2102,854,38,2.6637394611086984,30,0.8582242906642114
30,2102,855,22,0.6787604795738252,22,1.1939210990882214
30,2102,855,28,2.305260162643287,28,0.3383601669060744
30,2102,855,29,4.019607760730684,29,0.21039616359310037
30,2102,855,30,6.1314945647966415,30,0.03190390254934531
30,2102,855,31,1.6298117497784523,30,0.14662634150641315
30,2102,855,32,1.5012962362291156,30,0.14734720749499883
30,2102,855,38,3.066933719713837,30,0.7346882273894216
30,2102,856,22,1.3457439263416702,22,0.7851234522429076
30,2102,856,28,1.8295490034354904,28,0.35959250954138783
30,2102,856,29,61.393145613111784,29,0.11778042573576775
30,2102,856,30,138.89830223875666,30,0.06645683130235905
30,2102,856,31,3.51359413584417,30,0.35026857420052465
30,2102,856,32,2.243159201465276,30,0.40299589468433045
30,2102,856,38,1.9830664859418206,30,1.21927668210882
30,2102,857,22,0.8161559558809995,22,1.1150464110169314
30,2102,857,28,1.1194105603199267,28,0.5864649233064922
30,2102,857,29,1.5697152110595165,29,0.5826422464640795
30,2102,857,30,5.366508909641137,30,0.1613457241991577
30,2102,857,31,3.033420541589229,30,0.28761465588037144
30,2102,857,32,2.7270456525565745,30,0.35199553826135255
30,2102,857,38,1.3540412743855221,30,1.3986596132292757
30,2102,858,22,0.7156695908346358,22,1.3164823442567812
30,2102,858,28,11.658205106240521,28,0.3914194058182819
30,2102,858,29,10.079755512164963,29,0.3087996999017808
30,2102,858,30,155.5070855256706,30,0.052212119505594665
30,2102,858,31,17.98978666532282,30,0.1838946904844657
30,2102,858,32,19.11097248662484,30,0.19757450873636173
30,2102,858,38,4.265073707486254,30,0.590179044106578
30,2102,859,22,1.2318559580065673,22,0.8132882959598907
30,2102,859,28,13.079932150901861,28,0.2730880497456799
30,2102,859,29,8.483186759790074,29,0.2028264573741588
30,2102,859,30,8.126610211836296,30,0.19514680395373663
30,2102,859,31,7.899126428789153,30,0.19532975439317785
30,2102,859,32,5.745561616912232,30,0.20076416339034198
30,2102,859,38,2.3442792610865437,30,0.9262774954037645
30,2102,860,22,0.7638684974976816,22,1.2035267743064606
30,2102,860,28,1.1414980560157995,28,0.19125235751729855
30,2102,860,29,1.0048288014467777,29,0.18872639407547626
30,2102,860,30,7.163355669246925,30,0.156115337300939
30,2102,860,31,1.2440882230098866,30,0.40300905893234046
30,2102,860,32,1.5722236802173517,30,0.40973042700644546
30,2102,860,38,2.2043812689612023,30,0.9422550955698045
30,2102,861,22,0.7803537473497317,22,0.9892057255060258
30,2102,861,28,8.064250961372828,28,0.23976882956677023
30,2102,861,29,7.8117553329513765,29,0.1804634821501179
30,2102,861,30,57.591196649988404,30,0.06719085429330705
30,2102,861,31,22.155704174149662,30,0.14054785582077634
30,2102,861,32,8.857776658138201,30,0.22878251905729008
30,2102,861,38,2.0738147846745045,30,0.8880172022593879
30,2102,862,22,0.7774693184781486,22,1.0341096296978356
30,2102,862,28,1.1812400725061643,28,0.299277767391598
30,2102,862,29,1.6622037590721073,29,0.2924659382339042
30,2102,862,30,1.9552375626543366,30,0.28999006833019286
30,2102,862,31,2.1308732031936506,30,0.3077240989320466
30,2102,862,32,2.165479631348192,30,0.31518879076548956
30,2102,862,38,3.392262598091047,30,0.825254127411596
30,2102,863,22,0.9422299896969148,22,1.042957968579561
30,2102,863,28,10.3905967501864,28,0.28039439083721657
30,2102,863,29,24.7214399274285,29,0.16622671427658295
30,2102,863,30,25.17706251714132,30,0.16401122743135046
30,2102,863,31,20.892782151276776,30,0.1741332418847746
30,2102,863,32,17.10318918757374,30,0.20303152317703815
30,2102,863,38,4.632313438064348,30,0.636038635893351
30,2102,864,22,1.381527770769442,22,0.9555097153017895
30,2102,864,28,2.092253808337362,28,0.3267215374057766
30,2102,864,29,2.0414432166711993,29,0.18244002164381587
30,2102,864,30,2.475352079159694,30,0.1782290681354918
30,2102,864,31,2.093665016986038,30,0.19657243406764205
30,2102,864,32,1.3589683736553833,30,0.2941815551772492
30,2102,864,38,3.2436104417322995,30,1.0218670940034165
30,2102,865,22,0.8026840926066795,22,1.370203890163551
30,2102,865,28,1.6181686493648522,28,0.3978614098616485
30,2102,865,29,9.933503405021321,29,0.15971785551682358
30,2102,865,30,53.203784027172595,30,0.1354760793324587
30,2102,865,31,50.07559598907939,30,0.13557990630060596
30,2102,865,32,4.722787967713874,30,0.4138648261308683
30,2102,865,38,3.899833339224643,30,1.076302206171455
30,2102,866,22,0.9732012928797553,22,1.0565245189927424
30,2102,866,28,0.9564538137969897,28,0.3201968002621432
30,2102,866,29,1.341663093790958,29,0.31977347300748526
30,2102,866,30,1.8511506539043916,30,0.313985032819824
30,2102,866,31,1.6373192078901775,30,0.33050182942499456
30,2102,866,32,2.1421714415152,30,0.7556632264068697
30,2102,866,38,2.664014770511697,30,1.2224338217273885
30,2102,867,22,1.6396876393061468,22,1.0196367847143297
30,2102,867,28,1.1919916808073852,28,0.5786208289196145
30,2102,867,29,1.3170589429212205,29,0.3583862496433974
30,2102,867,30,38463.671801744356,30,0.008307435784306422
30,2102,867,31,17.998643210054844,30,0.3536195412884755
30,2102,867,32,8.494208234001789,30,0.5149751439773047
30,2102,867,38,2.8727650631487927,30,0.9501899581346679
30,2102,868,22,0.4310980756352886,22,1.143063819852409
30,2102,868,28,31.787867206621346,28,0.16583489738549798
30,2102,868,29,33.69755895651289,29,0.1598216073070906
30,2102,868,30,29.14337549236081,30,0.10103100969910146
30,2102,868,31,10.613360937584263,30,0.11225958125803187
30,2102,868,32,7.019000436232589,30,0.15081067419610938
30,2102,868,38,1.395010652469978,30,1.0741360142313148
30,2102,869,22,0.4046475586311968,22,1.4698700612729412
30,2102,869,28,4.478383892268891,28,0.48710263098427803
30,2102,869,29,7.591292334250944,29,0.2746721515598047
30,2102,869,30,12.914826641880436,30,0.12312877080339103
30,2102,869,31,6.717279469720457,30,0.12386489149954494
30,2102,869,32,4.131532218528227,30,0.2484805692932279
30,2102,869,38,1.4703774598444297,30,0.9749567507277017
30,2102,870,22,0.8248423459308037,22,1.1638364757998887
30,2102,870,28,1.834664721963449,28,0.3829965895493635
30,2102,870,29,2.354216388486842,29,0.24580448990731096
30,2102,870,30,23.053218413540606,30,0.07423901570298917
30,2102,870,31,8.538901535542486,30,0.12732047342438924
30,2102,870,32,9.074411182620148,30,0.1276745249870044
30,2102,870,38,2.327942811740429,30,0.8771340061898023
30,2102,871,22,0.6737592857155745,22,1.1307245819910445
30,2102,871,28,22.97746912619177,28,0.24902048642434593
30,2102,871,29,40.02488043763384,29,0.11983714503233693
30,2102,871,30,1103.4287280517788,30,0.019817978503320323
30,2102,871,31,266.0573728926677,30,0.031458698909511536
30,2102,871,32,12.052801044973723,30,0.11603576992280143
30,2102,871,38,2.7294684823009234,30,1.1052571050042994
30,2102,872,22,0.6077568479700397,22,1.2803488992169345
30,2102,872,28,20.438479330130328,28,0.15074140873206027
30,2102,872,29,24.16127596668738,29,0.1405393363085176
30,2102,872,30,3140.0120441816534,30,0.006637069535469374
30,2102,872,31,2.2932411165013993,30,0.1611447193371941
30,2102,872,32,2.3931396236951086,30,0.2369888919218702
30,2102,872,38,2.784477473192544,30,1.0263452624542726
30,2102,873,22,0.9022390239849937,22,1.1439697885351354
30,2102,873,28,2.075238909014523,28,0.4860473475988047
30,2102,873,29,2.474604081715883,29,0.47791203345072636
30,2102,873,30,22.86752387486125,30,0.12672018336106491
30,2102,873,31,8.044704436000622,30,0.2527058976937101
30,2102,873,32,2.7311764972912584,30,0.5419799366644457
30,2102,873,38,4.235783461746631,30,0.8205093944955025
30,2102,874,22,0.646531320268944,22,0.7545899816880042
30,2102,874,28,16.406872324819098,28,0.24215181204800523
30,2102,874,29,49.45227116839913,29,0.15144385878874533
30,2102,874,30,38.56705459691864,30,0.035662261509114855
30,2102,874,31,29.08460159128298,30,0.21029208732997587
30,2102,874,32,18.552904704024407,30,0.28799235291293407
30,2102,874,38,7.596580960983731,30,0.7431658589510416
30,2102,875,22,1.1429314392198093,22,0.7687474557559838
30,2102,875,28,11.433392962600385,28,0.2134863777949751
30,2102,875,29,11.903837676155552,29,0.19084657074028402
30,2102,875,30,23.747687154013335,30,0.036278764063512506
30,2102,875,31,8.631341036191031,30,0.14407807878820703
30,2102,875,32,4.016994278835136,30,0.20514101846631147
30,2102,875,38,2.5391895200372434,30,0.5526007645193839
30,2102,876,22,0.7047685735502429,22,0.6497639580927262
30,2102,876,28,15.046367711771195,28,0.3725385088968269
30,2102,876,29,9.25919495948736,29,0.1489065129733854
30,2102,876,30,8.51492521137272,30,0.1005062190452793
30,2102,876,31,7.4048122579997555,30,0.21897421496174183
30,2102,876,32,6.211831065593289,30,0.29143624824430825
30,2102,876,38,3.9354255671081946,30,0.9366868722452422
30,2102,877,22,1.2719373261333895,22,0.878017570737053
30,2102,877,28,1.9159507899596004,28,0.5806348736260423
30,2102,877,29,2.1648664716123545,29,0.24438507796559694
30,2102,877,30,18.02719521663071,30,0.2040752733044225
30,2102,877,31,4.758494187420722,30,0.2758995734315657
30,2102,877,32,3.9222914879601976,30,0.4554571715342721
30,2102,877,38,3.035221178684703,30,0.7829975982490706
30,2102,878,22,0.7143641111908532,22,1.0016487749689307
30,2102,878,28,2.815320597711873,28,0.23038891445821438
30,2102,878,29,2.804591728252188,29,0.22822885943437402
30,2102,878,30,3.011981023935919,30,0.1848847443516039
30,2102,878,31,2.9296666672800504,30,0.2723202253054644
30,2102,878,32,3.0554005269041022,30,0.4081572025090708
30,2102,878,38,2.3961283399383175,30,0.6459513939467607
30,2102,879,22,0.7191033500669894,22,1.3012121045227447
30,2102,879,28,2.108342234261184,28,0.511842422008068
30,2102,879,29,2.121673192712296,29,0.5093506113605349
30,2102,879,30,2.7987642281412866,30,0.26935670176873105
30,2102,879,31,2.3043413480407335,30,0.4516649911279352
30,2102,879,32,2.2170925453067998,30,0.6777710657945037
30,2102,879,38,1.7036881490101679,30,0.9214367184288201
30,2102,880,22,0.739001337644932,22,0.6914764786168066
30,2102,880,28,2.977928644001564,28,0.3018999745104205
30,2102,880,29,8.269799649188968,29,0.2194186327594584
30,2102,880,30,30.095352834542616,30,0.1701698528182136
30,2102,880,31,4.4137805366983365,30,0.3527334477896532
30,2102,880,32,4.394878631164138,30,0.3992873908203208
30,2102,880,38,2.3473211237344898,30,1.1386916540645384
30,2102,881,22,0.8406727377781377,22,1.2530095420710257
30,2102,881,28,1.348153595652326,28,0.5229930246921218
30,2102,881,29,1.6871178847052895,29,0.5225251941047021
30,2102,881,30,1.2073348578537186,30,0.3959335733460045
30,2102,881,31,1.2806210840241077,30,0.4595064642751541
30,2102,881,32,1.4169799376079146,30,0.5554015529114296
30,2102,881,38,2.1872208915364393,30,0.8811161455206256
30,2102,882,22,0.8856858723855847,22,0.7837667666753181
30,2102,882,28,4.426373138435423,28,0.2584170497315479
30,2102,882,29,1.9517119205154698,29,0.10453776733326012
30,2102,882,30,63.79546533605963,30,0.06304842352824926
30,2102,882,31,23.783590608815167,30,0.09146325733399595
30,2102,882,32,7.1815239510586935,30,0.18978401471844605
30,2102,882,38,1.7595469948102536,30,0.8724296310165169
30,2102,883,22,0.6661477627242222,22,0.923003873458808
30,2102,883,28,80.71744960298768,28,0.108491736329423
30,2102,883,29,244.3049274075561,29,0.06819948215945702
30,2102,883,30,4714.2869362026,30,0.008316995994803568
30,2102,883,31,25.74487331895961,30,0.22191891337805003
30,2102,883,32,19.67709261633769,30,0.26731040303871284
30,2102,883,38,6.576983894805667,30,0.6139393624071983
30,2102,884,22,0.8674345210492435,22,1.34017791602342
30,2102,884,28,0.7653774808152867,28,0.4377278898780985
30,2102,884,29,34.577468074926855,29,0.0739153882860795
30,2102,884,30,20.0793395034841,30,0.06155645909908524
30,2102,884,31,12.808949625972323,30,0.0706051698408739
30,2102,884,32,1.4954467803350866,30,0.31413378459724095
30,2102,884,38,1.849261062655799,30,0.8049983234195838
30,2102,885,22,0.915559803493597,22,1.0395852050988088
30,2102,885,28,2.2017731428670504,28,0.6823197261364086
30,2102,885,29,2.192678447055715,29,0.5604196207850582
30,2102,885,30,3.6429026386730587,30,0.3561770335838818
30,2102,885,31,3.8970934494413028,30,0.3561803983578273
30,2102,885,32,2.786466926900885,30,0.4811639048217799
30,2102,885,38,4.006672743844211,30,1.0032479426016556
30,2102,886,22,0.8812359256073381,22,0.7235223993148903
30,2102,886,28,10.782949297127834,28,0.16781423189190547
30,2102,886,29,9.677755657684525,29,0.1639348697704962
30,2102,886,30,166.931350801092,30,0.010383460311826772
30,2102,886,31,4.621881052121756,30,0.14899220004633296
30,2102,886,32,4.591868562294762,30,0.40557704354036483
30,2102,886,38,3.4168199674375757,30,0.8469309464361262
30,2102,887,22,1.214666877198802,22,1.353241611018775
30,2102,887,28,1.114391198047493,28,0.2714925168915518
30,2102,887,29,1.0922428717797121,29,0.27003462825367736
30,2102,887,30,5.967477923517543,30,0.17589210072228706
30,2102,887,31,4.481642190742871,30,0.22389878685009496
30,2102,887,32,1.3682642488861143,30,0.4790657622642388
30,2102,887,38,1.5240801133556776,30,0.8030249392421989
30,2102,888,22,0.7939077546483859,22,0.9215227723848259
30,2102,888,28,3.341500398215926,28,0.45630669019092407
30,2102,888,29,4.923925441450063,29,0.4110364879562439
30,2102,888,30,21.228706740800217,30,0.19561682089198354
30,2102,888,31,4.457115632231606,30,0.40040762749821496
30,2102,888,32,3.663223631795521,30,0.49031836558552144
30,2102,888,38,3.0194345206957256,30,1.356612705202974
30,2102,889,22,0.9665328146859874,22,0.8899206221241007
30,2102,889,28,12.038470649562779,28,0.38299277951184363
30,2102,889,29,9.890448139838835,29,0.36122956627257713
30,2102,889,30,15.390963959396748,30,0.2266154927704736
30,2102,889,31,2.9337402674034725,30,0.6967347542376933
30,2102,889,32,2.3801595066760064,30,0.7102409398720589
30,2102,889,38,3.1862951786758855,30,1.13737745590512
30,2102,890,22,0.7843184035679,22,1.2407878738579443
30,2102,890,28,1.6078803001657576,28,0.4175565992524572
30,2102,890,29,1.6323163189670546,29,0.19061355316470574
30,2102,890,30,3.1857014996663966,30,0.18998017029428665
30,2102,890,31,3.3723449324562464,30,0.21156644773788194
30,2102,890,32,2.0892213418368617,30,0.23604372208417315
30,2102,890,38,2.8029254408366127,30,0.9413178977588181
30,2102,891,22,1.0700252929592358,22,0.8911870783841225
30,2102,891,28,24.63183667117656,28,0.14608370088152528
30,2102,891,29,23.9546742355511,29,0.1353602904628953
30,2102,891,30,22.429358633022417,30,0.08420305726334083
30,2102,891,31,7.397192631841561,30,0.20244106147162239
30,2102,891,32,6.92287659348189,30,0.3068821791807835
30,2102,891,38,2.4563958420892327,30,1.0457936356211681
30,2102,892,22,1.9708156267467942,22,0.818798916668252
30,2102,892,28,2.477981932690032,28,0.30929339389365446
30,2102,892,29,3.3675155068018867,29,0.30544472935405886
30,2102,892,30,8.585363254664227,30,0.12688072669496242
30,2102,892,31,8.583050183889677,30,0.12692475541168827
30,2102,892,32,1.9150843409099352,30,0.3745122902516802
30,2102,892,38,2.0819768243117274,30,1.2726626689894192
30,2102,893,22,0.9933904307920962,22,0.9102616274062761
30,2102,893,28,2.8691228831602418,28,0.2084058112138761
30,2102,893,29,30.071345067682646,29,0.07116177854007094
30,2102,893,30,540.6549115186214,30,0.02252527469478905
30,2102,893,31,7.954212333281154,30,0.13435003328671538
30,2102,893,32,5.6673753740772765,30,0.25285984015322394
30,2102,893,38,1.3295627484690478,30,0.6357841943513789
30,2102,894,22,0.5395230948300272,22,0.9562754677279168
30,2102,894,28,4.595839913356835,28,0.09396257912281981
30,2102,894,29,3.6855262952098453,29,0.0930317345530653
30,2102,894,30,4.746937601259864,30,0.07643166806821018
30,2102,894,31,4.157975059346439,30,0.2057255858814609
30,2102,894,32,4.148574783201024,30,0.2091878202729168
30,2102,894,38,2.8284147352122164,30,0.8549521742169767
30,2102,895,22,1.1221940062981277,22,0.9546018893498887
30,2102,895,28,4.433700787278424,28,0.4071945007530844
30,2102,895,29,4.8997957656408335,29,0.4071320444761502
30,2102,895,30,7.682542362980143,30,0.08613461538813866
30,2102,895,31,1.9109982952438946,30,0.3953279987152408
30,2102,895,32,1.6446313939319162,30,0.5056338699972114
30,2102,895,38,1.7670615377731262,30,0.7906376879679355
30,2102,896,22,0.6795432215639974,22,1.0290413131405478
30,2102,896,28,3.2833409326399394,28,0.18446041262530388
30,2102,896,29,58.73493095823089,29,0.05961191335148919
30,2102,896,30,3179.516845423412,30,0.005838290229550617
30,2102,896,31,15.777344398113767,30,0.1220137790494698
30,2102,896,32,11.338122567463108,30,0.1513598305587778
30,2102,896,38,2.6568952590956867,30,0.7984233223173145
30,2102,897,22,1.539903337296427,22,1.147973038562377
30,2102,897,28,4.037012456850615,28,0.6749032992739434
30,2102,897,29,4.776417011885089,29,0.32757323105017566
30,2102,897,30,3.6414328650755934,30,0.29984704912780286
30,2102,897,31,4.057910720182463,30,0.3537313167401637
30,2102,897,32,3.506187310180243,30,0.35380063716006355
30,2102,897,38,4.158487995885352,30,0.5977075912955053
30,2102,898,22,1.0459778508636708,22,0.9041994324296776
30,2102,898,28,1.2123580356818533,28,0.300429736250681
30,2102,898,29,1.7451251563843344,29,0.26212031027365784
30,2102,898,30,389.2401821121679,30,0.015473887133101494
30,2102,898,31,7.006427499609358,30,0.15682870583972625
30,2102,898,32,6.0448097449216505,30,0.16451159539768517
30,2102,898,38,2.6648537827149563,30,0.7235055905909477
30,2102,899,22,1.0326851008077567,22,1.2578228428832052
30,2102,899,28,99.46317398253272,28,0.11643304207103376
30,2102,899,29,87.9243170033383,29,0.1154232707835679
30,2102,899,30,2649.180983989376,30,0.0214044698424979
30,2102,899,31,46.38669800734137,30,0.16537168225708304
30,2102,899,32,8.840941253001562,30,0.2917659859563093
30,2102,899,38,3.600714701624662,30,0.5975995875346524
30,2102,900,22,0.6264998392057735,22,0.669038018873255
30,2102,900,28,1.6555498209005104,28,0.3170311237985064
30,2102,900,29,68.49226952556383,29,0.08867836441603802
30,2102,900,30,290.59823657338075,30,0.03644380519665596
30,2102,900,31,4.2166109590765295,30,0.20627357480858685
30,2102,900,32,2.176894095386756,30,0.31179101114192637
30,2102,900,38,2.2359307423129287,30,1.1655257172463864
30,2102,901,22,0.6843008097162607,22,1.342457019146975
30,2102,901,28,1.408616536486448,28,0.516723752736103
30,2102,901,29,4.278031356140108,29,0.2806955208180601
30,2102,901,30,4.737070400750172,30,0.16122955268932862
30,2102,901,31,2.5234929396876615,30,0.2666773543380948
30,2102,901,32,3.3803695741800306,30,0.2995679393949497
30,2102,901,38,3.3864170177956208,30,0.4918739305901005
30,2102,902,22,0.6996384704135472,22,0.9551114724587104
30,2102,902,28,0.8797179160980445,28,0.228559490483468
30,2102,902,29,52.151221120486916,29,0.09329049911575099
30,2102,902,30,60.94346231533841,30,0.09303347378448883
30,2102,902,31,59.45976785446985,30,0.09535914024499144
30,2102,902,32,5.956099285445875,30,0.31636617644968795
30,2102,902,38,2.061706177863734,30,1.075895382250206
30,2102,903,22,1.1237337254699986,22,1.1487188992672952
30,2102,903,28,2.375277280275763,28,0.26921514594180745
30,2102,903,29,3.0143638196346965,29,0.2509495218405897
30,2102,903,30,3.4412702750647317,30,0.24603322240241585
30,2102,903,31,2.698448582693413,30,0.28098998363210725
30,2102,903,32,2.9351015786223993,30,0.2812030713097908
30,2102,903,38,1.972814693400356,30,0.8740993650868514
30,2102,904,22,1.543900710789925,22,1.1210302301751796
30,2102,904,28,3.437285454229112,28,0.47412859996827084
30,2102,904,29,4.099828268933425,29,0.4738228921433828
30,2102,904,30,4.336200994121736,30,0.381693595098622
30,2102,904,31,4.392218789405318,30,0.3841342096438645
30,2102,904,32,3.2259271649637027,30,0.49712518418313095
30,2102,904,38,1.3196230712546109,30,1.1344980592860938
30,2102,905,22,1.1009924539586629,22,0.8448116284960108
30,2102,905,28,1.679511882614246,28,0.48385010680616375
30,2102,905,29,6.081241949287848,29,0.4139862324863167
30,2102,905,30,24.21942710221882,30,0.12234371421609637
30,2102,905,31,23.648768941604988,30,0.12553309723778439
30,2102,905,32,9.499070162183193,30,0.21901904209546177
30,2102,905,38,1.8790044307201288,30,1.1141449458017982
30,2102,906,22,0.7473380353030046,22,1.1551024037664948
30,2102,906,28,2.534086856623312,28,0.22983307161982913
30,2102,906,29,2.557751936743039,29,0.22495023968994168
30,2102,906,30,49.02455006924843,30,0.14516997774958895
30,2102,906,31,21.789069675519887,30,0.18006602485425127
30,2102,906,32,14.852035404560464,30,0.20483974683418618
30,2102,906,38,4.298313822893068,30,0.663837879715599
30,2102,907,22,0.8757302081820465,22,0.8335377705601537
30,2102,907,28,6.249874370995436,28,0.2891143980072424
30,2102,907,29,4.9862733980138225,29,0.15243661207777248
30,2102,907,30,20.378631381429102,30,0.0697623406716963
30,2102,907,31,3.601986022811739,30,0.27352845399851466
30,2102,907,32,2.6093635892067986,30,0.3213922144769375
30,2102,907,38,1.721313305588023,30,0.8696415496649386
30,2102,908,22,2.2570921394473444,22,1.0879588241176121
30,2102,908,28,17.12422046439995,28,0.4144932696261495
30,2102,908,29,12.891834396251843,29,0.1695864656475176
30,2102,908,30,7.787468669797138,30,0.08287906571693533
30,2102,908,31,5.193762565216271,30,0.08298718841028158
30,2102,908,32,4.671148045278153,30,0.34785031510699904
30,2102,908,38,4.357866555461748,30,0.8187227642559556
30,2102,909,22,0.9669894263414548,22,1.13285450903758
30,2102,909,28,3.319797509592034,28,0.1582167554176014
30,2102,909,29,1049.5926585467628,29,0.013178229312911873
30,2102,909,30,43353371.81618401,30,8.257003909233184e-06
30,2102,909,31,6.657802258635363,30,0.12607299287466692
30,2102,909,32,6.8002771147623875,30,0.1323779901428205
30,2102,909,38,4.804913780737464,30,0.9218367995599605
30,2102,910,22,1.4765384729736035,22,0.9854069041944438
30,2102,910,28,14.241632516990814,28,0.2197009450175045
30,2102,910,29,33.382495976302216,29,0.16292222945769333
30,2102,910,30,202.75376620879354,30,0.06453004640986157
30,2102,910,31,68.8721432180294,30,0.12153823355748042
30,2102,910,32,42.2565921905932,30,0.17456128730061454
30,2102,910,38,3.4939964737105464,30,0.6766993203535604
30,2102,911,22,0.9282326062145548,22,1.0978659790742487
30,2102,911,28,9.900236714552571,28,0.1932027763190371
30,2102,911,29,5.06126890959402,29,0.1616295077906279
30,2102,911,30,4.171226270353574,30,0.1512261327292371
30,2102,911,31,4.095250671177595,30,0.17693343136406758
30,2102,911,32,4.314102443651969,30,0.27862810704949476
30,2102,911,38,3.4332526479482146,30,1.1477173848745377
30,2102,912,22,0.5800072844509403,22,0.6768324350570649
30,2102,912,28,2.370193286094363,28,0.25528168928279604
30,2102,912,29,2.497026634788891,29,0.06692568430599463
30,2102,912,30,2.3904908373947653,30,0.06471307221912462
30,2102,912,31,1.969129525307194,30,0.07522089317634875
30,2102,912,32,2.239736052337367,30,0.14326677758045894
30,2102,912,38,1.720038080475065,30,1.051345524899761
30,2102,913,22,0.8381070385097158,22,1.2289483412172029
30,2102,913,28,3.547093671911563,28,0.3670291950805011
30,2102,913,29,20.27437118233025,29,0.1629999836157889
30,2102,913,30,38.93156448753661,30,0.15336310663753122
30,2102,913,31,4.3675588045255855,30,0.38172651330979246
30,2102,913,32,4.439336732136889,30,0.4246975369072015
30,2102,913,38,2.7594937536396507,30,1.03342311834036
30,2102,914,22,0.8947987071662655,22,1.2476882224540573
30,2102,914,28,1.2813264873063825,28,0.46977911039482617
30,2102,914,29,1.1447304456186074,29,0.35245164434603193
30,2102,914,30,2.6754909025427214,30,0.12405260240096252
30,2102,914,31,2.907129473078845,30,0.12505053103175354
30,2102,914,32,2.783903946767401,30,0.12778898244480266
30,2102,914,38,1.996070043934909,30,1.0160144012238106
30,2102,915,22,1.0310207423895252,22,1.0192740012159156
30,2102,915,28,2.0506138704523904,28,0.4420818775007755
30,2102,915,29,4.194099628906837,29,0.33325457460304325
30,2102,915,30,2.7726067485197774,30,0.2629178608830169
30,2102,915,31,2.564341282499055,30,0.40986321368856876
30,2102,915,32,2.5746531844456344,30,0.54336484069156
30,2102,915,38,2.087346647907307,30,0.7199085046681164
30,2102,916,22,0.543779835711578,22,1.2521117954228502
30,2102,916,28,1.0359314699449684,28,0.3237884437624769
30,2102,916,29,1.6428137674614371,29,0.26938260896130917
30,2102,916,30,16860.353430134626,30,0.00229298793565361
30,2102,916,31,4.001270349372109,30,0.23607169050535354
30,2102,916,32,2.0897851306358124,30,0.3590443320000123
30,2102,916,38,2.059016570969039,30,1.2665526773447462
30,2102,917,22,0.8808572194504438,22,0.8919759553808875
30,2102,917,28,64.6513395018212,28,0.1539085882116374
30,2102,917,29,72.10567887485378,29,0.043818922720409964
30,2102,917,30,125.60716780693505,30,0.03300866220713374
30,2102,917,31,86.15668116793351,30,0.03962849742239682
30,2102,917,32,86.13557251326867,30,0.04075317458228345
30,2102,917,38,1.9990120991659266,30,0.8521115677461812
30,2102,918,22,1.0852187797283142,22,0.8370765847729427
30,2102,918,28,1.9006765515201878,28,0.4965910842609181
30,2102,918,29,3.9669942849046698,29,0.4263118640264623
30,2102,918,30,5.2389405350897515,30,0.3212742073151005
30,2102,918,31,4.432214026712073,30,0.329546136932328
30,2102,918,32,4.3584842257189305,30,0.3372988882582504
30,2102,918,38,2.7440430165382272,30,0.6306251516894168
30,2102,919,22,0.9574774247574933,22,0.8468418133909363
30,2102,919,28,3.1418602653430074,28,0.4249133645419392
30,2102,919,29,166.1112812712857,29,0.03904168303292851
30,2102,919,30,185.52720141038924,30,0.03880819666111882
30,2102,919,31,143.33430319462605,30,0.04212928284865071
30,2102,919,32,17.724440319336473,30,0.15278953161338593
30,2102,919,38,1.103905766332952,30,0.8437304099251803
30,2102,920,22,0.6720574175788622,22,0.9975135083795693
30,2102,920,28,1.1324499256029177,28,0.6110485901552594
30,2102,920,29,1.2075672102604427,29,0.5998870422932794
30,2102,920,30,3.742741166620691,30,0.03374439301744627
30,2102,920,31,1.1835546843295357,30,0.34202645844650037
30,2102,920,32,1.245823300793616,30,0.41195363839157173
30,2102,920,38,1.669121075967859,30,0.6022016005943095
30,2102,921,22,0.5287714879667953,22,1.0669963633851827
30,2102,921,28,1.425355175739881,28,0.3740746513907736
30,2102,921,29,1.4127765260088287,29,0.3401887316227484
30,2102,921,30,82.5412789988502,30,0.019058613665832898
30,2102,921,31,2.6919638203197085,30,0.31528947977449395
30,2102,921,32,2.8130823528300146,30,0.563292807377989
30,2102,921,38,3.2122715159283315,30,0.9386728833052361
30,2102,922,22,1.6401451048846516,22,0.6348620919083465
30,2102,922,28,3.9373654314173434,28,0.5197147958203536
30,2102,922,29,4.615478726177503,29,0.4658791658484755
30,2102,922,30,38.26530715081917,30,0.07152919221568584
30,2102,922,31,36.929310815872554,30,0.0785446500162393
30,2102,922,32,2.501259837739808,30,0.3629286618046169
30,2102,922,38,2.6936102106361886,30,0.7121182907818521
30,2102,923,22,1.241518449111922,22,0.77424015041156
30,2102,923,28,4.933597169519493,28,0.231324115578236
30,2102,923,29,35.900482998680474,29,0.07897167461257862
30,2102,923,30,31.59702394148874,30,0.07574775871917969
30,2102,923,31,29.315518530170795,30,0.10987720956456003
30,2102,923,32,14.820763957402864,30,0.17973105263404535
30,2102,923,38,4.103693514194543,30,0.7511386015664767
30,2102,924,22,0.4938191435427317,22,1.1728747869872778
30,2102,924,28,1.3022718656237529,28,0.17340631415913801
30,2102,924,29,3.7369338210533356,29,0.12106268574118753
30,2102,924,30,12.277725563194721,30,0.09809135367537443
30,2102,924,31,12.16268128593135,30,0.09896520986737867
30,2102,924,32,3.2354138700004866,30,0.29002871094216914
30,2102,924,38,2.953988281188936,30,1.0007325720626787
30,2102,925,22,1.5937827844668324,22,0.7725751818150153
30,2102,925,28,21.527826129521547,28,0.26663476380638074
30,2102,925,29,21.645657445092038,29,0.2048971895638952
30,2102,925,30,11.455217766360336,30,0.18755799442553261
30,2102,925,31,4.037231003744238,30,0.2676210960633404
30,2102,925,32,4.033066797501972,30,0.28434461090995716
30,2102,925,38,3.255125049200941,30,1.0175972204793349
30,2102,926,22,0.8861574681763023,22,0.9031770162689513
30,2102,926,28,1.017325952971328,28,0.2641012968004039
30,2102,926,29,1.4493677227604398,29,0.25080348012451337
30,2102,926,30,28.52544079416769,30,0.12659794087950954
30,2102,926,31,2.7233861721622135,30,0.23562164340910935
30,2102,926,32,2.2474482870057404,30,0.345943420839166
30,2102,926,38,1.8798527292913798,30,0.9415812872455099
30,2102,927,22,0.505168963248998,22,0.8339897788308193
30,2102,927,28,5.766082792774063,28,0.1682617949395303
30,2102,927,29,5.495685465185284,29,0.13808175801704714
30,2102,927,30,9.348851727037081,30,0.08158352939214451
30,2102,927,31,7.505739758319756,30,0.0942910352090882
30,2102,927,32,2.498460826670926,30,0.26065273301742664
30,2102,927,38,3.153409283693724,30,0.6998538737831387
30,2102,928,22,1.0877172956159669,22,0.7563696321385059
30,2102,928,28,2.6946292537291017,28,0.4021583464632434
30,2102,928,29,3.1873883952242834,29,0.25171362376202816
30,2102,928,30,6.995175768454474,30,0.164633117539609
30,2102,928,31,4.459001458926471,30,0.25362941617659446
30,2102,928,32,2.34914155438089,30,0.5917272043877756
30,2102,928,38,2.4979740760619515,30,0.8604422044579693
30,2102,929,22,1.9291036680657032,22,0.7428862900808951
30,2102,929,28,92.62839130018024,28,0.07318827311926425
30,2102,929,29,89.15419864437807,29,0.06099502254421722
30,2102,929,30,13.072634831360366,30,0.03787573262691749
30,2102,929,31,15.074738222972885,30,0.12416389484922404
30,2102,929,32,9.486299854254696,30,0.20526686959472376
30,2102,929,38,6.106447070363211,30,0.7233853950832296
30,2102,930,22,0.7207568249895088,22,1.1371382922150548
30,2102,930,28,2.3994853199807804,28,0.49564275983344336
30,2102,930,29,2.551185365642625,29,0.4592543806324719
30,2102,930,30,3.306720053667272,30,0.4170400593285075
30,2102,930,31,2.3342627495314563,30,0.4205445275248517
30,2102,930,32,2.3131558129505794,30,0.47015862569047495
30,2102,930,38,2.588809633726698,30,1.064665816783553
30,2102,931,22,1.16172576773522,22,1.1270220746890323
30,2102,931,28,4.085773092171197,28,0.4044173860991956
30,2102,931,29,6.325280671823592,29,0.08250289041115504
30,2102,931,30,3052.976586238403,30,0.012694848122451396
30,2102,931,31,22.457694686940727,30,0.20792328023955847
30,2102,931,32,22.444591852330944,30,0.21047686212016062
30,2102,931,38,4.414624508762108,30,0.645284822004743
30,2102,932,22,0.8896284991823806,22,1.1374358272277107
30,2102,932,28,0.8769322279055219,28,0.6124508117119427
30,2102,932,29,2.020061746349771,29,0.27500395534775085
30,2102,932,30,3.5906969565949094,30,0.1596243311840623
30,2102,932,31,3.1435980511591275,30,0.17377971050092328
30,2102,932,32,1.099042414988911,30,0.4047176897326607
30,2102,932,38,3.099938172774362,30,0.769886165120605
30,2102,933,22,0.7839053233910303,22,0.888901028210908
30,2102,933,28,10.447613179793539,28,0.24380156389631283
30,2102,933,29,9.566263543937009,29,0.1872654180152846
30,2102,933,30,339.5144550638671,30,0.021842397062261768
30,2102,933,31,32.89775175769561,30,0.07737211277633735
30,2102,933,32,8.950685161676923,30,0.1478555998697761
30,2102,933,38,3.369977375940833,30,0.6573389956723489
30,2102,934,22,0.5116032262805206,22,0.6959357893388669
30,2102,934,28,6.26533070529426,28,0.2979811584661882
30,2102,934,29,3.8109167600640492,29,0.12237175913832
30,2102,934,30,1.3499037189485101,30,0.04627911949043948
30,2102,934,31,2.364433626702632,30,0.34667254768088174
30,2102,934,32,2.081517547297164,30,0.5107294513966315
30,2102,934,38,4.010048476274848,30,0.9427875259135337
30,2102,935,22,0.9403133889185948,22,1.180771383095849
30,2102,935,28,1.649663439454185,28,0.6394088569545436
30,2102,935,29,1.601704969841038,29,0.42038624944704645
30,2102,935,30,1.7034757280476083,30,0.3868508253341359
30,2102,935,31,1.5198044858496977,30,0.4953586028777013
30,2102,935,32,1.4115235254186604,30,0.4972053684059155
30,2102,935,38,2.861879076909393,30,0.90414662189977
30,2102,936,22,0.6060814582853207,22,1.267809518178854
30,2102,936,28,1.6883617458468345,28,0.4652691923741857
30,2102,936,29,4.150984315960848,29,0.41483935378548753
30,2102,936,30,8.162407267601685,30,0.09640651786786324
30,2102,936,31,5.498984747031214,30,0.10054786470208107
30,2102,936,32,4.174601228589282,30,0.13594944586548294
30,2102,936,38,1.937995740030418,30,0.9750492606304592
30,2102,937,22,0.6668827247161231,22,1.148514749643388
30,2102,937,28,1.3209823805436842,28,0.09285946993577963
30,2102,937,29,1.1484672576949735,29,0.07987492858361929
30,2102,937,30,1010.650981165909,30,0.00815564669372465
30,2102,937,31,60.628454196854,30,0.034742064951147254
30,2102,937,32,16.06344295811103,30,0.07354239641395234
30,2102,937,38,3.1211580813980775,30,0.8657107680846288
30,2102,938,22,1.1132063557480558,22,1.1523397756075948
30,2102,938,28,1.8101332636862586,28,0.22524377803062756
30,2102,938,29,55.953599370784694,29,0.10783809137164346
30,2102,938,30,79.65341143911728,30,0.09615845524456047
30,2102,938,31,25.72139374420958,30,0.15594271340022745
30,2102,938,32,9.483992950734606,30,0.24694539764491186
30,2102,938,38,3.0279665696463876,30,0.9779120475801977
30,2102,939,22,1.5441245126513699,22,1.296253461013309
30,2102,939,28,3.903268447864406,28,0.15883585467079547
30,2102,939,29,15.978671806288009,29,0.1328325567830894
30,2102,939,30,17.66772841424786,30,0.06115383121119032
30,2102,939,31,17.39780673669563,30,0.062482471444789814
30,2102,939,32,16.172745830637062,30,0.16567070433511197
30,2102,939,38,3.954008144067329,30,1.2508851002511072
30,2102,940,22,0.6682545771366226,22,0.9747837716150052
30,2102,940,28,10.679543318283214,28,0.1605739598222436
30,2102,940,29,16.44144973246669,29,0.13361268519609246
30,2102,940,30,54.76385001050046,30,0.08559018543999984
30,2102,940,31,1.649976635562148,30,0.29282055186410905
30,2102,940,32,1.991410386321163,30,0.29479789735933487
30,2102,940,38,1.6888569410895655,30,0.8223677878331628
30,2102,941,22,0.4305151608664509,22,1.0425755497476203
30,2102,941,28,2.780481747141646,28,0.1842642143469399
30,2102,941,29,3.04798999711724,29,0.1841979376365356
30,2102,941,30,4.673289528337478,30,0.18417893743294494
30,2102,941,31,2.7735431827017725,30,0.18708462180268248
30,2102,941,32,2.837506158822704,30,0.5708587755110748
30,2102,941,38,3.1116735652663396,30,0.9972392049032511
30,2102,942,22,2.0994659225171572,22,0.33763630299494063
30,2102,942,28,1.888575283291969,28,0.12208208698109954
30,2102,942,29,1.788292698385334,29,0.11937275510238637
30,2102,942,30,1.9188630090400838,30,0.02318190453882325
30,2102,942,31,1.2578577995693725,30,0.035592616521572897
30,2102,942,32,1.0955486847492106,30,0.3097951633236521
30,2102,942,38,1.0774638512547052,30,0.8006222161470602
30,2102,943,22,0.5008008824643992,22,1.1313582453034994
30,2102,943,28,1.244075521798273,28,0.17773914851420936
30,2102,943,29,72.31787226804258,29,0.02711412444988562
30,2102,943,30,68.14925675306736,30,0.027073466952960736
30,2102,943,31,3.7404853399073468,30,0.1576410350042082
30,2102,943,32,2.689782009718574,30,0.1664283262831321
30,2102,943,38,2.273283010462409,30,0.5510815992682953
30,2102,944,22,1.7912443553047221,22,0.8173263030699691
30,2102,944,28,6.817067168593777,28,0.4621634786670583
30,2102,944,29,6.836472345141945,29,0.3221893888117957
30,2102,944,30,8.0280086085241,30,0.24925268611251536
30,2102,944,31,6.618242268917204,30,0.26329573727296296
30,2102,944,32,4.072477468735846,30,0.38408119807090235
30,2102,944,38,2.2665591300724057,30,0.9526798085610219
30,2102,945,22,0.9154450278013364,22,1.1152621907386626
30,2102,945,28,5.758549314167909,28,0.3522331928859185
30,2102,945,29,11.550503669476573,29,0.23706952202437473
30,2102,945,30,12.51285426899691,30,0.23333532651828565
30,2102,945,31,8.795267596889252,30,0.2615906080111649
30,2102,945,32,8.60185691523871,30,0.2800616292804839
30,2102,945,38,3.5185631729184466,30,0.8200836852369935
30,2102,946,22,1.4565176302553895,22,1.4028799727185846
30,2102,946,28,2.8367779901845007,28,0.5266816106547055
30,2102,946,29,3.9236033039684073,29,0.08601378633960179
30,2102,946,30,11.7944583436829,30,0.05618244643470543
30,2102,946,31,4.644779090645187,30,0.1453092095838184
30,2102,946,32,2.0734002193842476,30,0.49187250401402405
30,2102,946,38,2.388480426049879,30,0.7084398353962882
30,2102,947,22,1.0119876259570435,22,1.1873961288345782
30,2102,947,28,1.5766840604803163,28,0.5221152312818966
30,2102,947,29,1.639114727029802,29,0.47178961284405363
30,2102,947,30,3.1297202153528687,30,0.07898007293403568
30,2102,947,31,1.1793482324628966,30,0.4737907692698802
30,2102,947,32,2.4341680298601642,30,0.6069029277078531
30,2102,947,38,2.8025411559252937,30,1.1834484362791355
30,2102,948,22,0.7294467275519315,22,1.1411851414078873
30,2102,948,28,1.7733177752769471,28,0.7354476883571761
30,2102,948,29,2.4800698589939314,29,0.6500920243841306
30,2102,948,30,2.294078964474059,30,0.2676704310938781
30,2102,948,31,2.209326188264578,30,0.4019428486494298
30,2102,948,32,1.980793710271703,30,0.5162564885460484
30,2102,948,38,2.768766456348572,30,0.8621587845155284
30,2102,949,22,0.6712141378519012,22,1.1761830908198336
30,2102,949,28,5.730075480100413,28,0.29662830950008245
30,2102,949,29,5.536166207012964,29,0.2803922487250865
30,2102,949,30,224.6463450886763,30,0.04621447603767763
30,2102,949,31,92.95779583484658,30,0.07472609412925366
30,2102,949,32,5.087648324780969,30,0.41330036123934044
30,2102,949,38,2.6795484626720607,30,0.9296184774788963
30,2102,950,22,0.5816973396765767,22,0.6253289353581645
30,2102,950,28,23.138707030065497,28,0.1923127247164029
30,2102,950,29,34.102241106171796,29,0.16906395962749504
30,2102,950,30,180.54507436815678,30,0.03328180410814843
30,2102,950,31,9.934603707569575,30,0.2757020546164107
30,2102,950,32,6.820416237726791,30,0.2758867602917786
30,2102,950,38,2.9294642357716105,30,1.17213557776798
30,2102,951,22,0.7796784068313474,22,0.9359342401355285
30,2102,951,28,2.2632446058227553,28,0.3094773000156008
30,2102,951,29,3.095014087970089,29,0.16047247228860892
30,2102,951,30,3.627997721271243,30,0.10894033880127214
30,2102,951,31,2.7879931901092165,30,0.1451889803678831
30,2102,951,32,1.577049101339771,30,0.40542882617269205
30,2102,951,38,1.083323776291007,30,0.5728896315863067
30,2102,952,22,0.7942758725839361,22,1.4565553239916231
30,2102,952,28,1.3925397898789165,28,0.36314544189602754
30,2102,952,29,1.1534674180221993,29,0.36277483001859123
30,2102,952,30,1.728880967645133,30,0.29853003056862654
30,2102,952,31,0.8850307713396479,30,0.5028912839184795
30,2102,952,32,1.7722059340648055,30,0.5095968824250631
30,2102,952,38,2.0066884934754445,30,1.2264234627418706
30,2102,953,22,0.8418914828305377,22,1.0743921120173927
30,2102,953,28,1.2684987797877942,28,0.44914861667785955
30,2102,953,29,2.7172628713824416,29,0.23058450460236432
30,2102,953,30,23.14478605206172,30,0.16546235159935627
30,2102,953,31,18.171735007354318,30,0.1806575376904472
30,2102,953,32,11.652310557769962,30,0.23860067889676986
30,2102,953,38,2.1225887934645096,30,1.11197095295192
30,2102,954,22,1.1262478756493328,22,0.7713299541069392
30,2102,954,28,2.984021358858164,28,0.32023678554553303
30,2102,954,29,6.236261898730666,29,0.26087645027363743
30,2102,954,30,3.788535344529388,30,0.12406536140252584
30,2102,954,31,3.1486418619138927,30,0.28722471076033845
30,2102,954,32,2.8808750610594576,30,0.3400906907862446
30,2102,954,38,3.3718919809539476,30,0.9197398514114783
30,2102,955,22,1.5048934784850134,22,1.2926239932510613
30,2102,955,28,5.21982385147848,28,0.38840475891444465
30,2102,955,29,8.622121082231539,29,0.2090259505080365
30,2102,955,30,13.983515882770401,30,0.18739873761818976
30,2102,955,31,7.108368078295276,30,0.32241253115226165
30,2102,955,32,5.47214487660016,30,0.36958615980700177
30,2102,955,38,3.0879158386582923,30,0.9024906581031501
30,2102,956,22,0.6052421655857352,22,1.1476588266259822
30,2102,956,28,1.739364924275543,28,0.3307359343519488
30,2102,956,29,2.1158625014872596,29,0.30295412745997247
30,2102,956,30,2.117835412152375,30,0.017423982327174972
30,2102,956,31,2.8303239860523597,30,0.27086005400977925
30,2102,956,32,2.3928439142478624,30,0.4304946681024919
30,2102,956,38,3.506342140144713,30,0.7418414011287917
30,2102,957,22,1.797263053836979,22,0.592594522779229
30,2102,957,28,3.5496346465610498,28,0.2900101766048693
30,2102,957,29,3.937841326726832,29,0.25708814823504034
30,2102,957,30,4.208262608568274,30,0.257047049357766
30,2102,957,31,4.063025245578554,30,0.2808972966585817
30,2102,957,32,4.697819731007806,30,0.2867305183814243
30,2102,957,38,2.273069101787293,30,1.0054465197426206
30,2102,958,22,0.6282354261560794,22,1.148864642195281
30,2102,958,28,5.945795769726738,28,0.2809059924389957
30,2102,958,29,5.863493244117292,29,0.27198129194447757
30,2102,958,30,21.16593789963883,30,0.06378730567589706
30,2102,958,31,14.350630418944634,30,0.11056522928019465
30,2102,958,32,9.242801633671185,30,0.11737984501287582
30,2102,958,38,2.8087020469361765,30,0.8581179189384734
30,2102,959,22,0.6042212890630825,22,0.9072066138296951
30,2102,959,28,6.842562094868373,28,0.34571534630042783
30,2102,959,29,6.988578710904142,29,0.27827762304616593
30,2102,959,30,10.328701920429825,30,0.19942477691858215
30,2102,959,31,8.062873378084486,30,0.2047682956316079
30,2102,959,32,4.604171064553282,30,0.24186187553515737
30,2102,959,38,1.754035475800866,30,1.0369645294543373
30,2102,960,22,0.9831701858703477,22,1.4202228672235169
30,2102,960,28,5.642896510810533,28,0.4264750027565948
30,2102,960,29,4.4844735456277185,29,0.14283670115503944
30,2102,960,30,7.237295793217559,30,0.1297372727446515
30,2102,960,31,6.9536068642814834,30,0.282225285093543
30,2102,960,32,6.551227917315172,30,0.2943980309624992
30,2102,960,38,2.794553273272211,30,0.800526799007042
30,2102,961,22,1.1855769853322742,22,0.7816073849567227
30,2102,961,28,12.38228645280675,28,0.17233753935350865
30,2102,961,29,61.193793016618656,29,0.10060454445146172
30,2102,961,30,59.59344576259029,30,0.09983222968334164
30,2102,961,31,7.5687203395153055,30,0.28843680635981167
30,2102,961,32,4.948501187029552,30,0.5389659055408799
30,2102,961,38,5.387272339038853,30,0.7969486663225339
30,2102,962,22,0.7135017104568036,22,1.2070288068137698
30,2102,962,28,1.0956578327919315,28,0.3701394771134534
30,2102,962,29,1.094796036228171,29,0.27692129923327113
30,2102,962,30,1.502383670341469,30,0.26886443143018834
30,2102,962,31,2.0752790893454347,30,0.36712957807528407
30,2102,962,32,1.6043840327755148,30,0.4093036348862776
30,2102,962,38,2.499380807661616,30,1.1666977819646556
30,2102,963,22,0.6860573638061751,22,1.069140343336575
30,2102,963,28,2.294706932171114,28,0.35160683663219144
30,2102,963,29,6.795868341115244,29,0.22219074815715198
30,2102,963,30,4275.990152043433,30,0.005086499217375715
30,2102,963,31,1.9661073981651909,30,0.3027324729791915
30,2102,963,32,2.897787522466543,30,0.3082010887765023
30,2102,963,38,2.9371782464407024,30,0.8718481829567302
30,2102,964,22,2.137514234776242,22,0.9320650016988123
30,2102,964,28,15.416183733381105,28,0.39043882081073095
30,2102,964,29,14.92320478273512,29,0.3794907191675662
30,2102,964,30,18.403982356870817,30,0.10865287769022103
30,2102,964,31,18.690695475284116,30,0.10878376564172422
30,2102,964,32,7.482554000104725,30,0.6523061220130625
30,2102,964,38,4.064930137435038,30,1.0177599782441031
30,2102,965,22,1.3954919535100359,22,1.1376757895327758
30,2102,965,28,2.1023435899888856,28,0.339468163828194
30,2102,965,29,1.1880609466506444,29,0.24783491100508037
30,2102,965,30,6.672730468186084,30,0.08897136781402196
30,2102,965,31,3.842454536428333,30,0.14295995871754336
30,2102,965,32,2.879925972987253,30,0.21925025861141118
30,2102,965,38,2.187599576091456,30,0.9717726753041134
30,2102,966,22,1.2481684486016602,22,1.239450782946209
30,2102,966,28,5.540766363256113,28,0.4458228484571632
30,2102,966,29,4.824491213202659,29,0.3622865344479125
30,2102,966,30,2.099836023537128,30,0.11909871942750917
30,2102,966,31,2.535564588582333,30,0.1934504266889646
30,2102,966,32,2.4833300030024454,30,0.301670147881757
30,2102,966,38,2.655576118922695,30,1.1411359516199908
30,2102,967,22,1.2698055477053152,22,0.885469808891012
30,2102,967,28,2.4526719608470344,28,0.22786807310879625
30,2102,967,29,3.6181461275315,29,0.2233435887014432
30,2102,967,30,3.166082944086895,30,0.15171979027726315
30,2102,967,31,2.9794877607491275,30,0.17981180240382783
30,2102,967,32,2.910845508389478,30,0.24724649150686295
30,2102,967,38,2.506430297999646,30,0.8874963770100047
30,2102,968,22,1.1190699904048853,22,0.7174725093926775
30,2102,968,28,1.8379362405123911,28,0.4671007234699473
30,2102,968,29,4.401636595048024,29,0.3396603285933636
30,2102,968,30,3.5226865760003765,30,0.10048973601014498
30,2102,968,31,3.516849412159312,30,0.12491450009554816
30,2102,968,32,3.3975020553768633,30,0.22207086974919413
30,2102,968,38,3.0442034622937544,30,0.4344245218675049
30,2102,969,22,1.1925422390566505,22,1.455699864125466
30,2102,969,28,3.2819756680196286,28,0.38786161995884955
30,2102,969,29,3.8962842459205205,29,0.3877245193485752
30,2102,969,30,6.700523836133441,30,0.296492819262093
30,2102,969,31,3.8689437779507325,30,0.34482371604835677
30,2102,969,32,3.624601525798002,30,0.46751762178611345
30,2102,969,38,3.84412195819865,30,1.1260541765319785
30,2102,970,22,0.7181699916259767,22,1.1253839456542807
30,2102,970,28,11.769976218765326,28,0.2563466713232599
30,2102,970,29,4.505337696272387,29,0.22506695786294248
30,2102,970,30,5.733440328382223,30,0.11120698271049766
30,2102,970,31,5.750394701810263,30,0.17396516262400574
30,2102,970,32,3.788221321678896,30,0.24208877130011677
30,2102,970,38,1.9679823635532738,30,0.8570221025369533
30,2102,971,22,1.3429616117706897,22,1.152900871658803
30,2102,971,28,4.379046123106556,28,0.2704885557759683
30,2102,971,29,4.503530176301039,29,0.26824651209721695
30,2102,971,30,4.701236202289647,30,0.09587249711143625
30,2102,971,31,4.0760070041082015,30,0.180648097054525
30,2102,971,32,2.9203556800999886,30,0.39014765505664206
30,2102,971,38,1.7518390724952728,30,0.9218575278297434
30,2102,972,22,1.1140103019887908,22,1.0507983789980044
30,2102,972,28,7.423777834220435,28,0.35557668118524993
30,2102,972,29,10.307964997058708,29,0.3320378722274398
30,2102,972,30,10.565495286849439,30,0.3320245672855418
30,2102,972,31,4.409736657360262,30,0.3749547317917786
30,2102,972,32,4.172333148864297,30,0.4114835228612735
30,2102,972,38,3.6101687338643504,30,0.9411753304242592
30,2102,973,22,0.426070652933097,22,1.391126521686417
30,2102,973,28,1.8697368791197355,28,0.5050332642135469
30,2102,973,29,42.04105559276081,29,0.08801734326070278
30,2102,973,30,25.651499694872467,30,0.03864211271681986
30,2102,973,31,2.715542597109879,30,0.23571973474045083
30,2102,973,32,2.369890131340243,30,0.5699681289247803
30,2102,973,38,2.1421843492951815,30,0.7391785259324788
30,2102,974,22,1.0735089438350285,22,0.8084615404355449
30,2102,974,28,4.306447182717156,28,0.40818577978578546
30,2102,974,29,6.112604969374695,29,0.2603171561287932
30,2102,974,30,5.57830587510114,30,0.0575186344360627
30,2102,974,31,5.85091189246143,30,0.21401389880649918
30,2102,974,32,4.226985494947195,30,0.24693796116535638
30,2102,974,38,4.776098460447872,30,0.765926847623133
30,2102,975,22,0.626475220944607,22,0.9152849864446454
30,2102,975,28,1.5403440068125531,28,0.24096919780336437
30,2102,975,29,1.6790265381958147,29,0.12725836257308584
30,2102,975,30,1.6444110920545898,30,0.111882110517599
30,2102,975,31,1.456130832904387,30,0.12495631090339898
30,2102,975,32,1.5677432618794178,30,0.2588095543678184
30,2102,975,38,1.776551560682127,30,0.8414015940381478
30,2102,976,22,1.8997849183109865,22,0.6729072515576341
30,2102,976,28,12.887297283440853,28,0.16510538063287497
30,2102,976,29,16.123125077384536,29,0.1620790804098001
30,2102,976,30,45.04079688268282,30,0.05136069576239561
30,2102,976,31,28.955187294056007,30,0.09375357196510772
30,2102,976,32,26.793082604946875,30,0.09947609577885812
30,2102,976,38,3.8066450011995165,30,0.518772557707889
30,2102,977,22,1.2747618255487623,22,0.991035573516922
30,2102,977,28,1.407981765917349,28,0.3961752218063192
30,2102,977,29,7.379142830594212,29,0.22149920397973527
30,2102,977,30,4.958549423133807,30,0.14112810184472732
30,2102,977,31,3.2092004708117905,30,0.37074523488954864
30,2102,977,32,4.204499104757508,30,0.37673448339790205
30,2102,977,38,2.2945590948783203,30,0.9077551188134692
30,2102,978,22,1.1759526792689923,22,0.7621615924370967
30,2102,978,28,1.9619061955555734,28,0.4763415418398721
30,2102,978,29,6.051174800822029,29,0.14392453147715792
30,2102,978,30,36.18491599116612,30,0.07291200252136419
30,2102,978,31,2.08736863105374,30,0.2433805945593424
30,2102,978,32,1.7066022192108112,30,0.41146482463132816
30,2102,978,38,3.5278265915021736,30,0.929326442992625
30,2102,979,22,1.1100999954300457,22,1.1961538730258434
30,2102,979,28,4.179038886268568,28,0.4008990993887663
30,2102,979,29,4.153166562438444,29,0.3895766656134684
30,2102,979,30,3.465033579821996,30,0.373307914366167
30,2102,979,31,3.5787568457295764,30,0.37796529239200816
30,2102,979,32,2.202085954738681,30,0.6610727321399098
30,2102,979,38,2.1200609317965866,30,0.9285677447724795
30,2102,980,22,1.1509128027921722,22,1.0943877443122758
30,2102,980,28,1.8910982229993327,28,0.36343819092573915
30,2102,980,29,2.7436713943652937,29,0.21427902270218144
30,2102,980,30,2.4129033163742934,30,0.1261557338550134
30,2102,980,31,2.1371390818886384,30,0.22029188032703761
30,2102,980,32,2.1900008311726165,30,0.6954395741419374
30,2102,980,38,2.474290780143667,30,0.8361343962153632
30,2102,981,22,0.6937013438355717,22,0.873554926377408
30,2102,981,28,2.571297845157405,28,0.3289818218269163
30,2102,981,29,9.25784247139272,29,0.11261879838936867
30,2102,981,30,78.73007415989635,30,0.08943436845355524
30,2102,981,31,6.4337779383925096,30,0.1268656223735909
30,2102,981,32,6.325720618977963,30,0.14068742195196626
30,2102,981,38,2.702386424403078,30,0.9440863058782222
30,2102,982,22,0.5403590125517268,22,1.3658716672503217
30,2102,982,28,1.8043991734355482,28,0.3417719945942694
30,2102,982,29,2.7166099563482513,29,0.3241095238991446
30,2102,982,30,6.389363888420913,30,0.030989372066270976
30,2102,982,31,3.208611049476914,30,0.22799437143110463
30,2102,982,32,3.042704539933865,30,0.3320302220106574
30,2102,982,38,2.8469671067036213,30,0.7637556430258515
30,2102,983,22,0.9869819556096384,22,1.2318220348872022
30,2102,983,28,8.521706798267456,28,0.3641056328678495
30,2102,983,29,4.950793716328023,29,0.1056316773888595
30,2102,983,30,45.279670664998314,30,0.08500046836718446
30,2102,983,31,5.058722131862106,30,0.28240535422696694
30,2102,983,32,4.383465943351386,30,0.28247326052631455
30,2102,983,38,3.9166190344381056,30,0.5706813967764769
30,2102,984,22,0.7740194399370542,22,1.0707368687261243
30,2102,984,28,1.3322574935068054,28,0.3794223692278427
30,2102,984,29,68.28216569815265,29,0.04997854920790207
30,2102,984,30,5002.062215823078,30,0.011641495557768406
30,2102,984,31,34.59485128211199,30,0.14188171163973182
30,2102,984,32,20.005684911219028,30,0.19125956565034447
30,2102,984,38,2.5668992347608786,30,0.781441730050618
30,2102,985,22,0.5668429468031653,22,1.2555899605957306
30,2102,985,28,2.197031167214993,28,0.35540343567132876
30,2102,985,29,3.270416520084156,29,0.25809136867716237
30,2102,985,30,4.7410751272280445,30,0.01766649797811917
30,2102,985,31,1.825936173909913,30,0.023181488965466724
30,2102,985,32,1.708786025106267,30,0.34057526190975496
30,2102,985,38,2.8572418533719337,30,0.7998452831681042
30,2102,986,22,1.277998403659544,22,0.6708889425117559
30,2102,986,28,2.2110971416698053,28,0.44624901106101994
30,2102,986,29,2.1473154955930887,29,0.441807531903694
30,2102,986,30,2.140078434857878,30,0.43543332251883177
30,2102,986,31,1.9243254050921605,30,0.4597574878300496
30,2102,986,32,2.007559715032816,30,0.47909616911609787
30,2102,986,38,1.6508589616679725,30,1.050679067357811
30,2102,987,22,0.5645462163832662,22,1.1685970526269804
30,2102,987,28,0.8439470698685635,28,0.6321651310856229
30,2102,987,29,1.69392076529667,29,0.5665229496933339
30,2102,987,30,12.502858266983154,30,0.10512151072736328
30,2102,987,31,10.485091892887947,30,0.12238450969315987
30,2102,987,32,3.96056566876302,30,0.30673824149092077
30,2102,987,38,2.7040117322758936,30,1.055542777542904
30,2102,988,22,0.8753635343029229,22,1.3112481089737165
30,2102,988,28,6.85081274794565,28,0.3981387685381797
30,2102,988,29,3.6985189379313694,29,0.30629563722944964
30,2102,988,30,14.516263302748504,30,0.1739830382418251
30,2102,988,31,14.525951143795433,30,0.1755568325464624
30,2102,988,32,13.803993492070717,30,0.20291669075459
30,2102,988,38,7.793533555337015,30,0.4361317879749336
30,2102,989,22,0.5929182840638451,22,1.266513829076344
30,2102,989,28,2.50955552927001,28,0.32507441887094596
30,2102,989,29,324.37073445429553,29,0.060718402410684436
30,2102,989,30,211.4918221242903,30,0.05471962992717517
30,2102,989,31,4.716815874122276,30,0.5593411798944228
30,2102,989,32,5.319082841648372,30,0.6573630988031166
30,2102,989,38,3.500310921091302,30,1.0997721431628047
30,2102,990,22,0.5816891991481943,22,1.5187624929032764
30,2102,990,28,57.23443979000763,28,0.09891341367425908
30,2102,990,29,52.27865140579117,29,0.09821930267458458
30,2102,990,30,26.520598863208555,30,0.047497588475853544
30,2102,990,31,2.952112771589614,30,0.11185744426075038
30,2102,990,32,2.4353765464820576,30,0.4159536049278675
30,2102,990,38,2.1459409824746856,30,1.0788806411748784
30,2102,991,22,1.0324272042072526,22,1.423218273684872
30,2102,991,28,2.793234640973735,28,0.4202589989522342
30,2102,991,29,2.624892706790133,29,0.3690895731542831
30,2102,991,30,2.0332220241474324,30,0.3689387828524257
30,2102,991,31,2.0405054494589203,30,0.3998766949387584
30,2102,991,32,2.0401855520684045,30,0.40037554900341477
30,2102,991,38,2.8576505141775335,30,0.9618149685493496
30,2102,992,22,0.424373495416326,22,1.0116185147323802
30,2102,992,28,1.4927487245394104,28,0.21584174069582776
30,2102,992,29,2.1651923902187944,29,0.19836665572585685
30,2102,992,30,113.24082966052283,30,0.10218746239397751
30,2102,992,31,109.65158008734886,30,0.10397751403179305
30,2102,992,32,108.72564362020691,30,0.104965456801397
30,2102,992,38,3.2984685683529036,30,0.9233864951315361
30,2102,993,22,1.3472791212187594,22,0.9741008261590872
30,2102,993,28,5.29503993614504,28,0.22158489467923245
30,2102,993,29,5.796561197868789,29,0.21984196957295293
30,2102,993,30,7.597915929868472,30,0.21525853011929513
30,2102,993,31,2.2733314768538353,30,0.4133988824266564
30,2102,993,32,2.1415861663964457,30,0.4310555550549595
30,2102,993,38,1.8004667670266497,30,1.1346184874803464
30,2102,994,22,1.1638287365061393,22,1.0006081480344595
30,2102,994,28,1.819621504961054,28,0.7098691840828281
30,2102,994,29,6.747999664963867,29,0.2598115416324493
30,2102,994,30,3.1599702886418903,30,0.22279250723908806
30,2102,994,31,3.3067998488910386,30,0.30941302325808917
30,2102,994,32,2.4585247405947483,30,0.40225203037639895
30,2102,994,38,1.9392281548730608,30,0.9432892816745649
30,2102,995,22,1.3607519643508117,22,1.0329991072450762
30,2102,995,28,2.347461985046999,28,0.5650792156542723
30,2102,995,29,2.109490332922751,29,0.4523338889896399
30,2102,995,30,2.4578283899171818,30,0.1008012594743461
30,2102,995,31,2.5061370963804546,30,0.26945863733415903
30,2102,995,32,2.658878961084806,30,0.31282923533879464
30,2102,995,38,3.2349764436542814,30,1.0390595421267144
30,2102,996,22,1.3137036565588478,22,0.8461007455341826
30,2102,996,28,16.17971464807023,28,0.17276217312357972
30,2102,996,29,13.65975072127687,29,0.1498899963635226
30,2102,996,30,9.3123560568208,30,0.14420908800207047
30,2102,996,31,5.22133188584349,30,0.27258865770920104
30,2102,996,32,5.328699919390065,30,0.4060148156576842
30,2102,996,38,3.2923642643782944,30,0.7445243799443451
30,2102,997,22,0.9161204911025567,22,1.2762341333362852
30,2102,997,28,12.277321521009059,28,0.16975898999245526
30,2102,997,29,5.608904062626591,29,0.14484143025839366
30,2102,997,30,8.116266111131736,30,0.07685620099617711
30,2102,997,31,4.09008363017918,30,0.13291618780992767
30,2102,997,32,2.2564697540555008,30,0.248445909593061
30,2102,997,38,2.1139322937799383,30,1.238999186877593
30,2102,998,22,0.8066420202463792,22,1.1586873495953236
30,2102,998,28,2.914708812576133,28,0.4199579225138474
30,2102,998,29,3.4694747705436675,29,0.30176193937391876
30,2102,998,30,3.801518022395075,30,0.29907018269990976
30,2102,998,31,3.3770069025044385,30,0.3223253565298971
30,2102,998,32,3.4070532077667783,30,0.377503963872419
30,2102,998,38,3.2969745849449392,30,1.077589545932859
30,2102,999,22,0.9799712884018054,22,0.9145467078276939
30,2102,999,28,10.70070496020699,28,0.11330347286940334
30,2102,999,29,58.76106543220162,29,0.06544399636679414
30,2102,999,30,5349.370560408769,30,0.012405098164039119
30,2102,999,31,12.806840719888534,30,0.21193845905402403
30,2102,999,32,8.563539814310872,30,0.2279823852164427
30,2102,999,38,3.221103089178593,30,0.6485704505679892
30,2102,1000,22,0.9951770538115895,22,1.2967125331297218
30,2102,1000,28,19.333625224619357,28,0.24307791071533455
30,2102,1000,29,74.24767291679257,29,0.08934686103794431
30,2102,1000,30,23.147146532974748,30,0.05193481345186915
30,2102,1000,31,23.14176031481797,30,0.05464945544971032
30,2102,1000,32,20.646024885269778,30,0.09738910991747725
30,2102,1000,38,2.657372418331245,30,0.7558255145159324
30,2102,1001,22,0.5954538557311622,22,1.362417103477988
30,2102,1001,28,1.2056202787558954,28,0.18412312360205252
30,2102,1001,29,1.1187454927583032,29,0.1738405471577401
30,2102,1001,30,8.828847127103765,30,0.04328329872622129
30,2102,1001,31,1.2225482555830973,30,0.1272324695839105
30,2102,1001,32,0.9953586613455877,30,0.3218068319232504
30,2102,1001,38,1.090160581136122,30,1.1298728426173668
30,2102,1002,22,0.5183470875996594,22,1.184272261655016
30,2102,1002,28,1.298133921209887,28,0.28297935763197535
30,2102,1002,29,10.70761686660995,29,0.12059687273351632
30,2102,1002,30,2122.7607417735835,30,0.016679343184561247
30,2102,1002,31,2069.2992913932217,30,0.017099209903262393
30,2102,1002,32,55.642711644268175,30,0.09966658046108842
30,2102,1002,38,2.0045853727791347,30,1.0092333119269556
30,2102,1003,22,0.734814117223862,22,1.1048526681792161
30,2102,1003,28,9.991647507854193,28,0.2832008722377165
30,2102,1003,29,123.8201215416398,29,0.1465109829071747
30,2102,1003,30,123.76959061208962,30,0.14569648924275735
30,2102,1003,31,9.507218293395223,30,0.3047297999388489
30,2102,1003,32,6.767357323310716,30,0.31393047003916075
30,2102,1003,38,4.472594917133499,30,0.8777204145770943
30,2102,1004,22,0.8164207764598107,22,0.7104864563392078
30,2102,1004,28,6.612536631187662,28,0.23064951516444523
30,2102,1004,29,15.605873761601906,29,0.16766732844413892
30,2102,1004,30,83.68701020707425,30,0.034727166722360356
30,2102,1004,31,64.81431067419707,30,0.04790790083016238
30,2102,1004,32,11.458552781992049,30,0.2535143946503981
30,2102,1004,38,4.62548407707297,30,0.7250301177190495
30,2102,1005,22,0.989205818369153,22,1.0107336476771591
30,2102,1005,28,3.7129150250981526,28,0.27788447444100267
30,2102,1005,29,1.6798870782472402,29,0.17888535989094878
30,2102,1005,30,8.037652790228623,30,0.15347843700099753
30,2102,1005,31,3.6170780346317297,30,0.2503759278131366
30,2102,1005,32,3.4208995878402275,30,0.3251966006662853
30,2102,1005,38,4.117904549140577,30,0.7730303438291615
30,2102,1006,22,1.06828114334278,22,1.1445779171904513
30,2102,1006,28,6.027028439860716,28,0.27550003966183784
30,2102,1006,29,3.4387698057894136,29,0.09378972583475527
30,2102,1006,30,28.740961717643522,30,0.07224242926627383
30,2102,1006,31,19.290463145775036,30,0.08240962609936406
30,2102,1006,32,19.72516883100466,30,0.08265319446969963
30,2102,1006,38,4.053642042900691,30,0.7950438397600188
30,2102,1007,22,0.8350796569284478,22,0.839579521383155
30,2102,1007,28,1.1928957039520682,28,0.1489054174392386
30,2102,1007,29,104.2792173196668,29,0.0865263127737014
30,2102,1007,30,242.84778514092235,30,0.06622297760915313
30,2102,1007,31,32.98853788639389,30,0.1270828989071438
30,2102,1007,32,29.502730146198786,30,0.13038875564459057
30,2102,1007,38,3.1133716474361,30,0.7432359222821716
30,2102,1008,22,0.9921683059727998,22,1.3734272800438578
30,2102,1008,28,1.8431003624402618,28,0.596490386508677
30,2102,1008,29,8.852174182869945,29,0.12966653142124146
30,2102,1008,30,9.151900405572428,30,0.04587567239051161
30,2102,1008,31,6.758317983715753,30,0.11130438405893317
30,2102,1008,32,6.62713632802925,30,0.1543904886608581
30,2102,1008,38,1.7674978133545862,30,0.7883761035524135
30,2102,1009,22,0.6211772480414421,22,1.102333381680817
30,2102,1009,28,87.0217785208296,28,0.08846927813839842
30,2102,1009,29,6.243200518885964,29,0.04541573592825399
30,2102,1009,30,96747.93069220376,30,0.0015732610443183206
30,2102,1009,31,93.60341111601089,30,0.05001124248070602
30,2102,1009,32,24.035444829450615,30,0.1426390963417741
30,2102,1009,38,4.981226948007027,30,0.8859295216325115
30,2102,1010,22,0.5876059023692011,22,1.1199548881090886
30,2102,1010,28,1.5182539862908573,28,0.3755740500043
30,2102,1010,29,6.636656416480472,29,0.3094529269639079
30,2102,1010,30,6.36590836392408,30,0.30589829042765654
30,2102,1010,31,3.177076914719014,30,0.5341808552661858
30,2102,1010,32,3.012208757872823,30,0.596349313922644
30,2102,1010,38,3.7723302686291147,30,0.8657186873722386
30,2102,1011,22,0.996375840316481,22,1.2278742138969219
30,2102,1011,28,1.41662282597436,28,0.5667037711973936
30,2102,1011,29,1.4373821317355653,29,0.5632852649202899
30,2102,1011,30,2.8705348708052916,30,0.454295223933676
30,2102,1011,31,2.025131467512539,30,0.5104345226557712
30,2102,1011,32,2.2057793223165856,30,0.5487796974078188
30,2102,1011,38,2.5090862062184045,30,0.9297182748270889
30,2102,1012,22,0.45290163947115386,22,1.269938033179021
30,2102,1012,28,2.8619063636634863,28,0.434986578529728
30,2102,1012,29,3.0774166404675087,29,0.43392145075258987
30,2102,1012,30,69.93204403695214,30,0.07378817585742044
30,2102,1012,31,4.34390610510134,30,0.38320076774677314
30,2102,1012,32,3.290300794669053,30,0.4478008355496773
30,2102,1012,38,2.778525506528827,30,0.9761236959840531
30,2102,1013,22,1.2847478836629695,22,0.9482306375787983
30,2102,1013,28,3.56826231964768,28,0.4790268984890195
30,2102,1013,29,3.49534033988634,29,0.3776134885561482
30,2102,1013,30,80.4299836547988,30,0.06416110334678933
30,2102,1013,31,20.652659474295444,30,0.15422300476520218
30,2102,1013,32,6.641513776148921,30,0.244381568554325
30,2102,1013,38,4.03250306294005,30,0.8985053669870248
30,2102,1014,22,1.4200012556223436,22,1.161321750632887
30,2102,1014,28,1.3766024742112155,28,0.530740137024902
30,2102,1014,29,12.78308305825722,29,0.15203537215833343
30,2102,1014,30,286.95837662188484,30,0.015376707416888402
30,2102,1014,31,102.11784570432782,30,0.02800801773230195
30,2102,1014,32,2.033692921839632,30,0.3028403734536903
30,2102,1014,38,1.787695515762217,30,0.6610961317427185
30,2102,1015,22,0.8782319629387992,22,1.3789881851012178
30,2102,1015,28,1.4826115264283772,28,0.3870712692234315
30,2102,1015,29,1.9829468212850054,29,0.26754319306784713
30,2102,1015,30,18.415890149167506,30,0.10440680372014338
30,2102,1015,31,4.5971900788625435,30,0.23417795250168183
30,2102,1015,32,3.4730376226908866,30,0.3461211825392792
30,2102,1015,38,1.9503894228500247,30,1.054182022303174
30,2102,1016,22,1.7542022992208193,22,0.7912476465476092
30,2102,1016,28,6.461197165349349,28,0.30183558444316155
30,2102,1016,29,12.468253696974338,29,0.1996909062772305
30,2102,1016,30,19.648867203232623,30,0.16779557221075617
30,2102,1016,31,18.933879657487914,30,0.1693324892618207
30,2102,1016,32,8.466694503120301,30,0.24896573739154396
30,2102,1016,38,3.521405206611995,30,0.813428196041692
30,2102,1017,22,0.6612418637641968,22,0.8025631945198256
30,2102,1017,28,2.8585126622186574,28,0.43478569464500455
30,2102,1017,29,15.81900784586729,29,0.14071067378910734
30,2102,1017,30,10.215570248511645,30,0.09427849104350378
30,2102,1017,31,2.6498150012659143,30,0.22484921865406488
30,2102,1017,32,2.537354118822028,30,0.22638274506912945
30,2102,1017,38,1.1272934696681696,30,1.0324030065806145
30,2102,1018,22,2.169708573501966,22,0.5997480564949533
30,2102,1018,28,3.150716301219924,28,0.35937756451774916
30,2102,1018,29,2.8677545269410403,29,0.2472359443751658
30,2102,1018,30,2.89951851674209,30,0.2471137320121002
30,2102,1018,31,2.6165083578447383,30,0.24711999033037618
30,2102,1018,32,2.872921058544239,30,0.2555063687058313
30,2102,1018,38,1.9193535517531237,30,0.9729068585406514
30,2102,1019,22,1.060994150751418,22,1.4209243860187881
30,2102,1019,28,2.1139360832457017,28,0.40315373167562935
30,2102,1019,29,2.0767045367316324,29,0.3984142086380255
30,2102,1019,30,2.3365557531925734,30,0.3927670869847755
30,2102,1019,31,1.9097089470766748,30,0.5427363911802793
30,2102,1019,32,2.271072470038331,30,0.5443609247496124
30,2102,1019,38,1.9755601764033952,30,1.0369596660977172
30,2102,1020,22,0.6716509495000524,22,0.9340832822539892
30,2102,1020,28,3.253718340185222,28,0.18628119389923778
30,2102,1020,29,5.783465909035829,29,0.16965526921806418
30,2102,1020,30,237.14328293506208,30,0.0057857104071298
30,2102,1020,31,5.685691629506545,30,0.07055757504350228
30,2102,1020,32,5.842015498311792,30,0.07822305603179687
30,2102,1020,38,2.9027563497373876,30,1.0430913829717239
30,2102,1021,22,0.6099072153358556,22,1.0753269719475196
30,2102,1021,28,5.424770386314889,28,0.2521081186893952
30,2102,1021,29,3.8527473554325455,29,0.0739684195952
30,2102,1021,30,215.5962679738466,30,0.04260076382099714
30,2102,1021,31,214.52488508593484,30,0.043672397687894576
30,2102,1021,32,39.25768339165263,30,0.1099791713000779
30,2102,1021,38,2.3256202065443237,30,1.0503970149948043
30,2102,1022,22,1.1171677016904134,22,0.9979609267580246
30,2102,1022,28,3.5972726175487377,28,0.4358768263861057
30,2102,1022,29,8.09336463289443,29,0.39545259094825397
30,2102,1022,30,5.086097932605934,30,0.07888442051703924
30,2102,1022,31,2.7164434454092095,30,0.2293761501235802
30,2102,1022,32,2.579357911199157,30,0.3535449103478178
30,2102,1022,38,2.7549192065909143,30,1.160518807250815
30,2102,1023,22,1.7193695436405365,22,0.7607993761846299
30,2102,1023,28,5.62437971175798,28,0.3321715841321245
30,2102,1023,29,9.227277652982858,29,0.15999400511366396
30,2102,1023,30,4635.654683881659,30,0.0039105104002280285
30,2102,1023,31,8.948637290862402,30,0.16480288167140433
30,2102,1023,32,8.246150898254777,30,0.24301135405706556
30,2102,1023,38,3.2194277520766974,30,0.7011147158959246
30,2102,1024,22,0.6253507310960116,22,1.1551002848226748
30,2102,1024,28,3.1557275288322066,28,0.3428848026962561
30,2102,1024,29,5.243676950933514,29,0.2687537600067689
30,2102,1024,30,163.40482884150595,30,0.05730426544588249
30,2102,1024,31,27.662387711018525,30,0.16661924940430872
30,2102,1024,32,12.49346009185226,30,0.3263174224715134
30,2102,1024,38,5.310540523049134,30,0.7195097613932201
30,2102,1025,22,0.6562883687263361,22,1.3855807512446305
30,2102,1025,28,1.813309282245588,28,0.29282081004720023
30,2102,1025,29,2.42375238457996,29,0.19371133764298143
30,2102,1025,30,1.363167163270691,30,0.08264481351615217
30,2102,1025,31,1.5651839919472006,30,0.3094392281990357
30,2102,1025,32,1.7241383717492234,30,0.39776898926519133
30,2102,1025,38,2.5116939886865723,30,0.5852785344243309
30,2102,1026,22,1.2543855829903843,22,0.6111578489411557
30,2102,1026,28,1.5269590016774715,28,0.34020231042568155
30,2102,1026,29,2.753734900343398,29,0.15310811348013292
30,2102,1026,30,1.8794647807604923,30,0.13490676810392152
30,2102,1026,31,1.8783532502008449,30,0.3296026992630168
30,2102,1026,32,2.0048750027283835,30,0.3490664016025694
30,2102,1026,38,2.0728007052972117,30,0.939976793351045
30,2102,1027,22,1.0826692169335546,22,0.8687419998124961
30,2102,1027,28,5.312755769668588,28,0.4717490626318069
30,2102,1027,29,10.283221142970264,29,0.2327602545486253
30,2102,1027,30,40.38928247909012,30,0.1587946440976602
30,2102,1027,31,36.795673430038846,30,0.18040403298775698
30,2102,1027,32,36.3347254829818,30,0.18743898064428244
30,2102,1027,38,4.065897219131117,30,0.8608595549375379
30,2102,1028,22,0.7748470422764677,22,1.339429889746518
30,2102,1028,28,11.589699433701178,28,0.15179331873445226
30,2102,1028,29,11.885013525705153,29,0.15109097957552076
30,2102,1028,30,11.221234321442445,30,0.14012949031822405
30,2102,1028,31,2.411803282156107,30,0.5145752826327271
30,2102,1028,32,2.578479527038513,30,0.5473334360312938
30,2102,1028,38,2.439681404726427,30,0.7501980578695022
30,2102,1029,22,1.2552740768230373,22,1.0993240352526619
30,2102,1029,28,8.896828197276788,28,0.17270084305049274
30,2102,1029,29,5.144118641948927,29,0.14929911246210795
30,2102,1029,30,5.26895613941514,30,0.10817926610339673
30,2102,1029,31,5.696444449337553,30,0.11512102310093919
30,2102,1029,32,5.393159209092612,30,0.24169305498262422
30,2102,1029,38,4.398424419616863,30,0.9996484257968522
30,2102,1030,22,0.6497794002745977,22,1.290383087305181
30,2102,1030,28,6.330512586271541,28,0.24507327217955538
30,2102,1030,29,5.103862120240315,29,0.14929768471859245
30,2102,1030,30,60.476153643277804,30,0.05395154174332864
30,2102,1030,31,8.820366683980211,30,0.1162583337900405
30,2102,1030,32,4.172699831761216,30,0.17744232682455785
30,2102,1030,38,3.237014841374215,30,1.038078852057866
30,2102,1031,22,1.2355723640998855,22,0.6792110726575606
30,2102,1031,28,4.856813725448454,28,0.22784501105955304
30,2102,1031,29,6.746811874722267,29,0.19621627182491536
30,2102,1031,30,11.279905963513817,30,0.14533370716968488
30,2102,1031,31,3.215600414677329,30,0.27857073103294233
30,2102,1031,32,2.556597098139857,30,0.3600512504630301
30,2102,1031,38,3.181497209925488,30,0.8030848638751733
30,2102,1032,22,0.8244477164952937,22,1.2811130779142368
30,2102,1032,28,2.9401927623747994,28,0.627487117259792
30,2102,1032,29,3.767314570797868,29,0.456713146952822
30,2102,1032,30,4.851084364859031,30,0.45135606791368404
30,2102,1032,31,2.6746181948255474,30,0.5021245674068424
30,2102,1032,32,2.7791997562915953,30,0.5113078906290376
30,2102,1032,38,4.15736137558479,30,0.8168491469737065
30,2102,1033,22,0.9347286792423882,22,1.0241552310415873
30,2102,1033,28,2.6171620350243145,28,0.3889289547102947
30,2102,1033,29,8.107159968410322,29,0.16000426791010205
30,2102,1033,30,62.39938971099468,30,0.055859163110791095
30,2102,1033,31,2.587372480834564,30,0.23280930800970967
30,2102,1033,32,1.921159731920295,30,0.23306602571979726
30,2102,1033,38,2.2568283093269574,30,0.8410962969336818
30,2102,1034,22,0.5976122750792368,22,1.3494675296352856
30,2102,1034,28,18.969585057308027,28,0.10480115063165245
30,2102,1034,29,14.970970013472439,29,0.1033156970187187
30,2102,1034,30,109.77326840031867,30,0.05144859339142196
30,2102,1034,31,5.360187251127372,30,0.19590115256394156
30,2102,1034,32,5.724938731177859,30,0.2269085648276141
30,2102,1034,38,1.5953491228748338,30,0.9260803062370566
30,2102,1035,22,0.6932236861452314,22,1.234777741281989
30,2102,1035,28,2.5881731707920634,28,0.4441825221814517
30,2102,1035,29,30.081124634104214,29,0.1227796276509121
30,2102,1035,30,27.131110377684838,30,0.07156874828194196
30,2102,1035,31,25.06494446141757,30,0.08861729207610593
30,2102,1035,32,4.503544396717114,30,0.26638220638498766
30,2102,1035,38,1.6442590438196742,30,0.834423083919596
30,2102,1036,22,1.3807552394683793,22,0.7665051482438119
30,2102,1036,28,5.87376134182278,28,0.20126065261906728
30,2102,1036,29,5.798820901763628,29,0.1923023040979728
30,2102,1036,30,16.328331050424044,30,0.10461415782157615
30,2102,1036,31,10.352025408447611,30,0.10797770663186554
30,2102,1036,32,5.526626093664095,30,0.20601226772175335
30,2102,1036,38,2.39891363479385,30,0.7133170693970351
30,2102,1037,22,0.6163421298099028,22,1.3827685707155812
30,2102,1037,28,0.9092503893015689,28,0.3314906427362284
30,2102,1037,29,2.763366236020095,29,0.14780541093624314
30,2102,1037,30,3.165889364352536,30,0.11852644255422685
30,2102,1037,31,2.96705370462918,30,0.12729214482609386
30,2102,1037,32,1.3057603681210044,30,0.2087928405772562
30,2102,1037,38,2.4789628823520387,30,0.8296699922858554
30,2102,1038,22,1.0178244679421182,22,0.8566556036415646
30,2102,1038,28,19.063929202944486,28,0.2735942085781017
30,2102,1038,29,25.17042787477849,29,0.24560241672668323
30,2102,1038,30,423.52781204428186,30,0.027559758482018838
30,2102,1038,31,288.21082202306394,30,0.0347885578480984
30,2102,1038,32,22.976570350412423,30,0.18737268126486312
30,2102,1038,38,3.176113143859565,30,0.8634349991272079
30,2102,1039,22,0.6913717865465855,22,0.6840527979716008
30,2102,1039,28,1.1088011242501141,28,0.37036989911789614
30,2102,1039,29,1.298055482477597,29,0.30895162779208557
30,2102,1039,30,7.117878679573339,30,0.25528995528925985
30,2102,1039,31,6.9060213488230255,30,0.26715527415174484
30,2102,1039,32,2.24827042605236,30,0.3843328938991494
30,2102,1039,38,2.7060614945412715,30,0.8939857932220269
30,2102,1040,22,1.0729706563657042,22,0.8964887249600114
30,2102,1040,28,2.5523731124028854,28,0.42172517775809404
30,2102,1040,29,6.928114785835011,29,0.3974908112755762
30,2102,1040,30,21.92072230665207,30,0.0999358296583387
30,2102,1040,31,12.22027336034394,30,0.2796979839850162
30,2102,1040,32,6.430488514597947,30,0.5089265782420593
30,2102,1040,38,3.150552088001616,30,0.9617919777620144
30,2102,1041,22,0.846049443616778,22,1.1724306502616897
30,2102,1041,28,1.4562077881541071,28,0.2486717980741996
30,2102,1041,29,1.8061705344506787,29,0.24819526608881068
30,2102,1041,30,2.132741279654505,30,0.16797702392054747
30,2102,1041,31,2.032086706953998,30,0.38702098777009425
30,2102,1041,32,2.0850091879762864,30,0.4916143317967349
30,2102,1041,38,3.7988009290742535,30,0.7002699399405621
30,2102,1042,22,1.367140115321477,22,0.9447899104168251
30,2102,1042,28,5.512620746466778,28,0.4414353652610143
30,2102,1042,29,2.895734622747067,29,0.3038635235572223
30,2102,1042,30,2.9168535154019883,30,0.3035981184245969
30,2102,1042,31,3.218050194105132,30,0.3206882178481818
30,2102,1042,32,4.038994708468156,30,0.5094746367790587
30,2102,1042,38,3.7759735801684364,30,0.9798746259036953
30,2102,1043,22,0.9755725482411438,22,0.9083766610691418
30,2102,1043,28,32.490963023629874,28,0.1825266989546647
30,2102,1043,29,50.171222615268775,29,0.14427212300821138
30,2102,1043,30,10657.727349783105,30,0.007585764295104008
30,2102,1043,31,88.42086672292062,30,0.09679554553763929
30,2102,1043,32,66.72921406857246,30,0.1271202940908195
30,2102,1043,38,4.655360590389803,30,0.9915450432568915
30,2102,1044,22,1.0407586381897869,22,1.1176699963310313
30,2102,1044,28,9.246574395618406,28,0.30918637132392496
30,2102,1044,29,6.575084695830224,29,0.2923739827324264
30,2102,1044,30,150.45651297667914,30,0.07816831753277033
30,2102,1044,31,98.2226414333496,30,0.09588095079430155
30,2102,1044,32,29.93678371242182,30,0.1859384557624141
30,2102,1044,38,3.1391019715121775,30,0.7505074789386017
30,2102,1045,22,0.6575386386985607,22,0.8706457568857486
30,2102,1045,28,4.507818840601376,28,0.2817791514011365
30,2102,1045,29,12.44415362631572,29,0.1140390726457973
30,2102,1045,30,95.8920800288182,30,0.047672393812714216
30,2102,1045,31,95.45212430087628,30,0.04825587179152958
30,2102,1045,32,4.670559816673546,30,0.3943166330598845
30,2102,1045,38,2.950430036049383,30,0.6827502159809002
30,2102,1046,22,0.9942602110812573,22,0.8777267557506461
30,2102,1046,28,2.229981585564586,28,0.36606349401403815
30,2102,1046,29,6.679009628343243,29,0.09993318783180116
30,2102,1046,30,5.876516694889161,30,0.0796168928469955
30,2102,1046,31,2.177767668286508,30,0.08772878851219278
30,2102,1046,32,2.2039862644082078,30,0.1403827246653071
30,2102,1046,38,2.7879281989307625,30,0.6618428393289001
30,2102,1047,22,1.0412818619918942,22,1.0702254410568446
30,2102,1047,28,5.87074509392752,28,0.0856319135797479
30,2102,1047,29,6.2918651542409885,29,0.06593423509572503
30,2102,1047,30,233.52782407692987,30,0.027706292721426194
30,2102,1047,31,66.13228846565836,30,0.052896656821255696
30,2102,1047,32,64.73702669282856,30,0.05349052509812669
30,2102,1047,38,1.2212401751997664,30,0.7189764716692183
30,2102,1048,22,0.778282111840245,22,1.0812516728204995
30,2102,1048,28,2.89255089637692,28,0.4671270406862093
30,2102,1048,29,4.261402704817803,29,0.11875144308698427
30,2102,1048,30,64.18986179670227,30,0.07969580518589034
30,2102,1048,31,10.494145258601433,30,0.2842437504894114
30,2102,1048,32,10.081696150084948,30,0.28473294568369745
30,2102,1048,38,3.504755701903928,30,0.6880285772300357
30,2102,1049,22,1.531625719463062,22,1.2009926046658341
30,2102,1049,28,3.2458584218076187,28,0.5230967972513448
30,2102,1049,29,2.9002468736673754,29,0.45549436541433685
30,2102,1049,30,129.49005956721263,30,0.04051503469405767
30,2102,1049,31,3.447128387429898,30,0.17455012812424764
30,2102,1049,32,2.087972823856221,30,0.23768705530183887
30,2102,1049,38,2.232940651126406,30,1.167587980754823
30,2102,1050,22,0.9116911827326024,22,1.2126539422468032
30,2102,1050,28,2.483339652164684,28,0.30933457736731657
30,2102,1050,29,2.4258532727631894,29,0.30735892216967714
30,2102,1050,30,3.3489616937891182,30,0.16585974705916753
30,2102,1050,31,1.9148922181877461,30,0.32222813353106294
30,2102,1050,32,1.8088922121725408,30,0.35911061853796883
30,2102,1050,38,1.5079130407789756,30,1.2162378177301507
30,2102,1051,22,1.288997379080346,22,0.8728110527026
30,2102,1051,28,3.1089641568449635,28,0.42557828113149626
30,2102,1051,29,4.317894758887361,29,0.25011793755214384
30,2102,1051,30,7.533571954920738,30,0.13971460007783512
30,2102,1051,31,6.4291090591253255,30,0.15261271674261015
30,2102,1051,32,4.0396406174834425,30,0.4215418072739331
30,2102,1051,38,3.8979713068082975,30,0.8567211895931526
30,2102,1052,22,0.5539275394046541,22,1.1470148471463424
30,2102,1052,28,4.283862600111767,28,0.5126979549610899
30,2102,1052,29,3.987385787622388,29,0.4993740106553789
30,2102,1052,30,5.429826133694494,30,0.14596076598689778
30,2102,1052,31,4.481075692017877,30,0.22214698298473953
30,2102,1052,32,3.7071840284482667,30,0.457155395381891
30,2102,1052,38,2.8555993882806354,30,1.23087844472944
30,2102,1053,22,0.9101232544929704,22,0.8980659258470194
30,2102,1053,28,1.6074665457432311,28,0.16795443505286126
30,2102,1053,29,3.3578308800666834,29,0.10164519141268406
30,2102,1053,30,6.452550692042972,30,0.08253390843005735
30,2102,1053,31,3.1493340557839264,30,0.14914071769165416
30,2102,1053,32,1.446678830485086,30,0.19703463729216092
30,2102,1053,38,2.712383476739553,30,1.0533237103360618
30,2102,1054,22,1.8564878196245436,22,0.5887922265806059
30,2102,1054,28,4.768031140895694,28,0.27267787637808827
30,2102,1054,29,5.29907054675035,29,0.27135690776863813
30,2102,1054,30,35.11787898365434,30,0.06091126337439786
30,2102,1054,31,4.29540892094506,30,0.125547149199573
30,2102,1054,32,4.338204285453294,30,0.12903888458418156
30,2102,1054,38,1.9459123643595757,30,0.7865425963282163
30,2102,1055,22,0.9713326820976176,22,0.8646235618050007
30,2102,1055,28,2.6808118824015414,28,0.3816417663006278
30,2102,1055,29,3.573406831303133,29,0.26874019496592183
30,2102,1055,30,130.00654062511742,30,0.05182615808439913
30,2102,1055,31,19.14851264091586,30,0.15975855448785886
30,2102,1055,32,11.232934515349694,30,0.2349494008065536
30,2102,1055,38,2.2434192980191714,30,0.7768551334170907
30,2102,1056,22,0.8789371213494466,22,0.8165254166795037
30,2102,1056,28,3.494952794738204,28,0.48129015678814774
30,2102,1056,29,17.342386135544885,29,0.21600675154492574
30,2102,1056,30,33.99045277935179,30,0.12292029337559995
30,2102,1056,31,11.140900596577762,30,0.2769386112725739
30,2102,1056,32,9.286947679203502,30,0.3441174757417133
30,2102,1056,38,3.3907888697530337,30,0.8667661604010293
30,2102,1057,22,1.3063896692905188,22,0.5837527167802056
30,2102,1057,28,4.277390158844742,28,0.22079920296905758
30,2102,1057,29,16.152684510436494,29,0.1640085753056877
30,2102,1057,30,4.531199752575903,30,0.13229868940898526
30,2102,1057,31,4.5565877110166655,30,0.26657296486815263
30,2102,1057,32,4.679952795815924,30,0.27095079754158063
30,2102,1057,38,2.2018088111056384,30,0.8255576842085438
30,2102,1058,22,0.5160324625347161,22,1.2264192400345288
30,2102,1058,28,1.4136566420317624,28,0.355329190125594
30,2102,1058,29,2.222359706821369,29,0.1755861858731363
30,2102,1058,30,122.43040219292509,30,0.008293449915231
30,2102,1058,31,0.9630673246074457,30,0.15545355132931524
30,2102,1058,32,0.9770209830389596,30,0.3678744441195941
30,2102,1058,38,1.2878624714311129,30,0.6443492361929903
30,2102,1059,22,0.9016532637949519,22,1.0307149436300744
30,2102,1059,28,1.1328811683165245,28,0.38780225608191915
30,2102,1059,29,1.9851484062809261,29,0.11036397897680222
30,2102,1059,30,19.426163900085196,30,0.06313960881416224
30,2102,1059,31,19.92890549856391,30,0.06360487546712935
30,2102,1059,32,6.41388109189431,30,0.1037925444018116
30,2102,1059,38,2.1846486604945587,30,0.7051159810531014
30,2102,1060,22,0.9952168987984461,22,1.4074499455352905
30,2102,1060,28,1.940201979121091,28,0.2500492313768508
30,2102,1060,29,1.8087616020850414,29,0.21444394978696724
30,2102,1060,30,1.8317470319046758,30,0.1325663439718573
30,2102,1060,31,1.8230622639423333,30,0.24715302004878378
30,2102,1060,32,1.6301611478930504,30,0.25835268017738056
30,2102,1060,38,1.7350629568126126,30,0.8613893441453673
30,2102,1061,22,1.1944656644176406,22,1.225921399931677
30,2102,1061,28,4.925728790328211,28,0.463147760614923
30,2102,1061,29,4.693396737692247,29,0.4068973426461018
30,2102,1061,30,4.045777209560888,30,0.10451369488388028
30,2102,1061,31,1.8432798536126505,30,0.11092510002075784
30,2102,1061,32,1.90086470162347,30,0.34782157514036793
30,2102,1061,38,1.5260258884830409,30,0.8258723175624607
30,2102,1062,22,0.8426755510431361,22,0.9177803973940505
30,2102,1062,28,2.337821553137968,28,0.5291256068772942
30,2102,1062,29,6.1258656062551164,29,0.2735471203943022
30,2102,1062,30,16.405026917613224,30,0.050422435274521955
30,2102,1062,31,2.77924388282338,30,0.47119643542917333
30,2102,1062,32,2.037087504564428,30,0.4748316560219516
30,2102,1062,38,2.9938688080798874,30,1.2935239773261114
30,2102,1063,22,0.6859558719102428,22,1.3789710451446293
30,2102,1063,28,1.197062087831519,28,0.5296585315717522
30,2102,1063,29,18.65498973191198,29,0.165812596639988
30,2102,1063,30,14.970956193547797,30,0.13291557626409006
30,2102,1063,31,15.029379541082237,30,0.13374644162401755
30,2102,1063,32,14.581585037942396,30,0.1382678506163817
30,2102,1063,38,2.9384496956000996,30,1.1181862246115342
30,2102,1064,22,0.9492269269197877,22,0.9462300297812999
30,2102,1064,28,1.0743054037872561,28,0.37281912200065237
30,2102,1064,29,1.4717844696069695,29,0.25879466230205656
30,2102,1064,30,4.021072106937748,30,0.24864254258199453
30,2102,1064,31,3.2813007774991783,30,0.3010676040364299
30,2102,1064,32,3.3676686971567866,30,0.3292820271049547
30,2102,1064,38,2.469226535918598,30,1.119080174590344
30,2102,1065,22,0.9469615122723085,22,1.0751098266963897
30,2102,1065,28,10.158651423650413,28,0.44398680916499494
30,2102,1065,29,10.044113597682445,29,0.4184733195731367
30,2102,1065,30,28.125528419081274,30,0.17664282345497792
30,2102,1065,31,20.549355345922034,30,0.24983644683604136
30,2102,1065,32,9.270248430377574,30,0.2687241148753022
30,2102,1065,38,5.6560097861824605,30,0.7059151468549656
30,2102,1066,22,1.1133018335248328,22,0.9515531309846207
30,2102,1066,28,6.7193219826638515,28,0.5532179000533448
30,2102,1066,29,10.469397378879549,29,0.3451811191095089
30,2102,1066,30,13.322844982519607,30,0.307732371628241
30,2102,1066,31,9.284337372293177,30,0.37925891407832985
30,2102,1066,32,9.612623208577329,30,0.3847068969753915
30,2102,1066,38,2.6070706541327833,30,1.1984064580959466
30,2102,1067,22,0.6182339684205509,22,0.770231585338431
30,2102,1067,28,1.6218146734232293,28,0.3088619837233935
30,2102,1067,29,0.8937437238723008,29,0.16847570494961372
30,2102,1067,30,1.6346926321240833,30,0.1369428132123402
30,2102,1067,31,1.2879112632949168,30,0.19616911906782072
30,2102,1067,32,1.0817396523848135,30,0.20661087288023147
30,2102,1067,38,1.861793435125605,30,1.167418429626403
30,2102,1068,22,1.0017227310176624,22,0.6830335259083903
30,2102,1068,28,6.45461397966912,28,0.2762450106869117
30,2102,1068,29,9.235605808393121,29,0.2580136733347959
30,2102,1068,30,11.75418345494427,30,0.2232026598986364
30,2102,1068,31,13.268961711334061,30,0.23233343770760656
30,2102,1068,32,4.935871695041337,30,0.3962307100924464
30,2102,1068,38,3.6314883583140563,30,0.9686581721964641
30,2102,1069,22,0.8347185338412318,22,1.1522446336033976
30,2102,1069,28,1.6693496689683414,28,0.4109296048055142
30,2102,1069,29,1.9185771355485433,29,0.2613853366785181
30,2102,1069,30,7.887380097697735,30,0.19727014365030401
30,2102,1069,31,6.589544321824515,30,0.1975520578564115
30,2102,1069,32,2.693099081907331,30,0.23200157040061742
30,2102,1069,38,2.2235189750734383,30,0.5210423511972084
30,2102,1070,22,1.4842612544797131,22,0.9961152356717019
30,2102,1070,28,2.9166834042301124,28,0.34445302041167464
30,2102,1070,29,1410.305511496366,29,0.024045507191452136
30,2102,1070,30,2126.9852528138817,30,0.02090358686767751
30,2102,1070,31,25.476202231856327,30,0.1864711288909192
30,2102,1070,32,25.374310753087777,30,0.18700614875229163
30,2102,1070,38,4.525803304570855,30,0.9706213721150683
30,2102,1071,22,1.3006393734957018,22,0.9917391113305871
30,2102,1071,28,2.8055299078071028,28,0.38820812012753114
30,2102,1071,29,21.633672220659545,29,0.20141370657673432
30,2102,1071,30,209.04121472287937,30,0.06823751407298308
30,2102,1071,31,88.96823046917349,30,0.11334484341694025
30,2102,1071,32,4.99724759099205,30,0.3913135328256469
30,2102,1071,38,3.0639098745066664,30,0.9287886633690713
30,2102,1072,22,2.0839687534037834,22,0.5647131036371976
30,2102,1072,28,2.061220081168853,28,0.2215642193172732
30,2102,1072,29,1.5467877134337884,29,0.20498501466534438
30,2102,1072,30,7.903912369003229,30,0.1900300571752474
30,2102,1072,31,3.964929720427713,30,0.23393190314103043
30,2102,1072,32,3.9188468443536384,30,0.3080419389372387
30,2102,1072,38,2.636042743885376,30,0.8409751638597645
30,2102,1073,22,1.237211099075325,22,1.0644640519098878
30,2102,1073,28,1.8673567162777343,28,0.41995583693763117
30,2102,1073,29,4.1254174731161815,29,0.280353355086217
30,2102,1073,30,41.05462538818033,30,0.12623720545779035
30,2102,1073,31,8.278012564741704,30,0.19447293748835187
30,2102,1073,32,6.158994446324444,30,0.41797893812609543
30,2102,1073,38,4.583393737201434,30,1.0886277947752088
30,2102,1074,22,1.0816916727277333,22,1.2347335813065408
30,2102,1074,28,2.4607579581993004,28,0.4152779002564088
30,2102,1074,29,3.1941337949390856,29,0.13919996213127983
30,2102,1074,30,7.443576697021534,30,0.13916511558438022
30,2102,1074,31,5.096900898467088,30,0.14110561296264856
30,2102,1074,32,3.901857732739887,30,0.3949430678801646
30,2102,1074,38,3.244168606480749,30,1.0139153906068459
30,2102,1075,22,1.0313289287624636,22,1.6006698302125073
30,2102,1075,28,1.4734036765139866,28,0.30973386360803584
30,2102,1075,29,1.3827320017708749,29,0.2978148797735328
30,2102,1075,30,150236.51932583444,30,0.0033138591997220832
30,2102,1075,31,25.88751263251399,30,0.23113222591130694
30,2102,1075,32,10.340460300281114,30,0.4056764636332869
30,2102,1075,38,5.379856795701547,30,0.8824463165845274
30,2102,1076,22,2.1013502267847155,22,0.9853693834876679
30,2102,1076,28,3.4897164283327458,28,0.509860187016556
30,2102,1076,29,4.349146296046085,29,0.36158019167609445
30,2102,1076,30,2.5955982986241235,30,0.20307698455006268
30,2102,1076,31,2.5346458875655498,30,0.2048511078602566
30,2102,1076,32,3.0999076150079565,30,0.34060365121184943
30,2102,1076,38,4.1000198632692735,30,0.7986257602805985
30,2102,1077,22,1.2059323154884503,22,0.7253453726462139
30,2102,1077,28,0.8303320462449576,28,0.4537860325259152
30,2102,1077,29,1.8835880908076694,29,0.29909503342046595
30,2102,1077,30,2.270859544226371,30,0.13245488982596582
30,2102,1077,31,1.225961098062224,30,0.177243709573455
30,2102,1077,32,1.3467723543563697,30,0.19510594145035226
30,2102,1077,38,2.595099371801014,30,1.0906636694181402
30,2102,1078,22,0.8938325861210028,22,1.3753861652637884
30,2102,1078,28,14.209056890627465,28,0.1743071588939861
30,2102,1078,29,19.218988773985544,29,0.16690984372912085
30,2102,1078,30,19.60001366992922,30,0.0593756150072319
30,2102,1078,31,3.0277555272659633,30,0.2219843439972735
30,2102,1078,32,1.7577322079667703,30,0.40184497275692904
30,2102,1078,38,2.4845433592869877,30,0.7687548840090545
30,2102,1079,22,0.8790819042990995,22,0.8110167996197425
30,2102,1079,28,6.2397522527849025,28,0.1817537035821358
30,2102,1079,29,8.625986110320973,29,0.16853127232257425
30,2102,1079,30,9.1757558489633,30,0.11149387203654308
30,2102,1079,31,3.452034559029673,30,0.3339522302401101
30,2102,1079,32,1.558057067242876,30,0.3357445887734043
30,2102,1079,38,1.6628790835034328,30,1.3176493784102092
30,2102,1080,22,0.6546673355494508,22,1.0435045757394994
30,2102,1080,28,2.747985046420818,28,0.40766840201729504
30,2102,1080,29,4.376579042726594,29,0.33108421584983183
30,2102,1080,30,33.64243780921736,30,0.11837832000383966
30,2102,1080,31,4.068882061997146,30,0.40415038506712614
30,2102,1080,32,3.2995838857343407,30,0.48325226475470107
30,2102,1080,38,2.2278420466579516,30,0.99012261059643
30,2102,1081,22,1.557575858176314,22,1.0591798732899902
30,2102,1081,28,4.73217875812597,28,0.5380083370452828
30,2102,1081,29,5.32513470707206,29,0.42399826071261354
30,2102,1081,30,8.953214070982062,30,0.314921219001944
30,2102,1081,31,6.6192471820354655,30,0.35183255250042494
30,2102,1081,32,4.04665198345201,30,0.3725405034292871
30,2102,1081,38,3.045523634643373,30,0.7421350151136574
30,2102,1082,22,0.9646258693957979,22,1.1524733782906023
30,2102,1082,28,1.464126028866323,28,0.6099364819877686
30,2102,1082,29,2.113189334628588,29,0.3549943904761442
30,2102,1082,30,50.50996663744351,30,0.15880527021633342
30,2102,1082,31,35.951377650313695,30,0.1899825233469738
30,2102,1082,32,30.52308243835968,30,0.210458391649067
30,2102,1082,38,3.344778584334478,30,1.051332784609037
30,2102,1083,22,1.7094677684744224,22,0.8368495958283965
30,2102,1083,28,4.129395586744568,28,0.5022034740115161
30,2102,1083,29,7.160240971432968,29,0.20192888375114282
30,2102,1083,30,29.05613284668693,30,0.05897814170759071
30,2102,1083,31,7.043181204923775,30,0.34354449595131903
30,2102,1083,32,4.539843668484751,30,0.36712436451126335
30,2102,1083,38,2.6775915315097047,30,0.9659336150326473
30,2102,1084,22,0.6202012047728054,22,1.0290053404572972
30,2102,1084,28,2.6262024859523256,28,0.2160819945731651
30,2102,1084,29,4.562640793936944,29,0.18327687985597688
30,2102,1084,30,1.430749789241936,30,0.12775246768415874
30,2102,1084,31,1.3227601373022304,30,0.15540342223107267
30,2102,1084,32,1.349430004725256,30,0.20274241752109223
30,2102,1084,38,3.2186375881716045,30,0.998939376152363
30,2102,1085,22,1.567007881867766,22,1.2193089819095912
30,2102,1085,28,6.039815139474917,28,0.2641113652955966
30,2102,1085,29,6.231270481071915,29,0.22690000504791863
30,2102,1085,30,652.000412746485,30,0.026732760114831926
30,2102,1085,31,2.562835779430622,30,0.2204088742067557
30,2102,1085,32,2.496355780693259,30,0.22536878393001938
30,2102,1085,38,2.6654609048099474,30,0.6537322895379623
30,2102,1086,22,0.5730044407935311,22,1.1589293285491538
30,2102,1086,28,1.113034430771459,28,0.38470140254081675
30,2102,1086,29,4.355803485856732,29,0.3061089010484194
30,2102,1086,30,6.386825880965087,30,0.2500951695406747
30,2102,1086,31,3.4819649777035595,30,0.2705312546230371
30,2102,1086,32,3.632957645727609,30,0.2867667371668788
30,2102,1086,38,3.830458107688448,30,0.7208277418546576
30,2102,1087,22,1.059420034551081,22,0.8821522773744992
30,2102,1087,28,1.2283731479487816,28,0.5001730730624513
30,2102,1087,29,21.54922517981171,29,0.19334473897804488
30,2102,1087,30,16.228977479513645,30,0.18192638188082655
30,2102,1087,31,7.190266321436749,30,0.32202991346682347
30,2102,1087,32,4.003463182323885,30,0.3791412743632731
30,2102,1087,38,2.3931695857772053,30,1.1018208974140737
30,2102,1088,22,1.213427227690735,22,1.0595160925264493
30,2102,1088,28,0.9871811038015984,28,0.5108633381439774
30,2102,1088,29,1.1950026853067,29,0.3464041010263391
30,2102,1088,30,446.58654700160906,30,0.009136666099917912
30,2102,1088,31,1.7123081686262986,30,0.30283354864578066
30,2102,1088,32,1.5438160758243464,30,0.31716117716496683
30,2102,1088,38,3.230140668164078,30,0.7865765524568155
30,2102,1089,22,1.1949824273618554,22,0.8779930460503925
30,2102,1089,28,2.397108004460098,28,0.312223394977078
30,2102,1089,29,2.64810466691588,29,0.30893734367780223
30,2102,1089,30,2.8430657227057767,30,0.17115459304325528
30,2102,1089,31,2.841127506159677,30,0.3864286653122871
30,2102,1089,32,2.899853338997469,30,0.43300532475107717
30,2102,1089,38,2.4156931332861933,30,1.1240670535872894
30,2102,1090,22,1.2100562051530819,22,0.9956889358784854
30,2102,1090,28,2.3293481570205654,28,0.13354620496591565
30,2102,1090,29,2.825320789235254,29,0.13176991944518504
30,2102,1090,30,25.79106541793337,30,0.06620768291745638
30,2102,1090,31,9.20390104576076,30,0.11690397923626127
30,2102,1090,32,6.155530884739132,30,0.22074319796072364
30,2102,1090,38,2.9570194952004005,30,0.8941743739912122
30,2102,1091,22,0.7350218492480756,22,1.2090823695260886
30,2102,1091,28,2.198493783046298,28,0.5234939158713363
30,2102,1091,29,4.652749141388625,29,0.3028989210022603
30,2102,1091,30,5.81411617082971,30,0.16619033394863164
30,2102,1091,31,5.8713050149452695,30,0.16656736954306398
30,2102,1091,32,1.5359373638448166,30,0.41556585206965574
30,2102,1091,38,2.06201482683147,30,0.9522145508127929
30,2102,1092,22,1.2827601893942508,22,1.2403096441541765
30,2102,1092,28,11.916676119041114,28,0.4512424362181579
30,2102,1092,29,7.870337540014698,29,0.24856069842928843
30,2102,1092,30,7.879957096317136,30,0.07857957740440391
30,2102,1092,31,6.715697220350495,30,0.15035227194105313
30,2102,1092,32,6.442786386766533,30,0.1532942597471022
30,2102,1092,38,4.577178627434982,30,0.8393317044255676
30,2102,1093,22,1.2609938926945912,22,1.2498544772615958
30,2102,1093,28,9.20111905668194,28,0.15320423423260351
30,2102,1093,29,6.285392589476878,29,0.14797596807976274
30,2102,1093,30,80.95451083159979,30,0.07451005564646221
30,2102,1093,31,6.147087887078903,30,0.4087695588388591
30,2102,1093,32,4.819622497179289,30,0.4168800755968794
30,2102,1093,38,3.011293186853614,30,0.9916707026927764
30,2102,1094,22,0.731702462445967,22,1.0555810638211531
30,2102,1094,28,2.2720088558755958,28,0.2152714166502941
30,2102,1094,29,2.4802003811993263,29,0.21266735440461643
30,2102,1094,30,37.91456638148363,30,0.08084732994995752
30,2102,1094,31,4.842487383857669,30,0.21882040284175036
30,2102,1094,32,4.429870677508622,30,0.3033993232895378
30,2102,1094,38,2.9312523452075556,30,0.93978546378906
30,2102,1095,22,1.6235350873247745,22,0.7337683739645555
30,2102,1095,28,0.9537674577893528,28,0.3743760419996311
30,2102,1095,29,1.4164270874082743,29,0.36748613338586955
30,2102,1095,30,24815.879438109365,30,0.007520897663669158
30,2102,1095,31,90.98172364433968,30,0.12040501542909371
30,2102,1095,32,31.867034302374414,30,0.21997571477724454
30,2102,1095,38,4.986427543001615,30,0.8868629332201633
30,2102,1096,22,1.184887485101212,22,0.926031073934503
30,2102,1096,28,7.130898163946088,28,0.31909541334863023
30,2102,1096,29,10.93054393428478,29,0.28098495751420993
30,2102,1096,30,136.96314713435558,30,0.06500855459889138
30,2102,1096,31,72.50385265015284,30,0.08468541062399387
30,2102,1096,32,10.871586018304892,30,0.3526704801346032
30,2102,1096,38,5.093901427316419,30,0.7952669419121858
30,2102,1097,22,0.8444504464779563,22,0.9865092197123537
30,2102,1097,28,1.5058563185374019,28,0.36878618178576433
30,2102,1097,29,2.105860060664112,29,0.3321465598745483
30,2102,1097,30,16.02347076909529,30,0.13977838936884446
30,2102,1097,31,13.069785303627814,30,0.15058638046650782
30,2102,1097,32,8.720026118632555,30,0.21373809666069332
30,2102,1097,38,3.696945537516876,30,1.1238898851170527
30,2102,1098,22,1.2265684469367995,22,0.789971781533397
30,2102,1098,28,4.218748793519173,28,0.35361410864868476
30,2102,1098,29,6.99116893562857,29,0.2616431129988099
30,2102,1098,30,50.642802875659676,30,0.014567653278407757
30,2102,1098,31,6.964429661573366,30,0.1116527306748822
30,2102,1098,32,6.761486766007311,30,0.19862022317683733
30,2102,1098,38,3.0274088067437743,30,0.9381528181779065
30,2102,1099,22,1.2107933077234125,22,1.1712242642287016
30,2102,1099,28,3.43054501627924,28,0.20029358953152657
30,2102,1099,29,3.43530353532548,29,0.20016201821031215
30,2102,1099,30,3.880071279236258,30,0.19061148569003447
30,2102,1099,31,3.8039127150536522,30,0.19270100688696748
30,2102,1099,32,3.8338276318599047,30,0.2300068042508032
30,2102,1099,38,2.5412581645736285,30,0.8816966034006282
30,2102,1100,22,1.1324092288332022,22,0.8352440298943266
30,2102,1100,28,43.84477142359106,28,0.06641927986063752
30,2102,1100,29,291.50535991637724,29,0.03299031293294297
30,2102,1100,30,294.0128646337671,30,0.031198505669328597
30,2102,1100,31,182.8947865934513,30,0.03427487764044099
30,2102,1100,32,5.532003420447531,30,0.18995518277902482
30,2102,1100,38,1.9617588866673574,30,0.5343436148630919
30,2102,1101,22,1.0102340847376436,22,1.2033540290298816
30,2102,1101,28,2.893936949228255,28,0.5081027944681328
30,2102,1101,29,41.02240896407993,29,0.08488958069537458
30,2102,1101,30,1716.649905887532,30,0.005522195979354278
30,2102,1101,31,1186.6765166753055,30,0.006671008311025213
30,2102,1101,32,912.3862967979954,30,0.007341224113962433
30,2102,1101,38,2.8139966758567954,30,0.754700496063494
30,2102,1102,22,1.2300186860583426,22,1.1426998649051479
30,2102,1102,28,2.38830455986481,28,0.401324830001991
30,2102,1102,29,5.190192057362661,29,0.3007441927016951
30,2102,1102,30,14.922058029572055,30,0.08817866309478611
30,2102,1102,31,6.215573383702218,30,0.15711825864605156
30,2102,1102,32,5.901339705605212,30,0.16912527300863806
30,2102,1102,38,2.934446842058692,30,0.9851048999127255
30,2102,1103,22,0.7016834053984929,22,0.7059625731377095
30,2102,1103,28,1.5340923295437494,28,0.44241338934080743
30,2102,1103,29,1.4774605033303576,29,0.17834791446198223
30,2102,1103,30,3.9027746148515265,30,0.10197322952166488
30,2102,1103,31,2.753428503096499,30,0.23934065328187773
30,2102,1103,32,2.391104223528499,30,0.4385573913749204
30,2102,1103,38,2.843633065234875,30,1.017643631192345
30,2102,1104,22,0.7857220695271396,22,1.1351582896324326
30,2102,1104,28,1.7187157142222182,28,0.6258497597079864
30,2102,1104,29,2.794444788873074,29,0.38482796049554396
30,2102,1104,30,2.3045128329056612,30,0.3780926397787157
30,2102,1104,31,1.592222376736471,30,0.5105127787662957
30,2102,1104,32,1.9303707191192634,30,0.5115070147274482
30,2102,1104,38,2.9393854723228636,30,1.0093640509771808
30,2102,1105,22,1.3552324006911156,22,1.0976440892876835
30,2102,1105,28,3.4548949958309803,28,0.06135067782039125
30,2102,1105,29,46.43332030047232,29,0.02535721560386415
30,2102,1105,30,830.049667147991,30,0.017264360639386557
30,2102,1105,31,10.764565247081704,30,0.23846790731872303
30,2102,1105,32,9.31482368105706,30,0.2786221723824365
30,2102,1105,38,3.1261902817314033,30,1.153167632108912
30,2102,1106,22,2.339008955113709,22,0.9100921100068271
30,2102,1106,28,1.4648348062638974,28,0.23194269393109881
30,2102,1106,29,1.7665840900305876,29,0.21325399796853686
30,2102,1106,30,1051.8471083335526,30,0.019077270102887282
30,2102,1106,31,11.193373221144284,30,0.18865441110243295
30,2102,1106,32,6.909138640996323,30,0.2521082955561723
30,2102,1106,38,2.492222795605238,30,0.809608988748176
30,2102,1107,22,0.693614261081999,22,1.3551746511547318
30,2102,1107,28,5.072090199840465,28,0.291796603712438
30,2102,1107,29,8.237638272277254,29,0.20710715256086634
30,2102,1107,30,37.48294673201163,30,0.10662011644187412
30,2102,1107,31,12.79310500861418,30,0.2221995780023997
30,2102,1107,32,12.310066394240948,30,0.23816981342084254
30,2102,1107,38,3.2180684281619225,30,0.8381372884963506
30,2102,1108,22,0.8773695128355304,22,0.6869523034830904
30,2102,1108,28,3.2151986231838507,28,0.2809812564877215
30,2102,1108,29,6.356537190931597,29,0.2804076744114062
30,2102,1108,30,7.959673185651573,30,0.04040039589215713
30,2102,1108,31,5.133420372562538,30,0.271940378644766
30,2102,1108,32,1.7284541637104316,30,0.27759777095971605
30,2102,1108,38,2.1752191696358523,30,0.9364186359141263
30,2102,1109,22,1.1354892026124086,22,0.944092256086394
30,2102,1109,28,1.8822305250820208,28,0.567526360724382
30,2102,1109,29,4.022819904761084,29,0.13412768908946296
30,2102,1109,30,64.2424892530399,30,0.07067659274681719
30,2102,1109,31,2.6038620435006568,30,0.32663071864426474
30,2102,1109,32,2.642436278812789,30,0.36364611873381786
30,2102,1109,38,1.8309635986630879,30,0.8447992752798587
30,2102,1110,22,0.88744127109796,22,0.7772761937876951
30,2102,1110,28,3.7667108051276643,28,0.1733647243299918
30,2102,1110,29,20.7349597718161,29,0.09902712856667725
30,2102,1110,30,16.60440277207021,30,0.0920918385761696
30,2102,1110,31,17.803373050915386,30,0.12449505829450573
30,2102,1110,32,4.735287922295537,30,0.33105638917146524
30,2102,1110,38,3.161005569562948,30,0.8567107239303272
30,2102,1111,22,0.718749931972915,22,0.9650215086145022
30,2102,1111,28,1.2101654120753778,28,0.41986609631358696
30,2102,1111,29,3.750523746213653,29,0.18463565742606855
30,2102,1111,30,23.76473853067828,30,0.08740359419791571
30,2102,1111,31,2.3357795593053123,30,0.1564430600749408
30,2102,1111,32,2.159600201519593,30,0.1856846856255985
30,2102,1111,38,2.26877690725419,30,0.9513380785105955
30,2102,1112,22,0.8525134043740868,22,1.2171213876940987
30,2102,1112,28,2.253054583423345,28,0.5450410195479847
30,2102,1112,29,3.457280305956425,29,0.058541051627030986
30,2102,1112,30,1334.569616174758,30,0.02104570675066853
30,2102,1112,31,20.08485706536286,30,0.17749024796303722
30,2102,1112,32,9.467619930691127,30,0.3481661693348352
30,2102,1112,38,2.917637399149652,30,1.1299868915666853
30,2102,1113,22,1.2633034486555115,22,1.2370202400967338
30,2102,1113,28,2.717926398507267,28,0.2384353869327957
30,2102,1113,29,2.836893958924183,29,0.213857051744613
30,2102,1113,30,2.5161746561266107,30,0.09535454875317514
30,2102,1113,31,2.5497570904380633,30,0.1656061491293232
30,2102,1113,32,1.3964945244608558,30,0.46011608513092633
30,2102,1113,38,1.6498363777159764,30,0.8485671144025708
30,2102,1114,22,0.6303553505179771,22,1.2982851340013224
30,2102,1114,28,2.34233402657126,28,0.3934457973597499
30,2102,1114,29,1.3401453529708967,29,0.2533082735142052
30,2102,1114,30,3.615231314668195,30,0.221535502779747
30,2102,1114,31,2.9798390136661568,30,0.3290026486659363
30,2102,1114,32,2.683572811494356,30,0.39011213511024745
30,2102,1114,38,2.1854158672023747,30,0.5842311259581832
30,2102,1115,22,0.8550828465784283,22,0.6852454903092279
30,2102,1115,28,3.582996346283364,28,0.24902971622348094
30,2102,1115,29,3.7118146901389,29,0.2451045999827428
30,2102,1115,30,3.9881622653856312,30,0.23202078887473848
30,2102,1115,31,2.995064186066216,30,0.26264768712159314
30,2102,1115,32,2.343134341279728,30,0.3473087628541694
30,2102,1115,38,2.7514616318051854,30,0.987143391857957
30,2102,1116,22,0.901419505458058,22,1.3000952436291844
30,2102,1116,28,3.4269955230336353,28,0.2668995221807221
30,2102,1116,29,4.8819148207797785,29,0.26678448481993544
30,2102,1116,30,4.898713203687918,30,0.2327291931597073
30,2102,1116,31,4.256612384136332,30,0.23607446518813596
30,2102,1116,32,4.233092893658332,30,0.2469583012213708
30,2102,1116,38,2.293315393544511,30,0.9754111863429544
30,2102,1117,22,0.9930985110827205,22,1.167537798110547
30,2102,1117,28,1.215545705840913,28,0.6392338833911986
30,2102,1117,29,1.3062192459641548,29,0.5361346230679686
30,2102,1117,30,1.366423553835147,30,0.5359542912697919
30,2102,1117,31,1.4198371630820896,30,0.550498447531851
30,2102,1117,32,1.5833789421631064,30,0.6825987241173841
30,2102,1117,38,1.617524981351564,30,1.1885267550890994
30,2102,1118,22,0.6647293287432445,22,1.194151320725679
30,2102,1118,28,1.279904188835292,28,0.28926060528097186
30,2102,1118,29,1.2675306880142216,29,0.06290711946836536
30,2102,1118,30,18.91810697611074,30,0.053120567633186754
30,2102,1118,31,11.699891481111214,30,0.05943015779184189
30,2102,1118,32,1.8847389715313074,30,0.09311204688672071
30,2102,1118,38,2.4778924733390824,30,0.6494373789112478
30,2102,1119,22,1.3245267194997206,22,0.9930098987520453
30,2102,1119,28,21.68775074454621,28,0.2965761185154323
30,2102,1119,29,33.98609037303992,29,0.11445505740193114
30,2102,1119,30,142.85078169591662,30,0.10536288474896065
30,2102,1119,31,8.866473783070715,30,0.12937067542766542
30,2102,1119,32,8.990111850319146,30,0.1294246589981839
30,2102,1119,38,7.857171750204658,30,0.7306616654592574
30,2102,1120,22,0.99932460341137,22,1.11342935862419
30,2102,1120,28,2.679660909002101,28,0.31806823556114106
30,2102,1120,29,3.8649610800360272,29,0.28915196456837
30,2102,1120,30,5.071871566397989,30,0.15760172773265768
30,2102,1120,31,3.6400457573054275,30,0.21138442689381284
30,2102,1120,32,3.5184472055865674,30,0.31297457488796393
30,2102,1120,38,1.8169507894599963,30,1.3184198635344007
30,2102,1121,22,0.6211778964323575,22,0.7968030875385833
30,2102,1121,28,12.930825559266214,28,0.20508925691066412
30,2102,1121,29,10.198495783291863,29,0.11164568627867039
30,2102,1121,30,7.492272507581265,30,0.03763654117503268
30,2102,1121,31,4.103101384043322,30,0.2856589432594149
30,2102,1121,32,2.8428308944941842,30,0.42372918007157545
30,2102,1121,38,4.576564854687869,30,0.818930825397302
30,2102,1122,22,1.6044529532182263,22,0.7858607099105255
30,2102,1122,28,2.3738984403501036,28,0.4763428611274714
30,2102,1122,29,5.96939847023967,29,0.2714985574343695
30,2102,1122,30,39.15409887081258,30,0.05672354463883426
30,2102,1122,31,21.661279492185432,30,0.08976688949773007
30,2102,1122,32,3.549292325690139,30,0.33970027423508964
30,2102,1122,38,2.590037584214581,30,1.0549633550800566
30,2102,1123,22,0.5341630029945552,22,1.1428332726601467
30,2102,1123,28,1.6064760052707658,28,0.37573770131631856
30,2102,1123,29,3.7749322635455185,29,0.33188708037982984
30,2102,1123,30,17.21951055572851,30,0.18916273772137593
30,2102,1123,31,17.342819685743088,30,0.19208588078989144
30,2102,1123,32,8.55058884602556,30,0.25192318552253207
30,2102,1123,38,1.463833456519661,30,1.004244060507194
30,2102,1124,22,1.5117103318970047,22,1.0620504299855975
30,2102,1124,28,4.9650009799444526,28,0.2311329409951883
30,2102,1124,29,11.821238974566512,29,0.21458820381434512
30,2102,1124,30,39.05828369825097,30,0.05802666142669239
30,2102,1124,31,10.404085391638972,30,0.2692759402900422
30,2102,1124,32,3.0123964685935616,30,0.36327793230110805
30,2102,1124,38,2.488505584434872,30,0.8574119117012082
30,2102,1125,22,1.2571117565723422,22,1.0329586834139008
30,2102,1125,28,2.485608349026114,28,0.4979233367107681
30,2102,1125,29,2.73041064608357,29,0.37974100744071076
30,2102,1125,30,7773.769716691131,30,0.012727322845877813
30,2102,1125,31,4.085418714576206,30,0.44140787076115107
30,2102,1125,32,2.699068127286102,30,0.5793882718193163
30,2102,1125,38,3.3076626878323334,30,1.026234983676034
30,2102,1126,22,0.7073961964308092,22,1.0451460985149137
30,2102,1126,28,2.376367453764837,28,0.32361646406843053
30,2102,1126,29,16.29565246204439,29,0.15130695897663982
30,2102,1126,30,19.16505844035915,30,0.14799347697827908
30,2102,1126,31,9.818922313266368,30,0.1935611805006387
30,2102,1126,32,2.2206676802275966,30,0.23171825429368195
30,2102,1126,38,2.021883248183031,30,0.9175001136181039
30,2102,1127,22,4.297411645623246,22,0.8034022309612919
30,2102,1127,28,7.342215973715195,28,0.441426192168579
30,2102,1127,29,7.493943439772868,29,0.19876710116206003
30,2102,1127,30,7.867898059669448,30,0.1785748713894183
30,2102,1127,31,5.365414023167924,30,0.37932901504838784
30,2102,1127,32,5.712126545785633,30,0.48034217697815446
30,2102,1127,38,3.6757723751390294,30,0.9530200486198168
30,2102,1128,22,1.7266833386672644,22,0.8187207477145032
30,2102,1128,28,7.122743637490067,28,0.22074463692769378
30,2102,1128,29,1.521778638274716,29,0.09234746746684455
30,2102,1128,30,11.869449429697443,30,0.06829059977785726
30,2102,1128,31,2.1094127694644262,30,0.2366568067827771
30,2102,1128,32,2.076618587041287,30,0.3727399790898286
30,2102,1128,38,3.5697672596112646,30,1.3338289996633694
30,2102,1129,22,0.9869080242070866,22,1.1584250889157772
30,2102,1129,28,2.6712133340686997,28,0.437352477745856
30,2102,1129,29,6.51341653436531,29,0.1712545889777335
30,2102,1129,30,34.98507209216078,30,0.09476617363848278
30,2102,1129,31,16.68615466466331,30,0.14510282418294643
30,2102,1129,32,5.222037552084019,30,0.20382020526352562
30,2102,1129,38,3.0301914413573936,30,0.5856003830658673
30,2102,1130,22,0.5011936514178214,22,0.8761403940568799
30,2102,1130,28,31.99248393235872,28,0.1586542649820193
30,2102,1130,29,27.465641160418727,29,0.1565921607141268
30,2102,1130,30,73.71507966837493,30,0.11939538301286759
30,2102,1130,31,7.490485821148984,30,0.37112065047141124
30,2102,1130,32,6.754342409475479,30,0.40960124338464793
30,2102,1130,38,4.8617348578497195,30,0.759660425561165
30,2102,1131,22,1.1409537978502935,22,1.3509084303813883
30,2102,1131,28,2.8199325170856993,28,0.6564513866144194
30,2102,1131,29,5.213594673363448,29,0.234356724837369
30,2102,1131,30,5.275905243762783,30,0.21356836580922228
30,2102,1131,31,3.62326738306197,30,0.3393526158243934
30,2102,1131,32,4.003370572521563,30,0.3401093520252433
30,2102,1131,38,2.753363981603065,30,0.689951732937871
30,2102,1132,22,1.583120463147533,22,1.179673651600109
30,2102,1132,28,6.898419376351177,28,0.25068578271511033
30,2102,1132,29,10.237671391362298,29,0.23036509041647926
30,2102,1132,30,10.12288143827547,30,0.19645206587775754
30,2102,1132,31,10.029745082206183,30,0.23010506961145707
30,2102,1132,32,9.648776379455196,30,0.3432283880692136
30,2102,1132,38,2.5757839171090513,30,0.8228319617910038
30,2102,1133,22,1.2758680768202513,22,1.0279736942838413
30,2102,1133,28,2.630075325012928,28,0.2932850695189715
30,2102,1133,29,19.93066197392954,29,0.22226245609486775
30,2102,1133,30,20.54269349530788,30,0.22035827564496832
30,2102,1133,31,17.35467085258088,30,0.23487238771996635
30,2102,1133,32,15.803396086437605,30,0.2459944014685439
30,2102,1133,38,5.50083895563453,30,0.8858346128206968
30,2102,1134,22,1.427440245280639,22,1.0291286852294699
30,2102,1134,28,3.1034339217222877,28,0.22137378735252236
30,2102,1134,29,3.642745682071207,29,0.2020696078591373
30,2102,1134,30,127.93323600258668,30,0.03397596524770863
30,2102,1134,31,8.728927186260986,30,0.14072484444210004
30,2102,1134,32,3.4499823813995945,30,0.22244208678775546
30,2102,1134,38,2.118685169549188,30,0.705493112203155
30,2102,1135,22,0.8885934158384136,22,1.2259931660189882
30,2102,1135,28,6.17916339902847,28,0.3649488638063659
30,2102,1135,29,6.27341290083565,29,0.36055984030416377
30,2102,1135,30,31.806793352932225,30,0.12415480780899003
30,2102,1135,31,3.6335985869316527,30,0.32200032003139356
30,2102,1135,32,1.798419895415225,30,0.4090527842089019
30,2102,1135,38,1.656215224998677,30,1.1808894173774884
30,2102,1136,22,0.5342919514209531,22,0.7882955343582245
30,2102,1136,28,1.5999292204984064,28,0.36137389695988276
30,2102,1136,29,1.6674979501067744,29,0.36137192697902987
30,2102,1136,30,2.4193375321460704,30,0.3118098432716296
30,2102,1136,31,1.5890990415489112,30,0.36169107480086127
30,2102,1136,32,2.077777321100157,30,0.41274741108288354
30,2102,1136,38,2.5369731981728867,30,0.9903689464583579
30,2102,1137,22,0.4614944877042948,22,1.1746566795796236
30,2102,1137,28,10.181042576972784,28,0.24723360321410673
30,2102,1137,29,100.06407293218733,29,0.059660254063527506
30,2102,1137,30,133.45866578577434,30,0.04426084196106258
30,2102,1137,31,1.8693746656433328,30,0.2900880511808318
30,2102,1137,32,1.2568496326057574,30,0.47991638878536325
30,2102,1137,38,1.8744266647993653,30,1.1534533829289682
30,2102,1138,22,0.796752564629053,22,1.0757335552878813
30,2102,1138,28,2.973904108967659,28,0.22140872713770185
30,2102,1138,29,4.590656913592331,29,0.21614532935943137
30,2102,1138,30,5.008050380438814,30,0.21006792552205011
30,2102,1138,31,2.2444202761178427,30,0.2554788354300029
30,2102,1138,32,2.490513729484014,30,0.2584403643977179
30,2102,1138,38,2.1965746813520792,30,1.2469227704199952
30,2102,1139,22,1.5040232975635766,22,1.1394212200644036
30,2102,1139,28,4.3645182470497925,28,0.6268359385619665
30,2102,1139,29,6.379876933237813,29,0.3185363049101167
30,2102,1139,30,5.731937078748508,30,0.26853319356381156
30,2102,1139,31,5.724135449202984,30,0.26884875472789743
30,2102,1139,32,5.930896018362317,30,0.3188831783483723
30,2102,1139,38,4.291069860916974,30,0.8629476538284604
30,2102,1140,22,0.7144152348295038,22,0.916039620080763
30,2102,1140,28,1.58772025131012,28,0.4077058770126554
30,2102,1140,29,3.202490317032337,29,0.25541663567909206
30,2102,1140,30,4.696984671952562,30,0.18117150143657007
30,2102,1140,31,4.463849759475148,30,0.1983138127484386
30,2102,1140,32,3.123883216766277,30,0.2700129124796384
30,2102,1140,38,3.7639002628820477,30,0.626705572580397
30,2102,1141,22,0.7998326314554526,22,0.6637307732526063
30,2102,1141,28,103.63999360758032,28,0.07346832577927667
30,2102,1141,29,212.4039396546692,29,0.0330834844493669
30,2102,1141,30,209.51574347295346,30,0.03282468654209126
30,2102,1141,31,82.71432743642302,30,0.053877162657933644
30,2102,1141,32,8.499828078883876,30,0.16768318691317882
30,2102,1141,38,1.8532286934999587,30,1.0504236757276915
30,2102,1142,22,1.2663813607203893,22,1.0900279163097626
30,2102,1142,28,4.461363014691819,28,0.2079319095578331
30,2102,1142,29,8.664550015451809,29,0.18283688087358332
30,2102,1142,30,3.538482391922944,30,0.05944750297963428
30,2102,1142,31,3.4213630896501788,30,0.19106571290520266
30,2102,1142,32,3.241493558632956,30,0.2694749998376865
30,2102,1142,38,2.8176973170389403,30,0.9002219716374743
30,2102,1143,22,0.43260317173977836,22,1.251710334512327
30,2102,1143,28,2.5407632414330283,28,0.5256868134868062
30,2102,1143,29,3.3557889476308556,29,0.31382568926513876
30,2102,1143,30,9.572942768844161,30,0.29642148985386874
30,2102,1143,31,7.7473988957847535,30,0.3293489068470747
30,2102,1143,32,1.868552477904953,30,0.5115822085707884
30,2102,1143,38,2.9082977251675555,30,1.0328455679874504
30,2102,1144,22,2.6060591678639957,22,0.8143891115470425
30,2102,1144,28,4.990876134877034,28,0.1833922245537574
30,2102,1144,29,126.87597565445175,29,0.06152395413236361
30,2102,1144,30,189.52619087651254,30,0.03849699808802061
30,2102,1144,31,27.91467606698807,30,0.09414810218203462
30,2102,1144,32,14.69659935695621,30,0.13007065474578675
30,2102,1144,38,2.4049853419595593,30,0.8614463480421304
30,2102,1145,22,0.9543248763724201,22,1.0273994760450287
30,2102,1145,28,3.1797285752698743,28,0.26004517767219143
30,2102,1145,29,3.4134273147485352,29,0.2505412351517568
30,2102,1145,30,4.970881441985031,30,0.09558921871429836
30,2102,1145,31,2.986023522232395,30,0.26496462643230806
30,2102,1145,32,2.9238269822084604,30,0.37245280751532334
30,2102,1145,38,2.777273848452315,30,0.8392093937010758
30,2102,1146,22,0.88428204444716,22,0.7946410631757279
30,2102,1146,28,2.378236567709192,28,0.4261737153493387
30,2102,1146,29,84.54762319695926,29,0.0849879029999721
30,2102,1146,30,39.19632248159706,30,0.05752514339960009
30,2102,1146,31,2.9455809267947632,30,0.17964537889613943
30,2102,1146,32,2.2327335905827876,30,0.5598821838977469
30,2102,1146,38,2.549600622302795,30,0.9257701285856914
30,2102,1147,22,0.6048051874296646,22,1.1129027322218232
30,2102,1147,28,1.3137169161816282,28,0.6680413619211837
30,2102,1147,29,1.1781514453268942,29,0.27169132864262535
30,2102,1147,30,3.8970313041958407,30,0.11583006941578351
30,2102,1147,31,3.3949468582300253,30,0.12832386086168437
30,2102,1147,32,3.06755187414428,30,0.16662345033023696
30,2102,1147,38,1.7483053736881629,30,1.1168627458719025
30,2102,1148,22,1.0144722233078738,22,0.6939681933451713
30,2102,1148,28,1.2043498783149804,28,0.2690963020928832
30,2102,1148,29,9.181666555128778,29,0.1709461054530631
30,2102,1148,30,7.203595589652359,30,0.15941797718015938
30,2102,1148,31,3.9451224469610158,30,0.3437539523479942
30,2102,1148,32,2.601363682971851,30,0.34981401586720345
30,2102,1148,38,3.0793257042300013,30,0.9091952913043828
30,2102,1149,22,1.7833365729508133,22,0.7635330590084533
30,2102,1149,28,1.756466670144356,28,0.4364592158355948
30,2102,1149,29,1.9651945463458942,29,0.27832478320660925
30,2102,1149,30,3.35726527044845,30,0.2724649772118867
30,2102,1149,31,3.874076190760898,30,0.4398587315839601
30,2102,1149,32,3.1902342147221323,30,0.47182334586250096
30,2102,1149,38,2.855980794657267,30,0.8040047905768697
30,2102,1150,22,0.9636237622858667,22,0.7112691135631519
30,2102,1150,28,9.135407938080832,28,0.33770673458531864
30,2102,1150,29,8.593887924878814,29,0.29241735066871055
30,2102,1150,30,21.532766761401835,30,0.17987233837760574
30,2102,1150,31,14.489595872413267,30,0.2521917901830157
30,2102,1150,32,6.822501577829708,30,0.39814218788871936
30,2102,1150,38,2.774474569130603,30,0.8622851200151206
30,2102,1151,22,1.2785710424468173,22,0.9481001350476315
30,2102,1151,28,1.536660333638991,28,0.4599844525825455
30,2102,1151,29,1.6237228185442487,29,0.276281589400696
30,2102,1151,30,3.9690715821964138,30,0.22270866135416767
30,2102,1151,31,2.7174292986807114,30,0.3229632171184853
30,2102,1151,32,2.2915916103670053,30,0.3344791280621815
30,2102,1151,38,1.4560383536941126,30,0.902237525644744
30,2102,1152,22,0.5188644947886711,22,1.309898132564711
30,2102,1152,28,8.255193248971269,28,0.3860681901354468
30,2102,1152,29,9.691863588176492,29,0.3232456767235494
30,2102,1152,30,9.143673384569613,30,0.18513652600813157
30,2102,1152,31,8.806564315424465,30,0.21737393773823463
30,2102,1152,32,8.641341955445906,30,0.22551294598444904
30,2102,1152,38,2.862397722664602,30,1.180754799149139
30,2102,1153,22,1.5386359886000585,22,0.8828268062050573
30,2102,1153,28,4.000495611887747,28,0.39618562152944037
30,2102,1153,29,3.223938944269605,29,0.208667649132454
30,2102,1153,30,3.079819031526388,30,0.1140152856426279
30,2102,1153,31,3.5109380146598768,30,0.18784125655871559
30,2102,1153,32,3.351989321510586,30,0.21553305258789582
30,2102,1153,38,2.638743217899511,30,0.8110943774663509
30,2102,1154,22,1.1326812482218007,22,1.1422653304388821
30,2102,1154,28,3.415444943640973,28,0.2519956034801021
30,2102,1154,29,18.18493143892982,29,0.08666482739136648
30,2102,1154,30,30.674009341692603,30,0.0821796006927338
30,2102,1154,31,5.532798906591314,30,0.24652242937234575
30,2102,1154,32,2.8698873577118698,30,0.4255546946709695
30,2102,1154,38,2.3649569403176476,30,0.8999799426818259
30,2102,1155,22,0.5520257239512774,22,1.1083393904473806
30,2102,1155,28,0.6335579646442522,28,0.5383519379047099
30,2102,1155,29,1.4038241278207317,29,0.35304132901795643
30,2102,1155,30,2.7169035251133318,30,0.21314610207039936
30,2102,1155,31,2.6170980569413023,30,0.22762530514401502
30,2102,1155,32,1.186851396118309,30,0.47044738078237264
30,2102,1155,38,1.1044832839155818,30,0.8773711235659453
30,2102,1156,22,0.6640448154190853,22,0.9341317370026274
30,2102,1156,28,1.495638366268293,28,0.3548136673823236
30,2102,1156,29,1.4271249166375228,29,0.07953406419882372
30,2102,1156,30,1.4223641200296302,30,0.07516238783036364
30,2102,1156,31,1.5441432955875245,30,0.13699972099698432
30,2102,1156,32,1.7761563255697603,30,0.2607365394717691
30,2102,1156,38,2.1166828057855924,30,1.0682083295906246
30,2102,1157,22,1.1991373983675782,22,0.9655360891149458
30,2102,1157,28,14.705911305583673,28,0.2513398507364213
30,2102,1157,29,112.67308117872878,29,0.03755404184426126
30,2102,1157,30,159.8681809620025,30,0.03737951149324215
30,2102,1157,31,24.20718925000809,30,0.16388062998367173
30,2102,1157,32,6.065483441436924,30,0.22185301383008682
30,2102,1157,38,3.112138642713452,30,0.9464494235619284
30,2102,1158,22,1.6377858751656689,22,0.8443973963707117
30,2102,1158,28,2.608899291692529,28,0.21631514896600398
30,2102,1158,29,4.642988178043229,29,0.21189879838749423
30,2102,1158,30,5.874558822530538,30,0.21175328411654454
30,2102,1158,31,5.800516024068494,30,0.33187118515945063
30,2102,1158,32,5.7894951033734925,30,0.45295146699082184
30,2102,1158,38,5.586967929705649,30,0.8632139636403429
30,2102,1159,22,0.8848515152265811,22,1.261261474408936
30,2102,1159,28,6.435274239310468,28,0.3147408139359496
30,2102,1159,29,2.305931629695677,29,0.2235326302604336
30,2102,1159,30,73.140339556252,30,0.04992527870712332
30,2102,1159,31,2.3266775471194086,30,0.40466902751900785
30,2102,1159,32,1.4704224735249938,30,0.5920896576347986
30,2102,1159,38,1.9459070342411635,30,0.8822119331645016
30,2102,1160,22,2.265304475504925,22,0.5761011653632857
30,2102,1160,28,9.234752108713966,28,0.13874546748302094
30,2102,1160,29,201.91370760630517,29,0.028903118752154754
30,2102,1160,30,418.58201661807266,30,0.02806050991336233
30,2102,1160,31,4.536298926383388,30,0.1615583955555058
30,2102,1160,32,4.974876875440632,30,0.17739780197554045
30,2102,1160,38,2.7976040676791905,30,0.7251309772686663
30,2102,1161,22,0.9329414467127668,22,1.382648692574088
30,2102,1161,28,1.5807117392176937,28,0.4325651967408991
30,2102,1161,29,37.214512288107485,29,0.17792781218155346
30,2102,1161,30,33.74925676323038,30,0.1622842966112044
30,2102,1161,31,20.854807845714703,30,0.16439646480693915
30,2102,1161,32,4.642400447699083,30,0.2985136375712302
30,2102,1161,38,2.0710003301194826,30,0.7346051473377921
30,2102,1162,22,1.0075856034461255,22,0.9857352377602432
30,2102,1162,28,1.4344677554794982,28,0.6123524999125618
30,2102,1162,29,712.6028641757651,29,0.028376620129955545
30,2102,1162,30,3.25270662129444,30,0.00668484980682525
30,2102,1162,31,3.27145305236458,30,0.4707147780747467
30,2102,1162,32,3.009608388822192,30,0.5080741156274986
30,2102,1162,38,2.4502278801613735,30,0.9501030469512086
30,2102,1163,22,0.47625000249497335,22,1.0523803688506126
30,2102,1163,28,1.4782952196207781,28,0.29827589589683223
30,2102,1163,29,1.024632835954415,29,0.28289061481559585
30,2102,1163,30,2.8243344818437954,30,0.21381105071488196
30,2102,1163,31,2.341088885576546,30,0.2408725517772986
30,2102,1163,32,2.4922765025593887,30,0.24259790608049564
30,2102,1163,38,3.0984006675677884,30,0.6169574360558183
30,2102,1164,22,1.0895107597374576,22,1.0099301334781403
30,2102,1164,28,4.410506180899779,28,0.34450445098861543
30,2102,1164,29,479.6285092636077,29,0.01939851991308298
30,2102,1164,30,386.5666862347433,30,0.011828255963537674
30,2102,1164,31,5.098215969393713,30,0.23830688727308164
30,2102,1164,32,4.140815795679548,30,0.3020139763384504
30,2102,1164,38,4.560541556264558,30,0.8286737749994002
30,2102,1165,22,0.9852338795140471,22,0.9093975487873782
30,2102,1165,28,2.061286704767525,28,0.5390744931297835
30,2102,1165,29,2.390517786209584,29,0.5309170285528945
30,2102,1165,30,3.0558904711622463,30,0.2090274563937532
30,2102,1165,31,1.8770025968297,30,0.5262685058547636
30,2102,1165,32,1.8798216159906926,30,0.5857415067439711
30,2102,1165,38,2.0977220821098284,30,1.1106423411367283
30,2102,1166,22,1.7650005979134693,22,1.0446823255926023
30,2102,1166,28,15.05173623762827,28,0.24053261743438323
30,2102,1166,29,15.117455870153208,29,0.23678762053029973
30,2102,1166,30,15.082234396849987,30,0.2362070395035924
30,2102,1166,31,14.023223492211352,30,0.23695757671138903
30,2102,1166,32,4.334474301963166,30,0.5862467501349311
30,2102,1166,38,1.6579378391399895,30,0.998496494391223
30,2102,1167,22,0.8682549612722165,22,0.7528344847394879
30,2102,1167,28,7.3972528800836415,28,0.2902274649517465
30,2102,1167,29,2.6691349483329465,29,0.18013356911275305
30,2102,1167,30,11.215349519643556,30,0.05386126098623739
30,2102,1167,31,7.913688414269904,30,0.0664620909219901
30,2102,1167,32,3.352887554689649,30,0.22980187949645364
30,2102,1167,38,2.648920648514287,30,1.0600550927309604
30,2102,1168,22,1.060994545154769,22,0.9448432232622006
30,2102,1168,28,2.4251385959737806,28,0.26312166435415346
30,2102,1168,29,8.309651463272424,29,0.10596702856508707
30,2102,1168,30,3.552451077007878,30,0.09683056381266505
30,2102,1168,31,3.34681049584131,30,0.11483138423876245
30,2102,1168,32,3.8390018444937675,30,0.5877842249129664
30,2102,1168,38,2.6745121610784177,30,1.1682296467209776
30,2102,1169,22,1.3279972587834266,22,0.8357198163023255
30,2102,1169,28,6.655264885625114,28,0.17771064108381837
30,2102,1169,29,7.6200290831741775,29,0.17521049177660808
30,2102,1169,30,23773.392353240277,30,0.0049412197998828025
30,2102,1169,31,60.43064157432315,30,0.09761009062680577
30,2102,1169,32,17.527966887167036,30,0.17428122756399195
30,2102,1169,38,2.975156603090626,30,1.0545043061801718
30,2102,1170,22,0.8472910848450437,22,1.239751763777853
30,2102,1170,28,18.66152544277473,28,0.22846888771718651
30,2102,1170,29,12.110582852149431,29,0.20109284343208514
30,2102,1170,30,8.327194776528533,30,0.15761179289235067
30,2102,1170,31,8.328405124092702,30,0.19471297498746476
30,2102,1170,32,4.413572338509528,30,0.3801880366777959
30,2102,1170,38,2.793015380369285,30,1.2047095916565196
30,2102,1171,22,0.7930893810585805,22,0.7793873072868238
30,2102,1171,28,1.9040241950307586,28,0.4175747646499264
30,2102,1171,29,227.30504437707907,29,0.05960032035825739
30,2102,1171,30,336.5340886151765,30,0.04761185173373916
30,2102,1171,31,3.0786589569046687,30,0.4693542801577544
30,2102,1171,32,3.191253221667305,30,0.5244850111800938
30,2102,1171,38,3.0951475929241674,30,0.9256524154800658
30,2102,1172,22,1.5903900899327281,22,0.9653732880455344
30,2102,1172,28,3.3974942779552006,28,0.477547023002304
30,2102,1172,29,32.39771373513078,29,0.0702164254175073
30,2102,1172,30,1106.0888547255436,30,0.024488786984043356
30,2102,1172,31,86.65666438461628,30,0.10371501425685392
30,2102,1172,32,58.243741764008774,30,0.133796366177302
30,2102,1172,38,5.914250839535565,30,0.8221718674899805
30,2102,1173,22,0.4899520457566312,22,1.1694176177299915
30,2102,1173,28,8.110317068879837,28,0.2812161952055599
30,2102,1173,29,24.40550811121017,29,0.23338834711586548
30,2102,1173,30,69.44253853367252,30,0.03318138429985159
30,2102,1173,31,25.130055422089118,30,0.17036459131514936
30,2102,1173,32,25.161558015558956,30,0.17038286336131256
30,2102,1173,38,2.866392727479053,30,0.7035584482110396
30,2102,1174,22,0.7092824114816367,22,0.7805556492215996
30,2102,1174,28,1.766220931403435,28,0.3370712732676037
30,2102,1174,29,2.0358588703400162,29,0.32156782077180757
30,2102,1174,30,2.405932407745788,30,0.08489097484257932
30,2102,1174,31,2.278986040178682,30,0.31229751768080366
30,2102,1174,32,2.4275684874757584,30,0.3489485860832094
30,2102,1174,38,1.9940471265149946,30,0.5744413094184735
30,2102,1175,22,1.4577936943542473,22,0.9433887340489051
30,2102,1175,28,4.747178630406558,28,0.45111241902898347
30,2102,1175,29,3.9113621735662547,29,0.4370171259648009
30,2102,1175,30,482.6168372732743,30,0.03532682575661727
30,2102,1175,31,183.52683259009265,30,0.053756489888222625
30,2102,1175,32,179.2445806760745,30,0.05407635074199187
30,2102,1175,38,5.006838410318084,30,0.9178508275562606
30,2102,1176,22,0.43424981489414693,22,1.3651837120664314
30,2102,1176,28,0.8061882118016177,28,0.14213480197367873
30,2102,1176,29,7.9209583754372765,29,0.10853161878708001
30,2102,1176,30,4.548993565738474,30,0.06620705901747861
30,2102,1176,31,3.4236814065459757,30,0.06862864861712031
30,2102,1176,32,3.548439831105759,30,0.07465852075645149
30,2102,1176,38,1.1780073349796822,30,0.7946558019407521
30,2102,1177,22,0.6733044207637772,22,1.237748218669752
30,2102,1177,28,3.9685807067492895,28,0.3580756675996172
30,2102,1177,29,3.486208640980058,29,0.34349807514943403
30,2102,1177,30,104.80392287474515,30,0.02809453686702794
30,2102,1177,31,8.745430560653539,30,0.17295930319239478
30,2102,1177,32,6.496925529113918,30,0.18757899936071476
30,2102,1177,38,3.1993389910388323,30,1.102245639890148
30,2102,1178,22,0.6490334909357682,22,1.4808797856784772
30,2102,1178,28,1.7356518297004426,28,0.48585614293275164
30,2102,1178,29,1.721355093527809,29,0.023906111174662903
30,2102,1178,30,5.075639045760423,30,0.022992219887983802
30,2102,1178,31,2.4497604082952025,30,0.0939608305400848
30,2102,1178,32,2.0124918877839,30,0.24023692370471442
30,2102,1178,38,1.2385472421783346,30,0.7397940785199928
30,2102,1179,22,0.6050270301170829,22,1.4352562920493546
30,2102,1179,28,2.311005357085009,28,0.21005520303753342
30,2102,1179,29,4.176432423213063,29,0.15370302264793997
30,2102,1179,30,6.977648091133949,30,0.1240110915737423
30,2102,1179,31,2.9162225722310056,30,0.25168960482151226
30,2102,1179,32,3.217027823583848,30,0.2867535612843836
30,2102,1179,38,2.8022206892459853,30,1.1060011150087499
30,2102,1180,22,0.6734741680489821,22,1.1886584051971307
30,2102,1180,28,2.392599499034427,28,0.39876720547701217
30,2102,1180,29,5.540615422717703,29,0.2695360766101753
30,2102,1180,30,7.816102043292826,30,0.19858066015610307
30,2102,1180,31,3.448351901263887,30,0.32518172502077486
30,2102,1180,32,3.4067296097610003,30,0.3785641800582852
30,2102,1180,38,2.1472765319248985,30,0.8262298404126077
30,2102,1181,22,0.9780057823885913,22,1.1147462524348941
30,2102,1181,28,1.7107685171478024,28,0.49759366926368054
30,2102,1181,29,2.253932856673546,29,0.45267564528891524
30,2102,1181,30,2.5789729617990775,30,0.2500078255200782
30,2102,1181,31,3.4844524954064586,30,0.47946787579897937
30,2102,1181,32,3.4743025194080737,30,0.49918979232811134
30,2102,1181,38,3.6383851415929644,30,1.120820423240576
30,2102,1182,22,1.2535067951701715,22,0.7034489239496231
30,2102,1182,28,9.594715131872926,28,0.39849690451259145
30,2102,1182,29,9.373712053322178,29,0.3973847321140198
30,2102,1182,30,239.70415361323865,30,0.022483394244768928
30,2102,1182,31,5.775939648127219,30,0.407813113835602
30,2102,1182,32,5.4484218407318386,30,0.41079342408518
30,2102,1182,38,3.6961573456519687,30,1.114141784473399
30,2102,1183,22,0.4971031559203485,22,0.953351622599507
30,2102,1183,28,0.8085760967308596,28,0.29912073623317026
30,2102,1183,29,1.4922482304205094,29,0.27782895658741025
30,2102,1183,30,1726.5246160819183,30,0.020594852904640634
30,2102,1183,31,4.015925075139135,30,0.41054830774042916
30,2102,1183,32,4.060333542664935,30,0.458972529117345
30,2102,1183,38,3.9023012201253637,30,0.7542853435067858
30,2102,1184,22,1.326551988250909,22,0.888786128219165
30,2102,1184,28,6.540538718375658,28,0.23117231175916234
30,2102,1184,29,114.8246627051434,29,0.0944097677912746
30,2102,1184,30,105.28599282543435,30,0.09300311315249511
30,2102,1184,31,10.962180225165914,30,0.4571874359154447
30,2102,1184,32,3.2618445852533657,30,0.5317743115879581
30,2102,1184,38,4.130186698711701,30,0.8473645758876255
30,2102,1185,22,1.7750314234743279,22,0.6229089885032427
30,2102,1185,28,5.969396898348503,28,0.20597742438655772
30,2102,1185,29,27.79268930871798,29,0.151033563197898
30,2102,1185,30,120.50487657465297,30,0.04237347257996879
30,2102,1185,31,4.041716227895369,30,0.21375882454614553
30,2102,1185,32,2.6952184421630845,30,0.6700739408845526
30,2102,1185,38,2.7545033188797583,30,0.8052267393855275
30,2102,1186,22,0.6951742230566319,22,1.0504883789774448
30,2102,1186,28,2.0028073112274347,28,0.3218072201370721
30,2102,1186,29,5.348635788669574,29,0.1710521790114457
30,2102,1186,30,10425.05918758555,30,0.008823825275289323
30,2102,1186,31,48.48020124347127,30,0.11855121737804757
30,2102,1186,32,6.99222489581288,30,0.3089761852180553
30,2102,1186,38,2.196844380582035,30,1.0030574768342178
30,2102,1187,22,0.8597637086063226,22,1.2721415501566709
30,2102,1187,28,2.7580007457206004,28,0.2305143280918839
30,2102,1187,29,16.581781678560407,29,0.08588351629030926
30,2102,1187,30,18.2944650353131,30,0.02740450767212611
30,2102,1187,31,2.3095755638265234,30,0.13623596654528022
30,2102,1187,32,1.5801704327927175,30,0.2494884017028399
30,2102,1187,38,2.5001907543837922,30,1.0702852973804733
30,2102,1188,22,1.0283695627456875,22,0.7149394112714723
30,2102,1188,28,2.0951328588956764,28,0.3942988185663962
30,2102,1188,29,1.8452346010885294,29,0.18671644172037388
30,2102,1188,30,316.90596286374114,30,0.06588962753872105
30,2102,1188,31,34.86628623586129,30,0.1652876497449104
30,2102,1188,32,6.151044296200879,30,0.2353601778060343
30,2102,1188,38,3.2605677401812523,30,0.8681925548445567
30,2102,1189,22,0.8131098965250891,22,1.0862844266744813
30,2102,1189,28,1.7070438397485193,28,0.4558471622589125
30,2102,1189,29,1.313222406254119,29,0.44253133600973193
30,2102,1189,30,6.887389829963492,30,0.28795271919187376
30,2102,1189,31,3.308088269505045,30,0.42494338804289106
30,2102,1189,32,2.6188009109577166,30,0.5122517257477197
30,2102,1189,38,3.2101408868105605,30,1.050367090969565
30,2102,1190,22,1.4621977749287058,22,1.0420655942748513
30,2102,1190,28,31.04632981816173,28,0.22747807055101762
30,2102,1190,29,35.10123973830655,29,0.06703203802491789
30,2102,1190,30,291.7696589195078,30,0.03823549845199518
30,2102,1190,31,10.700377570958347,30,0.1545061950872243
30,2102,1190,32,8.668877634318887,30,0.18036042505533836
30,2102,1190,38,3.62173943590448,30,0.7274744529756123
30,2102,1191,22,1.5048834890657479,22,0.8880357144789311
30,2102,1191,28,1.51033945699084,28,0.5663150034615805
30,2102,1191,29,12.507477474920085,29,0.04256254965493743
30,2102,1191,30,6.546389303536104,30,0.04035786807293098
30,2102,1191,31,1.7446757273286768,30,0.15462830407622224
30,2102,1191,32,1.8130197109297301,30,0.15725592692835214
30,2102,1191,38,2.0823932674270695,30,0.8248208804196528
30,2102,1192,22,1.5848462935379832,22,1.108072231712165
30,2102,1192,28,7.596723147013398,28,0.5503433472618925
30,2102,1192,29,7.981441309498105,29,0.4152418655606006
30,2102,1192,30,12.435525577476096,30,0.12428357128664272
30,2102,1192,31,9.384888948748724,30,0.4265837914368123
30,2102,1192,32,9.130927922052916,30,0.4440775541889193
30,2102,1192,38,3.225395310070202,30,0.7901760025330539
30,2102,1193,22,1.2504185769985212,22,0.9125752454747365
30,2102,1193,28,1.5420411685085988,28,0.2878516274651097
30,2102,1193,29,1.5120870054812119,29,0.2758306518905141
30,2102,1193,30,3.0007984524680307,30,0.252355756798726
30,2102,1193,31,2.996568125378577,30,0.2532518669951983
30,2102,1193,32,2.477391633137085,30,0.27490095150223604
30,2102,1193,38,1.8051719625750617,30,0.7129830063740906
30,2102,1194,22,0.9866037795140838,22,1.044773755334935
30,2102,1194,28,24.897424378845006,28,0.1795626652262247
30,2102,1194,29,37.550609136363136,29,0.05725010200843033
30,2102,1194,30,130.87724705420572,30,0.04088320747382282
30,2102,1194,31,29.104646187377853,30,0.05243845519626986
30,2102,1194,32,27.85082243331659,30,0.05246739002170975
30,2102,1194,38,3.318402311548695,30,1.0105278362470127
30,2102,1195,22,0.7961197978052668,22,0.7774722763952192
30,2102,1195,28,2.4743323342117507,28,0.15098336465822199
30,2102,1195,29,8.878814290820829,29,0.1436338113477875
30,2102,1195,30,11.269008700384902,30,0.13940826715779586
30,2102,1195,31,4.884497445350535,30,0.3217340528703366
30,2102,1195,32,4.916796481735295,30,0.367901272011613
30,2102,1195,38,3.217289699700905,30,0.89599110305105
30,2102,1196,22,0.9112560491727575,22,0.8304754866801997
30,2102,1196,28,209.28031217298212,28,0.0733738139193655
30,2102,1196,29,261.03894167794607,29,0.07155904002643047
30,2102,1196,30,311.43052935730816,30,0.052002328600979864
30,2102,1196,31,9.911163619154554,30,0.31435426951012313
30,2102,1196,32,3.9650267869420506,30,0.4143915031759216
30,2102,1196,38,2.695236420928097,30,0.8863010615996886
30,2102,1197,22,1.9778925246675048,22,0.9082023791826782
30,2102,1197,28,2.510789905320484,28,0.4835163671187355
30,2102,1197,29,2.6943318046970086,29,0.4238879443299947
30,2102,1197,30,43.34159446981195,30,0.03423815642047399
30,2102,1197,31,2.1444174595513332,30,0.16511595868897863
30,2102,1197,32,2.422902036955197,30,0.2305829487844029
30,2102,1197,38,2.585380710115083,30,0.7636899252461091
30,2102,1198,22,1.2347100061552454,22,1.059465458618611
30,2102,1198,28,3.440487902641565,28,0.21811491869229077
30,2102,1198,29,20.192776146518376,29,0.13500585336728552
30,2102,1198,30,923.4376364319043,30,0.006963279242736229
30,2102,1198,31,5.938348576708453,30,0.22290088539748018
30,2102,1198,32,2.7965019332494725,30,0.37912970418567193
30,2102,1198,38,2.3603725471250296,30,0.7211972410107195
30,2102,1199,22,1.6904033333226705,22,0.5968856993780375
30,2102,1199,28,1.729229754526777,28,0.18096121730133372
30,2102,1199,29,10.897283291354709,29,0.14868571020783541
30,2102,1199,30,12.190112097773952,30,0.020233107626066504
30,2102,1199,31,12.340612006456276,30,0.10117996608499377
30,2102,1199,32,4.600930325308649,30,0.2531777556485795
30,2102,1199,38,3.781223319914768,30,0.6937384000186497
30,2102,1200,22,1.3702304614695964,22,0.698028055754378
30,2102,1200,28,16.660882165895085,28,0.44843736372213067
30,2102,1200,29,16.731835876782714,29,0.44816593321301595
30,2102,1200,30,30.921840965111624,30,0.32892111423814246
30,2102,1200,31,30.78383720357157,30,0.33149125797435475
30,2102,1200,32,30.230036081723572,30,0.33419212951832644
30,2102,1200,38,5.36882890664874,30,1.1441313932303063
60,2103,1,52,0.8544529310298619,52,0.7506455571221464
60,2103,1,58,1.3348898750776483,58,0.3642689019063531
60,2103,1,59,55.8092719658661,59,0.08973900043548562
60,2103,1,60,5.640558973778434,60,0.016515006870135795
60,2103,1,61,5.468657200438108,60,0.031071718534752497
60,2103,1,62,2.8994941765909976,60,0.21016830175168577
60,2103,1,68,1.5586907213814503,60,0.6370510517016408
60,2103,2,52,1.9946900815703044,52,0.6604717736202358
60,2103,2,58,7.289558315139044,58,0.2992765288696967
60,2103,2,59,7.4630259379822945,59,0.29916666470682884
60,2103,2,60,5.869472018232757,60,0.14575407100027213
60,2103,2,61,5.838065673030148,60,0.15677724040901933
60,2103,2,62,3.5203094867193805,60,0.16208058643086476
60,2103,2,68,3.483270532339595,60,0.8286020553237058
60,2103,3,52,3.39906645899342,52,0.8286284644245534
60,2103,3,58,5.735182915314826,58,0.2719443403373924
60,2103,3,59,19.062725112685726,59,0.08305854956856526
60,2103,3,60,228.9446375660069,60,0.047890639566796143
60,2103,3,61,124.06366201224093,60,0.07220095341117971
60,2103,3,62,15.014559890796706,60,0.1762285267555806
60,2103,3,68,5.060355386449887,60,0.6996108131883179
60,2103,4,52,1.518991156473533,52,0.6586873137425667
60,2103,4,58,7.2024528652723525,58,0.14172204379976788
60,2103,4,59,71.51470691736291,59,0.051471264954045
60,2103,4,60,50.969362484166,60,0.05096152312486417
60,2103,4,61,10.443226245473026,60,0.19805856225277976
60,2103,4,62,4.966102089155658,60,0.4193926406874841
60,2103,4,68,2.1236937757260623,60,0.9478868318790405
60,2103,5,52,2.231299081559561,52,0.5259721708271294
60,2103,5,58,6.81541406956877,58,0.21237408946023084
60,2103,5,59,78.40422847522746,59,0.10648392186424895
60,2103,5,60,134.93437316484992,60,0.057544858699266045
60,2103,5,61,13.55395877942178,60,0.2251388129803663
60,2103,5,62,8.943378263705315,60,0.24365708975842543
60,2103,5,68,2.3884193735404136,60,0.6055609083773211
60,2103,6,52,1.7233814546894253,52,0.5955896951883647
60,2103,6,58,8.220971526652125,58,0.17522197248087287
60,2103,6,59,10.342818370104249,59,0.1267883110963506
60,2103,6,60,651.7466898760669,60,0.013231959597507625
60,2103,6,61,231.16589372512001,60,0.022776393581988234
60,2103,6,62,7.600693805118729,60,0.31326836581225226
60,2103,6,68,2.9649194337891256,60,0.6013793138167419
60,2103,7,52,5.058554147380135,52,0.5649464827461964
60,2103,7,58,17.025778316531625,58,0.22557817490426438
60,2103,7,59,25.924468871700306,59,0.16935296213745468
60,2103,7,60,101.31834155310823,60,0.04256820305933967
60,2103,7,61,52.4813907740938,60,0.1300680217595226
60,2103,7,62,10.727318139135887,60,0.27581996169701256
60,2103,7,68,4.307285477993337,60,0.8181829633249033
60,2103,8,52,0.9557917999571105,52,0.6974724350865509
60,2103,8,58,2.179451257499972,58,0.4580787420363852
60,2103,8,59,2.027369609257227,59,0.19939476749639112
60,2103,8,60,5.115366108505721,60,0.013126756355595034
60,2103,8,61,1.9778061975688623,60,0.2780087219369084
60,2103,8,62,1.7930370140267071,60,0.28846777593762984
60,2103,8,68,2.0229252872820505,60,0.727714874411372
60,2103,9,52,1.5519497304766703,52,0.6860127629332673
60,2103,9,58,5.514467658065927,58,0.3448671254262856
60,2103,9,59,4.528379714401398,59,0.30948091435179936
60,2103,9,60,591.0672400282571,60,0.03414726171632753
60,2103,9,61,33.75501372185185,60,0.13389047275278984
60,2103,9,62,11.370874496665325,60,0.2270273606611103
60,2103,9,68,3.217039354897088,60,0.7913797643968293
60,2103,10,52,1.5867912806593492,52,0.5246313023793853
60,2103,10,58,7.578195119341844,58,0.2321752223576732
60,2103,10,59,19.619591559540748,59,0.22381341211344621
60,2103,10,60,24.379486242438926,60,0.02535165002601717
60,2103,10,61,12.797928886562694,60,0.18783434119809345
60,2103,10,62,12.7139170688703,60,0.23642440412149027
60,2103,10,68,3.544556926437743,60,0.5225864997372572
60,2103,11,52,5.929418510095534,52,0.6616029429228539
60,2103,11,58,5.776554996852599,58,0.38094608480784237
60,2103,11,59,15.394739236069098,59,0.33781260400631924
60,2103,11,60,6.84245406028989,60,0.13479962926760736
60,2103,11,61,4.798195167683915,60,0.22434716751130476
60,2103,11,62,4.578316374507349,60,0.2248379713098687
60,2103,11,68,3.8540483316321996,60,0.8002449949966605
60,2103,12,52,1.879639230604034,52,0.7326961546642037
60,2103,12,58,10.94182774187974,58,0.23884122346235806
60,2103,12,59,88.01787572460218,59,0.046092794981834086
60,2103,12,60,5957.857848896796,60,0.00624580275887811
60,2103,12,61,494.07272383001015,60,0.022179403346819334
60,2103,12,62,8.079705866799165,60,0.2571600951302551
60,2103,12,68,2.673830423252948,60,0.4591973945852289
60,2103,13,52,1.2015435583480374,52,1.0044230642461534
60,2103,13,58,3.160916746967111,58,0.42375396119572006
60,2103,13,59,5.18994092826012,59,0.2285809174863683
60,2103,13,60,21.27137936557724,60,0.1273497244252632
60,2103,13,61,8.673685380734293,60,0.20729937010630917
60,2103,13,62,8.066460491319479,60,0.20984996126394193
60,2103,13,68,2.8699758788475727,60,0.604347746203286
60,2103,14,52,1.261530724655459,52,0.7618110425823313
60,2103,14,58,3.6565941343359203,58,0.41547946243482325
60,2103,14,59,4.010831705721486,59,0.4134030483538532
60,2103,14,60,3.9400361298580004,60,0.2872030921119001
60,2103,14,61,3.658477997852582,60,0.305472806162488
60,2103,14,62,3.9328479305353103,60,0.38623233304961835
60,2103,14,68,3.0019270642024045,60,0.6853863388665427
60,2103,15,52,1.3774621033488135,52,0.5559974149525285
60,2103,15,58,13.51166575528557,58,0.21004707098329323
60,2103,15,59,382.43925615282745,59,0.03919692709256608
60,2103,15,60,154764.55061696388,60,0.0017376150274254934
60,2103,15,61,166.17633395085662,60,0.08297117156773887
60,2103,15,62,15.104299734404679,60,0.10926537393190923
60,2103,15,68,3.488736279707016,60,0.37272946193158557
60,2103,16,52,1.6634967277929855,52,0.7370313150108182
60,2103,16,58,5.2442114794667845,58,0.21825226877312232
60,2103,16,59,19.92741329701073,59,0.16667356590366025
60,2103,16,60,12.573667084149324,60,0.12424199422016623
60,2103,16,61,11.068215810199971,60,0.1354919774509974
60,2103,16,62,8.94627721757216,60,0.1761865031675576
60,2103,16,68,4.398735439624564,60,0.43610769035682845
60,2103,17,52,3.4509143916452127,52,0.8429874537835715
60,2103,17,58,13.847111568846163,58,0.1589439095635533
60,2103,17,59,128.1172669887502,59,0.05893071199405242
60,2103,17,60,29.54334676839983,60,0.011447778979585111
60,2103,17,61,21.853076533729997,60,0.012567539197368409
60,2103,17,62,21.0598555563341,60,0.20004051008400547
60,2103,17,68,5.89775610246781,60,0.5572275290508292
60,2103,18,52,2.8383597823182107,52,0.5377818604687774
60,2103,18,58,11.747013113383382,58,0.16004836485219903
60,2103,18,59,21.118535917419223,59,0.08002908690225662
60,2103,18,60,17.658272269918164,60,0.07909348215499346
60,2103,18,61,16.84359703954576,60,0.09431659004946441
60,2103,18,62,4.471607146632667,60,0.25430152958352936
60,2103,18,68,3.4760559278700596,60,0.6512860234944717
60,2103,19,52,1.2586579458161145,52,0.5941570974050259
60,2103,19,58,3.7534113951861685,58,0.3548550761458636
60,2103,19,59,3.4796198406643386,59,0.2362402769460616
60,2103,19,60,9.81762154479868,60,0.21240295578233806
60,2103,19,61,9.585008569629839,60,0.22004128755736987
60,2103,19,62,7.603249644748554,60,0.24368367683244754
60,2103,19,68,2.531158835831363,60,0.7501015349539243
60,2103,20,52,1.4564041142653572,52,0.7921691003959684
60,2103,20,58,7.318292773751454,58,0.2262632362309011
60,2103,20,59,6.330194354566782,59,0.18955049119513123
60,2103,20,60,104.39420159240805,60,0.029550731288725735
60,2103,20,61,7.707692692122786,60,0.22169037429068492
60,2103,20,62,4.999506586478807,60,0.270349823136173
60,2103,20,68,2.0430656435732075,60,0.5483608955732011
60,2103,21,52,2.2508489811546952,52,0.8970312015453918
60,2103,21,58,2.8461591803338404,58,0.376646472681042
60,2103,21,59,2.80511451275355,59,0.33028568618594445
60,2103,21,60,9.064717166469016,60,0.14538706770628568
60,2103,21,61,3.8207164292042584,60,0.4382154481303723
60,2103,21,62,3.6745274026762225,60,0.49499231903736024
60,2103,21,68,2.798631422255437,60,0.8940725277105867
60,2103,22,52,1.5770466466207806,52,0.6855119043096161
60,2103,22,58,1.9154073020477216,58,0.413752088374582
60,2103,22,59,1.949031547019937,59,0.3960926981009745
60,2103,22,60,1.8838574842882123,60,0.24564185081298137
60,2103,22,61,1.7625755603422062,60,0.3600279935217537
60,2103,22,62,1.741155095266609,60,0.425577134927695
60,2103,22,68,2.1780468731968727,60,0.682041482928373
60,2103,23,52,1.1236793433041377,52,0.5079246024119944
60,2103,23,58,2.045879984794473,58,0.26886601159946105
60,2103,23,59,1.8285930316654535,59,0.26851280919550924
60,2103,23,60,4.710081912480382,60,0.14626020879268456
60,2103,23,61,2.3131324277943763,60,0.26342040142865164
60,2103,23,62,2.7884709179875617,60,0.28008369464270577
60,2103,23,68,2.0529855771275374,60,0.6286736112103734
60,2103,24,52,2.9836745231068837,52,0.8329824252362196
60,2103,24,58,6.343958742678311,58,0.43855618907425975
60,2103,24,59,6.4835647187648,59,0.25885377784065655
60,2103,24,60,428.67860687668446,60,0.01690526073094783
60,2103,24,61,10.186463860620433,60,0.14144737179217948
60,2103,24,62,5.448068726970996,60,0.1798098980861209
60,2103,24,68,4.578902432014998,60,0.44101011310420113
60,2103,25,52,1.422653591292118,52,0.6460643720774959
60,2103,25,58,8.058739123185543,58,0.1423729133818531
60,2103,25,59,53.26721221713121,59,0.0644418522576102
60,2103,25,60,228.39910206635093,60,0.049588483446906834
60,2103,25,61,25.84477241921912,60,0.12547400896195376
60,2103,25,62,18.181803041633163,60,0.18756063816433213
60,2103,25,68,1.6229357381876675,60,0.9950019561971566
60,2103,26,52,1.650985100833711,52,0.605596843322478
60,2103,26,58,8.204597559871308,58,0.33690444134280706
60,2103,26,59,7.739989840834717,59,0.24518369201094214
60,2103,26,60,8.30163153999267,60,0.12517487808348493
60,2103,26,61,7.478063915145842,60,0.1288004816082626
60,2103,26,62,7.006073508412876,60,0.3412152978293438
60,2103,26,68,3.4711042015055487,60,0.7903339151331911
60,2103,27,52,1.5028051336733526,52,0.9337883805024358
60,2103,27,58,6.654868487817855,58,0.22349738070609207
60,2103,27,59,5.259855852445886,59,0.11574473904956809
60,2103,27,60,1341.0114318299795,60,0.026003627271686907
60,2103,27,61,22.571544150997624,60,0.23088892106294173
60,2103,27,62,4.970938233236751,60,0.3647267334879807
60,2103,27,68,4.087313379304334,60,0.5416434131503197
60,2103,28,52,8.576264437288414,52,0.5233973490342572
60,2103,28,58,7.716433140605789,58,0.14757682778782868
60,2103,28,59,4.704235456056597,59,0.09859762182951763
60,2103,28,60,13180.694144868647,60,0.005012407503219903
60,2103,28,61,13.782591730845914,60,0.1814904121780727
60,2103,28,62,5.314664072571094,60,0.28202758468848
60,2103,28,68,4.677479372987683,60,0.5175423682449605
60,2103,29,52,1.6289727162119196,52,0.8798828850852799
60,2103,29,58,5.1659509648713735,58,0.4671983857719142
60,2103,29,59,5.563572012134271,59,0.38643128595889814
60,2103,29,60,11.104019729253512,60,0.08856556286934143
60,2103,29,61,4.5407029701338555,60,0.23047501361633216
60,2103,29,62,4.608495637453039,60,0.46890318473634196
60,2103,29,68,2.9115096620073255,60,0.5773558617824059
60,2103,30,52,1.7660928165260457,52,0.8238006137158709
60,2103,30,58,3.839834273859332,58,0.15434188395914525
60,2103,30,59,11.571590988673226,59,0.11861485747425146
60,2103,30,60,34.965743266866646,60,0.0675214128517877
60,2103,30,61,11.808594250403877,60,0.14578390836337293
60,2103,30,62,6.184530083722889,60,0.3226380866256816
60,2103,30,68,4.351463157005237,60,0.5874215542642852
60,2103,31,52,2.2744057686260857,52,0.6473633782153669
60,2103,31,58,4.973865598439877,58,0.19906506008493333
60,2103,31,59,4.930819798721664,59,0.18482760249905106
60,2103,31,60,11.111083486400021,60,0.10683367605147799
60,2103,31,61,5.787744043168282,60,0.20093725219401526
60,2103,31,62,5.7009190156635565,60,0.30448207979493275
60,2103,31,68,3.0044751898786193,60,0.8051709427980824
60,2103,32,52,1.3250459251366657,52,0.7283590207061339
60,2103,32,58,3.8714183115537715,58,0.14484785420819818
60,2103,32,59,21.96935372859081,59,0.09226475078710927
60,2103,32,60,10.81411658964437,60,0.06848434936663313
60,2103,32,61,9.218529020334723,60,0.20367246321656626
60,2103,32,62,9.391451990495051,60,0.2218987569195505
60,2103,32,68,3.8541580168584386,60,0.5862116506569918
60,2103,33,52,1.123547386609446,52,0.7467197150140101
60,2103,33,58,7.122380258807381,58,0.13342627856474215
60,2103,33,59,36.40317508791842,59,0.11812748463635293
60,2103,33,60,128.2444430139637,60,0.04014792782502966
60,2103,33,61,83.56131722129068,60,0.061305434884786236
60,2103,33,62,81.40458435704498,60,0.0644975927104988
60,2103,33,68,5.295054364553332,60,0.6083886488972085
60,2103,34,52,1.5595548763151101,52,0.6188449678088809
60,2103,34,58,6.3476930007582615,58,0.37376822577771135
60,2103,34,59,9.641438008157728,59,0.21143207352795435
60,2103,34,60,37.33741089018755,60,0.07119192137726406
60,2103,34,61,33.40947921548269,60,0.07183436403635297
60,2103,34,62,8.546447557792085,60,0.38546024019070985
60,2103,34,68,3.571177618066337,60,0.7528961359949288
60,2103,35,52,2.219369681317004,52,0.7398899336322309
60,2103,35,58,4.891527163308355,58,0.22667692628967773
60,2103,35,59,6.590597354606719,59,0.1927835178423752
60,2103,35,60,7.817673847093709,60,0.07915998943385161
60,2103,35,61,6.087063893146845,60,0.18856105258247016
60,2103,35,62,3.2391700757440756,60,0.22019540167275578
60,2103,35,68,2.16365910758899,60,0.6476864845834744
60,2103,36,52,2.0373576710537113,52,0.9757527214070868
60,2103,36,58,17.420205725305802,58,0.24844266997846903
60,2103,36,59,42.41234930409622,59,0.13478254576965795
60,2103,36,60,55.715373379288145,60,0.11985613861033405
60,2103,36,61,36.29989648677098,60,0.16713165192141582
60,2103,36,62,36.55649404109399,60,0.16820780987428977
60,2103,36,68,4.7652875725317845,60,0.6535749435802315
60,2103,37,52,1.8163043966864831,52,0.7892929552938196
60,2103,37,58,1.7771828661237579,58,0.23900936342743687
60,2103,37,59,13.053414129183558,59,0.2192776337273302
60,2103,37,60,19.288754329691937,60,0.18909592943371215
60,2103,37,61,18.805470188763426,60,0.2035103481676504
60,2103,37,62,6.680055228826361,60,0.24134950551784648
60,2103,37,68,3.3740412315320643,60,0.61914070188613
60,2103,38,52,1.115982834658214,52,0.8141576721141951
60,2103,38,58,7.297874106502879,58,0.3401261144763083
60,2103,38,59,9.734665364185338,59,0.13884276023888176
60,2103,38,60,344.00604023176066,60,0.038994198671879865
60,2103,38,61,18.591215557161814,60,0.16594457430370704
60,2103,38,62,15.816080914320324,60,0.18473179199884437
60,2103,38,68,4.1272354735826795,60,0.6606795505929692
60,2103,39,52,0.7880964588496848,52,0.6514209751235529
60,2103,39,58,8.49945422736572,58,0.23160954579028262
60,2103,39,59,14.372985480826799,59,0.22753767691236498
60,2103,39,60,17.054761180461522,60,0.17155549469252637
60,2103,39,61,12.68129796978439,60,0.18508113458198078
60,2103,39,62,8.226555705042339,60,0.23096507966501825
60,2103,39,68,2.3297376177949927,60,0.5584884736396828
60,2103,40,52,1.517672621968629,52,0.6591413259543165
60,2103,40,58,99.05821777253658,58,0.02758636222558961
60,2103,40,59,84.25027293178596,59,0.011657887281599286
60,2103,40,60,110.2829143309903,60,0.010894619523523046
60,2103,40,61,3.2344430429986413,60,0.11037756631485304
60,2103,40,62,3.3147472836496203,60,0.1425736935425533
60,2103,40,68,2.691436188375906,60,0.538960663400792
60,2103,41,52,2.9261875239611728,52,0.7105400634517202
60,2103,41,58,10.60884776789844,58,0.32632128397694526
60,2103,41,59,11.880962720625037,59,0.3230990029377244
60,2103,41,60,12.001795943081083,60,0.15532598252964255
60,2103,41,61,12.596429957203753,60,0.2969711334530619
60,2103,41,62,10.26420233370425,60,0.3805331510138419
60,2103,41,68,4.949422056250332,60,0.6036199273697048
60,2103,42,52,1.676989907767504,52,0.825112077581719
60,2103,42,58,4.208130464765067,58,0.5001659764799877
60,2103,42,59,4.603961277028354,59,0.42043456330465
60,2103,42,60,7.769299619770006,60,0.2515996872253856
60,2103,42,61,7.564642455035227,60,0.2845665497431989
60,2103,42,62,8.346611660889803,60,0.29263837259316156
60,2103,42,68,2.792577589389676,60,0.6424998810212377
60,2103,43,52,0.9122898090807479,52,0.8741906715480603
60,2103,43,58,10.021554462767469,58,0.23271660917177214
60,2103,43,59,10.009950728834523,59,0.20187821318981594
60,2103,43,60,4.781919830123105,60,0.12994019190661082
60,2103,43,61,5.180251033806887,60,0.17441234690445148
60,2103,43,62,4.9359474905154315,60,0.2032184028203825
60,2103,43,68,3.2218361452627216,60,0.4860873855284083
60,2103,44,52,0.7043751856802706,52,0.7438473660458341
60,2103,44,58,1.2831896646468577,58,0.2930711098204683
60,2103,44,59,2.2081696971214093,59,0.282947648805401
60,2103,44,60,7.655026568419664,60,0.08615530629633922
60,2103,44,61,5.832803244541968,60,0.1336525658113466
60,2103,44,62,5.410774331049294,60,0.13783239320897228
60,2103,44,68,1.747900619436981,60,0.6536114651704594
60,2103,45,52,1.1536774625322812,52,0.5573059901009947
60,2103,45,58,3.7052511586779437,58,0.13194786747652337
60,2103,45,59,17.998427659402733,59,0.11936099648098865
60,2103,45,60,25.48167074035725,60,0.10452292081324341
60,2103,45,61,10.087049663209587,60,0.19255649987110868
60,2103,45,62,6.477435488010842,60,0.268427748232243
60,2103,45,68,2.8746103575775064,60,0.5386290391636559
60,2103,46,52,0.9080773843729133,52,0.6021276812704773
60,2103,46,58,61.47866632244034,58,0.16317437248072383
60,2103,46,59,100.1401269930693,59,0.1312923393021504
60,2103,46,60,1071.8657956695308,60,0.026733641927519716
60,2103,46,61,22.3156761663934,60,0.29740526045770493
60,2103,46,62,12.697543773209784,60,0.3660855372303196
60,2103,46,68,3.675124202870657,60,0.5595119238401501
60,2103,47,52,0.9852455965149709,52,0.7933294906332273
60,2103,47,58,24.274078318000285,58,0.15576318167618602
60,2103,47,59,11.032691829929046,59,0.14373289267689027
60,2103,47,60,8.33346078573788,60,0.13974754105951884
60,2103,47,61,6.74742422338939,60,0.15307680667843646
60,2103,47,62,6.153313250861504,60,0.15310431395536542
60,2103,47,68,2.771059304100218,60,0.6614439837142237
60,2103,48,52,1.4137925250180958,52,0.6756097423965417
60,2103,48,58,40.929313275892184,58,0.20916755199568368
60,2103,48,59,50.52186740661647,59,0.1941979547218218
60,2103,48,60,44.62993487726474,60,0.07293805671512883
60,2103,48,61,38.28824889714342,60,0.1889388781658214
60,2103,48,62,38.298781670758444,60,0.21673476563707925
60,2103,48,68,8.160147338776213,60,0.5136379871816475
60,2103,49,52,0.8772190104738424,52,0.8636413999489087
60,2103,49,58,583.6245955285673,58,0.015898206345420152
60,2103,49,59,729.3170514514887,59,0.01583216686727275
60,2103,49,60,2821.02643682658,60,0.003577824789265856
60,2103,49,61,42.63664413421374,60,0.07738639492589298
60,2103,49,62,30.24554891230646,60,0.10209649418817107
60,2103,49,68,3.531981078186053,60,0.4935089588292265
60,2103,50,52,3.1347422709116564,52,0.5693676805804105
60,2103,50,58,3.6037990868768532,58,0.25904579967690294
60,2103,50,59,6.465416841347575,59,0.23455000339241744
60,2103,50,60,3102.16106179778,60,0.016035046301736723
60,2103,50,61,8.891386211565328,60,0.1924794481312731
60,2103,50,62,8.149704481568381,60,0.28527468816451973
60,2103,50,68,2.4793702091996224,60,0.688582172318467
60,2103,51,52,3.1517127025417424,52,0.4738841108765632
60,2103,51,58,6.821366339943803,58,0.2819381653678062
60,2103,51,59,13.22489947813482,59,0.14197653159142182
60,2103,51,60,1841.0871829183434,60,0.013412221514469825
60,2103,51,61,17.997361929780624,60,0.16484438290288225
60,2103,51,62,7.878101926779561,60,0.2177900314806551
60,2103,51,68,5.808528384753602,60,0.5372979454449367
60,2103,52,52,2.0784172082915155,52,0.8383045564594952
60,2103,52,58,59.48368218208159,58,0.1277080259055189
60,2103,52,59,77.70712267239526,59,0.07275596262730126
60,2103,52,60,7.637456583360189,60,0.028896499982576727
60,2103,52,61,5.540957938781636,60,0.2529161807083703
60,2103,52,62,5.290419359036077,60,0.40991298748599464
60,2103,52,68,3.1073392427236635,60,0.7160901451714277
60,2103,53,52,1.591768495985898,52,0.8236194489874916
60,2103,53,58,9.624721006094779,58,0.2891331777362563
60,2103,53,59,26.052075005359416,59,0.17308495077853592
60,2103,53,60,38.32587005460776,60,0.08536478428025848
60,2103,53,61,8.197229423240415,60,0.29758625116876486
60,2103,53,62,7.95593017046353,60,0.3100177600535545
60,2103,53,68,3.6888929147938643,60,0.7182158905380843
60,2103,54,52,2.8721072946269732,52,0.7212467239531967
60,2103,54,58,3.623172086779425,58,0.16300218989170423
60,2103,54,59,3.179758111560576,59,0.1469221320698365
60,2103,54,60,10.028484268544588,60,0.14280220530315563
60,2103,54,61,8.11689187298748,60,0.21234335741820173
60,2103,54,62,8.238692760867117,60,0.22083333711038286
60,2103,54,68,2.727626843448232,60,0.5419630191746135
60,2103,55,52,1.8414988273676933,52,0.5875435020362703
60,2103,55,58,18.21409245858934,58,0.028876486980939316
60,2103,55,59,3.0295453764063383,59,0.027509342482531063
60,2103,55,60,111.79180802133207,60,0.01651693299306119
60,2103,55,61,4.205015456116606,60,0.13019890821913602
60,2103,55,62,4.088386892281678,60,0.14150217552574457
60,2103,55,68,1.6481282560944344,60,0.5271202770288087
60,2103,56,52,1.0994851969926274,52,0.8518683348656015
60,2103,56,58,3.9720549365005877,58,0.23462758181132376
60,2103,56,59,4.580236107658748,59,0.08234792084488389
60,2103,56,60,72.05819403167786,60,0.05573414826399605
60,2103,56,61,6.03019408010109,60,0.1356547222331258
60,2103,56,62,4.971199393258018,60,0.3342252701385008
60,2103,56,68,2.0912706420922627,60,0.806775122488247
60,2103,57,52,1.5959372093817956,52,0.9009007135630809
60,2103,57,58,2.8029451965907715,58,0.20882710850593694
60,2103,57,59,49.90272692719541,59,0.07011169644365442
60,2103,57,60,14.290340452496496,60,0.05080689967108567
60,2103,57,61,4.121643802811015,60,0.1976979799551055
60,2103,57,62,3.807708675564923,60,0.2250878863149273
60,2103,57,68,2.8584293195406314,60,0.7919160566458735
60,2103,58,52,1.4027754423146335,52,0.5153701438876934
60,2103,58,58,3.870959965426261,58,0.1723253121637537
60,2103,58,59,8.77389813497462,59,0.1374282602633611
60,2103,58,60,36.92841836919007,60,0.11831161828116545
60,2103,58,61,30.205941964135025,60,0.1893126434978586
60,2103,58,62,30.01565319843756,60,0.22149032449750353
60,2103,58,68,2.5419243516248136,60,0.6282165604930133
60,2103,59,52,0.96398104274986,52,0.7523737673129334
60,2103,59,58,15.122940180634199,58,0.20969362038657954
60,2103,59,59,24.33716076592819,59,0.07957412870614264
60,2103,59,60,17.859160427917015,60,0.06785203156475275
60,2103,59,61,14.989294316290929,60,0.06817236800640439
60,2103,59,62,13.926503895517415,60,0.17629249229876445
60,2103,59,68,3.306983972047695,60,0.5229826517716153
60,2103,60,52,1.126821463589339,52,0.6630684505294999
60,2103,60,58,14.252282598331664,58,0.25283216163291933
60,2103,60,59,17.172098684818756,59,0.2121981701246922
60,2103,60,60,18.933941197137116,60,0.16166068360083038
60,2103,60,61,11.623978301280198,60,0.1621135360385405
60,2103,60,62,11.513514785048889,60,0.25447162368224896
60,2103,60,68,2.5012158943588547,60,0.6630017436903365
60,2103,61,52,1.9770328528134828,52,0.622609462045037
60,2103,61,58,7.2718832591626414,58,0.3097721207053663
60,2103,61,59,15.242558554370124,59,0.07630122535024006
60,2103,61,60,21.267172960770484,60,0.05623851525129396
60,2103,61,61,17.52006346142969,60,0.06503575469723258
60,2103,61,62,8.106476194563516,60,0.09634272231650627
60,2103,61,68,4.31539067729229,60,0.6837288755435864
60,2103,62,52,4.773613292584482,52,0.7712410743564118
60,2103,62,58,34.290793869776145,58,0.1257323074353858
60,2103,62,59,27.12733558490434,59,0.11974936356002758
60,2103,62,60,2390.567723713847,60,0.00449781195584945
60,2103,62,61,641.5971960253424,60,0.008734973034216036
60,2103,62,62,16.723639190467388,60,0.3100600899870346
60,2103,62,68,5.071099012366481,60,0.5776159094029828
60,2103,63,52,4.053666851011425,52,0.711592231538492
60,2103,63,58,131.626204544681,58,0.07442379833842996
60,2103,63,59,45.505813333289474,59,0.07075678053570864
60,2103,63,60,27.802640368125,60,0.0616335481751132
60,2103,63,61,13.557673626706418,60,0.10646864235401877
60,2103,63,62,12.111239300486563,60,0.235285851990526
60,2103,63,68,3.071598271487752,60,0.7321082594223759
60,2103,64,52,2.522163138652443,52,0.5867215345117065
60,2103,64,58,4.1350331663610085,58,0.15532182355142868
60,2103,64,59,12.893421791424377,59,0.12809109752927933
60,2103,64,60,139.68427866311958,60,0.059533387465670745
60,2103,64,61,5.8210326182522065,60,0.13949601976130527
60,2103,64,62,5.202813366340951,60,0.1494895949812456
60,2103,64,68,2.531059787328889,60,0.9589344139347338
60,2103,65,52,0.9936023971903429,52,0.9177873254883765
60,2103,65,58,39.994017510080006,58,0.24315787277414846
60,2103,65,59,44.36833625567834,59,0.14140197829568793
60,2103,65,60,60.13687785030144,60,0.05614087201043152
60,2103,65,61,50.4886642920845,60,0.09786395224216571
60,2103,65,62,27.74438303944097,60,0.15267715463585202
60,2103,65,68,4.127372731058188,60,0.5927419897071556
60,2103,66,52,1.1619973433275301,52,0.8859938790473371
60,2103,66,58,2.542539802895238,58,0.3342175440961108
60,2103,66,59,14.091085853663948,59,0.26294552815755584
60,2103,66,60,24.084073267369334,60,0.09826100192100228
60,2103,66,61,22.745361272722448,60,0.0990610454659725
60,2103,66,62,11.443271266326283,60,0.26171277396438397
60,2103,66,68,3.1466144424361246,60,0.7210207905349276
60,2103,67,52,3.080034783818155,52,0.3713374301701669
60,2103,67,58,2.998430862101697,58,0.1938434010151815
60,2103,67,59,3.932984597746394,59,0.16125719720667087
60,2103,67,60,10.744532239873257,60,0.13944540057719382
60,2103,67,61,2.9802197783828364,60,0.1594747795157392
60,2103,67,62,3.1717877665021588,60,0.19781368548298736
60,2103,67,68,2.7121627011933,60,0.6134686954441132
60,2103,68,52,4.011429734135749,52,0.42604320457057054
60,2103,68,58,10.528892856626591,58,0.23021917828957475
60,2103,68,59,22.048117900400733,59,0.14149245885172979
60,2103,68,60,31.073077781689154,60,0.12864948361370157
60,2103,68,61,29.81902044937615,60,0.16294417055516772
60,2103,68,62,26.3829438917339,60,0.16411999480779974
60,2103,68,68,2.548056329184641,60,0.4764101837442895
60,2103,69,52,2.8000378769624517,52,0.6370181440773061
60,2103,69,58,6.698527950896403,58,0.1429953856360057
60,2103,69,59,12.00859713429975,59,0.13570458958932083
60,2103,69,60,71.58011724518553,60,0.06096970961202368
60,2103,69,61,21.29310730752388,60,0.12999337583064408
60,2103,69,62,14.27335112640618,60,0.20225148950681612
60,2103,69,68,5.6380966940065615,60,0.5311310014662266
60,2103,70,52,1.6937264577918232,52,0.5500354445234445
60,2103,70,58,2.0414432990624807,58,0.19739600437748964
60,2103,70,59,2.0495283268862172,59,0.16267588597953792
60,2103,70,60,263.55827704978503,60,0.04384600981472367
60,2103,70,61,208.65457290665188,60,0.04908594478784096
60,2103,70,62,104.97173213618387,60,0.06669623937996759
60,2103,70,68,2.7409324693072668,60,0.7162353020903403
60,2103,71,52,1.4879956559057226,52,0.6879863521905469
60,2103,71,58,2.643122561786463,58,0.13709110899042454
60,2103,71,59,2.8086725064658804,59,0.0957802822276242
60,2103,71,60,34.038016205992164,60,0.0808468733770303
60,2103,71,61,4.138701937320353,60,0.22859067461128119
60,2103,71,62,3.7750486812361292,60,0.23296395666271102
60,2103,71,68,3.575525642654928,60,0.6780793966582132
60,2103,72,52,1.5382492043272684,52,0.9850947244523764
60,2103,72,58,4.907834120382108,58,0.12982356723909244
60,2103,72,59,5.2687759988058955,59,0.12981307214452129
60,2103,72,60,8.81089227664578,60,0.11679120433257013
60,2103,72,61,5.660183566892794,60,0.1342912151525355
60,2103,72,62,4.396614189589958,60,0.18064789268534473
60,2103,72,68,2.0234103873433753,60,0.6253063713840502
60,2103,73,52,2.8619402064939905,52,0.7389347022144936
60,2103,73,58,11.345513783154964,58,0.17399411164513245
60,2103,73,59,9.278544042732221,59,0.14684506965655503
60,2103,73,60,113.17157865616032,60,0.04565806960583254
60,2103,73,61,70.11454099044465,60,0.05918577199977654
60,2103,73,62,68.20752047823036,60,0.06237936037263768
60,2103,73,68,4.560655962857425,60,0.6355102132587408
60,2103,74,52,1.553980205277186,52,0.44800993023872676
60,2103,74,58,6.101422603519887,58,0.23631047872984473
60,2103,74,59,63.7343374603297,59,0.06912926920881912
60,2103,74,60,69.36113140620466,60,0.06793157628425595
60,2103,74,61,55.50998938158707,60,0.07458359652087937
60,2103,74,62,7.382338915865409,60,0.21258258018462173
60,2103,74,68,3.89372356022636,60,0.761832704060384
60,2103,75,52,2.7659901712062838,52,0.6937705291520875
60,2103,75,58,6.740814958575267,58,0.16563916150810828
60,2103,75,59,28.72900462435775,59,0.15060110126985154
60,2103,75,60,634.5955995260143,60,0.039798826978098896
60,2103,75,61,447.67276886434155,60,0.04311768908472879
60,2103,75,62,58.6702658140755,60,0.11622301319379387
60,2103,75,68,4.938456957195498,60,0.6371270179825669
60,2103,76,52,5.3097064988221065,52,0.7758316359365763
60,2103,76,58,12.077217331038788,58,0.2515271571510709
60,2103,76,59,17.73257372495274,59,0.16037452619632306
60,2103,76,60,1089.7139367430373,60,0.038376129713781584
60,2103,76,61,13.361149978974312,60,0.20366866581701595
60,2103,76,62,12.017075575719579,60,0.3068907325456467
60,2103,76,68,4.249860803774005,60,0.5829502657303374
60,2103,77,52,1.7531383064399648,52,0.41795480029941584
60,2103,77,58,9.148372495602064,58,0.09947712507577332
60,2103,77,59,325.4353792337781,59,0.03523544758178438
60,2103,77,60,1211.3144662373759,60,0.00811015556901486
60,2103,77,61,58.65309673202516,60,0.04720032533551404
60,2103,77,62,53.78164921731624,60,0.05377355955875966
60,2103,77,68,2.2546612532603967,60,0.7550258200012462
60,2103,78,52,4.2154305944489,52,0.5271516964323808
60,2103,78,58,5.5998131936393,58,0.2754097827611225
60,2103,78,59,5.638726463989363,59,0.27371604613527134
60,2103,78,60,5.710778567403668,60,0.2004573202318702
60,2103,78,61,5.526023561481258,60,0.28315313962114663
60,2103,78,62,5.3031221359001055,60,0.29656405179821893
60,2103,78,68,3.3842705927162684,60,0.7944781798722681
60,2103,79,52,3.7038283186762735,52,0.4741612857478607
60,2103,79,58,530.7012546626704,58,0.057409953610143914
60,2103,79,59,2876.358919625259,59,0.032273431251002
60,2103,79,60,2545.862207499807,60,0.024822159020942723
60,2103,79,61,2029.1734097629712,60,0.02876949437857687
60,2103,79,62,72.58238611399457,60,0.10420571645400407
60,2103,79,68,6.269129090856586,60,0.5731604962025602
60,2103,80,52,3.464642872878779,52,0.5959970066177788
60,2103,80,58,17.516755286504488,58,0.3036257066402013
60,2103,80,59,18.838487591282767,59,0.09100456681060916
60,2103,80,60,19.396757338622855,60,0.0868912431072671
60,2103,80,61,18.792358596290203,60,0.08835002929325605
60,2103,80,62,12.69862619957535,60,0.1450315114964131
60,2103,80,68,7.311902610102384,60,0.5380839733596599
60,2103,81,52,2.791744121264659,52,0.9023541099944725
60,2103,81,58,2.7846411874899606,58,0.3430842284474019
60,2103,81,59,5.840483873843733,59,0.240313324904723
60,2103,81,60,14.736135273127074,60,0.11094507731474916
60,2103,81,61,14.701764787463597,60,0.12350435838296644
60,2103,81,62,7.383243276557604,60,0.32985583028969695
60,2103,81,68,2.9373963009132833,60,0.5953606191231846
60,2103,82,52,1.6725295368144923,52,0.7807839891143364
60,2103,82,58,8.460091007425996,58,0.1615656309781992
60,2103,82,59,7.283545276787091,59,0.15217925108764666
60,2103,82,60,8.198844402916734,60,0.1202895615794331
60,2103,82,61,6.425108978075772,60,0.13810308720053677
60,2103,82,62,5.78846482460905,60,0.13849010622592595
60,2103,82,68,3.1886164706673052,60,0.6612546923742866
60,2103,83,52,3.7758814896430413,52,0.38944917728800466
60,2103,83,58,3.60457481837338,58,0.14729549260192193
60,2103,83,59,3.011493380061068,59,0.14021046052145272
60,2103,83,60,4.6928301637167875,60,0.06945866769358733
60,2103,83,61,3.25319507146275,60,0.12856597737726405
60,2103,83,62,2.5565309653189034,60,0.17241854773869947
60,2103,83,68,2.125583613279502,60,0.5864710459645945
60,2103,84,52,1.5833837183755417,52,0.538514714022558
60,2103,84,58,19.4333455123343,58,0.1234473434780452
60,2103,84,59,19.939388888147466,59,0.12172515238614912
60,2103,84,60,102.34019166716341,60,0.05030404525101364
60,2103,84,61,11.481123432965916,60,0.16328527842600177
60,2103,84,62,11.001441305773348,60,0.16531949931419485
60,2103,84,68,3.506147269046976,60,0.3306005292184722
60,2103,85,52,3.837945812187958,52,0.4608017969579448
60,2103,85,58,15.798744372759428,58,0.19577390198292013
60,2103,85,59,10.198892782007984,59,0.17842485073027312
60,2103,85,60,117.89945028769212,60,0.08346616027159297
60,2103,85,61,59.50530295861287,60,0.12332377404720624
60,2103,85,62,59.51256000234982,60,0.12369663816705326
60,2103,85,68,3.7410833858272823,60,0.700292710941981
60,2103,86,52,1.8214859189601993,52,0.7816648239704636
60,2103,86,58,47.65883123404745,58,0.15835702050741804
60,2103,86,59,52.84316571866911,59,0.15542712148515106
60,2103,86,60,1197.7032663018465,60,0.008521450526268438
60,2103,86,61,76.10217549594344,60,0.05605299349866854
60,2103,86,62,16.96564819511022,60,0.16563714286278766
60,2103,86,68,6.1785846335307735,60,0.5198796510332799
60,2103,87,52,2.123486372388292,52,0.6094145689006044
60,2103,87,58,14.78769582868967,58,0.2022457980525161
60,2103,87,59,12.213792013587812,59,0.177388939017307
60,2103,87,60,28.093790177295922,60,0.10129680487151953
60,2103,87,61,14.157324576123159,60,0.1667110579452561
60,2103,87,62,14.204677498774492,60,0.16718372265076506
60,2103,87,68,4.630593425099915,60,0.49281966391305704
60,2103,88,52,2.1219381102571546,52,0.935439720696928
60,2103,88,58,5.262569007945883,58,0.48694467135349817
60,2103,88,59,5.0364851911029245,59,0.4393007862231908
60,2103,88,60,11.134975642495421,60,0.30612408947712383
60,2103,88,61,10.58345017846795,60,0.31166505653012777
60,2103,88,62,10.430724039896377,60,0.3310192399931954
60,2103,88,68,5.560683785902407,60,0.45466724893183114
60,2103,89,52,1.317969027928043,52,0.5480789835564216
60,2103,89,58,3.3697396300599265,58,0.3608087652694812
60,2103,89,59,3.053675227880441,59,0.34297883293396664
60,2103,89,60,3.5893091098266727,60,0.3343788641328377
60,2103,89,61,3.8065102021187673,60,0.36707005534659654
60,2103,89,62,3.788741140885142,60,0.3761275226288693
60,2103,89,68,2.329854456574091,60,0.7243198149384588
60,2103,90,52,1.4091304581449717,52,0.7151160076822316
60,2103,90,58,20.656302392887458,58,0.07580690708159743
60,2103,90,59,62.31032468320853,59,0.04266652956837
60,2103,90,60,2.581501559099844,60,0.03731922449292968
60,2103,90,61,1.702107142062945,60,0.16543014003580236
60,2103,90,62,1.9896889135360785,60,0.17208687953118396
60,2103,90,68,2.05149011614414,60,0.49696091446008944
60,2103,91,52,1.6832561073191528,52,0.721160661048806
60,2103,91,58,4.470157559990997,58,0.15854207000298146
60,2103,91,59,9.376780511554758,59,0.08512321371619101
60,2103,91,60,6.0672072901695975,60,0.06557978035929121
60,2103,91,61,5.8011516095839974,60,0.26731034165408174
60,2103,91,62,2.4783832473764353,60,0.38041243069361114
60,2103,91,68,2.6368160540425722,60,0.6416263202058226
60,2103,92,52,1.9758838190013495,52,0.587245967750954
60,2103,92,58,16.254059689999398,58,0.2757314120030135
60,2103,92,59,16.49297111953075,59,0.2081705178189435
60,2103,92,60,20.642818829305803,60,0.17431287237947574
60,2103,92,61,20.535683004618875,60,0.17868127692177949
60,2103,92,62,17.184902255271,60,0.19788862277515512
60,2103,92,68,5.149619811245618,60,0.5779632231581766
60,2103,93,52,0.7332122550641155,52,0.7113025278693783
60,2103,93,58,6.240977380495426,58,0.2096363513606936
60,2103,93,59,6.920446536000833,59,0.18728812131940184
60,2103,93,60,18394.188884401363,60,0.0012370818624810778
60,2103,93,61,7.853384505529368,60,0.18745224039724737
60,2103,93,62,3.40574343069902,60,0.3196924189705311
60,2103,93,68,2.1669203851040515,60,0.6597968530654362
60,2103,94,52,2.1943833526532455,52,0.7919942930027524
60,2103,94,58,10.83179288422826,58,0.20289437150157955
60,2103,94,59,8.734016427940487,59,0.1702178630564051
60,2103,94,60,10.216537900855812,60,0.15599844654005343
60,2103,94,61,8.14113185272629,60,0.1606604831113794
60,2103,94,62,6.091600922139676,60,0.1632254195898237
60,2103,94,68,3.34352232668001,60,0.4441505838332278
60,2103,95,52,1.2727687853347196,52,0.5960690647567184
60,2103,95,58,29.953609443380795,58,0.2034984414288089
60,2103,95,59,17.66568361735828,59,0.1470758689291203
60,2103,95,60,172.95734635320636,60,0.03401991990311091
60,2103,95,61,56.65297256746742,60,0.046426188289181214
60,2103,95,62,7.33379129916428,60,0.16521086376478394
60,2103,95,68,3.7443791292071618,60,0.5537887284141532
60,2103,96,52,3.7605791978567633,52,0.6107983064769401
60,2103,96,58,20.487903369921366,58,0.1700235591755444
60,2103,96,59,18.506002841436857,59,0.16995263351350862
60,2103,96,60,35.75905752987694,60,0.12950012033932742
60,2103,96,61,15.987154612970949,60,0.16104730665850842
60,2103,96,62,8.83715011009245,60,0.24855602387099204
60,2103,96,68,2.879581288142568,60,0.8457168828831738
60,2103,97,52,2.2956323316614595,52,0.6917680313194742
60,2103,97,58,28.10488932968871,58,0.15749345978759316
60,2103,97,59,25.98497497983532,59,0.061318267014589
60,2103,97,60,61.920523499739346,60,0.03358109969475557
60,2103,97,61,19.48101786652156,60,0.15692697376824286
60,2103,97,62,5.237094300483799,60,0.18608849154012577
60,2103,97,68,2.691453904181634,60,0.7376957735249351
60,2103,98,52,1.5158574910636555,52,0.6335136132729393
60,2103,98,58,4.473216106369295,58,0.24575308237848278
60,2103,98,59,7.318853422891631,59,0.2297893790919418
60,2103,98,60,8.002842269808365,60,0.02951834725368321
60,2103,98,61,2.7343760566306727,60,0.05512527105914744
60,2103,98,62,2.642479566753548,60,0.12741212323320963
60,2103,98,68,2.646064087536055,60,0.5762688856259328
60,2103,99,52,1.0276645478325568,52,0.5375492259357378
60,2103,99,58,32.491581118841154,58,0.1719309688051016
60,2103,99,59,58.18542922831785,59,0.06646741374065936
60,2103,99,60,257.22283740343704,60,0.05270171837608058
60,2103,99,61,92.54201950877234,60,0.11877554589485469
60,2103,99,62,64.51258117161092,60,0.14230082407885977
60,2103,99,68,2.90279953289978,60,0.6864071584183286
60,2103,100,52,4.49852618680558,52,0.5362414869084495
60,2103,100,58,12.327431861554286,58,0.25101323164622413
60,2103,100,59,10.183344966131132,59,0.22571009174070067
60,2103,100,60,18.872908214100995,60,0.15920494494655937
60,2103,100,61,14.133143451836535,60,0.16897765956831587
60,2103,100,62,9.143405975416785,60,0.16992435972198322
60,2103,100,68,2.8373933332871846,60,0.7230004998386544
60,2103,101,52,3.1339824507012275,52,0.7223693251722639
60,2103,101,58,14.037209950151237,58,0.29127433877535536
60,2103,101,59,9.981864119232982,59,0.21717122285702875
60,2103,101,60,20.445425125096822,60,0.08607809871709972
60,2103,101,61,11.12270545281283,60,0.21895868387143438
60,2103,101,62,11.061758339669444,60,0.21951358579872396
60,2103,101,68,5.4009307412765795,60,0.6406743360531538
60,2103,102,52,1.9540605162107259,52,0.8007464753272362
60,2103,102,58,5.440601871833189,58,0.26741767576310604
60,2103,102,59,121.59558629178174,59,0.08574186490524993
60,2103,102,60,57.89901941305847,60,0.07466448070299293
60,2103,102,61,22.422400357182994,60,0.25023257325674786
60,2103,102,62,19.497678631875175,60,0.25338809614876945
60,2103,102,68,3.944548146848781,60,0.6319648147452702
60,2103,103,52,1.7596957392064227,52,0.6455027965598746
60,2103,103,58,37.68382584032077,58,0.1004983649630454
60,2103,103,59,31.698416432247203,59,0.08713810882600277
60,2103,103,60,68.40969237767806,60,0.08410828936072476
60,2103,103,61,64.1242224826585,60,0.08496410224321992
60,2103,103,62,6.247873944146584,60,0.21148317070781658
60,2103,103,68,4.231930282413662,60,0.6938746503180683
60,2103,104,52,2.4086160928435327,52,0.4464880289566883
60,2103,104,58,12.787638763987859,58,0.14795952751594132
60,2103,104,59,14.725916750517568,59,0.14386015325979723
60,2103,104,60,8.375231187056997,60,0.12998044855047064
60,2103,104,61,7.733771190345597,60,0.23395073096333324
60,2103,104,62,7.394121384245734,60,0.25108046889254604
60,2103,104,68,2.8826487408837314,60,0.6939794855903805
60,2103,105,52,1.313296560494191,52,0.6498182071055837
60,2103,105,58,3.648080224918739,58,0.3706095167965354
60,2103,105,59,4.221110545052637,59,0.19125710443633503
60,2103,105,60,2801.8928871061667,60,0.01070259579516945
60,2103,105,61,21.657470612857725,60,0.14828321226760208
60,2103,105,62,21.65531200838821,60,0.1483423363282454
60,2103,105,68,2.050311755423865,60,0.6110667693480103
60,2103,106,52,1.6897345125234509,52,0.6217978929179433
60,2103,106,58,3.1097201667034122,58,0.27062518697210675
60,2103,106,59,27.913488931191655,59,0.1734512201235239
60,2103,106,60,44.520740172951484,60,0.1498339678779981
60,2103,106,61,39.9320653409245,60,0.16005613657732704
60,2103,106,62,33.55267027093727,60,0.1684450968283088
60,2103,106,68,6.597331743158063,60,0.5886164766654304
60,2103,107,52,0.9888701302904963,52,0.7174509557599729
60,2103,107,58,11.020557114962008,58,0.2703667103041074
60,2103,107,59,8.760143992881435,59,0.25246491744639993
60,2103,107,60,108.60172661077128,60,0.022618476360474517
60,2103,107,61,12.747581675393832,60,0.12063957665905393
60,2103,107,62,2.6458956402214353,60,0.247111997217385
60,2103,107,68,2.7260763057045545,60,0.6835124479172056
60,2103,108,52,2.0340310931705616,52,0.6470858760689853
60,2103,108,58,12.288978340633102,58,0.23228015037389324
60,2103,108,59,14.651966092865305,59,0.22483347744357643
60,2103,108,60,8.389528039004212,60,0.05899443787866139
60,2103,108,61,8.162156771398047,60,0.15817231217396838
60,2103,108,62,7.219333553191591,60,0.18058087923230887
60,2103,108,68,2.787263490966217,60,0.6908217084267979
60,2103,109,52,1.353653290211235,52,0.5769308973888199
60,2103,109,58,3.028077027205615,58,0.35321983829250847
60,2103,109,59,3.088102752934284,59,0.10850882288709494
60,2103,109,60,118268.7559563714,60,0.0015009838414765705
60,2103,109,61,2.8600097663251534,60,0.32781700224563093
60,2103,109,62,2.807994142041343,60,0.46573985882259084
60,2103,109,68,2.423930922854876,60,0.7612131494770839
60,2103,110,52,1.0446742768334012,52,0.8449990497727606
60,2103,110,58,13.786088995328521,58,0.2788022116171124
60,2103,110,59,11.388918830730558,59,0.1991370690844805
60,2103,110,60,31.101128509997846,60,0.10829459976504249
60,2103,110,61,30.913341218413265,60,0.11592417278251742
60,2103,110,62,18.670633401892204,60,0.24794665078205905
60,2103,110,68,3.1560231085345176,60,0.6813129888080561
60,2103,111,52,1.2445737723723946,52,0.6623570763604665
60,2103,111,58,2.811732970043403,58,0.2350155619816912
60,2103,111,59,123.9598396768973,59,0.10298330625636504
60,2103,111,60,6.468047862897938,60,0.02808423977257358
60,2103,111,61,6.3313098243022905,60,0.073952201982408
60,2103,111,62,6.22118171726113,60,0.12616334926908945
60,2103,111,68,3.2773385739170924,60,0.7612741566897812
60,2103,112,52,4.466880005404134,52,0.5357263952691115
60,2103,112,58,7.970557057533647,58,0.24558808299251747
60,2103,112,59,6.823200576806111,59,0.1999743282900363
60,2103,112,60,16436.79890387218,60,0.005332988949883912
60,2103,112,61,31.37022515224376,60,0.12549308136530954
60,2103,112,62,9.606908058753856,60,0.27504277449784365
60,2103,112,68,3.645590934447516,60,0.8373461176825222
60,2103,113,52,0.6844531449853566,52,0.6528743717937835
60,2103,113,58,4.358838272422476,58,0.17370249827706338
60,2103,113,59,205.08933606657354,59,0.005573058772279303
60,2103,113,60,3034.1643934418016,60,0.0023969310466189784
60,2103,113,61,67.6784746464872,60,0.014387315961818754
60,2103,113,62,2.801940086706889,60,0.25825371490712984
60,2103,113,68,1.9902415057770868,60,0.600390523959571
60,2103,114,52,1.2950401913783482,52,0.782883273681395
60,2103,114,58,5.4995770057144435,58,0.37801057368906216
60,2103,114,59,7.723368448511116,59,0.27938610734081765
60,2103,114,60,26.236605258167735,60,0.101754035195205
60,2103,114,61,9.422694811631834,60,0.173160944452203
60,2103,114,62,9.234206834890198,60,0.18765672521847704
60,2103,114,68,2.7851860501379995,60,0.6592810269580284
60,2103,115,52,3.474869824031255,52,0.5204451224604341
60,2103,115,58,5.218382754378229,58,0.28466146012808774
60,2103,115,59,19.86702426113928,59,0.20846679050141714
60,2103,115,60,38.022468785573835,60,0.08801868791817337
60,2103,115,61,32.99833311128097,60,0.08930127470950304
60,2103,115,62,9.117380202674783,60,0.28655491681791345
60,2103,115,68,3.0780989950265067,60,0.7828306871216872
60,2103,116,52,1.434446305056845,52,0.9395322980462861
60,2103,116,58,4.7929837024940785,58,0.4178078159245803
60,2103,116,59,13.897442700295828,59,0.3045451703801806
60,2103,116,60,21.397723530709733,60,0.20479647308828247
60,2103,116,61,8.693116267263271,60,0.23705569590182604
60,2103,116,62,6.080794242469557,60,0.3302387080876188
60,2103,116,68,2.8972343276544628,60,0.79472077621109
60,2103,117,52,1.8143371164267192,52,0.6426099999421779
60,2103,117,58,257.83136842192647,58,0.07414176977005481
60,2103,117,59,252.14478003453058,59,0.07278914362837637
60,2103,117,60,600.3796917006007,60,0.05559484677072312
60,2103,117,61,167.09097977642267,60,0.11082328829548586
60,2103,117,62,77.93422845912689,60,0.15342318177579056
60,2103,117,68,3.0407181893844792,60,0.9542186584161078
60,2103,118,52,1.5700796109154809,52,0.5661314476477909
60,2103,118,58,1.6458903107835854,58,0.17296715071982663
60,2103,118,59,1.8692766502257072,59,0.16576996703664348
60,2103,118,60,361.13614983190007,60,0.04548029996860409
60,2103,118,61,56.91052274170571,60,0.09827863534028014
60,2103,118,62,53.69120530099236,60,0.09839550609463879
60,2103,118,68,2.1985294433212736,60,0.657934694023032
60,2103,119,52,1.1841631689936212,52,0.8450832642641745
60,2103,119,58,4.043149979833055,58,0.3088291937786403
60,2103,119,59,11.863577009637067,59,0.2328712189227064
60,2103,119,60,6.785886605863081,60,0.15406776672976302
60,2103,119,61,3.8864448448308955,60,0.4268266165818206
60,2103,119,62,3.6326162763243963,60,0.4284097397167277
60,2103,119,68,2.3199464189593555,60,0.779088240242366
60,2103,120,52,1.2339595015077203,52,1.0149054465147582
60,2103,120,58,7.7614757445948435,58,0.2564401275398462
60,2103,120,59,7.443755407449079,59,0.24291094454030082
60,2103,120,60,957.618013317349,60,0.016018466811965032
60,2103,120,61,40.986330015274056,60,0.06268348730928751
60,2103,120,62,3.605726567210744,60,0.313164696925005
60,2103,120,68,1.9841832050048382,60,0.6335115813036685
60,2103,121,52,2.05377059520547,52,0.6039212312934171
60,2103,121,58,12.58431367469597,58,0.2217708791344835
60,2103,121,59,21.314967154328652,59,0.18682142746679928
60,2103,121,60,83.28094317560709,60,0.11097233645445498
60,2103,121,61,31.06515392286628,60,0.19601091212937988
60,2103,121,62,20.96457183300709,60,0.25149722848954864
60,2103,121,68,2.7235020342259255,60,0.69699379434823
60,2103,122,52,1.8974766539762578,52,0.5809497600812188
60,2103,122,58,4.66760988697054,58,0.33349947999746954
60,2103,122,59,8.73256376604211,59,0.3266461753422934
60,2103,122,60,24.9972464569832,60,0.14524751974419575
60,2103,122,61,21.58516880904136,60,0.22037127306060816
60,2103,122,62,8.045467786838483,60,0.36314025832772734
60,2103,122,68,4.158512274063781,60,0.8418380952413443
60,2103,123,52,2.7139200039686724,52,0.6667747032400118
60,2103,123,58,12.144596819049971,58,0.26045472252520735
60,2103,123,59,13.63949599826605,59,0.23363628911065806
60,2103,123,60,10.234057430002261,60,0.1390803429234374
60,2103,123,61,8.636410516061826,60,0.25011732186358854
60,2103,123,62,4.495352156553552,60,0.39421944066221287
60,2103,123,68,2.837318948761388,60,0.5364876135372809
60,2103,124,52,3.29443349206379,52,0.43522506275583706
60,2103,124,58,25.496521751147245,58,0.14867622136731654
60,2103,124,59,19.618441482544227,59,0.14627211209681695
60,2103,124,60,28302.488135978703,60,0.002718571376797914
60,2103,124,61,21.09963261692851,60,0.1818934165564948
60,2103,124,62,21.096668683270895,60,0.19556691879146348
60,2103,124,68,2.2335294687924074,60,0.7470651570571463
60,2103,125,52,0.8804657613992998,52,0.8547118343585881
60,2103,125,58,7.1521939553288405,58,0.29214530881818346
60,2103,125,59,18.992956328153983,59,0.1208056483014973
60,2103,125,60,10.005214084261503,60,0.06880883720713876
60,2103,125,61,4.475938895155407,60,0.201070410947764
60,2103,125,62,3.664468459639362,60,0.20424274368893053
60,2103,125,68,1.491454579173282,60,0.47334327288519584
60,2103,126,52,3.7664719808995413,52,0.7383435324744909
60,2103,126,58,9.534006629350424,58,0.13224869984781346
60,2103,126,59,303.8876174583659,59,0.05972185893472152
60,2103,126,60,766.5853240803498,60,0.04360408780508177
60,2103,126,61,31.48277261020913,60,0.15603237388935345
60,2103,126,62,20.072398385145657,60,0.22900542055976827
60,2103,126,68,4.322627109522838,60,0.7670224164641051
60,2103,127,52,2.5600686923799274,52,0.4481860174781575
60,2103,127,58,15.18167064833615,58,0.13439248247555213
60,2103,127,59,15.234200644673539,59,0.12180995161372264
60,2103,127,60,1426.171998693775,60,0.006256541965210584
60,2103,127,61,9.918065438527844,60,0.2591347134505184
60,2103,127,62,9.522951209588484,60,0.28681635839542163
60,2103,127,68,3.4052966845597985,60,0.6044158192526334
60,2103,128,52,1.716009422999483,52,0.7705590724793349
60,2103,128,58,3.69801478888043,58,0.07569589038564072
60,2103,128,59,384.308582768277,59,0.04893181622802845
60,2103,128,60,523.9831382525408,60,0.04675178251984381
60,2103,128,61,6.652491001498355,60,0.10670654086085231
60,2103,128,62,7.899953995445171,60,0.3098410657015123
60,2103,128,68,4.814973533178497,60,0.5917694089061333
60,2103,129,52,2.985128970809856,52,0.7250075349293669
60,2103,129,58,36.30028592051487,58,0.15061640831463485
60,2103,129,59,53.2697395161472,59,0.07241162008961767
60,2103,129,60,12341.354193632194,60,0.004851222068247157
60,2103,129,61,19.733783973703655,60,0.08139168555747038
60,2103,129,62,3.8517396297407824,60,0.1135326239396457
60,2103,129,68,3.1127050092339896,60,0.4874167375964052
60,2103,130,52,1.1100853044963337,52,0.665393742694718
60,2103,130,58,14.725367486299527,58,0.23159804512602497
60,2103,130,59,50.00525644491758,59,0.13568605247034646
60,2103,130,60,74.64733996089747,60,0.036359134066816
60,2103,130,61,46.14138191730461,60,0.0667491299572895
60,2103,130,62,10.29193921399017,60,0.23376336530531683
60,2103,130,68,4.2523153225563135,60,0.8268292115264523
60,2103,131,52,2.776471022185459,52,0.625423705700329
60,2103,131,58,3.8603805235131143,58,0.3417259530085585
60,2103,131,59,7.4940953330646725,59,0.22435959198427605
60,2103,131,60,137.61691717442278,60,0.006016737191770862
60,2103,131,61,1.8078316434148791,60,0.03248759896168386
60,2103,131,62,1.958796918620648,60,0.1674187756672582
60,2103,131,68,2.254947327399262,60,0.8105455684183677
60,2103,132,52,4.306648041568791,52,0.7241399538645
60,2103,132,58,10.034139683228773,58,0.19203709913001424
60,2103,132,59,4.732311268858228,59,0.14567412213285116
60,2103,132,60,1377.351652605667,60,0.008180636516352795
60,2103,132,61,8.871067166806105,60,0.19949382984389907
60,2103,132,62,8.955294891451139,60,0.19949383103615131
60,2103,132,68,2.753835851465182,60,0.481304350532321
60,2103,133,52,1.2028482787946042,52,0.7190799193427793
60,2103,133,58,3.5601590053366747,58,0.2735827440650914
60,2103,133,59,11.409165320633031,59,0.23748761314060812
60,2103,133,60,16.639396834922522,60,0.13943059259009694
60,2103,133,61,4.014265947379552,60,0.33409111121252466
60,2103,133,62,4.0143980472848595,60,0.3447869232116021
60,2103,133,68,2.070061795653306,60,0.8232531827638333
60,2103,134,52,1.863789944943269,52,0.8603153803068364
60,2103,134,58,2.7361654494021437,58,0.2948173023095763
60,2103,134,59,2.822334052676489,59,0.2658680199721356
60,2103,134,60,22.133473184411002,60,0.1240664826527463
60,2103,134,61,12.676839236205582,60,0.1975839805079961
60,2103,134,62,3.1219999133040366,60,0.30951870472068427
60,2103,134,68,3.354205692509412,60,0.7558088118745105
60,2103,135,52,1.3051215533104419,52,0.3175626922235696
60,2103,135,58,2.59748860285545,58,0.15655522961148247
60,2103,135,59,60.49361899516678,59,0.024428072353605546
60,2103,135,60,1554.2568420827804,60,0.0141822129740196
60,2103,135,61,19.709860937460434,60,0.11178810230312386
60,2103,135,62,15.143892279222834,60,0.11236039132434704
60,2103,135,68,2.16199510107933,60,0.7387113594084393
60,2103,136,52,3.0175391318588884,52,0.5446124346008798
60,2103,136,58,4.179666600583673,58,0.26198779273721046
60,2103,136,59,1430.7648417943965,59,0.024355693797513015
60,2103,136,60,1603.7225552273658,60,0.024284913995435226
60,2103,136,61,95.79364592430935,60,0.11146411424610032
60,2103,136,62,89.96650851698108,60,0.11533586688552994
60,2103,136,68,4.975614693084226,60,0.6679725064471173
60,2103,137,52,1.1308788326553798,52,0.5495253902777032
60,2103,137,58,5.025074742157862,58,0.2746698517572641
60,2103,137,59,6.518328648748371,59,0.269008978825995
60,2103,137,60,786772.4936991062,60,0.0011267423105912318
60,2103,137,61,3.8591961910241555,60,0.31753411345924665
60,2103,137,62,3.6304335536975745,60,0.3250354684202555
60,2103,137,68,2.5149880845988486,60,0.6028370552400766
60,2103,138,52,0.8779328430404825,52,0.8323116298755071
60,2103,138,58,1.6546750133816421,58,0.41609168137163155
60,2103,138,59,1139.4324738618568,59,0.02003912491871626
60,2103,138,60,494.71146320204974,60,0.0099724115586069
60,2103,138,61,1.5139089450708876,60,0.1818012411551154
60,2103,138,62,1.229528832667361,60,0.3690700309968264
60,2103,138,68,1.7924668051466928,60,0.5485598207600412
60,2103,139,52,0.9905447477322398,52,0.5498056382911394
60,2103,139,58,6.525048146227793,58,0.09773764824136594
60,2103,139,59,4.120549413397908,59,0.0783806382104623
60,2103,139,60,248.67082948613262,60,0.007330081174807507
60,2103,139,61,3.744586995249465,60,0.08036268108462875
60,2103,139,62,2.9299215725628693,60,0.1800736472720843
60,2103,139,68,2.6499249146180723,60,0.589945987972479
60,2103,140,52,2.452521316722349,52,0.5310346957835587
60,2103,140,58,2.2158842050074634,58,0.1308339029832642
60,2103,140,59,2.067424880182278,59,0.12297649047726421
60,2103,140,60,8.429562603169918,60,0.11406638587137209
60,2103,140,61,8.57620143859603,60,0.1143014090466728
60,2103,140,62,8.63184697341807,60,0.12030181771332751
60,2103,140,68,2.3511021892012933,60,0.845954219334518
60,2103,141,52,1.943057955821201,52,0.7181662838563284
60,2103,141,58,36.08186899391503,58,0.08338825922535872
60,2103,141,59,34.99639179446722,59,0.08022518299986868
60,2103,141,60,1979.5095731051204,60,0.029844263358888703
60,2103,141,61,31.544585529683154,60,0.11404342163888184
60,2103,141,62,28.00697435256141,60,0.11601462786838533
60,2103,141,68,3.640054629077546,60,0.5500831570037372
60,2103,142,52,1.6298634231301063,52,0.6573849460217177
60,2103,142,58,7.785272513145038,58,0.3120272092729152
60,2103,142,59,19.124059254602262,59,0.25315615762547117
60,2103,142,60,38.352370614466125,60,0.12387561556201623
60,2103,142,61,11.10729593789773,60,0.16023338605593512
60,2103,142,62,7.126556552918173,60,0.3197437875102799
60,2103,142,68,3.3389985509686944,60,0.7551299397692806
60,2103,143,52,5.558547416564167,52,0.5485303428248867
60,2103,143,58,12.64638051959944,58,0.18581560014684315
60,2103,143,59,13.514711077258399,59,0.18495750923187973
60,2103,143,60,13.27125581715187,60,0.13271316422210938
60,2103,143,61,11.481088255776271,60,0.13276373924950585
60,2103,143,62,9.980666767272849,60,0.21421778732437452
60,2103,143,68,5.858195458318382,60,0.4491664586371601
60,2103,144,52,1.1933823457170067,52,0.7045771887416962
60,2103,144,58,29.64174900774975,58,0.10095961517697051
60,2103,144,59,82.53562523760597,59,0.05826048782058398
60,2103,144,60,1477.8415284856662,60,0.014801016298469884
60,2103,144,61,1045.5329819630342,60,0.018418815144178154
60,2103,144,62,6.202652036438705,60,0.16465817245110834
60,2103,144,68,4.419519015680106,60,0.49174905813977354
60,2103,145,52,3.196119808639399,52,0.6673049148505998
60,2103,145,58,6.451943627588618,58,0.1985105627943424
60,2103,145,59,5.927587194955692,59,0.1941860579948763
60,2103,145,60,4477432.816821019,60,7.673559959574282e-05
60,2103,145,61,3.208204016644837,60,0.2021121621855257
60,2103,145,62,3.321996943567473,60,0.21440049283227863
60,2103,145,68,3.2758588687216545,60,0.604834545021816
60,2103,146,52,5.431114730103336,52,0.6860185778196449
60,2103,146,58,33.896525447530216,58,0.24471626641373515
60,2103,146,59,19.238201086503064,59,0.09104733454581365
60,2103,146,60,42.91609204101926,60,0.08187658711774928
60,2103,146,61,41.27779927646382,60,0.08302384259075284
60,2103,146,62,8.304306132905658,60,0.20758331525707752
60,2103,146,68,4.618194431979381,60,0.7227902262956757
60,2103,147,52,2.2714923057954564,52,0.4329568633324034
60,2103,147,58,17.765558342666214,58,0.11517872903456398
60,2103,147,59,15.80268968010533,59,0.1144245589088373
60,2103,147,60,27.711693725775074,60,0.0852202237429311
60,2103,147,61,14.409653614389915,60,0.210917073824071
60,2103,147,62,9.337399717783013,60,0.24216735009662535
60,2103,147,68,3.2245293347113377,60,0.7254232334788712
60,2103,148,52,2.078202194735507,52,0.8713971353964257
60,2103,148,58,7.501773960391983,58,0.41088278882459583
60,2103,148,59,6.3197859350471965,59,0.2736090373993433
60,2103,148,60,1034.6730042611186,60,0.007490894769113429
60,2103,148,61,5.706494116163025,60,0.1756780164346982
60,2103,148,62,5.070632166196837,60,0.4331103526652091
60,2103,148,68,1.734802210332413,60,0.889545873406427
60,2103,149,52,3.2508521534200585,52,0.7546935205791653
60,2103,149,58,19.170082257713997,58,0.2316980189611823
60,2103,149,59,40.864405507332755,59,0.16391497528877103
60,2103,149,60,64.90309062705882,60,0.12616350216411892
60,2103,149,61,22.208750971128822,60,0.126179647340478
60,2103,149,62,21.865276002884492,60,0.13817432643518174
60,2103,149,68,5.611458800660465,60,0.610758983454941
60,2103,150,52,2.9850909134896404,52,0.6145143329803419
60,2103,150,58,4.628869664243624,58,0.24931761197547292
60,2103,150,59,36.54303616616143,59,0.1506779891496779
60,2103,150,60,30.44869650924845,60,0.026756639154309016
60,2103,150,61,12.71534450861649,60,0.21790665829256195
60,2103,150,62,10.82368820663025,60,0.24731145534145665
60,2103,150,68,5.0851880595942545,60,0.5106951708029481
60,2103,151,52,2.355987635163602,52,0.7192677452953953
60,2103,151,58,9.706019065418298,58,0.1348958276233953
60,2103,151,59,41.02863172923855,59,0.11476699594479257
60,2103,151,60,305.3477830681855,60,0.04547505777855248
60,2103,151,61,5.806729029033042,60,0.10020758961829519
60,2103,151,62,5.170808171282398,60,0.25601244402725054
60,2103,151,68,3.034457723526058,60,0.6024104098724026
60,2103,152,52,1.4264947908568713,52,0.8448874694756406
60,2103,152,58,2.256005049547862,58,0.3330795609375585
60,2103,152,59,2.775531196908935,59,0.1611733890507654
60,2103,152,60,7.219973814527077,60,0.1187446943005559
60,2103,152,61,3.181523885585758,60,0.28988771842773225
60,2103,152,62,2.914479782638981,60,0.3428166598908145
60,2103,152,68,2.513300750779046,60,0.9385335048748198
60,2103,153,52,2.814749819109613,52,0.5340154775744537
60,2103,153,58,6.69606431157141,58,0.2762492132457866
60,2103,153,59,2.0690588607048914,59,0.2207620906839934
60,2103,153,60,1062.1558148394263,60,0.014395297641239627
60,2103,153,61,548.9023323346618,60,0.019947310799388565
60,2103,153,62,2.9260849761150474,60,0.5750629685593509
60,2103,153,68,2.919367987922359,60,0.9675110360869552
60,2103,154,52,2.174384653715646,52,0.46757476496754713
60,2103,154,58,15.460520780591676,58,0.2716088418090228
60,2103,154,59,21.53441764561782,59,0.12333849318698788
60,2103,154,60,22.855203473845247,60,0.0797535808779196
60,2103,154,61,22.15030717475596,60,0.16217649386842917
60,2103,154,62,12.947871614707726,60,0.26470869127532587
60,2103,154,68,3.3846764369130216,60,0.5628081112394487
60,2103,155,52,1.7517521068583415,52,0.5774332587544587
60,2103,155,58,2.3441426984994247,58,0.27046784989495665
60,2103,155,59,3.635500304094519,59,0.13541473822610028
60,2103,155,60,16.331977534869047,60,0.12257272382880582
60,2103,155,61,7.741299143278568,60,0.1266636191621068
60,2103,155,62,7.642433782385763,60,0.16367997811066334
60,2103,155,68,3.3650671069774316,60,0.4708031239568231
60,2103,156,52,3.4500796568812717,52,0.5244440110352692
60,2103,156,58,7.770322840999544,58,0.21925211585832063
60,2103,156,59,78.78011428067792,59,0.1057745727923544
60,2103,156,60,22.435123199605457,60,0.021621173173455587
60,2103,156,61,20.808946672933935,60,0.1170448999100749
60,2103,156,62,20.717269836574904,60,0.11786512329821225
60,2103,156,68,2.8308112243585906,60,0.5545827775598225
60,2103,157,52,2.4289885142615666,52,0.6478775199265508
60,2103,157,58,13.55864769030009,58,0.12302361583919157
60,2103,157,59,17.920036740261867,59,0.11037094833049858
60,2103,157,60,16.73799227700078,60,0.10569247495179546
60,2103,157,61,4.005134555385086,60,0.12439455701132367
60,2103,157,62,3.435839407573635,60,0.13636957149080325
60,2103,157,68,3.184935740165409,60,0.4998465279066001
60,2103,158,52,3.5096619665018434,52,0.5798029692390025
60,2103,158,58,2.563773038573875,58,0.1934651066574763
60,2103,158,59,12.613720285363689,59,0.16845869184342735
60,2103,158,60,45.95077846202549,60,0.10214415513855776
60,2103,158,61,12.35456574241135,60,0.16237332093407092
60,2103,158,62,10.558736412035906,60,0.22474139740686283
60,2103,158,68,1.9855359644108554,60,0.8429491975573187
60,2103,159,52,2.459249231250307,52,0.695679418862744
60,2103,159,58,4.081235664494038,58,0.34949154240712277
60,2103,159,59,5.414527276090244,59,0.14946153938910506
60,2103,159,60,23.452871554890912,60,0.07005780155883831
60,2103,159,61,18.343572439839043,60,0.08116765098176551
60,2103,159,62,5.884003676889561,60,0.23206024640698805
60,2103,159,68,1.909926268698585,60,0.3639386095942679
60,2103,160,52,1.2147703409819162,52,0.8251382453778712
60,2103,160,58,6.752731177912257,58,0.19024228123473869
60,2103,160,59,3.6428232688446385,59,0.10455547956232503
60,2103,160,60,67.64260138048496,60,0.06051167719462003
60,2103,160,61,2.867288684596326,60,0.18574769071942218
60,2103,160,62,2.906458689570663,60,0.2816589081028271
60,2103,160,68,2.259136667973662,60,0.6720211267833338
60,2103,161,52,1.6114315175670904,52,0.6439000649062442
60,2103,161,58,11.048183068817014,58,0.284841317949566
60,2103,161,59,10.430209918848934,59,0.26697143484518737
60,2103,161,60,565.2833373825216,60,0.04296532012985531
60,2103,161,61,17.787484401637723,60,0.1941537188910074
60,2103,161,62,17.588753626580786,60,0.1941625700039039
60,2103,161,68,2.1351576899065186,60,0.7708695333022582
60,2103,162,52,2.4172404589869747,52,0.698548999026704
60,2103,162,58,4.678625624749094,58,0.23376525079416371
60,2103,162,59,4.785375549070535,59,0.08908354963128669
60,2103,162,60,91.41669278732867,60,0.03620526134878583
60,2103,162,61,1.97448730214496,60,0.22672733130626552
60,2103,162,62,1.84868103562749,60,0.25725745696993635
60,2103,162,68,2.254145520017545,60,0.7039138566985019
60,2103,163,52,1.6797729467341522,52,0.7752182324981671
60,2103,163,58,3.613916297462967,58,0.35573642592449645
60,2103,163,59,4.492516147314977,59,0.3522951949412947
60,2103,163,60,13178.2279333165,60,0.002278242148982136
60,2103,163,61,4.836891935860622,60,0.3303777145189367
60,2103,163,62,3.906694607610179,60,0.3304617574450333
60,2103,163,68,2.7934820875399,60,0.6534073533219162
60,2103,164,52,1.6334801718286591,52,0.8296331016593091
60,2103,164,58,28.078262681410724,58,0.22839352635555327
60,2103,164,59,31.942341208944782,59,0.21542751063471943
60,2103,164,60,32.07154364613533,60,0.18306461216830738
60,2103,164,61,31.98774132967105,60,0.1903919982125772
60,2103,164,62,29.677124391210562,60,0.19058122297736452
60,2103,164,68,3.0559961506641016,60,0.6004368032879669
60,2103,165,52,4.577578828461945,52,0.6207742811642747
60,2103,165,58,6.328382447697689,58,0.2842099132108892
60,2103,165,59,5.600084201479771,59,0.2481551432576194
60,2103,165,60,3116.9449170815546,60,0.0037258364986261345
60,2103,165,61,7.565032648873723,60,0.07036090306981034
60,2103,165,62,7.675149611485998,60,0.07136235334139594
60,2103,165,68,2.9611518926133242,60,0.5198689918812378
60,2103,166,52,2.3125385820089854,52,0.5133352491233655
60,2103,166,58,1.988836343974034,58,0.21414646047826863
60,2103,166,59,17.784557672207086,59,0.11678635518783617
60,2103,166,60,152.9298112611577,60,0.031147239546412065
60,2103,166,61,14.172837517377454,60,0.20269295417848274
60,2103,166,62,4.5326949918508905,60,0.3497708910830547
60,2103,166,68,2.1670385790061335,60,0.8553724661323637
60,2103,167,52,1.433761745804815,52,0.5907514551075987
60,2103,167,58,2.3901199521238077,58,0.19155751606581595
60,2103,167,59,4.339001783825793,59,0.09095303830427938
60,2103,167,60,57.951186015112796,60,0.07562248980970315
60,2103,167,61,17.31670773528373,60,0.1884934196439698
60,2103,167,62,13.127202276305322,60,0.1998611510319712
60,2103,167,68,2.791683833083143,60,0.7560869271236322
60,2103,168,52,12.85656006859221,52,0.4905538406437172
60,2103,168,58,31.32553858520917,58,0.08294186420267764
60,2103,168,59,47.76009771694542,59,0.058362210621834415
60,2103,168,60,35.34161054001676,60,0.05790307972285708
60,2103,168,61,15.078324270553797,60,0.1713233712154073
60,2103,168,62,10.587448273678335,60,0.2710733360541664
60,2103,168,68,5.7488212302144985,60,0.519188368759163
60,2103,169,52,2.291336524966981,52,0.6833981692304797
60,2103,169,58,88.235274188903,58,0.05020686709626492
60,2103,169,59,28.412936237892783,59,0.016534429865342856
60,2103,169,60,5.903490351744098,60,0.006831932502809478
60,2103,169,61,3.6917276399373873,60,0.0806696544122208
60,2103,169,62,3.7161679352127024,60,0.08305209986629185
60,2103,169,68,3.271461733035114,60,0.8510529861756437
60,2103,170,52,1.8109370134357328,52,0.8256842327875672
60,2103,170,58,9.08759555605943,58,0.14768862399717317
60,2103,170,59,9.929628635626882,59,0.14578161733737874
60,2103,170,60,234.6688624006641,60,0.02136670718697648
60,2103,170,61,22.335982904308548,60,0.10953192468874344
60,2103,170,62,3.6589520895716348,60,0.2798401079404554
60,2103,170,68,3.5150644612686612,60,0.6176901736966487
60,2103,171,52,1.9176028693598206,52,0.742524665041882
60,2103,171,58,11.131395052879144,58,0.16599655824427434
60,2103,171,59,6.7007192684145656,59,0.1412219667630092
60,2103,171,60,46.560754796390036,60,0.10097002383823617
60,2103,171,61,13.637506381852715,60,0.21541177160011885
60,2103,171,62,13.241088223744416,60,0.24062740843742672
60,2103,171,68,2.4494388115124788,60,0.4848257880833077
60,2103,172,52,1.5376624810778436,52,0.7734952157787345
60,2103,172,58,2.4365372020038634,58,0.20912715579911587
60,2103,172,59,3.851051887906524,59,0.20912119063682622
60,2103,172,60,3.3009406396520236,60,0.10139104365686988
60,2103,172,61,3.3329778682560764,60,0.101393728446172
60,2103,172,62,3.4037704105167403,60,0.24583945011625277
60,2103,172,68,2.6342704328405837,60,0.44127862707233434
60,2103,173,52,1.4310320499564506,52,0.8871356442860721
60,2103,173,58,2.567613682520627,58,0.3147927854142468
60,2103,173,59,2.884482307760366,59,0.1679130840260925
60,2103,173,60,13.365367400304214,60,0.020968544571336383
60,2103,173,61,6.079677920117843,60,0.03303336303450806
60,2103,173,62,2.3641980913071876,60,0.13895834005410254
60,2103,173,68,2.2544951862900953,60,0.8328183214446905
60,2103,174,52,1.3493911073434015,52,0.85655257298795
60,2103,174,58,3.2995342100142513,58,0.3966445718746954
60,2103,174,59,11.448424160265494,59,0.2602788064263661
60,2103,174,60,141.12087615356378,60,0.07502615794620415
60,2103,174,61,44.711181607480185,60,0.16806367288004662
60,2103,174,62,7.950294230778751,60,0.41059491127922537
60,2103,174,68,4.8038589374877745,60,0.5831721138512816
60,2103,175,52,3.838335317510967,52,0.6945727321632985
60,2103,175,58,10.315055876474482,58,0.17873305959556432
60,2103,175,59,12.64157478982807,59,0.15823005399973986
60,2103,175,60,25.56535332369453,60,0.03726551256996761
60,2103,175,61,25.435224685158694,60,0.038197609610244924
60,2103,175,62,5.892820056837893,60,0.08884068326812145
60,2103,175,68,3.050212635904202,60,0.4304657839014259
60,2103,176,52,2.9453494714958426,52,0.5488978975516152
60,2103,176,58,4.574333041856082,58,0.18533288007176765
60,2103,176,59,4.674625578646074,59,0.1454874343849807
60,2103,176,60,745.3677466576828,60,0.015547145761997849
60,2103,176,61,89.05777108831873,60,0.046352600825541566
60,2103,176,62,7.06707701163851,60,0.37621468104466504
60,2103,176,68,2.26302967429461,60,0.6905440075694818
60,2103,177,52,1.5834642877551532,52,0.7465427847273867
60,2103,177,58,5.5275325209788075,58,0.15754281351823746
60,2103,177,59,8.64691791964129,59,0.1553358671441303
60,2103,177,60,8.027289692436359,60,0.1519527152734926
60,2103,177,61,7.9557499416434805,60,0.20901584728583408
60,2103,177,62,7.966606529731543,60,0.21062344859044804
60,2103,177,68,3.9368564045691117,60,0.3996742845013221
60,2103,178,52,0.9803922458390159,52,0.623173119220079
60,2103,178,58,3.2150457206144454,58,0.28932713845635283
60,2103,178,59,6.4214384697979785,59,0.2866040155501156
60,2103,178,60,5.652782876235603,60,0.21578572540753507
60,2103,178,61,6.0367636636353685,60,0.29607084411953316
60,2103,178,62,5.833313449021271,60,0.30497687693155584
60,2103,178,68,3.2031281772220197,60,0.7517789488083751
60,2103,179,52,2.2904445467091237,52,0.5306300118512407
60,2103,179,58,10.034236529217543,58,0.3033286727118457
60,2103,179,59,15.716120598661876,59,0.25423282891077575
60,2103,179,60,14.342956280782298,60,0.25222890357098954
60,2103,179,61,10.18082233721899,60,0.2669058484838328
60,2103,179,62,8.718812156624098,60,0.3279415189883875
60,2103,179,68,2.0792767868557362,60,0.5902554337671901
60,2103,180,52,1.623006003712079,52,0.7314851939489295
60,2103,180,58,9.425681129106446,58,0.35781290126968807
60,2103,180,59,4.187968983834239,59,0.2606416061923653
60,2103,180,60,6.213520685673507,60,0.2432855607964068
60,2103,180,61,5.796330642588573,60,0.2602324865750329
60,2103,180,62,5.7554306127765935,60,0.26815555885885933
60,2103,180,68,2.35159154136052,60,0.6047174043778023
60,2103,181,52,1.3060116148950351,52,0.8166536866863666
60,2103,181,58,7.41269717672115,58,0.15756775494909517
60,2103,181,59,7.32346656508167,59,0.15560104259360086
60,2103,181,60,15.65454999792224,60,0.14012539884266906
60,2103,181,61,12.475224780920374,60,0.18241431011068002
60,2103,181,62,4.860946071988479,60,0.22627954395435748
60,2103,181,68,2.233795652279559,60,0.5822217146844121
60,2103,182,52,3.1678264279707826,52,0.6263765920894103
60,2103,182,58,2.2406019571940554,58,0.2938971534431171
60,2103,182,59,2.5984978573367377,59,0.1522958825150806
60,2103,182,60,33.473896698927945,60,0.11940857942653069
60,2103,182,61,8.070592610219675,60,0.31082326133146293
60,2103,182,62,8.263058510399647,60,0.3148117158864491
60,2103,182,68,3.08523014096802,60,0.5523486697630071
60,2103,183,52,1.0706444880018298,52,0.7275734516211603
60,2103,183,58,473.837272303781,58,0.04946202313590152
60,2103,183,59,532.0042916779793,59,0.04513704607336358
60,2103,183,60,571.0187324878048,60,0.04181572365234445
60,2103,183,61,38.51544937635408,60,0.0694089923978546
60,2103,183,62,37.46850349793023,60,0.08855144820105987
60,2103,183,68,2.6017313358784016,60,0.6824902978916264
60,2103,184,52,2.410203309839695,52,0.982488327803203
60,2103,184,58,26.3652182958457,58,0.1390753251800345
60,2103,184,59,20.32429951059916,59,0.13248148637141266
60,2103,184,60,255.7066691358831,60,0.047364860854161125
60,2103,184,61,32.651447387124406,60,0.13946635685639577
60,2103,184,62,32.674321052512134,60,0.14090051852116534
60,2103,184,68,9.30111934639535,60,0.4910138557910355
60,2103,185,52,1.300317898946866,52,0.6942695578631045
60,2103,185,58,2.9868788985089947,58,0.1839393232091867
60,2103,185,59,5.412081706331014,59,0.15733121444029025
60,2103,185,60,11.385785791158954,60,0.04002996802276627
60,2103,185,61,7.899455856439452,60,0.04488410031075667
60,2103,185,62,7.322686434849095,60,0.04809548458533194
60,2103,185,68,2.11915411448004,60,0.7918385337543009
60,2103,186,52,1.9025096552120369,52,0.5919719083818529
60,2103,186,58,14.16328365834003,58,0.12254911826252397
60,2103,186,59,13.249432614242545,59,0.102447540043551
60,2103,186,60,199.32194310359455,60,0.005943380133469494
60,2103,186,61,9.047816491824907,60,0.08746844411913637
60,2103,186,62,8.510187569834097,60,0.09035876310740171
60,2103,186,68,2.206531019714171,60,0.5446476389975273
60,2103,187,52,1.7251369580947629,52,0.5636569403079807
60,2103,187,58,4.692430019344355,58,0.17736501473149371
60,2103,187,59,3.694483237403183,59,0.16775735267527145
60,2103,187,60,16.5733008002589,60,0.04699704807568961
60,2103,187,61,6.05134256406864,60,0.09035146502190175
60,2103,187,62,5.089881961249824,60,0.15467735160813306
60,2103,187,68,2.7711220099730305,60,0.5369272257181656
60,2103,188,52,1.811779351008001,52,0.6501557074210912
60,2103,188,58,2.5186088310039536,58,0.48857040432601617
60,2103,188,59,3.5117230847159453,59,0.41721374063019523
60,2103,188,60,7.463066360025707,60,0.17998916249646432
60,2103,188,61,2.9434367122407514,60,0.38251877972347187
60,2103,188,62,2.918880886268755,60,0.3840358304743631
60,2103,188,68,1.8330872644884675,60,0.6564473967463944
60,2103,189,52,1.6066096850558504,52,0.73240399188167
60,2103,189,58,5.5662376069750445,58,0.17690806768607248
60,2103,189,59,5.4119398478340965,59,0.1543839986654096
60,2103,189,60,7.661949235543009,60,0.11654767893506522
60,2103,189,61,5.402599699012637,60,0.17542431189921512
60,2103,189,62,5.076004894721353,60,0.23807611491519826
60,2103,189,68,3.175718156409944,60,0.5337473025970451
60,2103,190,52,1.931400090159543,52,0.8005912961721231
60,2103,190,58,8.915013307905724,58,0.26738709007861294
60,2103,190,59,17.763709403226308,59,0.24603814090345777
60,2103,190,60,8988.949006820092,60,0.00384443555366061
60,2103,190,61,28.27236539145047,60,0.08835210669623025
60,2103,190,62,6.084089481417754,60,0.33038988986991824
60,2103,190,68,3.7300400111942986,60,0.8131093972471695
60,2103,191,52,1.2414288066983468,52,0.7621655922279459
60,2103,191,58,2.331359029241618,58,0.2037790432126384
60,2103,191,59,38.50977271402906,59,0.12081201326989421
60,2103,191,60,168.45036654493953,60,0.03985740525755423
60,2103,191,61,133.35434365207954,60,0.041449457827503915
60,2103,191,62,29.90643286064957,60,0.07936520927904914
60,2103,191,68,14.995725976332478,60,0.3101758266862316
60,2103,192,52,1.6600985278904543,52,0.8053767307613434
60,2103,192,58,7.400337584832988,58,0.22748985717262254
60,2103,192,59,4.801713645746724,59,0.16992701170035132
60,2103,192,60,457.764536791828,60,0.01503278438881922
60,2103,192,61,14.806984273765112,60,0.1118124007830725
60,2103,192,62,4.884877072512709,60,0.16919855662937183
60,2103,192,68,1.5756970149297984,60,0.7006584289880917
60,2103,193,52,3.0136235800696327,52,0.424986806779271
60,2103,193,58,2.3918880893425873,58,0.09559688647764158
60,2103,193,59,1.6496896741619305,59,0.0294397348435654
60,2103,193,60,43.63030195335926,60,0.022742420074178555
60,2103,193,61,21.187728183187513,60,0.03607211943676819
60,2103,193,62,2.8535593417944125,60,0.14049986983039886
60,2103,193,68,2.317201600708415,60,0.44813817597625405
60,2103,194,52,1.9018937814949728,52,0.6785586712154479
60,2103,194,58,5.142092108352616,58,0.359583266689932
60,2103,194,59,9.405787124550026,59,0.2935009167600957
60,2103,194,60,14.679611218744677,60,0.08306911798928093
60,2103,194,61,9.091355826457589,60,0.14481692093163653
60,2103,194,62,8.914584453513493,60,0.30089150026023126
60,2103,194,68,2.4110014230573222,60,0.6024512617448257
60,2103,195,52,1.2997433009738038,52,0.6127117370169353
60,2103,195,58,1.8901273583062086,58,0.3318228525117458
60,2103,195,59,3.202488774478705,59,0.2744102144902526
60,2103,195,60,2.5983681510624055,60,0.23238543227417457
60,2103,195,61,2.225812210372429,60,0.32669794759708976
60,2103,195,62,2.209158849047257,60,0.36451290971003586
60,2103,195,68,2.0652470556710742,60,0.5639436694286664
60,2103,196,52,1.298265787375297,52,0.761596074017569
60,2103,196,58,1.6978379446753535,58,0.3252732108675397
60,2103,196,59,1.906461095490482,59,0.12122945214695417
60,2103,196,60,1.493770069564111,60,0.1204763357304737
60,2103,196,61,1.5491191063317733,60,0.12846871236160715
60,2103,196,62,1.4548168985068473,60,0.14983762095108308
60,2103,196,68,2.1477606648952197,60,0.46744002275022434
60,2103,197,52,2.5985126044501983,52,0.7173460001772791
60,2103,197,58,7.535501506955547,58,0.12575768420737896
60,2103,197,59,10.652813542883887,59,0.04651022827963945
60,2103,197,60,20.615949468551783,60,0.0308148321918805
60,2103,197,61,5.2699637070791425,60,0.06261332208808784
60,2103,197,62,5.322087342595099,60,0.19033048685661277
60,2103,197,68,1.9658207941012016,60,0.5029075296182736
60,2103,198,52,0.872124370601006,52,0.7420708929520803
60,2103,198,58,24.362753001656323,58,0.12461530336350285
60,2103,198,59,61.92159888849713,59,0.08047420147835405
60,2103,198,60,61.68947569601007,60,0.0804690427550658
60,2103,198,61,10.317973017619718,60,0.15609414807571134
60,2103,198,62,10.325102061682168,60,0.17730047993625248
60,2103,198,68,4.313281562325205,60,0.6379259954829422
60,2103,199,52,3.181119397544358,52,0.6173855667909888
60,2103,199,58,4.7793333709477075,58,0.15270506511014742
60,2103,199,59,24.39547469580329,59,0.1417414665346207
60,2103,199,60,70.28366458301514,60,0.04100911595408915
60,2103,199,61,25.51578501248825,60,0.1989623020982521
60,2103,199,62,23.858533508734336,60,0.20132971273486377
60,2103,199,68,4.797904173934038,60,0.6890372860184093
60,2103,200,52,1.7337168121997164,52,0.6630233258951649
60,2103,200,58,7.729087239632994,58,0.3572296338897427
60,2103,200,59,9.361792575173306,59,0.17981639603247015
60,2103,200,60,94.1232480638232,60,0.09690009587068563
60,2103,200,61,47.615372542205336,60,0.12256168946999493
60,2103,200,62,37.59983991487124,60,0.13015357322825458
60,2103,200,68,3.942879611657072,60,0.4180281509270882
60,2103,201,52,1.4918971827413603,52,0.7251173755608151
60,2103,201,58,14.174910521460411,58,0.2382626191423587
60,2103,201,59,6.504887829799388,59,0.12839298425370385
60,2103,201,60,403.06755320034256,60,0.06377340512839852
60,2103,201,61,226.09629653771344,60,0.07638182436500339
60,2103,201,62,117.1157857833796,60,0.11852068729946892
60,2103,201,68,4.241375781749731,60,0.679886080786987
60,2103,202,52,1.2480636090699662,52,0.6087519184708299
60,2103,202,58,2.4682154797175726,58,0.49260195165147613
60,2103,202,59,4.007597457631455,59,0.4467525592324288
60,2103,202,60,4.48979544714576,60,0.4311635156895408
60,2103,202,61,4.353827532571271,60,0.4498402139932677
60,2103,202,62,3.7626860601133343,60,0.4535615288669331
60,2103,202,68,2.344598102234208,60,0.6644857535987874
60,2103,203,52,1.2548359655031343,52,0.7727163639542016
60,2103,203,58,2.742978124671657,58,0.1901180350386607
60,2103,203,59,3.611278710176749,59,0.13352184555063637
60,2103,203,60,36268610.25312502,60,0.00020523099173197455
60,2103,203,61,11.654005458101112,60,0.24194542296013247
60,2103,203,62,5.588809445309783,60,0.24346693410529613
60,2103,203,68,4.821687285174062,60,0.4439486049536401
60,2103,204,52,1.7559408240938426,52,0.6315249836483326
60,2103,204,58,17.63365840662145,58,0.2548934627104568
60,2103,204,59,18.060003981238562,59,0.2433111209141137
60,2103,204,60,107.62728701378441,60,0.019058862811500914
60,2103,204,61,14.036336144443501,60,0.09209546385955378
60,2103,204,62,13.510585330755442,60,0.19124492318817327
60,2103,204,68,10.066848438655567,60,0.5727672173750762
60,2103,205,52,2.42226467698246,52,0.44350196483173665
60,2103,205,58,24.96051464488279,58,0.13952377206982935
60,2103,205,59,46.614389415542675,59,0.1388360113787834
60,2103,205,60,291.0167951530662,60,0.020169462915556366
60,2103,205,61,32.62862319074755,60,0.1582948283911055
60,2103,205,62,18.022239396876422,60,0.17005667415975942
60,2103,205,68,4.252704799539404,60,0.5481618419704611
60,2103,206,52,1.113451985407628,52,0.6789694832458698
60,2103,206,58,1.4877919053236301,58,0.19602755650763565
60,2103,206,59,3.9579887150745847,59,0.19571989385014074
60,2103,206,60,12.143106998014332,60,0.14277463898594903
60,2103,206,61,5.529521062612278,60,0.18628154707488612
60,2103,206,62,5.129997726302723,60,0.32472915026017146
60,2103,206,68,3.5040871320271125,60,0.5746755393875587
60,2103,207,52,1.848445337828136,52,0.546670619661753
60,2103,207,58,5.4470397029320905,58,0.1712258598742653
60,2103,207,59,23.071596280588135,59,0.10333704340167738
60,2103,207,60,25.282998059060017,60,0.09760716588578067
60,2103,207,61,8.776062142340116,60,0.15382367749355724
60,2103,207,62,2.855488272249202,60,0.1898955746931186
60,2103,207,68,2.05183964023004,60,0.8575052189178208
60,2103,208,52,1.9207054591289785,52,0.7136524454044864
60,2103,208,58,1.7821602274259267,58,0.2179540127533055
60,2103,208,59,1.7162293117192768,59,0.12636196035112285
60,2103,208,60,22.19117403233389,60,0.07321443119325044
60,2103,208,61,21.827737266664045,60,0.0734367824240112
60,2103,208,62,5.016119626911025,60,0.1645645539055066
60,2103,208,68,1.4085678621304973,60,0.7110659181848207
60,2103,209,52,2.035248969493537,52,0.5962249737418358
60,2103,209,58,8.83760805480936,58,0.24212761355633386
60,2103,209,59,9.568340572066576,59,0.07808476883082978
60,2103,209,60,11.728829147514116,60,0.07227885051792399
60,2103,209,61,7.363046081659939,60,0.292521719445124
60,2103,209,62,5.899396769309318,60,0.3111258617801427
60,2103,209,68,3.143675605440343,60,0.6943904441427015
60,2103,210,52,1.6141763212967997,52,0.5751708301419303
60,2103,210,58,14.2639730951365,58,0.08704968516910525
60,2103,210,59,4.63856990519742,59,0.06736296446137682
60,2103,210,60,242.60320114564382,60,0.04692803704741763
60,2103,210,61,101.799488874364,60,0.08571618657579731
60,2103,210,62,6.201517562684218,60,0.22426235000643172
60,2103,210,68,2.812917071579758,60,0.6226136088932557
60,2103,211,52,1.5288311277876208,52,0.5615960140338034
60,2103,211,58,5.571654621626754,58,0.21678413882972938
60,2103,211,59,6.793933263708862,59,0.17766349946621512
60,2103,211,60,6.342759159654225,60,0.09415493626382311
60,2103,211,61,5.219689361984288,60,0.11675256612344144
60,2103,211,62,4.9226882485402585,60,0.16749691308114675
60,2103,211,68,2.9552778970235174,60,0.5575446737925623
60,2103,212,52,18.123291460419424,52,0.34923959528627035
60,2103,212,58,26.321951970823417,58,0.14689298103804913
60,2103,212,59,10.727371588829302,59,0.09456532487927449
60,2103,212,60,741.9020902996384,60,0.024448482350757913
60,2103,212,61,17.00700567144767,60,0.12607614715890664
60,2103,212,62,16.935465862402555,60,0.15429018208631212
60,2103,212,68,3.4886614720801576,60,0.5541794772835218
60,2103,213,52,1.755918156476277,52,0.4023564596139645
60,2103,213,58,5.1250666328200065,58,0.21530554135087823
60,2103,213,59,6.965630526232804,59,0.15612246523270487
60,2103,213,60,521.7049389459056,60,0.023455177608228496
60,2103,213,61,459.5927815209079,60,0.024597096322473682
60,2103,213,62,4.027341713515895,60,0.20324354838416103
60,2103,213,68,2.4527131464819587,60,0.47980417589810775
60,2103,214,52,1.5145237856484426,52,0.7935517762743646
60,2103,214,58,5.270236174100183,58,0.21483557005252024
60,2103,214,59,63.07212566082976,59,0.046016376477303916
60,2103,214,60,798.6230043738482,60,0.0068519821666316255
60,2103,214,61,12.052817976619167,60,0.10732967039830257
60,2103,214,62,10.385978559114056,60,0.11765313078071099
60,2103,214,68,1.8275427559312605,60,0.6654940750993562
60,2103,215,52,3.5665944473595315,52,0.6520288105770635
60,2103,215,58,9.015309239066603,58,0.25448242084877565
60,2103,215,59,8.702748302544808,59,0.22513882998735157
60,2103,215,60,155.16381191763432,60,0.04431176064536304
60,2103,215,61,78.57575767459673,60,0.06403888198907065
60,2103,215,62,31.786457403888182,60,0.09345365569766477
60,2103,215,68,4.9396534817706295,60,0.6270524847121752
60,2103,216,52,6.976354553752414,52,0.7076668241301358
60,2103,216,58,4.191724395986514,58,0.21233008985386254
60,2103,216,59,7.493341674386748,59,0.1953567990715632
60,2103,216,60,6.969114747945935,60,0.16276770577874372
60,2103,216,61,5.899944484312571,60,0.16458990868948692
60,2103,216,62,5.0568521043015995,60,0.3135780423502092
60,2103,216,68,4.332863343795105,60,0.682765095977934
60,2103,217,52,4.219530251026633,52,0.4208193395725303
60,2103,217,58,9.21982350085615,58,0.2123742906616644
60,2103,217,59,11.220291529294792,59,0.21230763390041718
60,2103,217,60,36.56853442057352,60,0.05101842000353852
60,2103,217,61,15.52768376876378,60,0.12731746215595177
60,2103,217,62,10.256447111570434,60,0.22531695201352847
60,2103,217,68,2.6179381672557698,60,0.6560031035404791
60,2103,218,52,1.5326468089388932,52,0.6963607984057073
60,2103,218,58,10.122505928086605,58,0.18701712481457078
60,2103,218,59,8.106966180105731,59,0.11469117254800586
60,2103,218,60,131.44496683991264,60,0.044474858661802515
60,2103,218,61,9.18838961917846,60,0.14762068871998849
60,2103,218,62,5.102571749165551,60,0.22867753470154628
60,2103,218,68,3.5926942177012426,60,0.43937179798962384
60,2103,219,52,2.686093940958406,52,0.8185766344275652
60,2103,219,58,3.7662881269722974,58,0.16248451492422042
60,2103,219,59,15.1670999205762,59,0.09889350797712357
60,2103,219,60,7.677792589965867,60,0.07524094209436587
60,2103,219,61,4.5430691401239915,60,0.19334364697389192
60,2103,219,62,4.163165996563851,60,0.24862236782371208
60,2103,219,68,2.6582705126930093,60,0.735933395536806
60,2103,220,52,3.038278916128176,52,0.5457335704789118
60,2103,220,58,1.8961917503144827,58,0.34419350063016013
60,2103,220,59,7.76785415079536,59,0.1741631175724034
60,2103,220,60,9.34191082995036,60,0.08787708223126897
60,2103,220,61,8.98161813756122,60,0.1821387480874573
60,2103,220,62,1.7918133231228113,60,0.36381351190486066
60,2103,220,68,1.986506159112904,60,1.063382113257666
60,2103,221,52,2.902000716851844,52,0.7489415539089671
60,2103,221,58,3.200981363621637,58,0.2763168305919993
60,2103,221,59,5.9919330041629,59,0.27461109587999216
60,2103,221,60,3.637032579196994,60,0.20716032254691732
60,2103,221,61,3.6246194476586884,60,0.2795904204947364
60,2103,221,62,3.57420932836396,60,0.2919920591229387
60,2103,221,68,2.9482395361809184,60,0.4447476773431045
60,2103,222,52,3.623133800285224,52,0.4781963147074722
60,2103,222,58,3.8009374618429175,58,0.2552760413916694
60,2103,222,59,3.7768095274949522,59,0.229070123570287
60,2103,222,60,3.53717811627824,60,0.19885247032670925
60,2103,222,61,3.669081603689925,60,0.20594679352891782
60,2103,222,62,4.049722365571197,60,0.2923787752026321
60,2103,222,68,2.4583272340616182,60,0.4931814294006247
60,2103,223,52,2.4833286835787582,52,0.7145104314975478
60,2103,223,58,8.271870904861034,58,0.09973300434572058
60,2103,223,59,13.146836748807843,59,0.0950113383322754
60,2103,223,60,797.8779795640883,60,0.02327634870013094
60,2103,223,61,25.15503052747256,60,0.11427543188260565
60,2103,223,62,23.48277894876462,60,0.11504111970114395
60,2103,223,68,2.113443089397496,60,0.8154523952619579
60,2103,224,52,1.8975145479901292,52,0.7292894696529556
60,2103,224,58,5.441967814454976,58,0.45995530557319875
60,2103,224,59,6.072463242431754,59,0.40865190650731587
60,2103,224,60,30.591973456877984,60,0.19332422830306495
60,2103,224,61,16.38862713527897,60,0.34234161084073955
60,2103,224,62,12.514856769841177,60,0.36438822689082606
60,2103,224,68,3.3140880846511345,60,0.725844848089853
60,2103,225,52,2.0639189185828113,52,0.45251968683885085
60,2103,225,58,3.5703135088946976,58,0.2092986834617547
60,2103,225,59,4.87728600097952,59,0.20689232537412858
60,2103,225,60,115.15608992557956,60,0.0947072922440816
60,2103,225,61,104.1597365301667,60,0.10469258179546403
60,2103,225,62,80.98093016610743,60,0.11739136952627846
60,2103,225,68,3.224457115760521,60,0.5931822683531547
60,2103,226,52,1.391985027947508,52,0.5554860940777194
60,2103,226,58,1.7021094472517133,58,0.17510978748759665
60,2103,226,59,3.4622076952690644,59,0.17505587080892707
60,2103,226,60,2.9076888551787183,60,0.13775670460801476
60,2103,226,61,2.6404535095610773,60,0.15785193217591417
60,2103,226,62,2.2426018952212323,60,0.305538319658762
60,2103,226,68,2.7752257094833523,60,0.6644948845587803
60,2103,227,52,1.1601720262948358,52,0.9854670382737165
60,2103,227,58,27.213774443357828,58,0.1382271959184992
60,2103,227,59,27.700187590315956,59,0.12447127507425954
60,2103,227,60,63.052971523937636,60,0.03307975431672831
60,2103,227,61,3.957369320596132,60,0.07863494902397053
60,2103,227,62,2.9261559362154252,60,0.0862782817545343
60,2103,227,68,2.3353553401804588,60,0.8606481485751978
60,2103,228,52,2.4736482518435734,52,0.5227445902360164
60,2103,228,58,35.76465344759159,58,0.1217705465845568
60,2103,228,59,37.40910684266932,59,0.064899300549882
60,2103,228,60,44.207205345726614,60,0.06356212119122805
60,2103,228,61,15.025511751595532,60,0.1316141314028897
60,2103,228,62,10.354356172195734,60,0.19946513510762262
60,2103,228,68,2.8081040989379424,60,0.7664410688812057
60,2103,229,52,1.700725078821059,52,0.6256239921865446
60,2103,229,58,16.88427913512399,58,0.37078898413284495
60,2103,229,59,18.384150228445677,59,0.1867171718103214
60,2103,229,60,81.38712075290339,60,0.08972376060242807
60,2103,229,61,42.61145302854086,60,0.16575454554426305
60,2103,229,62,42.7139577275043,60,0.17423915301241139
60,2103,229,68,9.919576899798422,60,0.43390923094812184
60,2103,230,52,2.013098838344951,52,0.5909720442471073
60,2103,230,58,5.461243459275653,58,0.19581115777945038
60,2103,230,59,16.53158126833866,59,0.19231402187476201
60,2103,230,60,230.6396016895161,60,0.011789538665288554
60,2103,230,61,13.405194010968446,60,0.1610996372847015
60,2103,230,62,12.703235936510284,60,0.1638963327249351
60,2103,230,68,2.7445511958845468,60,0.6485454315601762
60,2103,231,52,0.9493618606793554,52,0.7994329148642658
60,2103,231,58,3.6062719442365787,58,0.18807244289815997
60,2103,231,59,75.93385454601545,59,0.11040883202878021
60,2103,231,60,152.92837665624367,60,0.09026317850459326
60,2103,231,61,13.953712841059826,60,0.2592451848256101
60,2103,231,62,8.4442823033773,60,0.3595062055576816
60,2103,231,68,2.4192376901395356,60,0.7380554245683422
60,2103,232,52,0.9555313642753518,52,0.6290052850850117
60,2103,232,58,8.967877812505291,58,0.23403965149173192
60,2103,232,59,8.57371479573556,59,0.1557449046633922
60,2103,232,60,690.2205543818344,60,0.03005196850579681
60,2103,232,61,339.30143366790503,60,0.044642480197151585
60,2103,232,62,77.71891521889734,60,0.08203035166850818
60,2103,232,68,3.249791991579326,60,0.4848323674552537
60,2103,233,52,3.13700720454502,52,0.4187560071767713
60,2103,233,58,5.69722172799917,58,0.19372463727569975
60,2103,233,59,6.929786561780607,59,0.17442871713036925
60,2103,233,60,6.758847091780901,60,0.13950000381180339
60,2103,233,61,6.351401457803631,60,0.1771256427726327
60,2103,233,62,5.586541295590994,60,0.2474666407746283
60,2103,233,68,2.3311330525315097,60,0.7741917480240749
60,2103,234,52,0.9684958399566852,52,0.6162265887987535
60,2103,234,58,3.447144430743186,58,0.2763815223689728
60,2103,234,59,3.6178737947963895,59,0.21464901122736882
60,2103,234,60,7.576037112540503,60,0.16822494325715867
60,2103,234,61,3.452359226178011,60,0.2182933751352171
60,2103,234,62,1.9876992160335685,60,0.22859959866473706
60,2103,234,68,1.7611177671150553,60,0.7296173009341966
60,2103,235,52,2.920169433464628,52,0.6791312075430365
60,2103,235,58,9.988213967714648,58,0.2398587294247615
60,2103,235,59,17.302483619956856,59,0.0895762183196955
60,2103,235,60,72.404769032986,60,0.08558364084940769
60,2103,235,61,71.88634182255197,60,0.09348577197523426
60,2103,235,62,20.70728686055495,60,0.15081724536665958
60,2103,235,68,4.003248883221006,60,0.9842834241494567
60,2103,236,52,1.9765880862074103,52,0.8288285198183649
60,2103,236,58,6.109835305225429,58,0.26811031718940287
60,2103,236,59,8.254743631745916,59,0.18922083685308316
60,2103,236,60,29.887159255344358,60,0.05951132348876549
60,2103,236,61,11.116018625930662,60,0.17720373418419288
60,2103,236,62,7.777965629152175,60,0.32997893326702543
60,2103,236,68,4.362278770335271,60,0.6949293587130597
60,2103,237,52,1.1521246327846688,52,0.539931597249368
60,2103,237,58,6.4601164878012165,58,0.16070836915703976
60,2103,237,59,6.440467482911469,59,0.143518901607903
60,2103,237,60,14.121041926440881,60,0.03457395049421321
60,2103,237,61,5.247448638143369,60,0.0891915358788942
60,2103,237,62,4.769094248025644,60,0.15808097151178047
60,2103,237,68,1.6255331337982737,60,0.7819897744421459
60,2103,238,52,2.436884336047123,52,0.6736907985153218
60,2103,238,58,8.191924458264971,58,0.29545928259206905
60,2103,238,59,8.89298745127165,59,0.29388601218717836
60,2103,238,60,12.938579638874057,60,0.19821200897900573
60,2103,238,61,12.617332772627607,60,0.19828355505566347
60,2103,238,62,7.388591869505821,60,0.2827553052182912
60,2103,238,68,4.109684940593218,60,0.5443156889326451
60,2103,239,52,1.1419697637453936,52,0.6312093304917884
60,2103,239,58,5.862945003975267,58,0.34841191476359074
60,2103,239,59,6.354050678264168,59,0.20013118370216484
60,2103,239,60,46.642076295233856,60,0.10150990742876259
60,2103,239,61,39.616391543379564,60,0.11627236199363221
60,2103,239,62,32.06428284068079,60,0.13823060459476114
60,2103,239,68,2.9148554348409856,60,0.8446505482572781
60,2103,240,52,1.1397005180966069,52,0.5840067210915134
60,2103,240,58,2.8708443918837174,58,0.2143323876182212
60,2103,240,59,2.87092312275488,59,0.2133946208485846
60,2103,240,60,2.4972586246372663,60,0.17454865457268137
60,2103,240,61,2.127547991636673,60,0.2638729850708815
60,2103,240,62,1.9722051374382177,60,0.2681448662008136
60,2103,240,68,2.387589401999998,60,0.6374329856363208
60,2103,241,52,1.5328391715449927,52,0.597565586251393
60,2103,241,58,37.906663088455986,58,0.23277868555055933
60,2103,241,59,62.400729800241265,59,0.1739264964277548
60,2103,241,60,578.1995650137657,60,0.004020699401329817
60,2103,241,61,38.9217386651873,60,0.09129326418930281
60,2103,241,62,18.950276853096767,60,0.09135181380542526
60,2103,241,68,3.477876500435017,60,0.8317797061317264
60,2103,242,52,1.3028370576571393,52,0.8083843974601057
60,2103,242,58,14.124990577683082,58,0.1593692192798899
60,2103,242,59,80.59328894541952,59,0.12823869774359842
60,2103,242,60,51.17754977668532,60,0.06118331402007727
60,2103,242,61,30.65877918932457,60,0.097041044022123
60,2103,242,62,24.69737885341634,60,0.1026400969484169
60,2103,242,68,2.2426246985884486,60,0.5759298653723002
60,2103,243,52,2.0658767797926574,52,0.8583206547358272
60,2103,243,58,4.897874124386954,58,0.2471491717734892
60,2103,243,59,3.148012808699519,59,0.2462468716091465
60,2103,243,60,5.194631939442974,60,0.16394292841101965
60,2103,243,61,5.234691671808709,60,0.16814453059508797
60,2103,243,62,5.212674891876769,60,0.17035161131239557
60,2103,243,68,2.4128100374892187,60,0.7762984758685103
60,2103,244,52,1.5510208108928294,52,0.6592285844621244
60,2103,244,58,705.7557741642623,58,0.014135858074694186
60,2103,244,59,63.97466003325305,59,0.009414834517686693
60,2103,244,60,2391.1602069073065,60,0.0052027123116500954
60,2103,244,61,3.7134258034944447,60,0.10023637691815447
60,2103,244,62,2.359982315561971,60,0.2131774875508967
60,2103,244,68,1.9732032931374528,60,0.5102042740483269
60,2103,245,52,1.6422397590773752,52,0.7099032349003576
60,2103,245,58,1.8269855632548575,58,0.12820498200461475
60,2103,245,59,6.7561463620008455,59,0.09556681292836287
60,2103,245,60,98.28727518236305,60,0.06801366811871881
60,2103,245,61,10.256150384151036,60,0.21392858611049465
60,2103,245,62,4.883175575733114,60,0.33820393488941186
60,2103,245,68,3.246721955596754,60,0.5076375087661
60,2103,246,52,1.9196603840428585,52,0.6379777095487434
60,2103,246,58,16.451730475712665,58,0.33083168942211516
60,2103,246,59,42.351046865947396,59,0.14339542865884314
60,2103,246,60,40.907843209882905,60,0.08603506909471868
60,2103,246,61,26.21497996489296,60,0.14244821111403005
60,2103,246,62,18.35808166708489,60,0.17285885571608972
60,2103,246,68,3.552899075639235,60,0.5512652555616323
60,2103,247,52,2.8421670005904414,52,0.6878095308709126
60,2103,247,58,3.6991717607168857,58,0.23323167326540367
60,2103,247,59,11.261144572285112,59,0.23045258281669787
60,2103,247,60,7.054044236243865,60,0.22533912825591393
60,2103,247,61,4.3512195503652995,60,0.24038849834142578
60,2103,247,62,4.078467254318845,60,0.2630828067109301
60,2103,247,68,3.302817244785483,60,0.7032015592536617
60,2103,248,52,1.231069345859833,52,0.5183708412910264
60,2103,248,58,5.3496140169841135,58,0.25250528174141373
60,2103,248,59,4.723862212290163,59,0.20489645012929042
60,2103,248,60,2.1039465586328188,60,0.12672019521964886
60,2103,248,61,1.8491340657676356,60,0.16214209651648892
60,2103,248,62,1.6228707063974455,60,0.20835185508156168
60,2103,248,68,2.6454363473174385,60,0.45167261259439656
60,2103,249,52,1.6466423658492322,52,0.9559919401058098
60,2103,249,58,2.4750606388533134,58,0.20272808787261684
60,2103,249,59,2.2616773092839253,59,0.19740085631374424
60,2103,249,60,34.73269288390431,60,0.06195294209250184
60,2103,249,61,5.683601267918141,60,0.16689073416805442
60,2103,249,62,5.549846447773252,60,0.16769930857535056
60,2103,249,68,2.126405397113319,60,0.6169096817679182
60,2103,250,52,1.0565697699759746,52,0.6476514278851554
60,2103,250,58,1.7390620891063477,58,0.3457244311177102
60,2103,250,59,1.8105241473128573,59,0.3257958474500741
60,2103,250,60,10.38361666929908,60,0.06748643141676901
60,2103,250,61,3.24554294953729,60,0.10893935666211256
60,2103,250,62,1.7466841391781789,60,0.2872407574792817
60,2103,250,68,1.270938316339712,60,0.6571091595791799
60,2103,251,52,1.3782891007808766,52,0.6637693016386405
60,2103,251,58,20.19337175583739,58,0.15420215424192282
60,2103,251,59,18.740313495911025,59,0.054734545222770485
60,2103,251,60,48.580084514864616,60,0.038193450724703946
60,2103,251,61,14.012095003521534,60,0.08819075995684654
60,2103,251,62,5.240813923197396,60,0.19872192200344807
60,2103,251,68,3.7499741726832636,60,0.32726538859369514
60,2103,252,52,1.4192960426682795,52,0.699024187351591
60,2103,252,58,8.754352763520862,58,0.34955555327092136
60,2103,252,59,9.344863542690899,59,0.15910067568089833
60,2103,252,60,165.94807815542393,60,0.037316326907920735
60,2103,252,61,42.255924363550264,60,0.09499064363831516
60,2103,252,62,5.016458400841171,60,0.26043758651051313
60,2103,252,68,2.69620793364871,60,0.5188828073855426
60,2103,253,52,2.6721422089808207,52,0.7910814221543705
60,2103,253,58,5.9419185017585665,58,0.2620381170376318
60,2103,253,59,62.32585076509856,59,0.1770844853958504
60,2103,253,60,51.83360212995085,60,0.052397905089323404
60,2103,253,61,14.578394209154803,60,0.17213448575627946
60,2103,253,62,12.891381072107874,60,0.20047898078559304
60,2103,253,68,5.428544078104146,60,0.42693007921623694
60,2103,254,52,4.0953772131802175,52,0.6334402279148018
60,2103,254,58,9.153524320301436,58,0.30265140785918654
60,2103,254,59,23.861421333933432,59,0.23931123474197655
60,2103,254,60,23.859779018878456,60,0.2074217782096412
60,2103,254,61,23.788096441756277,60,0.20742461878720866
60,2103,254,62,15.467194081036046,60,0.22209333033765846
60,2103,254,68,3.573462600615035,60,0.6585123085046328
60,2103,255,52,4.9369819378647986,52,0.786500659079135
60,2103,255,58,5.962454570029464,58,0.1541955277113578
60,2103,255,59,9.12992977206568,59,0.1251806515091084
60,2103,255,60,12.114808685955364,60,0.09376068151016197
60,2103,255,61,10.127459545978994,60,0.14613455920031201
60,2103,255,62,9.786979846958067,60,0.15007448977234877
60,2103,255,68,4.172310989714714,60,0.49745381038512887
60,2103,256,52,1.2371399214287289,52,0.5488697715693621
60,2103,256,58,30.56123072954642,58,0.20977247954382908
60,2103,256,59,720.3654903202751,59,0.006810661866626621
60,2103,256,60,5924.07771740119,60,0.005591635030679519
60,2103,256,61,63.29249160088113,60,0.20642260696905743
60,2103,256,62,37.27680529252072,60,0.25147145219500744
60,2103,256,68,6.250901446700031,60,0.6531452639111756
60,2103,257,52,1.4267533456210462,52,0.6613047206832465
60,2103,257,58,3.3025702707786557,58,0.34712936059269567
60,2103,257,59,5.87846915674614,59,0.1799780698437845
60,2103,257,60,29.426670071381547,60,0.060448737989667746
60,2103,257,61,7.344098719443466,60,0.13836627162773132
60,2103,257,62,4.540832365425448,60,0.2156574129331617
60,2103,257,68,3.227513369721578,60,0.33798058952758364
60,2103,258,52,1.042485749286038,52,1.049187727121373
60,2103,258,58,7.296721759844214,58,0.40594264652649825
60,2103,258,59,17.803577859223573,59,0.2943673161536799
60,2103,258,60,46.09997572799738,60,0.10664945648797643
60,2103,258,61,30.949034848105658,60,0.10688168064096727
60,2103,258,62,15.644861038338341,60,0.21798186385329196
60,2103,258,68,3.1666313580368626,60,0.693169193993177
60,2103,259,52,2.029370389518907,52,0.530968735770119
60,2103,259,58,12.321119002669478,58,0.3060831395689038
60,2103,259,59,56.62691531414361,59,0.1430962156178645
60,2103,259,60,207.05703524980316,60,0.06822987591876788
60,2103,259,61,8.752731590935479,60,0.12699532605972938
60,2103,259,62,7.169986498450993,60,0.16607792993196502
60,2103,259,68,3.8921175389956564,60,0.6432686311040721
60,2103,260,52,2.9828212172894233,52,0.5389534246442297
60,2103,260,58,21.604598485936165,58,0.2140898431336197
60,2103,260,59,20.478293803357104,59,0.1330233813595604
60,2103,260,60,19.53305011651651,60,0.1294841190491887
60,2103,260,61,19.47292199191005,60,0.2301824553806109
60,2103,260,62,16.577063638284816,60,0.28087946270447905
60,2103,260,68,3.7155212932493407,60,0.5373915421831907
60,2103,261,52,1.120477684573685,52,0.5280980882747934
60,2103,261,58,3.6806485783099303,58,0.1374538520644621
60,2103,261,59,3.860907707694337,59,0.08571631848415881
60,2103,261,60,36.435146147381104,60,0.08346857535261021
60,2103,261,61,33.004290537938665,60,0.08387475308854805
60,2103,261,62,32.622838771963536,60,0.148669474313545
60,2103,261,68,2.8387712829192564,60,0.7161388124282705
60,2103,262,52,5.943928621070332,52,0.3876765490312933
60,2103,262,58,27.264932943493655,58,0.08188884608277142
60,2103,262,59,26.84264132516014,59,0.08188822633112013
60,2103,262,60,646.918158431863,60,0.013995627777911374
60,2103,262,61,8.304850113082495,60,0.10030060120938317
60,2103,262,62,5.847489407271578,60,0.13108255990794013
60,2103,262,68,3.135252948051814,60,0.6137802059829667
60,2103,263,52,2.0640865975451534,52,0.37672073594847033
60,2103,263,58,56.13587931029505,58,0.07243752354545246
60,2103,263,59,123.45445803157716,59,0.032223966453949794
60,2103,263,60,532.5045003752615,60,0.028340118011516587
60,2103,263,61,478.0422048097782,60,0.028340219879719145
60,2103,263,62,5.811347333444303,60,0.2959026164841583
60,2103,263,68,2.30598699146615,60,0.5759662590017621
60,2103,264,52,3.2385085971555125,52,0.7108055716569331
60,2103,264,58,16.065460126385744,58,0.16931228589185357
60,2103,264,59,16.45714021072835,59,0.13168671145846872
60,2103,264,60,26.426065806135327,60,0.0633135211161
60,2103,264,61,15.797176661752161,60,0.09095270129914547
60,2103,264,62,15.66951794881047,60,0.09909642028308824
60,2103,264,68,3.8896588553911475,60,0.6174660503509578
60,2103,265,52,2.1423764498350524,52,0.7395377958820123
60,2103,265,58,707.5805656091428,58,0.03767808929952376
60,2103,265,59,990.8184907542026,59,0.036465827908018396
60,2103,265,60,580.3531212534815,60,0.015997503450708057
60,2103,265,61,19.89605837124684,60,0.10580802770117914
60,2103,265,62,15.126937962068272,60,0.21822705381796306
60,2103,265,68,5.429923970704051,60,0.5639392369306039
60,2103,266,52,5.797117212555506,52,0.55352564605935
60,2103,266,58,33.94133748366112,58,0.1451357998486778
60,2103,266,59,82.49846943529893,59,0.08696468014253426
60,2103,266,60,67.40559999225394,60,0.08095559895686161
60,2103,266,61,11.18438355027184,60,0.17532660653671062
60,2103,266,62,9.825882483651224,60,0.21697029613556715
60,2103,266,68,6.202565635120509,60,0.7616132929709167
60,2103,267,52,1.202899316612618,52,0.7907664933763633
60,2103,267,58,11.644996161534896,58,0.23169452611350239
60,2103,267,59,10.052906215228381,59,0.2311040185636695
60,2103,267,60,7.273486528949907,60,0.10795626954031295
60,2103,267,61,7.34409922184858,60,0.10799265167570084
60,2103,267,62,5.435987763429129,60,0.1635324236813378
60,2103,267,68,3.134985599307009,60,0.678403712519716
60,2103,268,52,2.590398205896553,52,0.4112815296376312
60,2103,268,58,270.9601961749738,58,0.05727942569985994
60,2103,268,59,604.2007981774369,59,0.0325607867126512
60,2103,268,60,1924.5324076979364,60,0.022600338703777957
60,2103,268,61,43.063786309768716,60,0.06653964772174653
60,2103,268,62,6.263420300945643,60,0.2213207320593523
60,2103,268,68,1.5500164390448725,60,0.5823980752836179
60,2103,269,52,1.7439641103554981,52,0.6566777476220079
60,2103,269,58,7.60338726109883,58,0.1544673953728157
60,2103,269,59,6.617551815471051,59,0.11082593606397219
60,2103,269,60,7474.087937417336,60,0.005131361029942006
60,2103,269,61,438.8320002591614,60,0.022679943316873324
60,2103,269,62,2.4051701741188554,60,0.2610159979399019
60,2103,269,68,2.810892669120544,60,0.7826333193590718
60,2103,270,52,1.31453772714835,52,0.8361278857704004
60,2103,270,58,2.4168636365867386,58,0.2857360590951226
60,2103,270,59,2.4503333913231953,59,0.2857307705828829
60,2103,270,60,76.16576674565975,60,0.03335096272883526
60,2103,270,61,29.218508937716585,60,0.05695854294365548
60,2103,270,62,18.6494057059049,60,0.08138641934974125
60,2103,270,68,1.8378822489660442,60,0.5594535468805751
60,2103,271,52,1.659448531852417,52,0.5588218959979583
60,2103,271,58,4.127043148129944,58,0.2673499369814797
60,2103,271,59,3.753804670004354,59,0.26567388328368907
60,2103,271,60,178.22750845274211,60,0.0598408377525374
60,2103,271,61,81.13692962095402,60,0.08861798976043772
60,2103,271,62,59.830578811006056,60,0.09749951055805148
60,2103,271,68,3.503326882524446,60,0.7178484718508653
60,2103,272,52,1.072897573159987,52,0.77236644815988
60,2103,272,58,1.5079334871422534,58,0.3460089717941218
60,2103,272,59,1.9168493029843725,59,0.2559847575549226
60,2103,272,60,10.422213924520292,60,0.12896633686423717
60,2103,272,61,9.4265925864751,60,0.15191768096293076
60,2103,272,62,2.5920572949239684,60,0.31524758141528064
60,2103,272,68,2.069916496656769,60,0.7061182967800222
60,2103,273,52,1.0315174989475664,52,0.6285461598926393
60,2103,273,58,2.281670877195037,58,0.23718654302680234
60,2103,273,59,3.2040374368736755,59,0.07342658014067659
60,2103,273,60,157.36099645409809,60,0.05006654243337907
60,2103,273,61,32.34295620890582,60,0.1259541348325988
60,2103,273,62,31.140149203726256,60,0.12789603170866115
60,2103,273,68,2.9265171624405557,60,0.7169622421417963
60,2103,274,52,1.3726290732192266,52,0.6678130258191882
60,2103,274,58,15.70787613631649,58,0.2657942597439044
60,2103,274,59,23.312573549410963,59,0.24169460069165388
60,2103,274,60,104.82472341566121,60,0.0813477424582425
60,2103,274,61,30.35813534034624,60,0.1707709971010705
60,2103,274,62,10.807037243757192,60,0.3470772020076472
60,2103,274,68,5.382049435528192,60,0.4810508002137096
60,2103,275,52,2.8543178112929546,52,0.5709293828251737
60,2103,275,58,4.626086286088367,58,0.3194815638063467
60,2103,275,59,5.705389610254336,59,0.1020534075949017
60,2103,275,60,85.04658997047551,60,0.04984681924451894
60,2103,275,61,3.6545161976508544,60,0.1527723049010543
60,2103,275,62,3.92734644710001,60,0.4402245025648884
60,2103,275,68,3.3357825777040637,60,0.7586262841006077
60,2103,276,52,2.1391674826080154,52,0.6946217029553545
60,2103,276,58,10.126983532914503,58,0.34880153813104525
60,2103,276,59,6.775289673355271,59,0.10717758789426979
60,2103,276,60,6.4116022363715635,60,0.014295755009708686
60,2103,276,61,5.985153397852927,60,0.08659012338231938
60,2103,276,62,6.007158377104615,60,0.33737270698244703
60,2103,276,68,2.718528756026086,60,0.833136810985489
60,2103,277,52,1.2292652895710172,52,0.7099537082877978
60,2103,277,58,2.459801183484418,58,0.134403101475504
60,2103,277,59,16.750774444174578,59,0.12448233587269888
60,2103,277,60,39.82287063846255,60,0.04380519706998785
60,2103,277,61,6.054400196999697,60,0.08363169244478225
60,2103,277,62,6.023586649852291,60,0.08364323733285828
60,2103,277,68,1.8356014547969377,60,0.7462375076765323
60,2103,278,52,1.4227679621186604,52,0.5589638399617707
60,2103,278,58,13.731407540010615,58,0.2416290882170397
60,2103,278,59,15.01646668720018,59,0.20197428890887914
60,2103,278,60,25.038634375192427,60,0.13833285091255967
60,2103,278,61,3.2317894159432337,60,0.1836262292971446
60,2103,278,62,3.2805093966341117,60,0.2952130712091946
60,2103,278,68,3.026248103214233,60,0.47387467483924983
60,2103,279,52,1.326856907030824,52,0.711283609601192
60,2103,279,58,35.260539612456704,58,0.17795943216869553
60,2103,279,59,28.96758689402976,59,0.17426636058978584
60,2103,279,60,127.41808626536552,60,0.08942097894713096
60,2103,279,61,11.46289283201525,60,0.16813569353637353
60,2103,279,62,10.55021531345206,60,0.269471736776189
60,2103,279,68,3.006406684676409,60,0.6777055867134145
60,2103,280,52,1.3838631384597515,52,0.510609233756023
60,2103,280,58,15.695370961521865,58,0.13613116228402522
60,2103,280,59,15.18951543144425,59,0.06705224307661288
60,2103,280,60,5.0127346034762805,60,0.05970724068856019
60,2103,280,61,3.608563994267529,60,0.09461620091619605
60,2103,280,62,3.0509261455677836,60,0.22168033442227436
60,2103,280,68,2.7748948540079335,60,0.6129999287494703
60,2103,281,52,2.6354925529664963,52,0.7293196884176344
60,2103,281,58,11.45453240942277,58,0.16026665339070362
60,2103,281,59,8.683083249404358,59,0.15332631600457494
60,2103,281,60,918.6984880348672,60,0.019752908984639283
60,2103,281,61,21.76262861612852,60,0.14018500600079226
60,2103,281,62,2.1709318914165263,60,0.2609649222300032
60,2103,281,68,2.319510985492879,60,0.958091057145306
60,2103,282,52,2.226276523049318,52,1.1124433360925772
60,2103,282,58,42.160942196175206,58,0.15052270147173422
60,2103,282,59,70.39554624328434,59,0.09115900224643485
60,2103,282,60,31.210054869253657,60,0.037827985162912366
60,2103,282,61,27.67591401274587,60,0.06436772859834532
60,2103,282,62,23.55239406339773,60,0.14101645505200466
60,2103,282,68,3.089688604869063,60,0.4759984364281454
60,2103,283,52,1.3571472085581764,52,0.9463222727409176
60,2103,283,58,3.866343731823781,58,0.2422101392661285
60,2103,283,59,2.648247434222662,59,0.23332371224530296
60,2103,283,60,4.794828607176973,60,0.18233015752535767
60,2103,283,61,4.289153785074754,60,0.2595282056640966
60,2103,283,62,3.197011082962194,60,0.28652822104399295
60,2103,283,68,1.4823754895421408,60,0.8555602174131255
60,2103,284,52,0.7062238897517882,52,0.6315107750598216
60,2103,284,58,20.41523802934182,58,0.05476671061903031
60,2103,284,59,18.596411164049805,59,0.05319075409738117
60,2103,284,60,92.73939024253225,60,0.02973674265579333
60,2103,284,61,54.290022095296976,60,0.036419153994794624
60,2103,284,62,7.020657164204483,60,0.11507079202809457
60,2103,284,68,2.1597248750982843,60,0.5544327565872156
60,2103,285,52,1.4137980997772792,52,0.7988059670247303
60,2103,285,58,4.707233028945887,58,0.29286955548039234
60,2103,285,59,4.591707019290736,59,0.1481575963712895
60,2103,285,60,2267.9347529476986,60,0.010464386198118847
60,2103,285,61,7.930043382864285,60,0.24349138187036073
60,2103,285,62,7.927853526139634,60,0.24509414474432994
60,2103,285,68,2.384440585824437,60,0.628828600744571
60,2103,286,52,4.645778376991881,52,0.48471063177346585
60,2103,286,58,5.2330443472430925,58,0.2555969713313248
60,2103,286,59,28.14110572579635,59,0.12583716487774224
60,2103,286,60,199.26272558731182,60,0.07181501168870454
60,2103,286,61,24.084110948973397,60,0.1891995938674243
60,2103,286,62,24.059086805671384,60,0.18988916953690438
60,2103,286,68,5.390584355504162,60,0.40835980808541755
60,2103,287,52,1.5229537046801955,52,0.7639795445913811
60,2103,287,58,5.910938257544219,58,0.23351495324449956
60,2103,287,59,6.0170038421868295,59,0.22895557329563626
60,2103,287,60,6.004919450931074,60,0.15411235915257843
60,2103,287,61,5.9632847539247384,60,0.21303414769348422
60,2103,287,62,4.473995972567569,60,0.2192991048232281
60,2103,287,68,4.107321290799085,60,0.3628266888771023
60,2103,288,52,1.845903720776334,52,0.49125696773564514
60,2103,288,58,19.45784263362432,58,0.21341993706235662
60,2103,288,59,16.030158234636232,59,0.13925347030390847
60,2103,288,60,11.226338239581894,60,0.13847739817941293
60,2103,288,61,10.819897023389135,60,0.19200275855355523
60,2103,288,62,7.986106618035962,60,0.19562757432378533
60,2103,288,68,2.9232341454063744,60,0.8017638143697986
60,2103,289,52,1.514799799295218,52,0.6388466149439652
60,2103,289,58,2.8247056902927024,58,0.3213266090375111
60,2103,289,59,3.2284384591595408,59,0.30175013932366834
60,2103,289,60,4.361627118216668,60,0.29619568757280745
60,2103,289,61,3.430196399333679,60,0.29943648898512826
60,2103,289,62,3.0550968796940254,60,0.33940213845257416
60,2103,289,68,3.1020401504713973,60,0.7190560042715864
60,2103,290,52,1.7531557948051981,52,0.6843080559133233
60,2103,290,58,3.2866459290041004,58,0.2730123816815807
60,2103,290,59,2.9818934022115595,59,0.21304849309806664
60,2103,290,60,41.25433739846146,60,0.04605678886830518
60,2103,290,61,10.44473476416634,60,0.08518209310861923
60,2103,290,62,4.052810486899489,60,0.15836691660966867
60,2103,290,68,2.874902100350692,60,0.6831082401068794
60,2103,291,52,1.2158470742722258,52,0.7319477528305992
60,2103,291,58,12.578043803076863,58,0.21222222736866383
60,2103,291,59,13.417629989779133,59,0.1478756754881431
60,2103,291,60,38.46628819698959,60,0.08829583645111144
60,2103,291,61,26.887297081951047,60,0.13559833581674652
60,2103,291,62,24.30380728048568,60,0.1596738388081733
60,2103,291,68,3.680603860828008,60,0.8640494096327559
60,2103,292,52,1.0743279846698144,52,0.8853705924948536
60,2103,292,58,38.94901631521767,58,0.15134567668548116
60,2103,292,59,91.23366323818601,59,0.1041967649982867
60,2103,292,60,1820.0267361964582,60,0.01818891254246843
60,2103,292,61,45.44718346371509,60,0.16041123212368708
60,2103,292,62,20.382617724049453,60,0.24577173456892276
60,2103,292,68,6.0966179034720875,60,0.5935819316529666
60,2103,293,52,1.6033862103512981,52,0.5608143168448139
60,2103,293,58,6.635086972349133,58,0.30901461128813384
60,2103,293,59,5.852449918505314,59,0.29787828131950234
60,2103,293,60,12.243084306201915,60,0.1910697503476589
60,2103,293,61,11.882080802563735,60,0.19958844638702483
60,2103,293,62,8.225423776561993,60,0.3179702601763872
60,2103,293,68,5.248159192568636,60,0.6548603555637628
60,2103,294,52,5.026905118484314,52,0.43210956104047393
60,2103,294,58,109.76074786256129,58,0.07705309084224743
60,2103,294,59,132.11053004377564,59,0.0764211235590692
60,2103,294,60,113155.70131557224,60,0.0024727401839493225
60,2103,294,61,28.195375349540697,60,0.1723770122455713
60,2103,294,62,19.708303630609926,60,0.28901427297061905
60,2103,294,68,5.635732243791976,60,0.7791247321187235
60,2103,295,52,1.2453657457198537,52,0.7237168357873561
60,2103,295,58,11.117021611912385,58,0.18661410976272033
60,2103,295,59,76.5711612670104,59,0.04887065544352684
60,2103,295,60,127.3411620986425,60,0.010124484839783173
60,2103,295,61,17.59594541438881,60,0.22503499328479212
60,2103,295,62,6.933754876232954,60,0.36967101644336875
60,2103,295,68,3.5479056314767456,60,0.8989886681993156
60,2103,296,52,2.7831583528526154,52,0.6627625267849933
60,2103,296,58,83.13254950286725,58,0.16603777320507088
60,2103,296,59,76.66487050145886,59,0.16413942029085785
60,2103,296,60,59.58857208837024,60,0.03854752125305821
60,2103,296,61,58.44767418065904,60,0.03983424308073789
60,2103,296,62,12.507091929757506,60,0.07426392463744765
60,2103,296,68,7.2730659883878666,60,0.3938849270844217
60,2103,297,52,1.8124523779670974,52,0.7663944910967838
60,2103,297,58,3.5142137405806215,58,0.2589057661601639
60,2103,297,59,3.5063531384963498,59,0.1686471107046379
60,2103,297,60,4.8828557641256,60,0.16831031548526634
60,2103,297,61,4.193425713721411,60,0.21751680314069133
60,2103,297,62,3.445110898435375,60,0.2393474592938428
60,2103,297,68,2.8478586631782616,60,0.5973091792462544
60,2103,298,52,1.7576153841232298,52,0.7371308756529303
60,2103,298,58,14.746179652390335,58,0.23206655907380502
60,2103,298,59,12.476780699656032,59,0.17100196639008533
60,2103,298,60,28.370819771323546,60,0.0948466227803812
60,2103,298,61,14.893983629934151,60,0.20216674379358696
60,2103,298,62,14.985750443850586,60,0.21215060764534174
60,2103,298,68,2.493826876535273,60,0.728384268975827
60,2103,299,52,2.0431902117026493,52,0.8696555389628402
60,2103,299,58,13.232640549558827,58,0.18906855903960745
60,2103,299,59,7.272066964202172,59,0.155542599307867
60,2103,299,60,8.61116578014987,60,0.1366995672262573
60,2103,299,61,8.421033807488687,60,0.1371387456214738
60,2103,299,62,6.476169467563545,60,0.13723348422918036
60,2103,299,68,3.526683932825045,60,0.4206281374389782
60,2103,300,52,5.891198509340065,52,0.5689682862539057
60,2103,300,58,10.110879651108114,58,0.1614916689698009
60,2103,300,59,13.289808207103592,59,0.16052666580281802
60,2103,300,60,53068.440641181005,60,0.0034190523020567786
60,2103,300,61,68.27049763798834,60,0.07979077339366865
60,2103,300,62,15.558150688298447,60,0.11417926646026404
60,2103,300,68,4.716784729809437,60,0.7456867621973339
60,2103,301,52,1.5908000549378345,52,0.7125062523439523
60,2103,301,58,14.02054598062906,58,0.14469998628811567
60,2103,301,59,16.562862832914703,59,0.14359153624806306
60,2103,301,60,285.73813188879313,60,0.03757713100550272
60,2103,301,61,72.35211216137054,60,0.08338490304122204
60,2103,301,62,15.38207682117307,60,0.23189889894479296
60,2103,301,68,3.321279497814246,60,0.816300011040297
60,2103,302,52,1.291801414695039,52,0.7435511263142527
60,2103,302,58,4.462231384360362,58,0.2947125928060531
60,2103,302,59,3.2858341736650276,59,0.2887122735511991
60,2103,302,60,3.1388327556513884,60,0.27966086908267834
60,2103,302,61,3.131602206439008,60,0.3182516731760178
60,2103,302,62,2.9799583852847307,60,0.47751175139842655
60,2103,302,68,1.5604188080522388,60,0.8345632635599444
60,2103,303,52,5.761492406642082,52,0.5911814939576642
60,2103,303,58,14.613912304650558,58,0.2667723462811303
60,2103,303,59,30.26089097926272,59,0.2559196577777565
60,2103,303,60,50.57173950038634,60,0.10800608117612721
60,2103,303,61,45.716571865323395,60,0.1632662135439203
60,2103,303,62,24.997151400691788,60,0.29127585227122044
60,2103,303,68,4.591951591101078,60,0.8083962934733093
60,2103,304,52,1.2677747315017787,52,0.6189320951275277
60,2103,304,58,7.220493896342852,58,0.23795591725451928
60,2103,304,59,21.025942253376364,59,0.058266581433760914
60,2103,304,60,47.00286190115281,60,0.05531592889811851
60,2103,304,61,7.955894630853393,60,0.20985734570132317
60,2103,304,62,3.538393334242373,60,0.23266671752807985
60,2103,304,68,2.571850847184942,60,0.672119190115626
60,2103,305,52,3.516008922337624,52,0.6826441886394489
60,2103,305,58,10.161666610327742,58,0.1249501745498643
60,2103,305,59,11.2195018151892,59,0.12404305600926878
60,2103,305,60,28.966178676399853,60,0.10926830046251043
60,2103,305,61,13.919332492238361,60,0.12957816762624663
60,2103,305,62,12.089726021601015,60,0.17926579273502283
60,2103,305,68,3.099344108580997,60,0.6246691116354356
60,2103,306,52,3.8450397225952075,52,0.48860656159362337
60,2103,306,58,19.87892368987808,58,0.32326708891881223
60,2103,306,59,12.999154983845841,59,0.2649504327356578
60,2103,306,60,35.048779021435664,60,0.06928225590847976
60,2103,306,61,31.286317412550453,60,0.0741219838687205
60,2103,306,62,17.737397946696422,60,0.2156987930639839
60,2103,306,68,4.813023007668728,60,0.7159880368226198
60,2103,307,52,1.248453903889759,52,0.8096900750272863
60,2103,307,58,3.5156626816041294,58,0.3094565255564632
60,2103,307,59,20.50411201687257,59,0.14443598661152995
60,2103,307,60,45.09373028498199,60,0.055618713404024134
60,2103,307,61,19.732154994625713,60,0.1193579943236211
60,2103,307,62,17.63513914788403,60,0.13908599073813344
60,2103,307,68,2.193860714985958,60,0.6403149413334264
60,2103,308,52,2.5180654942814926,52,0.5957222475157253
60,2103,308,58,47.92952324017931,58,0.17461984253533283
60,2103,308,59,809.7272560086899,59,0.04773762596442946
60,2103,308,60,272.81799449868424,60,0.041218721430512605
60,2103,308,61,205.93099033064033,60,0.054215116615584466
60,2103,308,62,82.22339712652231,60,0.05460176147203084
60,2103,308,68,14.586056202369795,60,0.5529299237930252
60,2103,309,52,4.32581946460012,52,0.6900717862219269
60,2103,309,58,9.6655697960351,58,0.29955468686012887
60,2103,309,59,8.496290934367233,59,0.28558185558632687
60,2103,309,60,201.19391261895598,60,0.03613659680543208
60,2103,309,61,7.982004039099839,60,0.33164788045598137
60,2103,309,62,7.7110533648817,60,0.3378207100899499
60,2103,309,68,3.830243673429166,60,0.5502428788699479
60,2103,310,52,0.9160890560284373,52,0.39926188470666
60,2103,310,58,6.817820368677613,58,0.22737299655506724
60,2103,310,59,6.441655047314659,59,0.21933678548084626
60,2103,310,60,5.675222031892241,60,0.10114700898942736
60,2103,310,61,2.6839191998046252,60,0.208087933842764
60,2103,310,62,1.7273679278054423,60,0.23264991516008268
60,2103,310,68,1.8181414228994432,60,0.5667760652022454
60,2103,311,52,1.0619830657903155,52,0.8880623554809838
60,2103,311,58,20.190630672460713,58,0.19565225878667827
60,2103,311,59,29.761462005925573,59,0.110420980951885
60,2103,311,60,28.883309783202506,60,0.07754046847657035
60,2103,311,61,14.604481103522762,60,0.07754324027480483
60,2103,311,62,13.082427740514035,60,0.1661975436391486
60,2103,311,68,1.6206246796849553,60,0.6368153962039531
60,2103,312,52,2.666497845692421,52,0.6011465759087311
60,2103,312,58,7.192739517658676,58,0.20861394258184573
60,2103,312,59,8.12427998758718,59,0.204657470472737
60,2103,312,60,8.27149503913077,60,0.1971266321483759
60,2103,312,61,6.788916776973832,60,0.19721827371595071
60,2103,312,62,6.614980216072062,60,0.43677304869756467
60,2103,312,68,4.464234219784849,60,0.5883631379584028
60,2103,313,52,2.8870818694516602,52,0.5173689933126212
60,2103,313,58,20.902613239086058,58,0.3455870959371439
60,2103,313,59,29.553574476046855,59,0.09029120646653738
60,2103,313,60,45.655841775672506,60,0.0892803797611327
60,2103,313,61,45.40447009929665,60,0.09676935696982875
60,2103,313,62,36.65485308882249,60,0.15921984964695945
60,2103,313,68,7.08464603533707,60,0.32741765666366074
60,2103,314,52,1.8458680085767543,52,0.6929574027455419
60,2103,314,58,111.374592073275,58,0.1296810675357641
60,2103,314,59,110.02883752773171,59,0.12860763744492282
60,2103,314,60,135.07598755734074,60,0.05580156407800724
60,2103,314,61,69.07155055619758,60,0.06190028791160302
60,2103,314,62,31.340397790618937,60,0.09866771821718626
60,2103,314,68,4.566348774992508,60,0.734124393826614
60,2103,315,52,1.0934813389851956,52,0.7822141519276941
60,2103,315,58,1.3697868646119418,58,0.5263970608281874
60,2103,315,59,1.2911435568217746,59,0.44795398601722564
60,2103,315,60,7.043983389671302,60,0.13810596471666223
60,2103,315,61,2.1397532726789885,60,0.31577383376774115
60,2103,315,62,1.897935080552281,60,0.3367998304427307
60,2103,315,68,2.0205711348676254,60,0.9647954870823804
60,2103,316,52,2.21158152522387,52,0.8200780552377602
60,2103,316,58,3.3916643016549712,58,0.28934039323838673
60,2103,316,59,8.462443341776831,59,0.242692114936538
60,2103,316,60,7.874074425183195,60,0.22553296054111424
60,2103,316,61,7.94103970987242,60,0.23455410319555156
60,2103,316,62,6.573229501225414,60,0.27064420382285287
60,2103,316,68,3.329440264832618,60,0.5215288849178199
60,2103,317,52,0.7407162656282297,52,0.6274510430750202
60,2103,317,58,5.748395755798401,58,0.1658596076551716
60,2103,317,59,103.11540609426604,59,0.04903739784749628
60,2103,317,60,99.02575708308039,60,0.022991739653534942
60,2103,317,61,4.2892755583107895,60,0.11750293567637816
60,2103,317,62,4.396502575465747,60,0.20003052183219291
60,2103,317,68,2.643600338946004,60,0.5574297000822185
60,2103,318,52,1.7949383460838169,52,0.5571403500607502
60,2103,318,58,4.669601616771912,58,0.1871094938740066
60,2103,318,59,4.547889496032035,59,0.1489682464029548
60,2103,318,60,75.07576516973116,60,0.06309022674375256
60,2103,318,61,13.502326944868038,60,0.13597963734550453
60,2103,318,62,3.2919315874933353,60,0.3078675960302909
60,2103,318,68,2.814443671878379,60,0.3922591343874466
60,2103,319,52,1.1461983139110283,52,0.8894420174801634
60,2103,319,58,3.2201956155207743,58,0.399322236112188
60,2103,319,59,29.74907050856104,59,0.17058744277391313
60,2103,319,60,160.10027071456918,60,0.07536460961643664
60,2103,319,61,128.22709485915934,60,0.08005419839919291
60,2103,319,62,39.16457795100592,60,0.1502548179840996
60,2103,319,68,4.160605168303954,60,0.5452275641037745
60,2103,320,52,1.9122624765826235,52,0.5381387168275229
60,2103,320,58,62.922156786000144,58,0.06114277206320223
60,2103,320,59,66.20311674927461,59,0.0610896899969613
60,2103,320,60,316.2352877415098,60,0.03888645405818605
60,2103,320,61,8.083849163708702,60,0.11076181059060614
60,2103,320,62,8.043251884149974,60,0.11076596031804578
60,2103,320,68,6.460642537925333,60,0.38670578545274537
60,2103,321,52,2.6999239055315085,52,0.4474606647357804
60,2103,321,58,24.344557075961465,58,0.23078531792652524
60,2103,321,59,35.089188536436396,59,0.20701529971288046
60,2103,321,60,466.82818497744137,60,0.034252395681577924
60,2103,321,61,149.4564967237759,60,0.06048732438777267
60,2103,321,62,48.601472975416556,60,0.14452142400669316
60,2103,321,68,6.159624995591356,60,0.3945683009194879
60,2103,322,52,2.187544499093733,52,0.7137064569232491
60,2103,322,58,9.796646899967815,58,0.17722095057893897
60,2103,322,59,9.776063855111524,59,0.17683844897091275
60,2103,322,60,518.8091769844401,60,0.02814191804400418
60,2103,322,61,144.02035942167834,60,0.04766137595709175
60,2103,322,62,56.160285400471714,60,0.08814939200200106
60,2103,322,68,2.46628098714908,60,0.9029121122360295
60,2103,323,52,1.3243165103804875,52,0.7470716622193264
60,2103,323,58,7.01632651216716,58,0.24750989972112247
60,2103,323,59,12.805260784381192,59,0.21726989382491094
60,2103,323,60,371.9260629492291,60,0.044463085637155404
60,2103,323,61,3.1636854008302553,60,0.2824289111452939
60,2103,323,62,3.346197563422547,60,0.2994825726613921
60,2103,323,68,2.4950942543744024,60,0.6632812135991005
60,2103,324,52,2.5650528033810507,52,0.5692207496553016
60,2103,324,58,4.2054329749015835,58,0.11883613051478949
60,2103,324,59,4.175576865079581,59,0.1131903951658036
60,2103,324,60,1935.9294508455307,60,0.008111137403605443
60,2103,324,61,10.965595903388175,60,0.0978856563543
60,2103,324,62,6.6422227020576985,60,0.13589035002861408
60,2103,324,68,2.21210651146587,60,0.6487983125914778
60,2103,325,52,1.999445540088275,52,0.4717539412673189
60,2103,325,58,3.087110488877739,58,0.4067527410343392
60,2103,325,59,2.986512231163252,59,0.11739749721537183
60,2103,325,60,14.972561004609485,60,0.10003291436733991
60,2103,325,61,15.360513244083219,60,0.10021979323968327
60,2103,325,62,6.127633331011619,60,0.2679960064458332
60,2103,325,68,2.882769045484073,60,0.592697155152056
60,2103,326,52,1.0427181124710694,52,0.7143518171933765
60,2103,326,58,6.083954960106692,58,0.3655233368597424
60,2103,326,59,14.819955747986217,59,0.09124135148247185
60,2103,326,60,61.24831890063752,60,0.03768038873573785
60,2103,326,61,5.254289947453519,60,0.38172115852483923
60,2103,326,62,4.836173913825419,60,0.38172263842839266
60,2103,326,68,1.8073270141512614,60,0.8210045584985943
60,2103,327,52,2.988686709108346,52,0.6133295653030791
60,2103,327,58,4.455579564733655,58,0.19963184400372344
60,2103,327,59,5.583141323225063,59,0.19938527075281434
60,2103,327,60,9.354746068334325,60,0.10129101558244433
60,2103,327,61,5.9913527881042254,60,0.10729137106296255
60,2103,327,62,3.982227004017334,60,0.21407010672857232
60,2103,327,68,2.7097507027731416,60,0.7504202393376922
60,2103,328,52,1.7488373003194355,52,0.5464685146608713
60,2103,328,58,8.174610933291783,58,0.2450668717335575
60,2103,328,59,7.966934523832125,59,0.23617710725003083
60,2103,328,60,8.10115260685754,60,0.1358141802923516
60,2103,328,61,3.9685407086600293,60,0.15446204193391322
60,2103,328,62,3.968015700217627,60,0.21069652659245955
60,2103,328,68,2.15365863963716,60,0.6369186986577849
60,2103,329,52,3.700007883429563,52,0.5620150290353829
60,2103,329,58,3.3298854028963607,58,0.21095809639238858
60,2103,329,59,3.005804732298803,59,0.21071986446417498
60,2103,329,60,15.45691959828854,60,0.09199027001270414
60,2103,329,61,3.721494693644799,60,0.1913452024165001
60,2103,329,62,3.5046189947805972,60,0.19867937194452484
60,2103,329,68,2.014919431287302,60,0.5661448919703725
60,2103,330,52,5.7311323523016915,52,0.5552005963916897
60,2103,330,58,22.660565111707815,58,0.2538629677422741
60,2103,330,59,43.183016818312375,59,0.14475602576555882
60,2103,330,60,41.45546548698498,60,0.13713718412389847
60,2103,330,61,41.02406991009952,60,0.1444272110510305
60,2103,330,62,10.238013933481351,60,0.2994172750066021
60,2103,330,68,5.534591190198701,60,0.5520578434505146
60,2103,331,52,2.637130070028308,52,0.67767277176622
60,2103,331,58,3.970874081912505,58,0.33789189795866226
60,2103,331,59,3.9354136677482194,59,0.1884265246654382
60,2103,331,60,4.250772127342907,60,0.18839372118887596
60,2103,331,61,4.098987089182067,60,0.18973757237554423
60,2103,331,62,3.606329385155019,60,0.2127063870174818
60,2103,331,68,2.498668645424633,60,0.7041872816501713
60,2103,332,52,2.408194380125736,52,0.46633153376771164
60,2103,332,58,9.154713170511554,58,0.3459211757527832
60,2103,332,59,9.896412292998752,59,0.172894201999179
60,2103,332,60,7.818393471636006,60,0.10199376713755855
60,2103,332,61,7.864170519839995,60,0.1305183866535208
60,2103,332,62,4.796062167162087,60,0.1324186217555208
60,2103,332,68,2.786904808333153,60,0.5874188421639834
60,2103,333,52,1.4033377638079332,52,0.8925678477075755
60,2103,333,58,6.8989848371922315,58,0.35321933184548804
60,2103,333,59,9.298068451322274,59,0.27188139948057294
60,2103,333,60,20.746082183422654,60,0.1960914403961452
60,2103,333,61,19.956316891040093,60,0.19745003274564987
60,2103,333,62,6.455582958560542,60,0.4056730771436744
60,2103,333,68,5.667322586853353,60,0.6738426722624018
60,2103,334,52,2.4404672148978204,52,0.6366524985112296
60,2103,334,58,10.279093673073842,58,0.30257312319479224
60,2103,334,59,135.7519912590939,59,0.081505090906422
60,2103,334,60,140.79832803457512,60,0.08124134706909358
60,2103,334,61,74.24337904462203,60,0.16472533502122266
60,2103,334,62,74.21873283155857,60,0.16480168390048136
60,2103,334,68,4.261937744664742,60,0.635968637343468
60,2103,335,52,5.57224975766969,52,0.5527480466089723
60,2103,335,58,16.268750017939162,58,0.25552598778654206
60,2103,335,59,18.471411448373235,59,0.24950854188547772
60,2103,335,60,18.509254783407236,60,0.19909550392652642
60,2103,335,61,13.5728616697982,60,0.20632385858413554
60,2103,335,62,11.632800173685284,60,0.268388366310305
60,2103,335,68,3.2294660556676087,60,0.716674785032379
60,2103,336,52,1.4346045068026165,52,0.8117781602469424
60,2103,336,58,12.311726726611631,58,0.3089746719237691
60,2103,336,59,5.76255273984452,59,0.2790676969595842
60,2103,336,60,70.6532374804209,60,0.08911152248736207
60,2103,336,61,4.07959831583686,60,0.19845750264004414
60,2103,336,62,2.0078172100660865,60,0.3197515914208636
60,2103,336,68,2.0933854300014865,60,0.6073391316294658
60,2103,337,52,0.7450016019172361,52,0.8549378294104352
60,2103,337,58,4.3036200061425145,58,0.18521887424621647
60,2103,337,59,4.016127990501002,59,0.16222941287552814
60,2103,337,60,24.015737569678866,60,0.04524122458241729
60,2103,337,61,3.870028429691127,60,0.17596510069109123
60,2103,337,62,3.722670158162636,60,0.1788449873085571
60,2103,337,68,1.6476534496525717,60,0.699594612421477
60,2103,338,52,1.2676209958420044,52,0.6276513232796211
60,2103,338,58,4.494295240165023,58,0.37816416568588895
60,2103,338,59,4.31842461029989,59,0.29559720776306947
60,2103,338,60,181.8004119303363,60,0.016284737314428293
60,2103,338,61,22.20154342643291,60,0.05532668152726201
60,2103,338,62,4.177294526660138,60,0.38731405378935896
60,2103,338,68,3.584171363282441,60,0.5671956775890721
60,2103,339,52,3.2551654762819906,52,0.6091889780842996
60,2103,339,58,3.5530771508686514,58,0.23876581111216827
60,2103,339,59,19.173724734971092,59,0.11287071323125142
60,2103,339,60,235.99796398245152,60,0.032633370247423604
60,2103,339,61,41.248211955782146,60,0.07431007482911578
60,2103,339,62,18.391360926544237,60,0.11141060505091563
60,2103,339,68,2.67221026096067,60,0.6273649481375921
60,2103,340,52,5.66367522844474,52,0.46809016134373305
60,2103,340,58,9.08525049826628,58,0.27514820506550985
60,2103,340,59,10.292167051318032,59,0.2690427136858626
60,2103,340,60,18.879376799862623,60,0.0928283341554688
60,2103,340,61,15.312263131786514,60,0.0983000918982287
60,2103,340,62,9.907499292818754,60,0.21918548865190773
60,2103,340,68,1.9005287001156626,60,0.8556081627222537
60,2103,341,52,1.7236663555573855,52,0.6904219689910613
60,2103,341,58,2.8974622816846454,58,0.26839424591428657
60,2103,341,59,3.443235138705788,59,0.25711596033641376
60,2103,341,60,812.0111801372161,60,0.015480520989143766
60,2103,341,61,7.444078380686085,60,0.2063120184180143
60,2103,341,62,5.459146777563629,60,0.22711782405646264
60,2103,341,68,3.4077789851785614,60,0.5546539157162341
60,2103,342,52,2.1772981642528864,52,0.6868853030926056
60,2103,342,58,12.053883207095202,58,0.25382023406875
60,2103,342,59,14.400932517929817,59,0.211107009680565
60,2103,342,60,39.47441435945229,60,0.11029359070651869
60,2103,342,61,26.13441548460028,60,0.1877541334125271
60,2103,342,62,3.0304351599399033,60,0.2782286117971151
60,2103,342,68,3.3116537674303164,60,0.4552910655067005
60,2103,343,52,1.2855278063376225,52,0.8027396706710824
60,2103,343,58,1.9284051445134667,58,0.1440904674524689
60,2103,343,59,2.935452401737357,59,0.11266731944476328
60,2103,343,60,11.282576549349274,60,0.07092675961175217
60,2103,343,61,11.214418446612818,60,0.07124869876343502
60,2103,343,62,3.6872499766214784,60,0.1548223858916968
60,2103,343,68,1.6157886223963591,60,0.7721890306691684
60,2103,344,52,1.235575875802213,52,0.8011517712017348
60,2103,344,58,18.136137521319704,58,0.17554008267344168
60,2103,344,59,13.63684441231357,59,0.16026480403310664
60,2103,344,60,20.906547148645686,60,0.14663247719767758
60,2103,344,61,10.733775180320258,60,0.17058524190987426
60,2103,344,62,6.293007634732702,60,0.30422173577613554
60,2103,344,68,2.714104643661171,60,0.7408229191516716
60,2103,345,52,1.1655276817586842,52,0.681109609052429
60,2103,345,58,10.415696777117882,58,0.157307381544997
60,2103,345,59,12.989451505568661,59,0.13920582006770066
60,2103,345,60,11.77181615769302,60,0.12445828974143744
60,2103,345,61,11.730215777963416,60,0.1496360109543066
60,2103,345,62,4.159974143977737,60,0.23386232155575346
60,2103,345,68,2.0171585632403257,60,0.7157164689897239
60,2103,346,52,2.023370473318085,52,0.8781230571667635
60,2103,346,58,3.745175226464856,58,0.37731841990430165
60,2103,346,59,5.59859817547942,59,0.09925463581365061
60,2103,346,60,6.8915502149437815,60,0.0987358819469993
60,2103,346,61,6.873378333842882,60,0.10155394312329323
60,2103,346,62,3.255198303559713,60,0.29242057316141323
60,2103,346,68,3.6407189392540054,60,0.6415085376510585
60,2103,347,52,5.0429332860456135,52,0.5768468250008569
60,2103,347,58,25.00044903968598,58,0.12221948482115871
60,2103,347,59,20.41737833892179,59,0.07846346402728864
60,2103,347,60,244.65637448309514,60,0.003562793534530488
60,2103,347,61,20.428693678095467,60,0.13644988137091302
60,2103,347,62,4.258456180358255,60,0.1790159030503099
60,2103,347,68,1.8636234970502819,60,0.663992869284447
60,2103,348,52,0.8297507761151471,52,0.838908610177779
60,2103,348,58,1.8806912565047358,58,0.2037815503788058
60,2103,348,59,1.71300830250182,59,0.18246900114698317
60,2103,348,60,1428.1166858798977,60,0.006108988156254805
60,2103,348,61,1.7780041016924137,60,0.2961333180959333
60,2103,348,62,1.7782421676267592,60,0.3001643148656902
60,2103,348,68,1.5623343270228032,60,0.47478078613382535
60,2103,349,52,2.0418556248151436,52,0.7220424119605257
60,2103,349,58,4.548349902684051,58,0.31955052449435756
60,2103,349,59,12.18430640244117,59,0.2977589026577271
60,2103,349,60,29.31376299008068,60,0.1531352482958674
60,2103,349,61,11.148378826344223,60,0.2993162701489981
60,2103,349,62,11.049976693278998,60,0.3115179490082411
60,2103,349,68,7.206639012284146,60,0.5153125049903424
60,2103,350,52,3.6687450500090177,52,0.45443447186703667
60,2103,350,58,35.49483504450626,58,0.09223398113947452
60,2103,350,59,19.03593706215477,59,0.0688438987343455
60,2103,350,60,23.354898165244215,60,0.06884373219596548
60,2103,350,61,14.793696573009626,60,0.09714027132056426
60,2103,350,62,11.351491718390495,60,0.16788834106578812
60,2103,350,68,2.3664855432425127,60,0.8672357639806547
60,2103,351,52,1.5168956583037108,52,0.7250804043140429
60,2103,351,58,12.617288309980827,58,0.15859881377101537
60,2103,351,59,9.578100874271254,59,0.1559198165904257
60,2103,351,60,9.70998776182913,60,0.13035465026732476
60,2103,351,61,6.798511570856555,60,0.16843336802271622
60,2103,351,62,4.9847732899769435,60,0.22088997573676292
60,2103,351,68,2.2332150875249246,60,0.6275030000213616
60,2103,352,52,0.9910099191437047,52,0.9858086569500691
60,2103,352,58,12.294916838178027,58,0.10283863021332379
60,2103,352,59,20.564167310019197,59,0.0987818117626474
60,2103,352,60,8.594337200518837,60,0.012514416405570378
60,2103,352,61,6.724282964075458,60,0.1843797255976754
60,2103,352,62,4.843605698348962,60,0.19813817722039345
60,2103,352,68,2.401267757621371,60,0.32575231956630474
60,2103,353,52,3.824947145534261,52,0.8585137257308031
60,2103,353,58,6.349432786591892,58,0.42474956739860664
60,2103,353,59,6.662418510960279,59,0.42355363552060443
60,2103,353,60,7.386759256393301,60,0.0960385777085715
60,2103,353,61,5.359424848551316,60,0.33150581969528464
60,2103,353,62,4.769608862298663,60,0.333168759352086
60,2103,353,68,3.409357175678836,60,0.6856969146484562
60,2103,354,52,2.7041656043859263,52,0.5220448943538157
60,2103,354,58,6.7126214879509085,58,0.12725519424705087
60,2103,354,59,26.232078998780313,59,0.11252501744078915
60,2103,354,60,147.3841843727315,60,0.040530621118799556
60,2103,354,61,78.46413541634733,60,0.0774393928803742
60,2103,354,62,17.226138787620947,60,0.34438039639922585
60,2103,354,68,6.996261457167061,60,0.6397207717958417
60,2103,355,52,2.136933477580322,52,0.6448554935553119
60,2103,355,58,8.118183128632065,58,0.23990696522509886
60,2103,355,59,5.445575611678502,59,0.15859622794558934
60,2103,355,60,43.223779831131466,60,0.08208060336671827
60,2103,355,61,16.598592397929444,60,0.13695323907734505
60,2103,355,62,6.7496269077020195,60,0.23774122630780173
60,2103,355,68,3.5983943029729915,60,0.6635635868362999
60,2103,356,52,4.375711578699634,52,0.5279923440582728
60,2103,356,58,5.681091993708751,58,0.2850827912820145
60,2103,356,59,12.300362973806589,59,0.26197224410039444
60,2103,356,60,71.07295413407674,60,0.1452296445122832
60,2103,356,61,29.70625270699391,60,0.16823536024829155
60,2103,356,62,14.0423440268638,60,0.29518206644258105
60,2103,356,68,4.919557583911368,60,0.5285903918989842
60,2103,357,52,2.1320182287197627,52,0.7181953965048676
60,2103,357,58,4.055105677163702,58,0.2827667780947576
60,2103,357,59,5.114421704566812,59,0.23256617602103632
60,2103,357,60,6.335649797754469,60,0.08072257034079403
60,2103,357,61,4.586294996134336,60,0.08072412069218202
60,2103,357,62,4.7376033128780275,60,0.08081213163379058
60,2103,357,68,2.3458130980056726,60,0.3838946633823455
60,2103,358,52,1.8493106089397782,52,0.6273768628160998
60,2103,358,58,12.083174479193339,58,0.2758027255100702
60,2103,358,59,10.20463666812011,59,0.20640345971566834
60,2103,358,60,15.816572436312665,60,0.03881869443566004
60,2103,358,61,10.496494021210697,60,0.313141596158251
60,2103,358,62,8.515473991529833,60,0.39113432249518143
60,2103,358,68,4.659258803204192,60,0.6524095937643377
60,2103,359,52,1.9048768727443786,52,0.9569309238493402
60,2103,359,58,13.896423331886597,58,0.3312484837134969
60,2103,359,59,14.097938804660675,59,0.2900938300977914
60,2103,359,60,31.86173309881987,60,0.1992230616966343
60,2103,359,61,32.00212200372549,60,0.22301400747479982
60,2103,359,62,11.181290354589523,60,0.3151753962754606
60,2103,359,68,6.97539288756944,60,0.6016048392333895
60,2103,360,52,2.098458249363306,52,0.49700092910002097
60,2103,360,58,11.454045483262206,58,0.23308114690615153
60,2103,360,59,53.188500447695205,59,0.08789847166068625
60,2103,360,60,39.30346047827854,60,0.05707005701368528
60,2103,360,61,9.080230841304967,60,0.2451883713709861
60,2103,360,62,8.018253556690091,60,0.27458833306991814
60,2103,360,68,4.257161001669719,60,0.6518864200179226
60,2103,361,52,3.0064897437849663,52,0.581184941794759
60,2103,361,58,3.5164319962271278,58,0.375941284797642
60,2103,361,59,4.733201993518421,59,0.3717430892962517
60,2103,361,60,44.32258506787647,60,0.07962035399958863
60,2103,361,61,4.592454478143213,60,0.3782399663035238
60,2103,361,62,3.9664858635990474,60,0.42244046913128075
60,2103,361,68,2.604055426168005,60,0.6978934321344669
60,2103,362,52,1.419940332553156,52,0.7984016592090023
60,2103,362,58,2.7803144891490867,58,0.1223813976123262
60,2103,362,59,43.55396622116589,59,0.0919984237685251
60,2103,362,60,10.281961111140225,60,0.08693312910038943
60,2103,362,61,7.616678164574737,60,0.09081159611709115
60,2103,362,62,3.3253145578138357,60,0.5567501766055749
60,2103,362,68,1.8321510066813107,60,0.8499846638758654
60,2103,363,52,2.494241574446593,52,0.594742022429471
60,2103,363,58,9.463192258583485,58,0.15003637985448276
60,2103,363,59,7.84663035885212,59,0.1445330967818926
60,2103,363,60,19.261079659118828,60,0.07866192906698026
60,2103,363,61,6.860309706854281,60,0.24974285635628193
60,2103,363,62,7.2961543834337235,60,0.2576088646874328
60,2103,363,68,4.594813478924164,60,0.6107357874739426
60,2103,364,52,0.8333010096901992,52,0.7707830175257734
60,2103,364,58,8.75936521548906,58,0.22316018172317756
60,2103,364,59,14.520250173508654,59,0.14632479962363598
60,2103,364,60,38.057478624666516,60,0.023086032110693117
60,2103,364,61,4.618937439852264,60,0.18470966827965765
60,2103,364,62,4.455369539622974,60,0.18474894030440794
60,2103,364,68,2.9729371981553663,60,0.5872816056248885
60,2103,365,52,1.1869725533730842,52,0.5278514277328601
60,2103,365,58,4.961594325492669,58,0.27057350604597113
60,2103,365,59,9.43755807912147,59,0.25120889005853453
60,2103,365,60,16.15714703485714,60,0.11849603039653613
60,2103,365,61,10.972278439699936,60,0.29512843463207883
60,2103,365,62,6.645340442563794,60,0.32567996066915067
60,2103,365,68,2.9471745885219716,60,0.7920311273392519
60,2103,366,52,1.5599796361354845,52,0.8277716066732843
60,2103,366,58,4.411755152304106,58,0.2942031842400039
60,2103,366,59,3.648314615136995,59,0.22647352109424898
60,2103,366,60,5.5398917748134355,60,0.09672886841012464
60,2103,366,61,2.599665700651937,60,0.1940670339894828
60,2103,366,62,2.594502292074134,60,0.23266975231029854
60,2103,366,68,2.5624427192770596,60,0.6546023756773961
60,2103,367,52,2.5819948794329965,52,0.6794763053862309
60,2103,367,58,17.71151712500045,58,0.22914921464049362
60,2103,367,59,20.8131621184853,59,0.20850323801501192
60,2103,367,60,77.23273112741641,60,0.056358478994524924
60,2103,367,61,36.69408023226259,60,0.14545405354268734
60,2103,367,62,10.019579999749674,60,0.23629193941799562
60,2103,367,68,3.775261926385673,60,0.5723612087861325
60,2103,368,52,2.224413062207179,52,0.6801265082640306
60,2103,368,58,20.92700983973415,58,0.20133172535188945
60,2103,368,59,39.069777905117576,59,0.15713488438043913
60,2103,368,60,35.863054271188396,60,0.05303897930826939
60,2103,368,61,33.693116290141305,60,0.08315735159685797
60,2103,368,62,16.478767159716252,60,0.13052696896713534
60,2103,368,68,3.895012288635522,60,0.7787195705835052
60,2103,369,52,0.7286769760432887,52,0.8050282919858381
60,2103,369,58,1.1588404705268225,58,0.16095278268553445
60,2103,369,59,6.5276230215642155,59,0.11705881071770625
60,2103,369,60,21.543122070809297,60,0.07699378087313162
60,2103,369,61,19.239741114939164,60,0.08275894006266896
60,2103,369,62,4.633983922478248,60,0.24071574946489568
60,2103,369,68,1.7958208804977,60,0.7913730534106993
60,2103,370,52,2.979772674418826,52,0.61639697864776
60,2103,370,58,6.8559391280780675,58,0.21119871984081787
60,2103,370,59,32.500772115524875,59,0.0881293042853109
60,2103,370,60,4.009761147284543,60,0.044099619204508396
60,2103,370,61,4.488127235921866,60,0.27800003710616106
60,2103,370,62,4.369444902406745,60,0.2902795423128981
60,2103,370,68,3.5732765180143518,60,0.5613139696192242
60,2103,371,52,1.391440918989769,52,0.7627871941603865
60,2103,371,58,5.34465886096666,58,0.21404078232270524
60,2103,371,59,13.350838300229132,59,0.1779305423933193
60,2103,371,60,866.5541008777619,60,0.014087710279745454
60,2103,371,61,2.792814942219348,60,0.20171844187633334
60,2103,371,62,1.962032853407997,60,0.22310875766226204
60,2103,371,68,1.2688105471728244,60,0.5351183296824114
60,2103,372,52,1.5495622396800188,52,0.5195164722451944
60,2103,372,58,2.8913400990341156,58,0.2003278841334115
60,2103,372,59,20.10844525962722,59,0.06959882421472215
60,2103,372,60,19.663424285213935,60,0.03634120183842906
60,2103,372,61,3.0953466515811394,60,0.09287353231525008
60,2103,372,62,3.0821662978839455,60,0.12296538776377962
60,2103,372,68,2.5831971716758084,60,0.5874398287463068
60,2103,373,52,2.8433379978161857,52,0.6692470390425332
60,2103,373,58,3.432528579569386,58,0.2901469786857271
60,2103,373,59,4.655619482913738,59,0.2833285654135705
60,2103,373,60,119.5693026210709,60,0.024847883588565173
60,2103,373,61,5.405647874402417,60,0.42361565864465367
60,2103,373,62,5.355987790905883,60,0.43433754140030595
60,2103,373,68,3.8856076351424425,60,0.7462216370663491
60,2103,374,52,1.0826561967571544,52,0.839818039727056
60,2103,374,58,2.071894730627949,58,0.3071741232158765
60,2103,374,59,36.76839744476998,59,0.1398144388080486
60,2103,374,60,11.420772319768693,60,0.09131387708962062
60,2103,374,61,4.238629815317658,60,0.16477215625166255
60,2103,374,62,4.256347226643227,60,0.17745850248574435
60,2103,374,68,2.9388433631900903,60,0.6661330508059101
60,2103,375,52,1.3837886377147601,52,0.4024429691177019
60,2103,375,58,46.18327915267729,58,0.1491716983070169
60,2103,375,59,46.707798617101105,59,0.08109297038408882
60,2103,375,60,33.07303138906268,60,0.030821550606407146
60,2103,375,61,16.36824716298529,60,0.03083404925305305
60,2103,375,62,15.115770533304016,60,0.2313122490607392
60,2103,375,68,6.240030681358258,60,0.48748623546039993
60,2103,376,52,3.659028731858374,52,0.7098898644635023
60,2103,376,58,17.139863651927016,58,0.16348173217747528
60,2103,376,59,12.013328239914037,59,0.13231685077537944
60,2103,376,60,10.381026208691443,60,0.05953548681308142
60,2103,376,61,10.408064424217708,60,0.18785257093841481
60,2103,376,62,7.88299276666736,60,0.3211366646146549
60,2103,376,68,2.212423871812036,60,0.8400982897973888
60,2103,377,52,2.3626885566110483,52,0.6189897794507401
60,2103,377,58,4.170968738430608,58,0.25897172040937255
60,2103,377,59,116.80186642037488,59,0.09030487373801027
60,2103,377,60,193.90040490570854,60,0.027664410483181637
60,2103,377,61,35.741101616857044,60,0.07786126415002073
60,2103,377,62,35.73538194371455,60,0.0797055280445565
60,2103,377,68,4.438823433186554,60,0.5486724088489842
60,2103,378,52,1.612314118825187,52,0.684098367723088
60,2103,378,58,73.42424009674468,58,0.11814141150480478
60,2103,378,59,68.34477634598288,59,0.11793167435858241
60,2103,378,60,117.05475858914062,60,0.06119624537029866
60,2103,378,61,41.46437549912108,60,0.06183702178583944
60,2103,378,62,41.39530247520655,60,0.06207503229441186
60,2103,378,68,3.4235364601520484,60,0.6208026495044303
60,2103,379,52,1.85985756547568,52,0.8566443427188412
60,2103,379,58,10.040420897299857,58,0.18540005482269362
60,2103,379,59,11.510940284818538,59,0.17549291242473816
60,2103,379,60,13689.122570343865,60,0.007291092365628029
60,2103,379,61,918.5629710214894,60,0.027477336692494535
60,2103,379,62,65.15712876323786,60,0.0834107085499396
60,2103,379,68,5.892531146564634,60,0.2585854657789557
60,2103,380,52,1.8855147406637587,52,0.7093954629889089
60,2103,380,58,11.43094542727327,58,0.18524157687730528
60,2103,380,59,4.296061127119612,59,0.15617223185159915
60,2103,380,60,5.049413676450784,60,0.11805349132760068
60,2103,380,61,4.522693365469027,60,0.3014333673182538
60,2103,380,62,4.57757523920254,60,0.31084299561548334
60,2103,380,68,2.611544532619919,60,0.5690142190922268
60,2103,381,52,3.2518517892434975,52,0.4780691492342488
60,2103,381,58,7.549408166256874,58,0.2495836944392233
60,2103,381,59,5.780991884277537,59,0.2380591103974648
60,2103,381,60,13.29019138076321,60,0.12354204984596015
60,2103,381,61,9.070147877851998,60,0.18270470356453605
60,2103,381,62,8.073067539406782,60,0.18772747021587743
60,2103,381,68,2.6052629667876372,60,0.6968495818856648
60,2103,382,52,0.8626877217115525,52,0.7956171988249722
60,2103,382,58,22.344630960086135,58,0.14583956192254766
60,2103,382,59,18.53403228775399,59,0.11056965295466024
60,2103,382,60,101.73681221522963,60,0.05059358300745588
60,2103,382,61,44.363390238611174,60,0.11958036349871692
60,2103,382,62,17.240051967529958,60,0.2266771440869099
60,2103,382,68,4.130933553193298,60,0.5645941774498695
60,2103,383,52,1.0952134291577735,52,0.6113794861879543
60,2103,383,58,2.6085852491915937,58,0.29200058034095233
60,2103,383,59,2.122574738570709,59,0.20213189839412407
60,2103,383,60,1.8623549108067408,60,0.1855525542728817
60,2103,383,61,1.8843115990144663,60,0.29217865083947653
60,2103,383,62,2.015171396817144,60,0.29227193690852526
60,2103,383,68,2.2807929560010853,60,0.5357533157943138
60,2103,384,52,4.368082617951715,52,0.7668813900634922
60,2103,384,58,30.54713252102762,58,0.24963866578026359
60,2103,384,59,29.96899101676283,59,0.2348209724723047
60,2103,384,60,50.27844953612554,60,0.1070891718585849
60,2103,384,61,25.19362823649781,60,0.15688625804736997
60,2103,384,62,11.816516564811993,60,0.16089818417057908
60,2103,384,68,5.468481648170558,60,0.7166578013718753
60,2103,385,52,3.9045727569336006,52,0.6934383203469542
60,2103,385,58,5.524454578825297,58,0.1239996757212182
60,2103,385,59,6.862680307273586,59,0.08030932878619838
60,2103,385,60,46562.17173443103,60,0.0014638018008391821
60,2103,385,61,6.082680681933355,60,0.14683055170897946
60,2103,385,62,5.847300135810814,60,0.16952862301224808
60,2103,385,68,2.4884264143650316,60,0.6966363402561359
60,2103,386,52,1.4922292947594913,52,0.5504427785529676
60,2103,386,58,2.860759402598753,58,0.2313449699943118
60,2103,386,59,9.736482504801259,59,0.20453298332471936
60,2103,386,60,4.848815819591307,60,0.09817033343533892
60,2103,386,61,3.7698617544898196,60,0.11684414041541791
60,2103,386,62,3.7602530082383177,60,0.2918691717540821
60,2103,386,68,2.446993632240892,60,0.7787312498806972
60,2103,387,52,2.2515727331189765,52,0.560164607381968
60,2103,387,58,4.821541392071945,58,0.3820696296460106
60,2103,387,59,6.1456898714538974,59,0.08306248719984786
60,2103,387,60,13.52533232901616,60,0.06291188893710724
60,2103,387,61,10.259058163849202,60,0.07060011025832369
60,2103,387,62,4.961475660118459,60,0.14558969474766434
60,2103,387,68,2.855013641974483,60,0.6669298413248971
60,2103,388,52,2.4130064932884467,52,0.7721349010452175
60,2103,388,58,4.846220671912769,58,0.28401850036329274
60,2103,388,59,23.930879558876136,59,0.1292996777630297
60,2103,388,60,38.3254318332173,60,0.03276386190822883
60,2103,388,61,17.80723161336943,60,0.0694331785201908
60,2103,388,62,17.557962445378422,60,0.08784608179794505
60,2103,388,68,2.8785345779754277,60,0.5589693215565498
60,2103,389,52,1.1075578687881773,52,0.4720902363446687
60,2103,389,58,6.487275655145447,58,0.08893676477343757
60,2103,389,59,1932.305695691499,59,0.013693893960117914
60,2103,389,60,2498.8971077238857,60,0.009217406415323133
60,2103,389,61,180.78356091044182,60,0.030757453658323792
60,2103,389,62,6.912683829887094,60,0.24846353280549552
60,2103,389,68,2.8001319857617912,60,0.688458487011367
60,2103,390,52,1.8251159131606327,52,0.9006576919801914
60,2103,390,58,8.129473138902306,58,0.25989620521190243
60,2103,390,59,10.269441288928524,59,0.25964392084537175
60,2103,390,60,6.658326990135982,60,0.13618345820330077
60,2103,390,61,4.642785033827467,60,0.32742935776872156
60,2103,390,62,4.373209079951902,60,0.34425442600771755
60,2103,390,68,2.8270833804620175,60,0.7380923157198342
60,2103,391,52,1.856505638557022,52,0.7140974640954606
60,2103,391,58,8.752375371074693,58,0.29596081316800044
60,2103,391,59,27.249784339323647,59,0.23711831277176276
60,2103,391,60,49.513868745859,60,0.10481952920828636
60,2103,391,61,47.64565185514762,60,0.10490606249243122
60,2103,391,62,37.92210980007627,60,0.10911470629955987
60,2103,391,68,3.852879522549268,60,0.7300250525365922
60,2103,392,52,1.7243776242861828,52,0.9067960606184424
60,2103,392,58,6.061089157867844,58,0.23153547359724805
60,2103,392,59,12.88863932248746,59,0.22642892953118057
60,2103,392,60,198.78549055467616,60,0.08759796680680727
60,2103,392,61,179.5681564402529,60,0.09205705387405563
60,2103,392,62,70.27262670614401,60,0.175197772958172
60,2103,392,68,5.6604369308200235,60,0.6597481749249547
60,2103,393,52,5.98456018180878,52,0.4282625347488986
60,2103,393,58,17.292356352663354,58,0.1800516669493187
60,2103,393,59,19.900989574997325,59,0.16875678067903507
60,2103,393,60,50.59696013114224,60,0.10587599168242788
60,2103,393,61,18.404766461438644,60,0.14608119401556904
60,2103,393,62,13.069803312018655,60,0.21980542539923661
60,2103,393,68,3.9245129223619424,60,0.42541969629623916
60,2103,394,52,2.5005773428552533,52,0.671750664683558
60,2103,394,58,59.24116364024925,58,0.15001284615265117
60,2103,394,59,94.1117356311636,59,0.11582801951499534
60,2103,394,60,105.13914866382416,60,0.11561067860059403
60,2103,394,61,42.55458969821494,60,0.2238793072149713
60,2103,394,62,27.290286382895665,60,0.2767991220444129
60,2103,394,68,6.19631703993382,60,0.8897112185039499
60,2103,395,52,1.5846232275956664,52,0.6884234286448999
60,2103,395,58,7.67347115459226,58,0.2435409887430678
60,2103,395,59,7.6474570422089805,59,0.23957873015476833
60,2103,395,60,5.380405680144168,60,0.10797649764703741
60,2103,395,61,4.779282793475888,60,0.18757349159271325
60,2103,395,62,3.2260285188449673,60,0.3027164078879506
60,2103,395,68,2.919189194654523,60,0.5344900109238448
60,2103,396,52,1.2513425306133923,52,0.833744817733403
60,2103,396,58,6.320119658024123,58,0.2390276035773184
60,2103,396,59,10.043911497336428,59,0.10937701763131834
60,2103,396,60,25.455392911073627,60,0.10298742543974496
60,2103,396,61,11.869598839851127,60,0.30373380292610974
60,2103,396,62,8.790794785963255,60,0.37405820089077635
60,2103,396,68,3.8282217346881855,60,0.5578008741483161
60,2103,397,52,2.529761347451174,52,0.8099000565854702
60,2103,397,58,16.148685626029266,58,0.1762547673326783
60,2103,397,59,11.242922800402106,59,0.1543719689075836
60,2103,397,60,51.06320149347461,60,0.08821306105665391
60,2103,397,61,30.585807902206152,60,0.1120249732210769
60,2103,397,62,30.454259950866206,60,0.11263497832881714
60,2103,397,68,3.814171482625541,60,0.5101880589586154
60,2103,398,52,3.005985501620163,52,0.6846921228717755
60,2103,398,58,4.344866360625237,58,0.4711155330481526
60,2103,398,59,4.602790561102866,59,0.10325766062105698
60,2103,398,60,6.500910339498449,60,0.042993312547891654
60,2103,398,61,3.388965951914293,60,0.08226016916676474
60,2103,398,62,3.348487339397062,60,0.19412031606854477
60,2103,398,68,2.904153791533037,60,0.621516190951825
60,2103,399,52,1.9860405518806343,52,1.0268960512989382
60,2103,399,58,11.741425009591309,58,0.2205948690341504
60,2103,399,59,9.865782094226313,59,0.1457570301920372
60,2103,399,60,10.49525083555666,60,0.10465935902416758
60,2103,399,61,9.523625218387217,60,0.20665944497877317
60,2103,399,62,9.231064420627657,60,0.2097247699036317
60,2103,399,68,3.954277890479362,60,0.5581862741560147
60,2103,400,52,2.0610945695800043,52,0.5575837969615391
60,2103,400,58,5.2219890019615605,58,0.24012141194804804
60,2103,400,59,5.469210348076531,59,0.23070765652771819
60,2103,400,60,352.8444202192345,60,0.025519521993605875
60,2103,400,61,192.81793191464217,60,0.03345288848590296
60,2103,400,62,3.8679705187311675,60,0.22051631203493588
60,2103,400,68,2.9289629993473514,60,0.8499917204377796
60,2103,401,52,1.6029449658733634,52,0.9388713148938393
60,2103,401,58,4.975878170353461,58,0.3623835992708662
60,2103,401,59,11.350936058455268,59,0.22534918637686646
60,2103,401,60,7.652700770144167,60,0.11346163453524175
60,2103,401,61,6.719689465381862,60,0.17542906745979556
60,2103,401,62,6.020893828035768,60,0.18214352973439382
60,2103,401,68,3.3537279101675566,60,0.5117814388599268
60,2103,402,52,0.8874017702117338,52,0.8529103624758284
60,2103,402,58,3.233642506506232,58,0.206462327300245
60,2103,402,59,3.702229588507046,59,0.18638574344064235
60,2103,402,60,6.825063329432934,60,0.15643788756916738
60,2103,402,61,6.107155862877215,60,0.177046168986187
60,2103,402,62,5.70162260465988,60,0.17706794696230854
60,2103,402,68,2.5222653701096354,60,0.8252020638591409
60,2103,403,52,1.3590239391104586,52,0.7255298961186502
60,2103,403,58,4.203169930105183,58,0.2460564177468665
60,2103,403,59,11.831572246645743,59,0.1345457492746177
60,2103,403,60,99.12638391603929,60,0.0594407479223821
60,2103,403,61,7.795172576028826,60,0.09618717000560205
60,2103,403,62,7.223513437863224,60,0.14086607925887848
60,2103,403,68,2.3458856604519993,60,0.8699196293826863
60,2103,404,52,1.7642347914283907,52,0.609933235460135
60,2103,404,58,8.25056657389119,58,0.13971570527125887
60,2103,404,59,115.63242171786493,59,0.05562638026031683
60,2103,404,60,10.836209848862666,60,0.027072724831421993
60,2103,404,61,3.1180732291202,60,0.11348467802442402
60,2103,404,62,3.174250841384969,60,0.30230692846691654
60,2103,404,68,2.9170782760954,60,0.6696128286947379
60,2103,405,52,1.2607262139495776,52,0.682831824876368
60,2103,405,58,3.8086297233433695,58,0.14989660577237657
60,2103,405,59,27.963977287236602,59,0.13674641553223493
60,2103,405,60,54.68100436311436,60,0.019149645379622975
60,2103,405,61,29.22498752298318,60,0.0907950695922261
60,2103,405,62,13.833395964633196,60,0.22927917471184953
60,2103,405,68,7.03495352285132,60,0.5306142011595223
60,2103,406,52,3.1729193878532773,52,0.5872993682554899
60,2103,406,58,9.456450371351242,58,0.20232993510982303
60,2103,406,59,7.576389402049088,59,0.14676771763494548
60,2103,406,60,10.414949816920847,60,0.10626514101222596
60,2103,406,61,5.996279732158601,60,0.14542647039226317
60,2103,406,62,6.306047596978264,60,0.14714984542686488
60,2103,406,68,2.8499222951813055,60,0.6647914780575415
60,2103,407,52,1.8374388953511673,52,0.7159751558640619
60,2103,407,58,1.7283549504444342,58,0.37391651975474527
60,2103,407,59,1.7305653007412272,59,0.25330053618882437
60,2103,407,60,8.954267244857544,60,0.13543642703810244
60,2103,407,61,2.327502015799974,60,0.24330018201888473
60,2103,407,62,2.544706012329694,60,0.2475979194973913
60,2103,407,68,2.1303600463448626,60,0.746770991933669
60,2103,408,52,2.5333491350985886,52,0.49685843047693234
60,2103,408,58,29.24525423913272,58,0.16211913774884762
60,2103,408,59,24.149606342326315,59,0.07305107596398772
60,2103,408,60,1919.9711359490277,60,0.009619390043680816
60,2103,408,61,649.0807600049106,60,0.018595303998159715
60,2103,408,62,9.165034535199705,60,0.2871356341632326
60,2103,408,68,3.590888065365572,60,0.7205049362422032
60,2103,409,52,1.4087429181576365,52,0.8359865413804252
60,2103,409,58,10.888955123108262,58,0.24035344117317206
60,2103,409,59,13.88672075835043,59,0.22269004460472389
60,2103,409,60,13.92477145278992,60,0.14764194454605933
60,2103,409,61,10.829658936606936,60,0.15416177836686829
60,2103,409,62,10.815970205994459,60,0.22803104096536264
60,2103,409,68,3.238835906753933,60,0.8200389239903054
60,2103,410,52,0.803076023821384,52,0.7072219931568863
60,2103,410,58,2.6289429524283574,58,0.26567493455682734
60,2103,410,59,2.7923005724932612,59,0.25226942503290345
60,2103,410,60,4.713234866783792,60,0.07600029572245595
60,2103,410,61,2.312360431593576,60,0.3013250812081047
60,2103,410,62,1.6159056264030014,60,0.340140792250255
60,2103,410,68,1.2306945651898866,60,0.839424010840508
60,2103,411,52,1.4457480913996985,52,0.7484652535979123
60,2103,411,58,3.6859079328571114,58,0.27651060159324226
60,2103,411,59,5.259961784199438,59,0.27137104621896424
60,2103,411,60,16.99150251858148,60,0.06522702500572722
60,2103,411,61,16.326239906290684,60,0.0669776098692372
60,2103,411,62,1.71977719740873,60,0.38991554426706515
60,2103,411,68,1.9449568262638057,60,0.955204907928784
60,2103,412,52,2.0866963808261563,52,0.8713777632566772
60,2103,412,58,11.76556010223877,58,0.1641232746116583
60,2103,412,59,13.850052419379605,59,0.16322676373509182
60,2103,412,60,30.896220514918337,60,0.11143225166376176
60,2103,412,61,11.871867516254369,60,0.1818549947082752
60,2103,412,62,10.844221616482763,60,0.18875195587536125
60,2103,412,68,3.301676760428792,60,0.3356098929931535
60,2103,413,52,2.5490143975186776,52,0.7659256566861875
60,2103,413,58,9.307644404577847,58,0.2435575428951814
60,2103,413,59,7.386459326081804,59,0.18970553365591294
60,2103,413,60,9.716970599186954,60,0.13933767938159372
60,2103,413,61,9.617992291848813,60,0.1398118577886278
60,2103,413,62,8.417398340625699,60,0.2832514916192986
60,2103,413,68,2.724290403317173,60,0.7053309447133193
60,2103,414,52,2.2651547688090448,52,0.8456908674291406
60,2103,414,58,3.8721776000399597,58,0.2577320276540638
60,2103,414,59,3.8629780926181816,59,0.22213227891608037
60,2103,414,60,27.22972865634069,60,0.16293922837123404
60,2103,414,61,10.36248090914718,60,0.22767554518077865
60,2103,414,62,7.473505632322647,60,0.3703660078607058
60,2103,414,68,4.028513006948771,60,0.6572015640022143
60,2103,415,52,0.9853159494471837,52,1.1506886174707311
60,2103,415,58,6.8040361281901625,58,0.13348240639780248
60,2103,415,59,12.256040614038477,59,0.05653392088754261
60,2103,415,60,3.8032015340513605,60,0.042397242934366516
60,2103,415,61,3.5963856303224877,60,0.056640620316020907
60,2103,415,62,3.5930909687714565,60,0.19178232953245944
60,2103,415,68,2.2942005622858352,60,0.7850353494341719
60,2103,416,52,0.9355854702101725,52,0.8591886755778779
60,2103,416,58,2.5481449258787134,58,0.23664948357608614
60,2103,416,59,2.3475762869462207,59,0.22609794192454188
60,2103,416,60,10.654000321002066,60,0.09047014845894728
60,2103,416,61,10.452522950871478,60,0.09757769629195386
60,2103,416,62,2.135443146567205,60,0.22653812431911627
60,2103,416,68,2.1738112566241385,60,0.6627347275730906
60,2103,417,52,1.0178226717258003,52,0.5100281408680969
60,2103,417,58,7.572217964645085,58,0.22003119759191833
60,2103,417,59,60.35869079461883,59,0.08983545845502729
60,2103,417,60,996.7128507104344,60,0.017669494921891595
60,2103,417,61,32.12548840789688,60,0.17854043881687154
60,2103,417,62,26.520145724744896,60,0.18249224255705443
60,2103,417,68,2.612466386759782,60,0.6194145365803425
60,2103,418,52,1.4598437138033908,52,0.5760395152723827
60,2103,418,58,9.010495471948175,58,0.18891138917720315
60,2103,418,59,103809.78840637943,59,0.0026687774248925467
60,2103,418,60,5247.436907222342,60,0.0005025549394871065
60,2103,418,61,8.908772994760454,60,0.057456520168301065
60,2103,418,62,8.916766455366293,60,0.13771048206020015
60,2103,418,68,4.019456035223769,60,0.6737543558839598
60,2103,419,52,1.612100730169831,52,0.6154024665004252
60,2103,419,58,9.340390556191116,58,0.32310341985467145
60,2103,419,59,6.783178722365792,59,0.1845148823494702
60,2103,419,60,20.795814043900744,60,0.1165587302316414
60,2103,419,61,19.82211776819729,60,0.13103826879575523
60,2103,419,62,19.875000345725045,60,0.13103833434737325
60,2103,419,68,2.6785807000346993,60,0.8102754395362424
60,2103,420,52,5.266463548157265,52,0.5965997519581442
60,2103,420,58,5.641443764044999,58,0.18729961137680132
60,2103,420,59,18.45143738399156,59,0.1465495161326515
60,2103,420,60,70.33290634362548,60,0.09513729409924028
60,2103,420,61,45.72586751988511,60,0.10461358993888663
60,2103,420,62,44.0537040788621,60,0.10462878746806573
60,2103,420,68,5.980663168700293,60,0.4228502002598221
60,2103,421,52,2.2836691941124405,52,0.5270883472188564
60,2103,421,58,4.584161390497285,58,0.1689887233618647
60,2103,421,59,16.288569470395625,59,0.14661912015265485
60,2103,421,60,39.89917171122696,60,0.03572992130650594
60,2103,421,61,8.164335199099234,60,0.1413203165658066
60,2103,421,62,8.409466178571822,60,0.15805126696437843
60,2103,421,68,3.8403932837006494,60,0.7820513682335782
60,2103,422,52,1.187931888409964,52,0.6198594613141764
60,2103,422,58,13.643062118251374,58,0.09914316668942541
60,2103,422,59,68.43767719566037,59,0.07234668823715322
60,2103,422,60,75.21256672382309,60,0.052198197516191584
60,2103,422,61,67.41875662844224,60,0.05924330647195117
60,2103,422,62,17.284159096880213,60,0.1373701210183859
60,2103,422,68,3.3716098453239716,60,0.426680044297575
60,2103,423,52,3.40144349032645,52,0.46181666363373974
60,2103,423,58,7.408497215588591,58,0.12848741334044975
60,2103,423,59,63.07573918046739,59,0.050617681544298535
60,2103,423,60,58.34227407479666,60,0.05006537492552525
60,2103,423,61,33.90133927868269,60,0.06828183751552272
60,2103,423,62,6.79138151938443,60,0.16671978695702352
60,2103,423,68,2.847464947850972,60,0.49660447057474566
60,2103,424,52,0.9209602008021436,52,1.2261495602518957
60,2103,424,58,3.090517172183267,58,0.3274036726210265
60,2103,424,59,3.2343068493162153,59,0.32081980755644834
60,2103,424,60,441.5721552024367,60,0.01769237319707865
60,2103,424,61,12.158419205950592,60,0.13858847089347995
60,2103,424,62,11.854885705115883,60,0.142371061736613
60,2103,424,68,1.8792165105226843,60,0.9657922669935979
60,2103,425,52,1.8861420197027614,52,0.9694931325024883
60,2103,425,58,7.675457000730194,58,0.17106508339293025
60,2103,425,59,7.69473965048865,59,0.17087965635012195
60,2103,425,60,7.394795884904083,60,0.06365580108604356
60,2103,425,61,3.523893981456956,60,0.09069704178712658
60,2103,425,62,2.7964366409652746,60,0.2523929380844874
60,2103,425,68,2.9546663788747627,60,0.936004555126731
60,2103,426,52,3.5894719599952083,52,0.7384862598541861
60,2103,426,58,11.193101633629427,58,0.29978593075500387
60,2103,426,59,17.86345571756834,59,0.2529624580530356
60,2103,426,60,19.46665325104844,60,0.22719143853643478
60,2103,426,61,18.550591648183108,60,0.2644882750200431
60,2103,426,62,9.34007304212212,60,0.3432636499915367
60,2103,426,68,2.9973422747133176,60,0.7152925092114616
60,2103,427,52,2.148246005875915,52,0.3686863935661082
60,2103,427,58,25.26772960931393,58,0.17657152610007834
60,2103,427,59,18.053626328347598,59,0.1733410332381269
60,2103,427,60,45.70179395493017,60,0.049751048228121424
60,2103,427,61,22.109729703696516,60,0.16517218038412176
60,2103,427,62,6.603581385680946,60,0.36160923497855396
60,2103,427,68,3.809396950403287,60,0.6679245455237248
60,2103,428,52,1.9879460621441698,52,0.6755738597997112
60,2103,428,58,7.603066345141527,58,0.36172204771736993
60,2103,428,59,9.466608480436252,59,0.21968122852443006
60,2103,428,60,79.37255893544108,60,0.14335322638310924
60,2103,428,61,64.07870426860927,60,0.15642879500173779
60,2103,428,62,28.382289633085342,60,0.2105346070966058
60,2103,428,68,6.409120693100959,60,0.8985064051180878
60,2103,429,52,3.054807109103774,52,0.6640195554769325
60,2103,429,58,63.55328212962218,58,0.20305354120304328
60,2103,429,59,114.45451618009139,59,0.08431233314810112
60,2103,429,60,150.61219956731907,60,0.08359915557197574
60,2103,429,61,141.9043124136152,60,0.08697552295138679
60,2103,429,62,53.870311490995554,60,0.09431294276475978
60,2103,429,68,5.343814736445437,60,0.3956399948922727
60,2103,430,52,2.738107683364908,52,0.5838912345884963
60,2103,430,58,3.534855361040258,58,0.21651216058668907
60,2103,430,59,2.046817673014873,59,0.21183922073574593
60,2103,430,60,3.222997964337652,60,0.16029867704388906
60,2103,430,61,2.4729944082662234,60,0.32843155431773213
60,2103,430,62,2.396857923984099,60,0.3346348044145765
60,2103,430,68,2.150353017974113,60,0.718863775778448
60,2103,431,52,1.6252939780786466,52,0.5477510719372972
60,2103,431,58,19.145358280138684,58,0.15740324377327194
60,2103,431,59,5.157748793575443,59,0.1058598140877287
60,2103,431,60,4.783909592171428,60,0.026322641965166125
60,2103,431,61,3.911386603807024,60,0.030069925044396952
60,2103,431,62,3.4780217419854296,60,0.11251611738525942
60,2103,431,68,3.2659861659056535,60,0.6363549304056386
60,2103,432,52,2.3820947110067676,52,0.7697740651604236
60,2103,432,58,6.411882960310899,58,0.24278254430734952
60,2103,432,59,10.827579303136298,59,0.1824392382684181
60,2103,432,60,25.221004948907623,60,0.1550755694327349
60,2103,432,61,6.189758489510055,60,0.30908030623479926
60,2103,432,62,6.0068425796703,60,0.31524474343631154
60,2103,432,68,3.6725849565023605,60,0.6621084260223334
60,2103,433,52,3.9800874207292707,52,0.673815352139674
60,2103,433,58,14.443129659755492,58,0.14332707317512278
60,2103,433,59,44.44215671370535,59,0.10780331861631001
60,2103,433,60,36.559411210087596,60,0.10163082246364728
60,2103,433,61,4.497403386741201,60,0.2992533043044439
60,2103,433,62,4.4808550538831735,60,0.3059550491172271
60,2103,433,68,2.474657308865714,60,0.6519980140034463
60,2103,434,52,1.6318579959480104,52,0.8162741690806897
60,2103,434,58,4.333826309409524,58,0.24738771532831266
60,2103,434,59,31.39721423537961,59,0.0644093458009917
60,2103,434,60,24.583943357242017,60,0.06149596611689305
60,2103,434,61,17.353073165379506,60,0.138735068642024
60,2103,434,62,10.357262673970215,60,0.1761387211310299
60,2103,434,68,2.0219290968549615,60,0.8490975328530427
60,2103,435,52,6.373656086213358,52,0.5117367700888551
60,2103,435,58,14.175736410583593,58,0.254951758636947
60,2103,435,59,13.998120033635656,59,0.11077471040028797
60,2103,435,60,93.19491486257623,60,0.05620361754029939
60,2103,435,61,72.77418626564688,60,0.07478743120326271
60,2103,435,62,10.101540240957334,60,0.1302171026706376
60,2103,435,68,5.3282319915400524,60,0.4863145058639868
60,2103,436,52,4.807457064689551,52,0.4794949913415832
60,2103,436,58,21.398521112054752,58,0.16026942106575567
60,2103,436,59,33.395328232072316,59,0.13560497195046123
60,2103,436,60,20.01481895318533,60,0.029089452263187956
60,2103,436,61,11.407473066589118,60,0.18175476538220242
60,2103,436,62,11.094742780550519,60,0.19559242632644605
60,2103,436,68,2.5440053943482166,60,0.6694515912635209
60,2103,437,52,2.355856205752763,52,0.6162693965197859
60,2103,437,58,26.324199055017605,58,0.18127631602799077
60,2103,437,59,23.04534877311375,59,0.1810703466761848
60,2103,437,60,33.411544601681065,60,0.1306238469204381
60,2103,437,61,7.262493234635075,60,0.13803626338775976
60,2103,437,62,4.285485549400873,60,0.18935393981243767
60,2103,437,68,1.8394708729250593,60,0.45425843223786416
60,2103,438,52,2.494365009568511,52,0.6669609858790034
60,2103,438,58,6.24210408541133,58,0.14559534149288433
60,2103,438,59,7.804747054912035,59,0.10570036694328777
60,2103,438,60,7.619345181235392,60,0.06619690909857277
60,2103,438,61,7.562353595277893,60,0.14111536782800205
60,2103,438,62,7.495643364094797,60,0.14317811023139954
60,2103,438,68,2.9588340715283397,60,0.7353161514793839
60,2103,439,52,1.1973180704311268,52,0.6018283462235218
60,2103,439,58,59.153193858943006,58,0.1801322209954252
60,2103,439,59,60.91850376824997,59,0.1639156555795535
60,2103,439,60,204.87653190180748,60,0.10364653061079922
60,2103,439,61,69.56074526030653,60,0.19555450230650495
60,2103,439,62,35.65894413878832,60,0.2779955667923328
60,2103,439,68,3.4214459041955116,60,0.77467581782597
60,2103,440,52,1.2411306884188145,52,0.5862162237337502
60,2103,440,58,6.061630099244624,58,0.13731845989633168
60,2103,440,59,5.093409405249543,59,0.1368321895631288
60,2103,440,60,56.74689411433953,60,0.07980569410008766
60,2103,440,61,56.5926074449988,60,0.07993117571848007
60,2103,440,62,56.454666031329594,60,0.08004674782569818
60,2103,440,68,1.5994801299685522,60,0.923424225846979
60,2103,441,52,1.4430279273601072,52,0.7150587071514948
60,2103,441,58,9.535609554140379,58,0.34244969525491575
60,2103,441,59,8.898728007840141,59,0.24663608050351266
60,2103,441,60,11.705736418363779,60,0.1429352842518676
60,2103,441,61,11.004801217266692,60,0.16704494828901986
60,2103,441,62,3.1824585999367003,60,0.20290555296189497
60,2103,441,68,2.3438913593104025,60,0.8040715973414688
60,2103,442,52,1.6552799615251446,52,0.6788685576368513
60,2103,442,58,28.026174400490245,58,0.05457298076399871
60,2103,442,59,59.680848819533125,59,0.04313038037298955
60,2103,442,60,99.20758906017379,60,0.04118000587021994
60,2103,442,61,28.57922099926784,60,0.07506068355231442
60,2103,442,62,4.452960353832773,60,0.20210052383461657
60,2103,442,68,2.8151866722331325,60,0.5582252482482172
60,2103,443,52,1.961897896267504,52,0.4953508263712176
60,2103,443,58,2.875137402219255,58,0.31375718358839255
60,2103,443,59,2.8945312910447765,59,0.2703180890563259
60,2103,443,60,3.4384214163075053,60,0.21849912148708492
60,2103,443,61,3.268740642600649,60,0.2397138634421652
60,2103,443,62,3.0718807629978926,60,0.34530038936383606
60,2103,443,68,2.685167429493031,60,0.9313561942812297
60,2103,444,52,1.5215206528674776,52,0.8166069045924809
60,2103,444,58,3.7022057846907015,58,0.13712936355628394
60,2103,444,59,58.783875433324084,59,0.05981341062400133
60,2103,444,60,15.523061139008407,60,0.05067202430056705
60,2103,444,61,8.487911645874616,60,0.14449806505615326
60,2103,444,62,4.298716458011908,60,0.2623954405446247
60,2103,444,68,2.19092931445491,60,0.6963911785913935
60,2103,445,52,3.77030126163671,52,0.676768385626718
60,2103,445,58,9.149437087307271,58,0.2404949373361388
60,2103,445,59,107.97139311246738,59,0.12191720723767598
60,2103,445,60,37.053099563446125,60,0.05570850495593979
60,2103,445,61,17.267162767375794,60,0.320982715836196
60,2103,445,62,13.899638886636673,60,0.3571031346551323
60,2103,445,68,8.248914522976207,60,0.5905001445381082
60,2103,446,52,2.190416970870917,52,0.7860482191409024
60,2103,446,58,9.992653319381565,58,0.2953142881039139
60,2103,446,59,13.455917982982855,59,0.14489480221938292
60,2103,446,60,998.0946436439791,60,0.027221494122577416
60,2103,446,61,103.99193203609057,60,0.0778484139437557
60,2103,446,62,30.62541517570391,60,0.1455830337196627
60,2103,446,68,5.416934519531067,60,0.6768648275565139
60,2103,447,52,1.6063168816017446,52,0.5108081611014093
60,2103,447,58,8.216974663227225,58,0.3008478753350231
60,2103,447,59,6.110862948635451,59,0.28471438256839027
60,2103,447,60,8.993745946177741,60,0.2111528972143284
60,2103,447,61,2.2466629006881007,60,0.27511843371369604
60,2103,447,62,1.8669921233627267,60,0.3371257390431905
60,2103,447,68,1.8563424749666,60,0.687531004625857
60,2103,448,52,1.4385037199344526,52,0.6664086570631325
60,2103,448,58,10.5600002713485,58,0.08357312495199379
60,2103,448,59,14.530474201028511,59,0.08333577270131583
60,2103,448,60,111.67087401468457,60,0.05639255475105255
60,2103,448,61,107.51646856958669,60,0.05880190175617484
60,2103,448,62,98.35379182961775,60,0.06678064737086857
60,2103,448,68,3.0327617607984796,60,0.7341346346858241
60,2103,449,52,2.513224793594425,52,0.9035496166562966
60,2103,449,58,5.915791888993576,58,0.28496501484353265
60,2103,449,59,13.9051612710387,59,0.20412940307030916
60,2103,449,60,51.31705218294719,60,0.1502089585117707
60,2103,449,61,8.892754052608925,60,0.37398032266417996
60,2103,449,62,7.1478741619459925,60,0.3803293655956125
60,2103,449,68,4.819953530836244,60,0.6079226006438886
60,2103,450,52,1.1451088513381285,52,0.6269947906935219
60,2103,450,58,20.141371797396395,58,0.14970075924312054
60,2103,450,59,22.550769504634296,59,0.14764629852806363
60,2103,450,60,12.59042638666599,60,0.059385876690105255
60,2103,450,61,11.489337789759494,60,0.0639363020717901
60,2103,450,62,7.192004426051963,60,0.14152070745605325
60,2103,450,68,1.8325591742868697,60,0.6725403678041499
60,2103,451,52,2.1521392365370926,52,0.8148957240639437
60,2103,451,58,6.722824330942251,58,0.11540456147706844
60,2103,451,59,6.800751336358552,59,0.09439339946743654
60,2103,451,60,6.3708516835387305,60,0.060620551814549964
60,2103,451,61,6.6322861958096135,60,0.11649360511617338
60,2103,451,62,5.277395781041045,60,0.12022525515833343
60,2103,451,68,3.978737533585805,60,0.6470050255711245
60,2103,452,52,1.5528416337140174,52,0.6685737022935293
60,2103,452,58,38.24488119640401,58,0.22377522563720875
60,2103,452,59,115.47976293012978,59,0.11672153531027288
60,2103,452,60,138.36797448619635,60,0.10775996116224974
60,2103,452,61,44.60992918899727,60,0.1814088875649493
60,2103,452,62,27.451103889424736,60,0.25060319202084863
60,2103,452,68,3.302684228324866,60,0.6305800616149093
60,2103,453,52,1.3857442085288247,52,0.8267320019034643
60,2103,453,58,2.1904028210456583,58,0.31745281726571756
60,2103,453,59,3.590776886833124,59,0.30127607412101365
60,2103,453,60,3.399717851257181,60,0.12642070319094037
60,2103,453,61,3.013552184597621,60,0.31320057742177665
60,2103,453,62,2.458561608546355,60,0.3133383634193798
60,2103,453,68,2.4650042329542337,60,0.7748907207991427
60,2103,454,52,2.2117045658842622,52,0.62940376410627
60,2103,454,58,5.199622878339555,58,0.1674442970253083
60,2103,454,59,7.750870076808038,59,0.1151014895897549
60,2103,454,60,21.283708129343612,60,0.10357357957537099
60,2103,454,61,12.138811583974109,60,0.24987424143103723
60,2103,454,62,11.829130102227664,60,0.3069394851865518
60,2103,454,68,6.910897155660669,60,0.5169396194906267
60,2103,455,52,1.3510757755320808,52,0.7535778541404743
60,2103,455,58,6.1186082055209665,58,0.4482840533901883
60,2103,455,59,9.262896845232937,59,0.381901544806546
60,2103,455,60,6.291845384638969,60,0.07775109467326043
60,2103,455,61,5.97362335051502,60,0.1714687598372168
60,2103,455,62,5.414380023366709,60,0.34006117228240995
60,2103,455,68,2.3656306680333956,60,0.7751114144270673
60,2103,456,52,0.9432765763126629,52,0.7116458234352429
60,2103,456,58,5.093866983428787,58,0.08724386720067219
60,2103,456,59,8.29774802603831,59,0.07649641040488912
60,2103,456,60,10.79827772293763,60,0.014226147749642181
60,2103,456,61,10.08104373670145,60,0.018638015213205746
60,2103,456,62,2.1722989981254113,60,0.1740407993744598
60,2103,456,68,1.8990253851398597,60,0.5942221377534272
60,2103,457,52,1.9819569157619508,52,0.5759441008945015
60,2103,457,58,3.4916750300977513,58,0.2776975204309134
60,2103,457,59,2.345833363945642,59,0.18724622924662254
60,2103,457,60,45.21858706505257,60,0.1294465076891375
60,2103,457,61,32.23304235597192,60,0.15091750789750358
60,2103,457,62,5.64642196499582,60,0.3013771222701856
60,2103,457,68,2.164555752495019,60,0.5397161270098878
60,2103,458,52,1.7603223958742573,52,0.611615094034446
60,2103,458,58,2.8369254631668164,58,0.2610913212314177
60,2103,458,59,3.6420010063393535,59,0.21617497322717444
60,2103,458,60,8.797386517213175,60,0.1536645057273809
60,2103,458,61,7.474343541390886,60,0.18059237852128796
60,2103,458,62,6.0119164374228005,60,0.23932102375437017
60,2103,458,68,2.287421047549142,60,0.6662985293684339
60,2103,459,52,4.052487903161591,52,0.584709713337483
60,2103,459,58,47.056404111103184,58,0.12563017345569677
60,2103,459,59,183.8465485169011,59,0.008629197995519642
60,2103,459,60,2333.9646286436787,60,0.007156881821820683
60,2103,459,61,20.79815150325317,60,0.09357548348350646
60,2103,459,62,4.452797120017155,60,0.1090457789186856
60,2103,459,68,2.355372429666433,60,0.7640738321722234
60,2103,460,52,2.48547535390725,52,0.5906669378297728
60,2103,460,58,9.913757411696544,58,0.27398870058587316
60,2103,460,59,26.173449974822393,59,0.13782190433067165
60,2103,460,60,26.380215001327997,60,0.13741864228712997
60,2103,460,61,21.870809228401367,60,0.1395010491758922
60,2103,460,62,12.080589008898992,60,0.18806846794878856
60,2103,460,68,2.8651194902430053,60,0.6034878038642482
60,2103,461,52,2.829405459149657,52,0.8080142691102901
60,2103,461,58,7.254537478084912,58,0.2467156975730739
60,2103,461,59,4.676126746741015,59,0.1914512429237534
60,2103,461,60,5.920037794322208,60,0.11291218049860723
60,2103,461,61,3.1923574787782827,60,0.16243475844814115
60,2103,461,62,3.0314039171772236,60,0.18249066710123218
60,2103,461,68,3.097755215433972,60,0.692567693303628
60,2103,462,52,2.152766807756903,52,0.7932018108278628
60,2103,462,58,9.16045857386919,58,0.23411538567667226
60,2103,462,59,12.232215882267408,59,0.19744636468244509
60,2103,462,60,14.127980383397597,60,0.16637327682398032
60,2103,462,61,12.18363212703634,60,0.175925756795275
60,2103,462,62,7.475777221352525,60,0.32248197871963974
60,2103,462,68,4.325684579930688,60,0.6359021775521772
60,2103,463,52,2.3697260764717076,52,0.6803920863669033
60,2103,463,58,8.473527167797748,58,0.23558428585544391
60,2103,463,59,4.297567887336722,59,0.1137221546285484
60,2103,463,60,6.875978348476693,60,0.11048200097898718
60,2103,463,61,6.874353639547044,60,0.1568224988627527
60,2103,463,62,5.252702531659029,60,0.16569607594176905
60,2103,463,68,2.9166818459296935,60,0.518783267670924
60,2103,464,52,1.8732587557777847,52,0.5731146777866524
60,2103,464,58,9.93797378687132,58,0.30392431537802744
60,2103,464,59,8.478802008004049,59,0.11029303646215355
60,2103,464,60,11.01917426924874,60,0.10987417488717123
60,2103,464,61,11.019262200482125,60,0.12322817281919286
60,2103,464,62,9.00519658918431,60,0.12325843163135307
60,2103,464,68,4.248631471547822,60,0.4439895194423658
60,2103,465,52,2.055011278842267,52,0.688322760422752
60,2103,465,58,24.732624631418727,58,0.1616396197063571
60,2103,465,59,22.6411624400772,59,0.16076174675149055
60,2103,465,60,143.54784663142738,60,0.027667897941426493
60,2103,465,61,94.11513630018081,60,0.03607798597149754
60,2103,465,62,19.22862281439856,60,0.06697357954937672
60,2103,465,68,3.251276148549835,60,0.5146743638150215
60,2103,466,52,5.457799959111284,52,0.6673909408150007
60,2103,466,58,8.663341016048548,58,0.22062537940954338
60,2103,466,59,38.98079522476215,59,0.04001856301239127
60,2103,466,60,734.9024775315359,60,0.0040767854543105435
60,2103,466,61,111.57246633284566,60,0.007955079291183668
60,2103,466,62,7.791462207657262,60,0.146283303787847
60,2103,466,68,3.3038881798654804,60,0.44721331114832175
60,2103,467,52,2.8103055107666606,52,0.6110248509440224
60,2103,467,58,11.394226869402031,58,0.24383513534715265
60,2103,467,59,11.733743039119432,59,0.15099938069094962
60,2103,467,60,51.893809830500764,60,0.11451397133136478
60,2103,467,61,52.107340077907175,60,0.1156045357024839
60,2103,467,62,14.00959325873397,60,0.23984978909627916
60,2103,467,68,2.701741047799364,60,0.9318803185413819
60,2103,468,52,1.642567058281665,52,0.7903515378922231
60,2103,468,58,2.2105119328666962,58,0.3329837313332074
60,2103,468,59,13.86834589768836,59,0.13922927222122713
60,2103,468,60,23.57235101565537,60,0.09362998392278923
60,2103,468,61,15.459416928774191,60,0.13917531770092637
60,2103,468,62,8.712084981823274,60,0.1862105065568494
60,2103,468,68,2.4555938506890334,60,0.49279653946419494
60,2103,469,52,1.8382082917879279,52,0.5635427509037219
60,2103,469,58,5.0556113364896955,58,0.4074654700490723
60,2103,469,59,18.21483681281714,59,0.14298692365179333
60,2103,469,60,34.97137866081515,60,0.14236707777729604
60,2103,469,61,34.578071879068716,60,0.15924534984658098
60,2103,469,62,12.362081559743077,60,0.2987473651634334
60,2103,469,68,5.899831380169833,60,0.6667758292470927
60,2103,470,52,1.7562558725531574,52,0.9617024162886469
60,2103,470,58,2.54939689577634,58,0.38525263280854616
60,2103,470,59,2.336010019808633,59,0.19397415686067487
60,2103,470,60,9.20317425204056,60,0.07685630266594133
60,2103,470,61,7.533782313290218,60,0.099359830835972
60,2103,470,62,2.618216778245452,60,0.3594422190753213
60,2103,470,68,2.311196117722512,60,0.736472373600129
60,2103,471,52,1.5118707533219002,52,0.7730228649837702
60,2103,471,58,2.8906903298533395,58,0.27540356322006354
60,2103,471,59,2.8959149921755793,59,0.17549868923698095
60,2103,471,60,3.6385585939922986,60,0.1725827291128744
60,2103,471,61,3.894423985690564,60,0.1849054858536169
60,2103,471,62,2.7858403593988843,60,0.20264183521653673
60,2103,471,68,2.6737363726137624,60,0.5122476815912398
60,2103,472,52,1.403028694610767,52,0.4868028858949696
60,2103,472,58,6.082714724862362,58,0.24028955447326278
60,2103,472,59,24.723595975595334,59,0.12821984928427899
60,2103,472,60,24.021542442450013,60,0.09488173713007643
60,2103,472,61,7.256038325345691,60,0.15718961319507693
60,2103,472,62,6.114454795947597,60,0.22363278784574986
60,2103,472,68,3.3688970124954163,60,0.47845971763782363
60,2103,473,52,1.5774874209261662,52,1.050213683658298
60,2103,473,58,7.333135924256376,58,0.6538998481920348
60,2103,473,59,7.377408000964981,59,0.5547229523276476
60,2103,473,60,7.101552686702382,60,0.413559665665281
60,2103,473,61,6.3638956232381965,60,0.4161915578894301
60,2103,473,62,6.013544674935298,60,0.47439754910833093
60,2103,473,68,4.334374234096537,60,1.0221067629373046
60,2103,474,52,1.380154947303072,52,0.6954334122059086
60,2103,474,58,4.593095363964403,58,0.197823307382353
60,2103,474,59,24.02279710587496,59,0.13659929718674815
60,2103,474,60,21.922928642226825,60,0.019667125217313106
60,2103,474,61,14.110983690878284,60,0.02340102675188223
60,2103,474,62,10.455312200105148,60,0.16907971852925224
60,2103,474,68,3.6120197706762047,60,0.5692876613498478
60,2103,475,52,3.769011407725775,52,0.47546594271248077
60,2103,475,58,21.31071732226556,58,0.14633023101529216
60,2103,475,59,20.825449396564505,59,0.09294338644541707
60,2103,475,60,13.211582094002093,60,0.05463911917189657
60,2103,475,61,11.721744147932123,60,0.10407581231990407
60,2103,475,62,11.868190538905244,60,0.1304216654015777
60,2103,475,68,8.644101162477995,60,0.3921438116257856
60,2103,476,52,2.3114108924580603,52,0.770314050554697
60,2103,476,58,6.154044148863558,58,0.32829553447479587
60,2103,476,59,7.904316687708722,59,0.24714873678749305
60,2103,476,60,16.574053416410802,60,0.11408258327697941
60,2103,476,61,15.263732945940186,60,0.11550217770171341
60,2103,476,62,6.364876606151411,60,0.2972845202487242
60,2103,476,68,3.1167638769335966,60,0.5129957404673436
60,2103,477,52,2.60435543472824,52,0.6918137966703488
60,2103,477,58,62.044903314599026,58,0.05292606700484754
60,2103,477,59,64.97181310477544,59,0.05266898477819837
60,2103,477,60,384.4739700527206,60,0.03716797262209574
60,2103,477,61,90.64074484318085,60,0.07755176390239497
60,2103,477,62,6.886604984538266,60,0.3258506058208971
60,2103,477,68,2.888797208549345,60,0.5961959688481533
60,2103,478,52,1.1335189763967826,52,0.694790613661296
60,2103,478,58,3.678338972534461,58,0.30028167442627546
60,2103,478,59,3.8926866460460103,59,0.24627015219176818
60,2103,478,60,4.224088475992927,60,0.14853072101667686
60,2103,478,61,1.9026859594483616,60,0.18083353992675147
60,2103,478,62,2.193275827050406,60,0.256879944126242
60,2103,478,68,2.6128410839167793,60,0.5544663383300401
60,2103,479,52,2.945618544661744,52,0.6240022893125909
60,2103,479,58,18.250767909011756,58,0.25713489756365215
60,2103,479,59,39.90846227157082,59,0.11467258209859989
60,2103,479,60,107.92286702905803,60,0.06601753759698965
60,2103,479,61,107.50037467503792,60,0.06764482493579262
60,2103,479,62,27.262948584053433,60,0.16335302077895808
60,2103,479,68,5.800087575784591,60,0.4114038395794507
60,2103,480,52,1.239505918427871,52,0.8801621133781983
60,2103,480,58,10.24563917740526,58,0.25403006510229337
60,2103,480,59,12.82566349378445,59,0.21130014717127263
60,2103,480,60,6430.57985330452,60,0.009348355141402044
60,2103,480,61,22.833535923055052,60,0.1742683579407284
60,2103,480,62,19.165599677215365,60,0.17484494053009073
60,2103,480,68,5.808656940731046,60,0.5681422736785324
60,2103,481,52,2.2252513551343664,52,0.8718506030416326
60,2103,481,58,1.8592877116949833,58,0.4173397769955451
60,2103,481,59,1.915268359944806,59,0.2903853417615093
60,2103,481,60,1.8416799451574786,60,0.2795162255424347
60,2103,481,61,1.8508869266321948,60,0.30835095384943956
60,2103,481,62,1.6297421925573796,60,0.31095746887322573
60,2103,481,68,1.940836219793348,60,0.760096528214301
60,2103,482,52,4.556343916321287,52,0.4170955347230003
60,2103,482,58,5.133550455676295,58,0.2773324518779257
60,2103,482,59,7.58359783168687,59,0.1232330028059191
60,2103,482,60,8108.4593544924,60,0.0035849583355875756
60,2103,482,61,6.070337218400879,60,0.18484190051491672
60,2103,482,62,5.54822305314988,60,0.39657785807278856
60,2103,482,68,4.816732968957119,60,0.7611861787573397
60,2103,483,52,2.880545912796376,52,0.6354952276889968
60,2103,483,58,21.323909538059677,58,0.15233586867259347
60,2103,483,59,62.76724025300105,59,0.09603622895963247
60,2103,483,60,1455.5254536202021,60,0.018900693494023138
60,2103,483,61,603.7287529270315,60,0.03223568217634243
60,2103,483,62,17.7179763853642,60,0.18026055114788436
60,2103,483,68,4.419438387550658,60,0.809800503951498
60,2103,484,52,2.4137756862125572,52,0.8144038573662006
60,2103,484,58,14.957225929998307,58,0.16003706870725348
60,2103,484,59,15.41571133900666,59,0.15641050165354994
60,2103,484,60,40.907336735583236,60,0.10656664336474557
60,2103,484,61,6.622989655120705,60,0.29215793683466873
60,2103,484,62,3.878872302808324,60,0.3967742511839836
60,2103,484,68,2.3402293032150396,60,0.8550093288209217
60,2103,485,52,1.265052804878826,52,1.0180469410716617
60,2103,485,58,4.478160773764497,58,0.29567974616929055
60,2103,485,59,29.473716203424456,59,0.04139417519900107
60,2103,485,60,63.865539856809455,60,0.03807451677627958
60,2103,485,61,5.618640563323727,60,0.30529698008279454
60,2103,485,62,5.710714929777851,60,0.3123895634651777
60,2103,485,68,2.6198471063822986,60,1.1071023775740814
60,2103,486,52,2.246934362463798,52,0.6843266143594352
60,2103,486,58,45.07430705912802,58,0.15634726430075116
60,2103,486,59,31.72309927023997,59,0.13908607213410068
60,2103,486,60,41.14656591028867,60,0.043142077104709596
60,2103,486,61,21.417833832958852,60,0.139346981817714
60,2103,486,62,14.485857779808624,60,0.236238446649748
60,2103,486,68,4.476469608715964,60,0.6085584439005811
60,2103,487,52,1.4689590127145213,52,0.6155220253642172
60,2103,487,58,7.181910057304946,58,0.2214930897908755
60,2103,487,59,5.831867266934534,59,0.19538840599638618
60,2103,487,60,3.7122822011461873,60,0.17822993640704576
60,2103,487,61,4.040737608675709,60,0.2829366853965991
60,2103,487,62,3.452935511052018,60,0.3564752517970703
60,2103,487,68,2.4677784442540265,60,0.6797370594545988
60,2103,488,52,1.9984771115446542,52,0.5375705562260085
60,2103,488,58,2.9510453039656714,58,0.213571628404195
60,2103,488,59,7.053774185104079,59,0.16611957153760054
60,2103,488,60,87.59750256957396,60,0.04962290436768583
60,2103,488,61,5.540312328033785,60,0.24909056546229635
60,2103,488,62,5.609935679650058,60,0.40460565325362136
60,2103,488,68,4.1546939278563535,60,0.5853146065025445
60,2103,489,52,2.455152737081027,52,0.7666678427526846
60,2103,489,58,24.560389646417516,58,0.07260789068321077
60,2103,489,59,303.45750536107425,59,0.028498601733118096
60,2103,489,60,986.1088310310258,60,0.01796743883151133
60,2103,489,61,61.08172629056693,60,0.06939595168338815
60,2103,489,62,61.08924220364207,60,0.06973972283532383
60,2103,489,68,4.197291873958292,60,0.5796900675126699
60,2103,490,52,3.6301996242234833,52,0.4415284736181115
60,2103,490,58,16.38718210132077,58,0.12725890812415888
60,2103,490,59,15.296056224582856,59,0.11939369033138567
60,2103,490,60,420.4549732425951,60,0.0588155630787898
60,2103,490,61,198.2755815477138,60,0.07767310218330538
60,2103,490,62,75.22232361017348,60,0.12354348208445043
60,2103,490,68,3.0046060357509603,60,0.7207076302265825
60,2103,491,52,2.5168267441850487,52,0.7556049724086039
60,2103,491,58,3.809708954463479,58,0.08610012773883517
60,2103,491,59,4.205018515954755,59,0.08551065753648632
60,2103,491,60,5.755236725433409,60,0.08467619313405962
60,2103,491,61,3.361498188276425,60,0.10986363610438399
60,2103,491,62,3.3725733054128115,60,0.2424082922684852
60,2103,491,68,1.5688370275808723,60,0.597327574803767
60,2103,492,52,1.8254878683688345,52,0.8964377358006406
60,2103,492,58,50.98760415336416,58,0.1204006349300505
60,2103,492,59,45.81981573562779,59,0.08612018653702198
60,2103,492,60,82.20793274431017,60,0.05679236002009538
60,2103,492,61,12.29270659057013,60,0.2022547101646341
60,2103,492,62,12.26115283250501,60,0.22206995937091298
60,2103,492,68,3.8750406792066676,60,0.4316791588552758
60,2103,493,52,2.4738313654934134,52,0.8430429183334505
60,2103,493,58,3.3089361427855715,58,0.24951864969997198
60,2103,493,59,3.255677117987534,59,0.24947655696159526
60,2103,493,60,6426.5718422041555,60,0.00694208686972952
60,2103,493,61,333.7947642990187,60,0.03169818961393238
60,2103,493,62,7.9967065223716185,60,0.19645616267445423
60,2103,493,68,3.3732315673930873,60,0.8140059499881281
60,2103,494,52,1.9485144287740503,52,0.6754193610010794
60,2103,494,58,13.79268971344641,58,0.10933686859328928
60,2103,494,59,18.065167764782995,59,0.06331612786747098
60,2103,494,60,7.738717885624262,60,0.058826233154113526
60,2103,494,61,7.673764346509695,60,0.08757470886748679
60,2103,494,62,3.6200994910073794,60,0.23520944649594325
60,2103,494,68,1.5454777772722312,60,0.9422712564722837
60,2103,495,52,2.0116878878465565,52,0.30067716863710314
60,2103,495,58,5.172285225689329,58,0.16789193874422662
60,2103,495,59,64.89881968974814,59,0.11609504356588139
60,2103,495,60,50.12047685627021,60,0.10962596750743861
60,2103,495,61,5.496892562071745,60,0.23294883722299062
60,2103,495,62,4.940773404760056,60,0.3471852701125011
60,2103,495,68,3.4720343229132813,60,0.7440335549557248
60,2103,496,52,1.6949169601072176,52,0.6994837532878875
60,2103,496,58,35.69183642932736,58,0.16151943908750208
60,2103,496,59,4.514814095663057,59,0.0673323759092335
60,2103,496,60,341.2004761259259,60,0.016069682615340898
60,2103,496,61,64.86809863842909,60,0.03665053081863775
60,2103,496,62,10.771065681555191,60,0.08107623299419858
60,2103,496,68,2.8077257447604915,60,0.6686584832512952
60,2103,497,52,1.258033663063453,52,0.45121351233154705
60,2103,497,58,71.31188759999692,58,0.031410236207601826
60,2103,497,59,213.17900233844395,59,0.016180554296842658
60,2103,497,60,2773.6839901880858,60,0.01038594845781565
60,2103,497,61,4.706412569215045,60,0.2516405861956816
60,2103,497,62,3.270594727506889,60,0.2523092302254494
60,2103,497,68,2.8387778643989754,60,0.444179825293588
60,2103,498,52,1.2758471814645767,52,0.5946268857768083
60,2103,498,58,13.013822910377737,58,0.15745411871669926
60,2103,498,59,10.454012073805751,59,0.10630095530289048
60,2103,498,60,10.167967828816133,60,0.10627647727338069
60,2103,498,61,6.969958140319869,60,0.2546349556168549
60,2103,498,62,4.263300701120777,60,0.2909316960761765
60,2103,498,68,2.861962932982329,60,0.7221404800572662
60,2103,499,52,1.2613955976598819,52,0.8649505234586705
60,2103,499,58,2.524063150485361,58,0.263545541147095
60,2103,499,59,4.970346963262793,59,0.16234975583766653
60,2103,499,60,353.7641287579871,60,0.03306993267168031
60,2103,499,61,19.182690414478323,60,0.09777352811154646
60,2103,499,62,16.026102694175727,60,0.10308161015411767
60,2103,499,68,2.8055225064600764,60,0.9028051189343725
60,2103,500,52,1.362709957642342,52,0.5799848357100368
60,2103,500,58,6.917952617374411,58,0.35146832300316716
60,2103,500,59,6.1248336248632995,59,0.18540704494044052
60,2103,500,60,90.94637567954693,60,0.0450592858824775
60,2103,500,61,9.892255129915632,60,0.16607510360138436
60,2103,500,62,5.0816052738741115,60,0.3044648999600235
60,2103,500,68,1.996945237369315,60,0.5901297312111149
60,2103,501,52,1.821763188755305,52,0.8281150533253658
60,2103,501,58,6.65763840980834,58,0.34291134755159586
60,2103,501,59,5.755305137917465,59,0.24092398892731912
60,2103,501,60,69.79383038810354,60,0.07909179822581663
60,2103,501,61,10.82326452102514,60,0.327658664704816
60,2103,501,62,7.425162964806835,60,0.3321676648521043
60,2103,501,68,2.3565614581932244,60,0.6116090538252903
60,2103,502,52,6.239285999692554,52,0.34156796557369873
60,2103,502,58,68.16584249342313,58,0.15341926540366782
60,2103,502,59,2576.3234902490913,59,0.022557594461963922
60,2103,502,60,3776.082295903405,60,0.02075125527647932
60,2103,502,61,320.6182500020121,60,0.06561336967350652
60,2103,502,62,94.42211399886315,60,0.10483223190512835
60,2103,502,68,6.544838314402255,60,0.6440557988754815
60,2103,503,52,3.0627129803714115,52,0.41635215247122453
60,2103,503,58,8.178631932529072,58,0.20253714721722949
60,2103,503,59,7.309506915534248,59,0.20042235490350613
60,2103,503,60,8.548260430242598,60,0.20034659838789917
60,2103,503,61,7.2340213498307175,60,0.20037446442523454
60,2103,503,62,3.507476959405539,60,0.4160306838591041
60,2103,503,68,2.967186545742491,60,0.7751472898893257
60,2103,504,52,0.9998618729865327,52,0.7983208954855976
60,2103,504,58,9.212053040484781,58,0.4140288239286994
60,2103,504,59,2691.3598045074427,59,0.01995783014945521
60,2103,504,60,12103.150453584894,60,0.012846530989491919
60,2103,504,61,7349.823410571089,60,0.016496790594237948
60,2103,504,62,64.30184985160696,60,0.22947317513906534
60,2103,504,68,10.351304015132051,60,0.5627336916823972
60,2103,505,52,1.605840621197012,52,0.32413048634888814
60,2103,505,58,3.466394667559207,58,0.24021724634884425
60,2103,505,59,4.662744225630323,59,0.23995429952467462
60,2103,505,60,5.199625933551697,60,0.20729701932310138
60,2103,505,61,4.930684982397744,60,0.20797922466200455
60,2103,505,62,2.8540400511780466,60,0.23848779495138667
60,2103,505,68,2.4801616209437864,60,0.6617159054231311
60,2103,506,52,1.7578075992835898,52,0.3426376734308733
60,2103,506,58,4.514715561013825,58,0.1278619102664498
60,2103,506,59,48.858256234631334,59,0.036313884014437844
60,2103,506,60,109.80134988584072,60,0.027456535843572827
60,2103,506,61,4.731032780071632,60,0.16151998558990668
60,2103,506,62,4.761674475452647,60,0.16323904710147405
60,2103,506,68,2.0560625511645108,60,0.5401884617702382
60,2103,507,52,2.2437998581849277,52,0.7683092662121229
60,2103,507,58,7.573116150793068,58,0.283101367842225
60,2103,507,59,8.915727512986564,59,0.20949019663794297
60,2103,507,60,4.631987000259298,60,0.16437923179451103
60,2103,507,61,5.066502525080033,60,0.20358610105389072
60,2103,507,62,5.193243466318463,60,0.21275011668002156
60,2103,507,68,3.7549485675823586,60,0.8034362792890379
60,2103,508,52,8.429966748893666,52,0.5155303824544062
60,2103,508,58,9.263157078102475,58,0.19407913688047315
60,2103,508,59,49.14346400426225,59,0.09966466836754248
60,2103,508,60,44.98983437481006,60,0.09243978774329607
60,2103,508,61,42.30568531327686,60,0.09252708700192566
60,2103,508,62,12.642266070044522,60,0.11634399842206311
60,2103,508,68,7.566066924391111,60,0.5725193617073291
60,2103,509,52,3.96833624774617,52,0.6389923860671075
60,2103,509,58,6.0500447660486705,58,0.38860970111042903
60,2103,509,59,6.775023751323441,59,0.1052994806060789
60,2103,509,60,5.512742984381071,60,0.08973710664429009
60,2103,509,61,5.900144355930471,60,0.13954142848230813
60,2103,509,62,5.1495091619642945,60,0.16717422746369423
60,2103,509,68,3.7167136312328806,60,0.7124479956425337
60,2103,510,52,1.4423288305318067,52,0.7353235900670512
60,2103,510,58,7.279642680214885,58,0.125696545019816
60,2103,510,59,17.6127680601696,59,0.09170507361068549
60,2103,510,60,6.469077513468371,60,0.06732727624073771
60,2103,510,61,3.5770541651706336,60,0.10656675520609098
60,2103,510,62,4.306363840670813,60,0.2496502806766992
60,2103,510,68,3.1056695511600503,60,0.7472922692674069
60,2103,511,52,3.2425286533124704,52,0.7386161463781656
60,2103,511,58,9.783329835494417,58,0.15956275376338858
60,2103,511,59,25.459857663680786,59,0.1351288419946263
60,2103,511,60,303.45466936226876,60,0.0199256580213339
60,2103,511,61,162.58927545359853,60,0.035393518155258444
60,2103,511,62,45.342142442066375,60,0.06582846482103472
60,2103,511,68,2.6704580490907666,60,0.7497252128164406
60,2103,512,52,5.418493119966717,52,0.42568458821876254
60,2103,512,58,3.3227631476692303,58,0.2897352014447957
60,2103,512,59,3.1603197586897127,59,0.26683189248901673
60,2103,512,60,3.0519844702170555,60,0.1537294505573416
60,2103,512,61,2.9699403943531286,60,0.22112367801339672
60,2103,512,62,2.7777620600839725,60,0.22977643520055685
60,2103,512,68,2.4426544710399747,60,0.8181675818919684
60,2103,513,52,1.7503405075607177,52,0.5870105524233191
60,2103,513,58,4.680897987621702,58,0.214659882076785
60,2103,513,59,7.088132147657711,59,0.1798221730662564
60,2103,513,60,321.85673402931945,60,0.049431182792688017
60,2103,513,61,101.02503892963965,60,0.09186016798818132
60,2103,513,62,58.09536299355007,60,0.13444920617520026
60,2103,513,68,9.27384404520632,60,0.4233970041059671
60,2103,514,52,2.015111932625536,52,0.6161280722596605
60,2103,514,58,6.564108140413949,58,0.2791975510156208
60,2103,514,59,10.359010488735027,59,0.23273006514877473
60,2103,514,60,10.730119767324844,60,0.23237377177478144
60,2103,514,61,10.719324523423083,60,0.23430877064066566
60,2103,514,62,10.138420081278806,60,0.2568749812521632
60,2103,514,68,3.6757710162242736,60,0.7106707273955668
60,2103,515,52,1.4774579819289628,52,0.6422909528087984
60,2103,515,58,4.306865897494702,58,0.31602274352296966
60,2103,515,59,8.439253485674778,59,0.24373776024629767
60,2103,515,60,17.597183100448476,60,0.19328039253761237
60,2103,515,61,14.483855460789497,60,0.22582172078315962
60,2103,515,62,14.260898609823736,60,0.22774643251085247
60,2103,515,68,3.6716456794621384,60,0.7032523088502669
60,2103,516,52,1.446644377715467,52,0.4994433879986433
60,2103,516,58,13.474803968993706,58,0.11430436153813683
60,2103,516,59,13.26987710497088,59,0.10271287924431374
60,2103,516,60,28.811283822538453,60,0.052367834664988025
60,2103,516,61,20.903071964269426,60,0.10333728446392994
60,2103,516,62,9.597341318219641,60,0.21289945930331328
60,2103,516,68,2.8057343818208595,60,0.4465427960722708
60,2103,517,52,2.0725290106787426,52,0.6023802455136851
60,2103,517,58,9.87638990748088,58,0.1941082713934676
60,2103,517,59,64.01314240284358,59,0.025856216251314033
60,2103,517,60,21.46982967956936,60,0.014319537032394037
60,2103,517,61,8.490665308515434,60,0.027814374633629096
60,2103,517,62,8.541090828300467,60,0.25245412288912095
60,2103,517,68,2.59190405977353,60,0.5665561486613578
60,2103,518,52,1.987741574186167,52,1.0954527972326165
60,2103,518,58,4.16505805966881,58,0.1793766315791398
60,2103,518,59,4.608168524380317,59,0.15953928558243505
60,2103,518,60,38.40344805228321,60,0.0767725468553971
60,2103,518,61,19.215939641251623,60,0.11785965140755007
60,2103,518,62,3.377876995499763,60,0.26703830005999885
60,2103,518,68,3.5603827503276544,60,0.652919072457867
60,2103,519,52,1.2621883042606108,52,0.6900075053977135
60,2103,519,58,3.1403457467674443,58,0.2897755429479898
60,2103,519,59,3.8328550924361307,59,0.2856395388421807
60,2103,519,60,8.420565498816105,60,0.23463928291448838
60,2103,519,61,3.606354457335306,60,0.3558047307938615
60,2103,519,62,3.6398018847042932,60,0.3799220228596866
60,2103,519,68,2.13441640541882,60,0.745482231260299
60,2103,520,52,2.49533693435595,52,0.6706518962552637
60,2103,520,58,3.760210115864568,58,0.3319117061761509
60,2103,520,59,6.8610023573115235,59,0.14181386504633195
60,2103,520,60,28.68803776976646,60,0.0789046217526106
60,2103,520,61,27.427011663465617,60,0.07935868796850729
60,2103,520,62,2.9181950724892225,60,0.30577710484587156
60,2103,520,68,2.47598362098711,60,0.7260643411200245
60,2103,521,52,2.597535503258935,52,0.8055390633826988
60,2103,521,58,10.121050294310717,58,0.4898511140640627
60,2103,521,59,9.749708319700654,59,0.20133866588058774
60,2103,521,60,9.442160540701458,60,0.09458591570835577
60,2103,521,61,9.474290010163516,60,0.158272951491926
60,2103,521,62,8.986043814271477,60,0.19737347508347777
60,2103,521,68,4.929324725382961,60,0.5816901730025106
60,2103,522,52,2.902747181845301,52,0.5822568776367384
60,2103,522,58,11.15462755601815,58,0.29214500128386844
60,2103,522,59,27.274364157013466,59,0.1214057799151736
60,2103,522,60,77.25757173796082,60,0.07961240012764129
60,2103,522,61,31.316184831792047,60,0.12288383713839329
60,2103,522,62,30.773020792551012,60,0.12361165848302746
60,2103,522,68,3.501237268418738,60,0.5963758789546947
60,2103,523,52,0.6619696779562569,52,0.8109952858050515
60,2103,523,58,1.993859052957351,58,0.19294701863422348
60,2103,523,59,4.265474952535461,59,0.18229259481933874
60,2103,523,60,3.9941939380410485,60,0.18229167259399867
60,2103,523,61,4.055682327109068,60,0.2646332484464224
60,2103,523,62,3.19041273784597,60,0.30932805271407043
60,2103,523,68,1.7356529357523016,60,0.5123140152102633
60,2103,524,52,1.4816375420655548,52,0.6044562402953779
60,2103,524,58,2.7115500559204877,58,0.20663219074896116
60,2103,524,59,2.4858360156468597,59,0.20092461688531904
60,2103,524,60,22.589860754482253,60,0.1406558281700563
60,2103,524,61,21.429832951591973,60,0.1531712559450728
60,2103,524,62,5.760005360349344,60,0.3227195334427617
60,2103,524,68,3.6756132755271316,60,0.5165306635626771
60,2103,525,52,1.4370677210770955,52,0.9724193561804884
60,2103,525,58,2.5425499881834694,58,0.16732443393547927
60,2103,525,59,3.763988187512353,59,0.15746206203208749
60,2103,525,60,9.010156841433972,60,0.08544812181374557
60,2103,525,61,5.593334558244824,60,0.24394222057901824
60,2103,525,62,5.467069644999044,60,0.2463208500638508
60,2103,525,68,2.702874082376759,60,0.5290606366681395
60,2103,526,52,0.9543045639248778,52,0.7762849196606553
60,2103,526,58,1.510314376816996,58,0.3731793684282301
60,2103,526,59,4.837529540570259,59,0.30226323150341383
60,2103,526,60,53.1514152781448,60,0.11188532971942364
60,2103,526,61,10.809452622431213,60,0.308729616863967
60,2103,526,62,10.02230760323655,60,0.31896319395493117
60,2103,526,68,2.7176132015945926,60,0.8010565978006203
60,2103,527,52,2.7416372910574505,52,0.5554734427727129
60,2103,527,58,14.257356023823993,58,0.13408608300716895
60,2103,527,59,7.585878754503922,59,0.08041102334673773
60,2103,527,60,411062.0608721169,60,0.0014559791646378934
60,2103,527,61,93182.3365482412,60,0.003053136414520463
60,2103,527,62,52.532678815924854,60,0.13790137337678868
60,2103,527,68,4.7666240611993995,60,0.5863640843631809
60,2103,528,52,1.6255700630627958,52,0.5129474611098775
60,2103,528,58,3.662065737444762,58,0.2214696560129263
60,2103,528,59,3.687828238308301,59,0.21512172358376686
60,2103,528,60,9.909495289563528,60,0.18197121276193548
60,2103,528,61,4.528911124713253,60,0.2188762821415757
60,2103,528,62,4.7158976305081,60,0.2866910620219966
60,2103,528,68,3.756769402864166,60,0.4772664731716223
60,2103,529,52,3.068226877865273,52,0.7818804499276427
60,2103,529,58,14.679190174729706,58,0.21894785533137104
60,2103,529,59,17.597018386772362,59,0.21745721993932293
60,2103,529,60,17.375032709076304,60,0.08710553048377541
60,2103,529,61,12.403720181853764,60,0.14299367695389675
60,2103,529,62,12.26924858153232,60,0.1840162411155438
60,2103,529,68,2.696341673524633,60,0.6789218409462222
60,2103,530,52,2.097754452796187,52,0.5408828982504424
60,2103,530,58,3.8836342235039174,58,0.3489465308232731
60,2103,530,59,24.23080839751132,59,0.20248842800538105
60,2103,530,60,136.1247039251198,60,0.08260834719140642
60,2103,530,61,90.99386134226323,60,0.09406751723547822
60,2103,530,62,26.511607006901848,60,0.13876039594306985
60,2103,530,68,2.454719424302565,60,0.831071583153295
60,2103,531,52,2.453994186725424,52,0.7985070913741626
60,2103,531,58,21.12404758200267,58,0.11603222932557351
60,2103,531,59,3.8269851614232695,59,0.04128956376332418
60,2103,531,60,12.260123865585363,60,0.032417220379593735
60,2103,531,61,4.401283834937707,60,0.19280929160557392
60,2103,531,62,4.2961654327011445,60,0.2239663474814207
60,2103,531,68,2.4138068531023036,60,0.6452320235718871
60,2103,532,52,2.133662513940699,52,0.6808515356084217
60,2103,532,58,4.895724530570923,58,0.294897363056417
60,2103,532,59,3.788089121128467,59,0.1676326057867746
60,2103,532,60,12.589131351866708,60,0.07650398417300895
60,2103,532,61,7.254257025117328,60,0.12129596542610423
60,2103,532,62,3.9076225872767076,60,0.1604217400490537
60,2103,532,68,2.513907173125642,60,0.7911464187699168
60,2103,533,52,1.5151733468710813,52,0.5335609004102932
60,2103,533,58,4.171843267452548,58,0.17605355473045053
60,2103,533,59,9.122962577092421,59,0.16187574166079555
60,2103,533,60,13.533658124823104,60,0.15677909140954033
60,2103,533,61,8.88410268978906,60,0.18639142538576897
60,2103,533,62,6.840896319795481,60,0.2274000162574514
60,2103,533,68,2.7617654056928016,60,0.5711556714870754
60,2103,534,52,2.3715975393436897,52,0.6211752424348909
60,2103,534,58,9.507299393756304,58,0.26712099322915756
60,2103,534,59,12.000849348418065,59,0.26524783581281997
60,2103,534,60,7.788826108985509,60,0.08700802936412116
60,2103,534,61,8.17366066894833,60,0.08723955096850099
60,2103,534,62,8.044109130896135,60,0.09541381950019572
60,2103,534,68,4.615198149679541,60,0.3470141669003123
60,2103,535,52,1.7162531456565266,52,0.8617783561600585
60,2103,535,58,6.76986940782874,58,0.33874266478107934
60,2103,535,59,7.833141760294353,59,0.17823391629901075
60,2103,535,60,88.62490967896026,60,0.07527237871132038
60,2103,535,61,54.59447229838386,60,0.09942850271774242
60,2103,535,62,24.315152666494104,60,0.16040296004094998
60,2103,535,68,2.421819839428238,60,0.9202115531412628
60,2103,536,52,1.9421264907444062,52,0.6716767531245987
60,2103,536,58,6.871323808176759,58,0.15754025739035488
60,2103,536,59,5.976246796060454,59,0.1337804377712225
60,2103,536,60,150.16531523484235,60,0.030379041297821856
60,2103,536,61,103.57170360763983,60,0.038498123986878276
60,2103,536,62,6.137552697607767,60,0.302377685604213
60,2103,536,68,2.652925325044803,60,0.8778899006956759
60,2103,537,52,3.97375079962712,52,0.45021310958116856
60,2103,537,58,128.73994849986036,58,0.03771814176318165
60,2103,537,59,2109.7789313476724,59,0.019157431765776795
60,2103,537,60,1385.9639515209585,60,0.007251709699119641
60,2103,537,61,186.64549729185913,60,0.017268420356621537
60,2103,537,62,31.938682894338175,60,0.05460704530972676
60,2103,537,68,4.48173250734989,60,0.5727715529636442
60,2103,538,52,0.9135993424914465,52,0.7089856324839181
60,2103,538,58,54.42120694542897,58,0.13275038168416586
60,2103,538,59,55.51287571204176,59,0.13115580431476573
60,2103,538,60,51.17065780612741,60,0.0811468034989119
60,2103,538,61,17.233355908951918,60,0.09516583291447106
60,2103,538,62,11.566539451668449,60,0.14805906698849203
60,2103,538,68,5.266045512575752,60,0.42942644401274127
60,2103,539,52,8.881409103809663,52,0.33991879061383773
60,2103,539,58,46.72903824721236,58,0.20583703550546012
60,2103,539,59,56.283838488853306,59,0.20195338412370054
60,2103,539,60,109.05802974411576,60,0.045636027734855374
60,2103,539,61,78.8639888654763,60,0.06484310022789679
60,2103,539,62,32.58259149201709,60,0.2699629148855015
60,2103,539,68,10.22523077072773,60,0.5698990765323366
60,2103,540,52,1.9796269565532856,52,0.8494221389261648
60,2103,540,58,12.688262562147004,58,0.24687281764926913
60,2103,540,59,19.726673927645695,59,0.18452018736109407
60,2103,540,60,114.03705101371979,60,0.11766773584472809
60,2103,540,61,50.550733070836806,60,0.13401933508425548
60,2103,540,62,30.97900807908794,60,0.19992999359500616
60,2103,540,68,7.58320604025285,60,0.518420705320017
60,2103,541,52,2.020806148867734,52,0.7824304840877692
60,2103,541,58,1.3016240763290425,58,0.23102445128565527
60,2103,541,59,203.46826557622634,59,0.029259333108653612
60,2103,541,60,14.880277241150129,60,0.018408418264197805
60,2103,541,61,1.5994680788409634,60,0.0773298884202098
60,2103,541,62,1.9188402442790597,60,0.0924484341437294
60,2103,541,68,2.1867510258057132,60,0.6117684321543795
60,2103,542,52,2.4426451135966136,52,0.8553901044701369
60,2103,542,58,8.196899114914455,58,0.2055607303980327
60,2103,542,59,8.168493377212155,59,0.20112074212977546
60,2103,542,60,16.789891916668687,60,0.13393043077013234
60,2103,542,61,16.66577861304901,60,0.1409408836220134
60,2103,542,62,8.488323643496042,60,0.3087607605307187
60,2103,542,68,4.136373765664324,60,0.5192649488764877
60,2103,543,52,3.477084929811273,52,0.49833679647984835
60,2103,543,58,6.99737349502558,58,0.1707903756856285
60,2103,543,59,3.1211679663623326,59,0.13461816436763904
60,2103,543,60,21.27564946352392,60,0.012045314073078099
60,2103,543,61,2.9728111936628854,60,0.2316310615549976
60,2103,543,62,2.658604681703213,60,0.2734361425581953
60,2103,543,68,2.3029746075660285,60,0.6288340354401495
60,2103,544,52,1.8230784675828624,52,0.7816514910807892
60,2103,544,58,3.123701906901359,58,0.28688150416044117
60,2103,544,59,4.906489497402969,59,0.23214946981563245
60,2103,544,60,8.849477157016949,60,0.07850826896786449
60,2103,544,61,3.979533172514076,60,0.11792052400482687
60,2103,544,62,3.2854054806757365,60,0.1763772438088703
60,2103,544,68,2.487860014574249,60,0.42009379435293753
60,2103,545,52,2.2863360482148467,52,0.5053922053347215
60,2103,545,58,5.06687612555814,58,0.23412487566652368
60,2103,545,59,9.317673484284164,59,0.1824362094918043
60,2103,545,60,85.29681093215561,60,0.019227763186688254
60,2103,545,61,7.667751663940069,60,0.07635221178502716
60,2103,545,62,3.0128539377529697,60,0.09462948166295965
60,2103,545,68,3.0811144126109804,60,0.5454590697170569
60,2103,546,52,1.5640438951231548,52,0.9468637508514478
60,2103,546,58,9.069698335856774,58,0.3409565504091959
60,2103,546,59,11.043921477219092,59,0.23950281764874753
60,2103,546,60,173.6983497407338,60,0.03245966486093583
60,2103,546,61,74.36731781947204,60,0.0616385032818554
60,2103,546,62,9.894961891157898,60,0.32483467373575714
60,2103,546,68,3.3334106916072495,60,0.7078915491100163
60,2103,547,52,1.278593011999635,52,0.5599364507962602
60,2103,547,58,6.593840845219667,58,0.16506294175895786
60,2103,547,59,6.364358794032829,59,0.056765794618438746
60,2103,547,60,83.58687617287696,60,0.02558724130024338
60,2103,547,61,9.335901851094977,60,0.11421105435171544
60,2103,547,62,5.789180511706937,60,0.3296603015037296
60,2103,547,68,2.7340990816643647,60,0.5338375827277748
60,2103,548,52,0.9771652246290055,52,0.7693150806841675
60,2103,548,58,13.321905834378061,58,0.28058302293777354
60,2103,548,59,17.13599839308998,59,0.28000920187186007
60,2103,548,60,17.24204773023769,60,0.20522538948190922
60,2103,548,61,16.999249225560003,60,0.21227894732299438
60,2103,548,62,17.017997010708534,60,0.21587109865247583
60,2103,548,68,2.810869246982442,60,0.7800338883776791
60,2103,549,52,1.7387002549092074,52,0.7004962902948725
60,2103,549,58,3.4764186520375313,58,0.2719769173827958
60,2103,549,59,6.558857815737616,59,0.2501691158503007
60,2103,549,60,242079.76387831537,60,0.000560662990488761
60,2103,549,61,2.613268621482951,60,0.14527940351227925
60,2103,549,62,2.5279945751099477,60,0.3184166442626378
60,2103,549,68,2.0269900306694497,60,0.7588836289147001
60,2103,550,52,1.0529390758425867,52,0.5972039382592202
60,2103,550,58,2.097786621217276,58,0.16851527182085013
60,2103,550,59,2.5103272977345488,59,0.1684596471720901
60,2103,550,60,351.75192144472965,60,0.03579306039981131
60,2103,550,61,12.079735815506663,60,0.17987165476361777
60,2103,550,62,6.395514560253147,60,0.1814209548397646
60,2103,550,68,1.6665176194861127,60,0.742402012411668
60,2103,551,52,1.9148517485987695,52,0.7947938628062301
60,2103,551,58,7.422938986952408,58,0.1736681169713036
60,2103,551,59,9.981332845752751,59,0.16459759061714008
60,2103,551,60,71.5118610884851,60,0.0681497952016728
60,2103,551,61,14.401061961867748,60,0.1296091937351109
60,2103,551,62,4.822754313844801,60,0.2174641036947913
60,2103,551,68,2.7614040061349066,60,0.46173758491599326
60,2103,552,52,2.442902379097183,52,0.6533113858124308
60,2103,552,58,5.588749355143744,58,0.36177975737015494
60,2103,552,59,7.580562695986842,59,0.1980813876414635
60,2103,552,60,9.476008231866977,60,0.18106694112858512
60,2103,552,61,8.308973140342163,60,0.1877052154702566
60,2103,552,62,4.420075656852872,60,0.37849824593619774
60,2103,552,68,3.2919782735849927,60,0.6400258304594453
60,2103,553,52,1.344133957122684,52,0.8129341255521343
60,2103,553,58,0.9740349556710576,58,0.2674063903888332
60,2103,553,59,2.3205340173579234,59,0.19727154618935608
60,2103,553,60,384.9677649656325,60,0.016469601384322904
60,2103,553,61,3.1499704619142337,60,0.14539141517776283
60,2103,553,62,2.8650500148134666,60,0.22231323942484624
60,2103,553,68,2.9976259206686047,60,0.7296903172923453
60,2103,554,52,1.0034757754627863,52,0.7428011852930961
60,2103,554,58,3.791407991061075,58,0.3194067594319801
60,2103,554,59,246.85983455791308,59,0.059527151356881025
60,2103,554,60,662.4858154683146,60,0.023785032514795017
60,2103,554,61,360.20467262250554,60,0.03357293879555414
60,2103,554,62,4.606819462453637,60,0.4371651128215055
60,2103,554,68,2.254965724369889,60,0.8324409814658882
60,2103,555,52,1.2441351512466914,52,0.6326624725675569
60,2103,555,58,25.42268431409733,58,0.12277734861195733
60,2103,555,59,13.630013456746786,59,0.11731496135587036
60,2103,555,60,12.969025286498908,60,0.11701059629752561
60,2103,555,61,13.147266743676743,60,0.11822345552838422
60,2103,555,62,11.984901864518868,60,0.1274102216108459
60,2103,555,68,2.4905945115207166,60,0.6325279796530509
60,2103,556,52,1.6159183930326255,52,0.7037956387601868
60,2103,556,58,2.5870904124217002,58,0.30827900673533226
60,2103,556,59,2.7731703323789993,59,0.3018921523463864
60,2103,556,60,24.957065554217024,60,0.11990219058704638
60,2103,556,61,10.411558953419966,60,0.20362728877271344
60,2103,556,62,8.684964614143727,60,0.26394704549948833
60,2103,556,68,3.0772836278672724,60,0.7362052921998025
60,2103,557,52,2.610685007830058,52,0.6386521890658293
60,2103,557,58,3.35318940913247,58,0.33886392992398656
60,2103,557,59,28.173022960338994,59,0.20201725942939075
60,2103,557,60,28.41184121476434,60,0.055480604778140596
60,2103,557,61,28.670646473392697,60,0.06455784971018476
60,2103,557,62,26.827785998756514,60,0.06513822977611636
60,2103,557,68,4.00347685444239,60,0.5334793808880367
60,2103,558,52,5.508574762319014,52,0.5344494693814622
60,2103,558,58,12.285896214786677,58,0.10903445905104642
60,2103,558,59,17.14786447876289,59,0.08651116428523263
60,2103,558,60,16.077151844059486,60,0.08270313390781966
60,2103,558,61,15.145523838407051,60,0.09420755752768395
60,2103,558,62,4.038079259795708,60,0.1739378183891318
60,2103,558,68,2.321439574585016,60,0.6371457127443735
60,2103,559,52,2.83537842231276,52,0.6846705405056708
60,2103,559,58,5.193894723933521,58,0.08988021614134069
60,2103,559,59,48.516572186427034,59,0.05456077403139868
60,2103,559,60,379.8838237466277,60,0.04128007875928286
60,2103,559,61,265.4321418418503,60,0.05274997476001102
60,2103,559,62,232.3631347264856,60,0.05844246378018498
60,2103,559,68,4.068145061091033,60,0.4579229540201033
60,2103,560,52,3.527031460094152,52,0.5947613238834412
60,2103,560,58,15.242180292135075,58,0.3021914318737637
60,2103,560,59,159.97778559225807,59,0.12253735755641972
60,2103,560,60,406.1618865379691,60,0.08760172253858839
60,2103,560,61,11.392773557146166,60,0.3045354894518089
60,2103,560,62,8.330406253558872,60,0.3086387206503231
60,2103,560,68,6.3542769394508865,60,0.7137618332312505
60,2103,561,52,2.4643228674753526,52,0.596390293883132
60,2103,561,58,13.727059254870344,58,0.15793276136997406
60,2103,561,59,14.358748800112064,59,0.1504466004291076
60,2103,561,60,11.059327860738065,60,0.09625871139024443
60,2103,561,61,7.472821460517459,60,0.1854317758198941
60,2103,561,62,7.159454936221209,60,0.24212844422634455
60,2103,561,68,4.122095210058189,60,0.6826792584356158
60,2103,562,52,2.1265796141004927,52,0.6233574168065712
60,2103,562,58,7.68246350207244,58,0.16208913864551544
60,2103,562,59,5.894283060432474,59,0.14664308278656968
60,2103,562,60,418.65542589389054,60,0.04551659540947081
60,2103,562,61,46.771793734422346,60,0.13434465798553327
60,2103,562,62,33.62657906782649,60,0.17534113276626764
60,2103,562,68,6.662628788140502,60,0.5002419626349361
60,2103,563,52,2.3909415626224826,52,0.5537573503459685
60,2103,563,58,5.457867962854189,58,0.28879167842008124
60,2103,563,59,12.933968258247193,59,0.20392034444741794
60,2103,563,60,8.182311522103685,60,0.02984072109539432
60,2103,563,61,7.289567360605086,60,0.13120274225480658
60,2103,563,62,7.310094245804668,60,0.25000266541093363
60,2103,563,68,3.3305592562698023,60,0.8078285013425462
60,2103,564,52,2.2371179223875535,52,0.4700243046193753
60,2103,564,58,6.285320515057619,58,0.23929196701471384
60,2103,564,59,15.309140696574874,59,0.16486951277254988
60,2103,564,60,9.000652088791224,60,0.10701295628017145
60,2103,564,61,7.754806891820508,60,0.2666487486276636
60,2103,564,62,5.17083575814964,60,0.31704326368025904
60,2103,564,68,3.7240384821619577,60,0.5921446295326783
60,2103,565,52,1.156518513503762,52,0.9772922443346475
60,2103,565,58,6.320841233045237,58,0.1862240038762908
60,2103,565,59,6.276190751367234,59,0.06475950760118734
60,2103,565,60,18.86437785650252,60,0.06226289955094834
60,2103,565,61,6.694410215889789,60,0.16828500037679942
60,2103,565,62,3.7515019343488842,60,0.25129669671386634
60,2103,565,68,1.4448147177572188,60,0.46292769070038614
60,2103,566,52,1.039751088470028,52,0.6082544020408935
60,2103,566,58,3.2425601913729527,58,0.48076531654982346
60,2103,566,59,3.3225379487285363,59,0.24434400255952965
60,2103,566,60,153.32658768385323,60,0.025709540001291477
60,2103,566,61,2.9331392487837213,60,0.13546121110405138
60,2103,566,62,3.1255307979058733,60,0.1366379241054728
60,2103,566,68,2.461905292158094,60,0.7202382512706564
60,2103,567,52,1.2310962564371368,52,0.6235735050355785
60,2103,567,58,2.6202578058269026,58,0.09471696425119591
60,2103,567,59,2.3216625867400236,59,0.07332046238454454
60,2103,567,60,21.080119709577477,60,0.05690002642890609
60,2103,567,61,18.189259233128837,60,0.05998625510247301
60,2103,567,62,2.0357506034669095,60,0.322026271233162
60,2103,567,68,2.646619394269637,60,0.9411605109361895
60,2103,568,52,0.7210977175097185,52,0.5292233459065773
60,2103,568,58,1.3041696437348043,58,0.3201845802465555
60,2103,568,59,240.09330481876896,59,0.06997146762050437
60,2103,568,60,257.0521049982478,60,0.06462522240908906
60,2103,568,61,5.0906248199947814,60,0.27033084087000686
60,2103,568,62,4.017420009702937,60,0.32829049203596694
60,2103,568,68,1.5803589010476766,60,0.6243696551363559
60,2103,569,52,0.9148696835530136,52,0.9074518068342659
60,2103,569,58,16.459952114724512,58,0.13850371799334543
60,2103,569,59,8.002254330614312,59,0.12653814568993704
60,2103,569,60,91.27729842045078,60,0.037106092817751644
60,2103,569,61,15.225197957222893,60,0.140146514687701
60,2103,569,62,7.050667027647443,60,0.22547988901261654
60,2103,569,68,2.82128290667307,60,0.8193889405988337
60,2103,570,52,1.2189785017544734,52,0.6007632696659417
60,2103,570,58,1.524946946535411,58,0.19733916523455974
60,2103,570,59,1.7134351419837457,59,0.17653824251922504
60,2103,570,60,8.934524353127665,60,0.11032824905396539
60,2103,570,61,1.940358644277907,60,0.17210092673996685
60,2103,570,62,1.3758133734228493,60,0.33366979245757156
60,2103,570,68,1.5630191560810285,60,0.7216721707180475
60,2103,571,52,1.0099217037389507,52,0.7469233193186817
60,2103,571,58,6.959032313140464,58,0.14287963135731477
60,2103,571,59,7.846180667556336,59,0.13841967144986897
60,2103,571,60,13.627232713491814,60,0.13825900043043715
60,2103,571,61,12.191371227996276,60,0.13981547058245308
60,2103,571,62,4.510645048097597,60,0.1860526991364898
60,2103,571,68,2.9760257469540767,60,0.6482093871583883
60,2103,572,52,1.1752448450453075,52,0.6090866712179361
60,2103,572,58,3.5445010324842117,58,0.3164381982609342
60,2103,572,59,3.5467870358439217,59,0.31643794242953954
60,2103,572,60,177.6588652722421,60,0.04048241372867774
60,2103,572,61,3.4559699794403897,60,0.31370456296873817
60,2103,572,62,3.6563463677212167,60,0.3540966370000296
60,2103,572,68,2.356371575523976,60,0.6259588692028015
60,2103,573,52,2.868154116263881,52,0.6931472871628077
60,2103,573,58,2.684183246907536,58,0.35282107147410874
60,2103,573,59,8.09863256684237,59,0.15930432944150913
60,2103,573,60,7.553326219257084,60,0.05473918541233176
60,2103,573,61,4.068991239606277,60,0.129159222574557
60,2103,573,62,3.7866279397564804,60,0.2112691996365314
60,2103,573,68,1.9763528435585735,60,0.5800823184260719
60,2103,574,52,0.9952319298086556,52,0.8204811905447992
60,2103,574,58,1.9890759993963028,58,0.29226566710444013
60,2103,574,59,12.334245919783287,59,0.2144769529466225
60,2103,574,60,12.483081901710094,60,0.188998446761302
60,2103,574,61,12.467636455119022,60,0.2175063445147016
60,2103,574,62,12.605408815214078,60,0.2182757446083354
60,2103,574,68,3.7792523781571536,60,0.7466549620903009
60,2103,575,52,1.066325442355741,52,0.5456209305023607
60,2103,575,58,6.945292112013239,58,0.1409694074025207
60,2103,575,59,4.723731412621324,59,0.13946293383183697
60,2103,575,60,9.614403240110025,60,0.067057360732863
60,2103,575,61,4.826117019236002,60,0.10849425366854668
60,2103,575,62,2.7973009589503883,60,0.344063781578061
60,2103,575,68,3.0776048189514906,60,0.4259964237400033
60,2103,576,52,2.58705513493465,52,0.5743345622625194
60,2103,576,58,14.411597483099547,58,0.14572481065061296
60,2103,576,59,10.254136249295863,59,0.12260295038439964
60,2103,576,60,9.734713380019858,60,0.05498202908270345
60,2103,576,61,7.908344772055195,60,0.10519888278828322
60,2103,576,62,3.774314680244925,60,0.29236579444172567
60,2103,576,68,2.409203352545033,60,0.7583466002805681
60,2103,577,52,1.149458405566438,52,0.8167446378306699
60,2103,577,58,8.86278684183498,58,0.28127370500898136
60,2103,577,59,11.517711580895813,59,0.24598053553075505
60,2103,577,60,13.300084596407446,60,0.06525030972735
60,2103,577,61,9.19305753502957,60,0.10316407069697586
60,2103,577,62,8.718401478735569,60,0.19396933684912676
60,2103,577,68,2.746623824204442,60,0.6832451460669771
60,2103,578,52,1.7590183690226704,52,0.6178893716254794
60,2103,578,58,4.246700993689277,58,0.33399055903474
60,2103,578,59,8.56631528333091,59,0.20579504026170306
60,2103,578,60,13.928436587812504,60,0.16873715268774914
60,2103,578,61,8.943641580236408,60,0.16937514352699545
60,2103,578,62,9.063996816029519,60,0.17941313901967637
60,2103,578,68,3.813126036820829,60,0.6465551825898933
60,2103,579,52,1.5207416818571984,52,0.9352370153293574
60,2103,579,58,5.225634713656861,58,0.3092143522980924
60,2103,579,59,8.448826038481132,59,0.19738536854659644
60,2103,579,60,13.712477094360137,60,0.08572627908759255
60,2103,579,61,8.76790759062958,60,0.15502839471827606
60,2103,579,62,8.795397373929339,60,0.22987934492502635
60,2103,579,68,2.7866157677414294,60,0.7422858138422846
60,2103,580,52,2.479416255556723,52,0.8350004720688707
60,2103,580,58,10.688257837346631,58,0.11722443356634142
60,2103,580,59,10.335950988143571,59,0.046110806204049073
60,2103,580,60,10.073942845109746,60,0.04610089500028401
60,2103,580,61,10.099014598070266,60,0.12023385425244117
60,2103,580,62,10.350629344383906,60,0.15166330997938862
60,2103,580,68,3.2575026212616,60,0.7509021804172766
60,2103,581,52,3.5743116436686875,52,0.6874941386296808
60,2103,581,58,6.207407473361588,58,0.21433061902625553
60,2103,581,59,6.387412879652027,59,0.21316830951325516
60,2103,581,60,87.62748775233864,60,0.014065433148501612
60,2103,581,61,6.4724859117316536,60,0.2534733434162581
60,2103,581,62,5.658333538960557,60,0.43279609852469353
60,2103,581,68,3.754142025054183,60,0.7376733257383548
60,2103,582,52,5.464649109585708,52,0.7649129047367638
60,2103,582,58,5.005265591303851,58,0.3587849196013619
60,2103,582,59,11.464064573864471,59,0.14605205882543523
60,2103,582,60,8.665819024647474,60,0.08101168085226819
60,2103,582,61,4.577341374079645,60,0.1830809669138971
60,2103,582,62,3.447431238016376,60,0.18998401937444734
60,2103,582,68,3.1333002045015887,60,0.6244421761336297
60,2103,583,52,1.1716857965242156,52,0.7994832586097308
60,2103,583,58,1.96008663353857,58,0.42517096537499005
60,2103,583,59,4.132559502489144,59,0.38413865836903066
60,2103,583,60,4.9427229739135985,60,0.19523455447102178
60,2103,583,61,3.494598264200301,60,0.4890030170649517
60,2103,583,62,3.766444568848106,60,0.5299095713680689
60,2103,583,68,2.3096854256949584,60,0.7499221629781353
60,2103,584,52,2.5285309669967977,52,0.7132240387558332
60,2103,584,58,13.622244585327518,58,0.2869907769456783
60,2103,584,59,12.590025800544884,59,0.27785113919721777
60,2103,584,60,17.266357611142215,60,0.19132898128665238
60,2103,584,61,11.833700970676423,60,0.19240159069880217
60,2103,584,62,11.969857028137527,60,0.21537040043438857
60,2103,584,68,4.903956961166396,60,0.7832937717666041
60,2103,585,52,3.392162901811643,52,0.6066565168253873
60,2103,585,58,8.934739278955416,58,0.2647916727145692
60,2103,585,59,6.9402242168995265,59,0.0863942585499182
60,2103,585,60,89.75898004993762,60,0.056653195612579504
60,2103,585,61,5.412649610645328,60,0.1752961124406858
60,2103,585,62,5.492616725342913,60,0.20746990834553483
60,2103,585,68,4.492604775621321,60,0.5446420510106353
60,2103,586,52,1.3437666455961859,52,0.6580078868814586
60,2103,586,58,10.793265441143086,58,0.30160908103119627
60,2103,586,59,11.327716524389034,59,0.1859289743327907
60,2103,586,60,10.465347686577282,60,0.16850102010027845
60,2103,586,61,8.600040974691725,60,0.19295481006160034
60,2103,586,62,8.448674829273369,60,0.2390877979837746
60,2103,586,68,3.4091884610459875,60,0.38148875428267986
60,2103,587,52,1.6203963668725576,52,0.445189549795094
60,2103,587,58,14.323392574280167,58,0.19349615314033822
60,2103,587,59,50.79373347676144,59,0.07507559836765114
60,2103,587,60,36.00160998208248,60,0.04774148857579738
60,2103,587,61,35.4955444824164,60,0.04794828051479995
60,2103,587,62,30.418167551449887,60,0.04995545549271865
60,2103,587,68,4.03785045688612,60,0.530689609050584
60,2103,588,52,1.223594550410916,52,0.7078763365337293
60,2103,588,58,15.983005196246006,58,0.29032700492835295
60,2103,588,59,16.15400772157389,59,0.20950321981338305
60,2103,588,60,694.9632647241555,60,0.047991386719931195
60,2103,588,61,503.3347411175064,60,0.05383404176770202
60,2103,588,62,89.25852039519764,60,0.15795675298208453
60,2103,588,68,9.096036019544465,60,0.544158834552579
60,2103,589,52,2.28838906205396,52,0.7287585495686778
60,2103,589,58,3.7380927322283033,58,0.4422680296453434
60,2103,589,59,4.693527113337063,59,0.30055704910735553
60,2103,589,60,5.487499379508519,60,0.2987707721454759
60,2103,589,61,4.379504302434793,60,0.35850827064038393
60,2103,589,62,4.294325723551627,60,0.3585083388995541
60,2103,589,68,3.4718839568502773,60,0.5919662410889089
60,2103,590,52,1.5969157422829097,52,0.7156660736830102
60,2103,590,58,20.593781930556453,58,0.15420221961650982
60,2103,590,59,111.66333925201248,59,0.11652550894552016
60,2103,590,60,105.70893820152732,60,0.11608294743673173
60,2103,590,61,14.58726059885926,60,0.3140911569713463
60,2103,590,62,4.80181921202113,60,0.3291414633033728
60,2103,590,68,3.025551206655159,60,0.6363878754470241
60,2103,591,52,1.447768438678109,52,0.7246559081597472
60,2103,591,58,7.916334347513944,58,0.13500277126305207
60,2103,591,59,48.64110265703083,59,0.12528269434743755
60,2103,591,60,96.04508795493871,60,0.1251824607392015
60,2103,591,61,32.14379567003881,60,0.14742433706951064
60,2103,591,62,30.501624779136275,60,0.20410766599301924
60,2103,591,68,8.757011714441633,60,0.4867352635375697
60,2103,592,52,1.4508311459314394,52,0.8144868710700616
60,2103,592,58,2.191993146194509,58,0.3342835365050178
60,2103,592,59,7.119545315065819,59,0.2523762969597356
60,2103,592,60,46.76595586274554,60,0.10183707795589472
60,2103,592,61,43.80003870898424,60,0.10291518989380884
60,2103,592,62,11.360808733587714,60,0.25859544879512575
60,2103,592,68,2.7212601643096384,60,0.6626646556276167
60,2103,593,52,0.9312289546396749,52,0.6951059092847448
60,2103,593,58,1.926445430290574,58,0.3702149261940677
60,2103,593,59,2.048936695344536,59,0.30425947757474564
60,2103,593,60,5.446429434218424,60,0.1264748139853886
60,2103,593,61,5.434632666330352,60,0.15182740543038512
60,2103,593,62,1.9831475094344755,60,0.41392830402686326
60,2103,593,68,1.7203739779738907,60,0.7724785395398502
60,2103,594,52,2.979191816682569,52,0.46887165579035206
60,2103,594,58,1.8821729835935532,58,0.2393985309478695
60,2103,594,59,14.297199526482578,59,0.15108879667871308
60,2103,594,60,577.553913341096,60,0.021513035840615514
60,2103,594,61,24.11510648693454,60,0.15558780236210368
60,2103,594,62,20.639472321648213,60,0.161073333314511
60,2103,594,68,2.5416305130068064,60,0.8154198804386332
60,2103,595,52,1.9729092773909127,52,0.9174837754353898
60,2103,595,58,9.497823281769854,58,0.2798654239131585
60,2103,595,59,16.634198651586942,59,0.1535132059767454
60,2103,595,60,21.42889416950475,60,0.12086254516621418
60,2103,595,61,20.676724644273307,60,0.1253558023185053
60,2103,595,62,18.343787280477688,60,0.1294055264560083
60,2103,595,68,3.4484566980354683,60,0.5967323808259207
60,2103,596,52,1.2276245558285472,52,0.7019921306752596
60,2103,596,58,17.35418807437175,58,0.1991332399124572
60,2103,596,59,579.7897219001426,59,0.019480925993952933
60,2103,596,60,1951.4088335954827,60,0.003942739167786704
60,2103,596,61,18.841013496298576,60,0.15745631035062368
60,2103,596,62,5.5403280972455216,60,0.33139797513773966
60,2103,596,68,3.5781176337861105,60,0.5912310758218636
60,2103,597,52,4.564678420988392,52,0.4550471005878209
60,2103,597,58,2.2485363570986037,58,0.22154028146676522
60,2103,597,59,2.4403323463375455,59,0.22145863923116535
60,2103,597,60,256.72855068604724,60,0.05762833163275227
60,2103,597,61,217.33143887763936,60,0.06449242496144782
60,2103,597,62,29.477863498190622,60,0.18422340746411314
60,2103,597,68,3.3268494813493774,60,0.6420565915594546
60,2103,598,52,1.385925652893943,52,0.4978581005522754
60,2103,598,58,81.23860213198624,58,0.08165344938563555
60,2103,598,59,72.42921290831208,59,0.08007491307118941
60,2103,598,60,193.55165030291545,60,0.046728529221451647
60,2103,598,61,39.41969571827115,60,0.17215634288858836
60,2103,598,62,35.76130662929559,60,0.18315395304684645
60,2103,598,68,8.038343834105442,60,0.46836842604060314
60,2103,599,52,1.1610008727726622,52,0.7497376803959018
60,2103,599,58,3.4759017093215387,58,0.43740374832047935
60,2103,599,59,9.320828889146318,59,0.39609005646458706
60,2103,599,60,6.982441026727461,60,0.27781349171518493
60,2103,599,61,5.871073246255303,60,0.3779342553247598
60,2103,599,62,5.5486009116892046,60,0.37842738506780105
60,2103,599,68,3.7451670997664506,60,0.6577775925486125
60,2103,600,52,1.341236890689468,52,0.9562479936618773
60,2103,600,58,11.666010730521263,58,0.1846066820444813
60,2103,600,59,10.01752431973983,59,0.17975124089806876
60,2103,600,60,5.9912471118654365,60,0.10643329341412758
60,2103,600,61,4.8520895457585835,60,0.12279842094244645
60,2103,600,62,4.882854061496296,60,0.19680539449211198
60,2103,600,68,2.1695100362350948,60,0.6605106652360774
60,2103,601,52,1.0374952480380348,52,0.8004662774431764
60,2103,601,58,3.5500267876484,58,0.1717306687012973
60,2103,601,59,10.453632152270767,59,0.11996385886378905
60,2103,601,60,3511.928176034119,60,0.004639159266725335
60,2103,601,61,8.347808486106377,60,0.08436743056014998
60,2103,601,62,5.2183533687900345,60,0.2602763371907958
60,2103,601,68,1.8829140492318965,60,0.8574179343191621
60,2103,602,52,0.9314031606056273,52,0.9134104328484096
60,2103,602,58,0.9606206737715297,58,0.4049973247247868
60,2103,602,59,5.613763379477026,59,0.2183579449769112
60,2103,602,60,11.93798538369298,60,0.167224461695557
60,2103,602,61,8.071367936226512,60,0.21440557578953748
60,2103,602,62,7.064942338084276,60,0.23476036099251385
60,2103,602,68,3.0329239272544886,60,0.5427699529816781
60,2103,603,52,3.2880576031274273,52,1.0253826579015923
60,2103,603,58,12.249380749984214,58,0.2800472572823903
60,2103,603,59,17.202747117801685,59,0.23391602502277334
60,2103,603,60,28.859751910276845,60,0.10241699357758588
60,2103,603,61,19.86503488164172,60,0.14269252668279522
60,2103,603,62,11.054014618967258,60,0.17594813882851357
60,2103,603,68,7.712645840007325,60,0.627880467756211
60,2103,604,52,2.8233683127772173,52,0.5325195701680827
60,2103,604,58,4.373883134557875,58,0.3004452119569145
60,2103,604,59,26.041665130207903,59,0.08843281457106916
60,2103,604,60,52.05931489635917,60,0.08196519083614515
60,2103,604,61,16.89929303027864,60,0.15796926158668223
60,2103,604,62,16.86023637973496,60,0.16162797100544848
60,2103,604,68,3.977811589637702,60,0.5635113746372085
60,2103,605,52,1.448660409330005,52,0.8787275988029154
60,2103,605,58,1.7539707321261488,58,0.3920921033214458
60,2103,605,59,2.815647297693923,59,0.2802773531842099
60,2103,605,60,14.338555601954209,60,0.034281501090192845
60,2103,605,61,2.9294687123757384,60,0.20567015649311635
60,2103,605,62,2.6632645148327683,60,0.259648484902254
60,2103,605,68,2.0954707842493385,60,0.5108675401359645
60,2103,606,52,2.4767733328390977,52,0.820947874234535
60,2103,606,58,116.26652219607023,58,0.09481453122057534
60,2103,606,59,97.33334644669759,59,0.08216722526477949
60,2103,606,60,274.4983917308301,60,0.07945651711323744
60,2103,606,61,210.5730442239464,60,0.09281938796128658
60,2103,606,62,196.29969842105635,60,0.10068100038361007
60,2103,606,68,11.976285479708984,60,0.26612062590728736
60,2103,607,52,0.627888373024286,52,1.011555641787188
60,2103,607,58,1.2671187720323829,58,0.16723534501199522
60,2103,607,59,45.00605387216371,59,0.08869122038481554
60,2103,607,60,20.90528892069081,60,0.028260649765144585
60,2103,607,61,21.119596078198786,60,0.1081249360812368
60,2103,607,62,6.882357898008309,60,0.19041995994885827
60,2103,607,68,1.9594323975269248,60,0.4685536811627497
60,2103,608,52,2.9445008588573076,52,0.5012902626433512
60,2103,608,58,21.95539474884865,58,0.10362119879783513
60,2103,608,59,58.104122782993564,59,0.07791320254840962
60,2103,608,60,23.326213305297024,60,0.043273383341575405
60,2103,608,61,7.037992964824243,60,0.07794723596834217
60,2103,608,62,6.893919170333871,60,0.13615078201974762
60,2103,608,68,2.1149647432477305,60,0.6110164518291737
60,2103,609,52,1.5743867475975515,52,0.8492313937351808
60,2103,609,58,10.522685893724892,58,0.07242694272506918
60,2103,609,59,9.865420219705058,59,0.07161975099133357
60,2103,609,60,29.05266436226174,60,0.06960928767002456
60,2103,609,61,26.321155819967032,60,0.08315286770704303
60,2103,609,62,12.809834275583928,60,0.13773222219256176
60,2103,609,68,2.2506006747450735,60,0.6139811807970127
60,2103,610,52,1.1882117367173624,52,0.7919899429302798
60,2103,610,58,2.8467607981630074,58,0.3501372161104478
60,2103,610,59,8.529979981458403,59,0.2479288307462058
60,2103,610,60,35.14499368479703,60,0.15668216598194465
60,2103,610,61,5.564931749481322,60,0.3225115917955465
60,2103,610,62,4.386876436396982,60,0.3403568041771182
60,2103,610,68,3.600756351262494,60,0.70840663222308
60,2103,611,52,1.662203641727119,52,0.7321375585205011
60,2103,611,58,2.9136490258449546,58,0.21007391559405914
60,2103,611,59,3.307518976765968,59,0.17034453369651453
60,2103,611,60,234.31954345464578,60,0.043297824330933786
60,2103,611,61,231.91780644530388,60,0.043661100776443994
60,2103,611,62,10.907338862960126,60,0.2220084169490256
60,2103,611,68,4.105762714229106,60,0.4070729826465937
60,2103,612,52,1.705301617217222,52,0.6410957701764312
60,2103,612,58,5.001765445890023,58,0.16467815052414272
60,2103,612,59,213.05108352748567,59,0.0224497536788499
60,2103,612,60,44.99679515002309,60,0.02157793194539102
60,2103,612,61,37.99652959401821,60,0.13459720366530453
60,2103,612,62,26.022919368202526,60,0.1712859679862568
60,2103,612,68,4.081117982577705,60,0.5957762640163627
60,2103,613,52,1.7318878906270807,52,0.8182850909422902
60,2103,613,58,8.980729880081608,58,0.17882080901212993
60,2103,613,59,10.54674402990438,59,0.15943691406970864
60,2103,613,60,27.995634335008813,60,0.12901726055047552
60,2103,613,61,13.891290271980768,60,0.1730838604884216
60,2103,613,62,4.919363495234704,60,0.19489326003130653
60,2103,613,68,2.8815411811444833,60,0.43461638714606654
60,2103,614,52,1.7839988855866646,52,0.7126255938439847
60,2103,614,58,6.984474769091507,58,0.3365230256724606
60,2103,614,59,4.943181606765581,59,0.285157601757327
60,2103,614,60,10.877361429361494,60,0.2404801404116538
60,2103,614,61,9.35560197777316,60,0.3003998941744837
60,2103,614,62,7.179248979255385,60,0.37568859290471807
60,2103,614,68,2.4098877150903517,60,0.8512019683736851
60,2103,615,52,2.0115403851238116,52,0.5861505607476439
60,2103,615,58,8.114485796804132,58,0.24015604687913875
60,2103,615,59,8.109641236240176,59,0.11301124853795198
60,2103,615,60,6.712108682983411,60,0.11264425595086731
60,2103,615,61,3.8735793384227457,60,0.11514769725682883
60,2103,615,62,3.210170162756459,60,0.12890136753934428
60,2103,615,68,1.6624699847272506,60,0.7453075314159093
60,2103,616,52,2.081643489622719,52,0.7707154661249755
60,2103,616,58,3.0492674340056243,58,0.5112289807260354
60,2103,616,59,3.0321525515259564,59,0.32885988143390305
60,2103,616,60,255.39291325593513,60,0.0149983384608931
60,2103,616,61,17.966527299639942,60,0.06734008032262552
60,2103,616,62,6.3874969006328435,60,0.14815841840123714
60,2103,616,68,3.396466000326666,60,0.6291010620614105
60,2103,617,52,1.2346589471805605,52,0.7193662739048682
60,2103,617,58,4.511967087293134,58,0.2087821379969388
60,2103,617,59,10.74349210961696,59,0.11857502745255628
60,2103,617,60,4.988175273442048,60,0.010257693293389056
60,2103,617,61,5.494644953997465,60,0.20192718256399983
60,2103,617,62,5.950829833458204,60,0.21325016281907108
60,2103,617,68,3.821951914585444,60,0.48724149688427126
60,2103,618,52,0.928662734846955,52,0.7978899048361788
60,2103,618,58,4.143298688233044,58,0.2879634115698434
60,2103,618,59,4.038787888651964,59,0.25537092459231103
60,2103,618,60,12.700082729646759,60,0.053579243845111056
60,2103,618,61,7.819948111828718,60,0.0904817478423929
60,2103,618,62,7.7646331296445155,60,0.0951710966360582
60,2103,618,68,1.9909346710653542,60,0.6652287680425063
60,2103,619,52,1.2891845065491472,52,0.8126364391269231
60,2103,619,58,4.176880200064724,58,0.18879483065641062
60,2103,619,59,6.042203651635503,59,0.1304063324688047
60,2103,619,60,26.819530802416917,60,0.11656097626306909
60,2103,619,61,12.34298620827337,60,0.13852273416561062
60,2103,619,62,6.895256663321008,60,0.24688806878933697
60,2103,619,68,3.4963550117533306,60,0.4546012209423389
60,2103,620,52,1.6639613758171594,52,0.6213793504630727
60,2103,620,58,154.75054155540877,58,0.0708478342759376
60,2103,620,59,521.4220566126806,59,0.048897571656507106
60,2103,620,60,286.8850478223791,60,0.04493148194817503
60,2103,620,61,130.70812284103192,60,0.0571086858590674
60,2103,620,62,106.13957972496603,60,0.07108260353177125
60,2103,620,68,4.457791978752293,60,0.8971817935410707
60,2103,621,52,2.2004457173450067,52,0.745050353998691
60,2103,621,58,7.692903694962178,58,0.24336620790700808
60,2103,621,59,6.367865393298857,59,0.17943140987246878
60,2103,621,60,4.568307005660757,60,0.13683492910602285
60,2103,621,61,3.691595864226742,60,0.2368544016096801
60,2103,621,62,3.199883367027483,60,0.26794814394914446
60,2103,621,68,2.1311402815158895,60,0.763357955327065
60,2103,622,52,5.843992345872486,52,0.39348404158492567
60,2103,622,58,6.867907353738534,58,0.22862579150903703
60,2103,622,59,7.20380901770724,59,0.08149129119074608
60,2103,622,60,7.748213971468582,60,0.0765241248838176
60,2103,622,61,5.377887855432816,60,0.10565246064581642
60,2103,622,62,4.420327835728281,60,0.1983272878565162
60,2103,622,68,2.3957969023890446,60,0.5808297943173839
60,2103,623,52,2.935558518004407,52,0.5138186046303879
60,2103,623,58,7.78724045510113,58,0.13442212438309123
60,2103,623,59,7.9375854460064454,59,0.130595935077186
60,2103,623,60,76.40512583463408,60,0.01429292608051555
60,2103,623,61,4.092512857979198,60,0.11679662947285917
60,2103,623,62,3.5971631048097623,60,0.22674935413963035
60,2103,623,68,2.0690973965993322,60,0.6131581946076802
60,2103,624,52,1.3469987368998069,52,0.7168650773942118
60,2103,624,58,3.1106729869645786,58,0.2775454285976513
60,2103,624,59,3.8469660907985093,59,0.26198009022288343
60,2103,624,60,19.57020135473061,60,0.13852576459272675
60,2103,624,61,9.25256865271484,60,0.17935494022364382
60,2103,624,62,9.3428344793857,60,0.19114176236862224
60,2103,624,68,3.2540449603242534,60,0.7029687747799587
60,2103,625,52,2.2835565118950494,52,0.6378586019838158
60,2103,625,58,15.708003927795223,58,0.2036708147102048
60,2103,625,59,7.492009361844919,59,0.1624868723441103
60,2103,625,60,22.759186871654265,60,0.16233641107389868
60,2103,625,61,18.308865751869387,60,0.16516126999716368
60,2103,625,62,12.31795651137674,60,0.2127663572134027
60,2103,625,68,4.655172230957577,60,0.6694767151218383
60,2103,626,52,2.6859657604302263,52,0.7912266164035364
60,2103,626,58,12.882195981731105,58,0.17790303233527122
60,2103,626,59,20.130440140829887,59,0.06800035619233466
60,2103,626,60,50.29941313997953,60,0.027988844587054078
60,2103,626,61,26.41894267937306,60,0.05797888608682825
60,2103,626,62,10.787190980976758,60,0.16692747907854386
60,2103,626,68,4.136095965888178,60,0.8745103815904387
60,2103,627,52,2.4138415033502563,52,0.5538914634708836
60,2103,627,58,15.95490545370349,58,0.3651347280885099
60,2103,627,59,28.461496660595436,59,0.28266731521492905
60,2103,627,60,66.00038533433982,60,0.09568939915439972
60,2103,627,61,53.364883707645916,60,0.10732707120667785
60,2103,627,62,7.744326466736981,60,0.3721963552117044
60,2103,627,68,4.712593159817442,60,0.5608617628553837
60,2103,628,52,1.16641109022639,52,0.6642500536833872
60,2103,628,58,3.4706940479035957,58,0.2873498509764006
60,2103,628,59,4.066572884017738,59,0.23116627815583843
60,2103,628,60,331.9947660330985,60,0.04213679329279825
60,2103,628,61,206.67160033549231,60,0.05148299411135491
60,2103,628,62,2.9062211442364987,60,0.2930839589136574
60,2103,628,68,1.5988239783932992,60,0.5887829826551345
60,2103,629,52,2.609764489430257,52,0.7184027633717991
60,2103,629,58,6.901886631452509,58,0.3483288350474733
60,2103,629,59,12.541013268587749,59,0.31356250276005737
60,2103,629,60,13.476741631172882,60,0.26990430963074485
60,2103,629,61,12.48919595278299,60,0.2843896810557027
60,2103,629,62,7.139261444381963,60,0.33327530231320407
60,2103,629,68,3.0254423759750213,60,0.6396259235820076
60,2103,630,52,3.2315444611789563,52,0.7224713961672562
60,2103,630,58,5.717434048691681,58,0.31222276789242975
60,2103,630,59,7.250313331807702,59,0.1226174133564811
60,2103,630,60,16.093825110810403,60,0.08083527141506636
60,2103,630,61,7.276041841572278,60,0.27146783451452255
60,2103,630,62,6.8520243735263655,60,0.2881867879663282
60,2103,630,68,4.299801555956638,60,0.3783381207458843
60,2103,631,52,1.193741914713835,52,0.6853765592491603
60,2103,631,58,9.88883359273164,58,0.1765654804379094
60,2103,631,59,58.73357880527156,59,0.08483319364665526
60,2103,631,60,63.240747326738806,60,0.04390801135037781
60,2103,631,61,13.032976339678617,60,0.04647231351629034
60,2103,631,62,9.00521473222384,60,0.08290478239797512
60,2103,631,68,3.1711718171197343,60,0.5178108773851828
60,2103,632,52,1.5558740633618677,52,0.7736426306231509
60,2103,632,58,9.77527182897434,58,0.13771451949044536
60,2103,632,59,6.2306080249108176,59,0.038668240568236235
60,2103,632,60,211.74209569461183,60,0.027399823283744677
60,2103,632,61,13.578011005358444,60,0.14664343217091555
60,2103,632,62,11.02724278974909,60,0.15176289418860237
60,2103,632,68,3.48578182810783,60,0.7892896648986727
60,2103,633,52,1.0723159233570785,52,0.9017817529914032
60,2103,633,58,19.065908675147547,58,0.36611731592765506
60,2103,633,59,13.151908534295956,59,0.23466440340388883
60,2103,633,60,49.81416114723505,60,0.14255464780703075
60,2103,633,61,11.636415410135701,60,0.225477377384578
60,2103,633,62,6.730132501001136,60,0.22703340583471712
60,2103,633,68,5.473866214155152,60,0.6785324969165615
60,2103,634,52,2.0062874182488795,52,0.6635668069459659
60,2103,634,58,9.060797450929915,58,0.23695314361362826
60,2103,634,59,8.715092350776276,59,0.21956089382537144
60,2103,634,60,21.671873110362668,60,0.07097017559155633
60,2103,634,61,3.3671448897886016,60,0.181397149847815
60,2103,634,62,3.0230435788153045,60,0.21920354536107126
60,2103,634,68,2.667757578104028,60,0.9333079537689962
60,2103,635,52,2.490860146697003,52,0.4284503151319259
60,2103,635,58,7.006296890401747,58,0.14477837760263135
60,2103,635,59,3.4604069949152065,59,0.14310110973285373
60,2103,635,60,14.117623929613302,60,0.1258639443468383
60,2103,635,61,3.3875606641616027,60,0.20416471212086026
60,2103,635,62,3.4801606070776607,60,0.3953021318329482
60,2103,635,68,2.0995806285402416,60,0.678124294308591
60,2103,636,52,1.8598290197261613,52,0.7558838914148782
60,2103,636,58,12.8062120405451,58,0.1817088228374276
60,2103,636,59,12.130963873140196,59,0.17459158138943376
60,2103,636,60,144.43343795514767,60,0.09347461818508356
60,2103,636,61,25.828541290479723,60,0.19683768056698006
60,2103,636,62,18.419249440978138,60,0.24893180475585255
60,2103,636,68,2.024578997349417,60,0.5689144349156866
60,2103,637,52,2.018503526849091,52,0.5540367652732193
60,2103,637,58,12.682834036133173,58,0.09189323784349067
60,2103,637,59,365.74076292303414,59,0.04514975143263855
60,2103,637,60,1125.096230826833,60,0.03687718012847769
60,2103,637,61,18.45086220250233,60,0.11696693178188573
60,2103,637,62,17.819632090210217,60,0.12167421392171428
60,2103,637,68,5.2887364966670445,60,0.5873480351620706
60,2103,638,52,7.467445491960332,52,0.749500026873371
60,2103,638,58,8.644056631690345,58,0.2819391452594989
60,2103,638,59,8.624127334801523,59,0.27960346457030355
60,2103,638,60,9.000338643735743,60,0.16870899246580592
60,2103,638,61,7.143537947010046,60,0.17078837370645258
60,2103,638,62,6.869255062112806,60,0.2059687783218659
60,2103,638,68,2.354362616996333,60,0.6785824802846103
60,2103,639,52,2.789773883854794,52,0.7225863530544397
60,2103,639,58,6.988809742889363,58,0.5119842378323247
60,2103,639,59,12.621223884138104,59,0.3568263253880757
60,2103,639,60,11.69603932630341,60,0.1609844436043411
60,2103,639,61,5.707548633372413,60,0.28962579389951104
60,2103,639,62,5.74396641619343,60,0.3812290081085493
60,2103,639,68,3.016577350156298,60,0.9268552264503931
60,2103,640,52,1.1260926905394033,52,0.8648195163690612
60,2103,640,58,2.620640645617445,58,0.40714698993209636
60,2103,640,59,3.8930959876078397,59,0.3640220861662969
60,2103,640,60,4.00482320156769,60,0.1148418157956975
60,2103,640,61,3.979597877617065,60,0.2950986769698965
60,2103,640,62,3.997099346072392,60,0.3106513896201558
60,2103,640,68,1.8300282037056608,60,0.6958490422231218
60,2103,641,52,1.2302151851839156,52,0.6895559446655862
60,2103,641,58,13.409508504623949,58,0.16315218195185205
60,2103,641,59,34.04793297584027,59,0.06920830805970704
60,2103,641,60,52815.05124895099,60,0.001220604936402395
60,2103,641,61,7.372087355810713,60,0.18803679551413377
60,2103,641,62,6.762639630066977,60,0.23263586732931926
60,2103,641,68,2.0865702938213992,60,0.6405013837073528
60,2103,642,52,1.5522115359237447,52,0.5957007763533951
60,2103,642,58,2.6372405472666665,58,0.2763775164306039
60,2103,642,59,7.465786186334429,59,0.14486994347743326
60,2103,642,60,16.321400788489985,60,0.10554111855537923
60,2103,642,61,11.02411513470188,60,0.1058937660789901
60,2103,642,62,9.253389640160545,60,0.18577777282493177
60,2103,642,68,3.407921259522913,60,0.49827217686094966
60,2103,643,52,1.5260470234116992,52,0.8667261453534439
60,2103,643,58,3.641813948564068,58,0.34381337478236723
60,2103,643,59,266.9353554401149,59,0.012521510076513531
60,2103,643,60,241.56125623321054,60,0.010707687105095206
60,2103,643,61,195.16459640532554,60,0.012808165453260363
60,2103,643,62,3.7590374715067547,60,0.11114997961632224
60,2103,643,68,2.01168578887279,60,0.5822412901377781
60,2103,644,52,3.5651463463736914,52,0.7292476456102971
60,2103,644,58,25.96879503919368,58,0.24838592643974097
60,2103,644,59,32.24502224263022,59,0.24312186131357874
60,2103,644,60,12.489188832550573,60,0.011723740579383846
60,2103,644,61,9.425329674634646,60,0.200654730219496
60,2103,644,62,7.7617311856375535,60,0.24390530262104548
60,2103,644,68,2.734778160382283,60,0.5329958649791545
60,2103,645,52,1.577797547432502,52,0.49753833561794725
60,2103,645,58,11.299009617318914,58,0.2385426639708419
60,2103,645,59,10.567114787235482,59,0.13063043767101826
60,2103,645,60,28.044728443647884,60,0.05397273192800476
60,2103,645,61,4.916451030085474,60,0.18848344281322188
60,2103,645,62,4.013380307616939,60,0.24380607323294454
60,2103,645,68,3.3524013491431925,60,0.6480299439315711
60,2103,646,52,2.7717252681225464,52,0.7674934503842961
60,2103,646,58,21.260118393469817,58,0.0943328179781557
60,2103,646,59,4.20821553475545,59,0.0638141981233362
60,2103,646,60,253.69195129141485,60,0.027318988484911523
60,2103,646,61,42.2590409091958,60,0.0668077477610981
60,2103,646,62,5.5319214985525,60,0.3047810229214668
60,2103,646,68,4.623517453385122,60,0.5672674482237539
60,2103,647,52,1.705903602830188,52,0.621222472527366
60,2103,647,58,20.98148917064606,58,0.19135391619631065
60,2103,647,59,22.445401542729915,59,0.1596653542469444
60,2103,647,60,25.22956432076941,60,0.08306184474408991
60,2103,647,61,6.773780939159716,60,0.1024549357604026
60,2103,647,62,6.170377331175606,60,0.4245626960539942
60,2103,647,68,2.322484946614517,60,0.7984388708541679
60,2103,648,52,2.523178453683757,52,0.47443570580176947
60,2103,648,58,3.9407040965243207,58,0.28130247482727455
60,2103,648,59,10.402064771367147,59,0.20853737000403744
60,2103,648,60,73.57213118923838,60,0.04223167805016016
60,2103,648,61,4.621117791825087,60,0.1943174324894003
60,2103,648,62,4.590681212163868,60,0.21055328167296272
60,2103,648,68,1.4092834301135897,60,0.561605989143534
60,2103,649,52,1.6046776648424725,52,0.4935922352465901
60,2103,649,58,50.9418909434622,58,0.1374490370485076
60,2103,649,59,544.9930946588801,59,0.0227187019531803
60,2103,649,60,1201.1031276065712,60,0.012354250540010808
60,2103,649,61,34.89440928997008,60,0.1355149391781075
60,2103,649,62,4.935869481491928,60,0.13559234882702187
60,2103,649,68,4.500729805049133,60,0.41997093340320635
60,2103,650,52,1.3183235503116715,52,1.0586603034704476
60,2103,650,58,4.354692876783172,58,0.299223613161546
60,2103,650,59,5.9886099025448605,59,0.23296985359059558
60,2103,650,60,3.586057400022383,60,0.14934225998268327
60,2103,650,61,2.4199768216928845,60,0.14994268701822747
60,2103,650,62,2.4209094607048893,60,0.24066329318882823
60,2103,650,68,1.4390106358873362,60,0.6723175291567012
60,2103,651,52,1.9126190456432282,52,0.46003074840701397
60,2103,651,58,14.270436624896593,58,0.12831691924744568
60,2103,651,59,13.121246077332907,59,0.12819532779695467
60,2103,651,60,169.79972232249452,60,0.021041125876793857
60,2103,651,61,36.51843896080611,60,0.04682184008579005
60,2103,651,62,15.846774289601935,60,0.06660188626389668
60,2103,651,68,2.6310960299157067,60,0.6520989451587648
60,2103,652,52,1.620708197362052,52,0.8592825118391404
60,2103,652,58,19.166525333952695,58,0.26856892024663587
60,2103,652,59,15.323524591286656,59,0.2389533646753469
60,2103,652,60,5.929884349651829,60,0.14110949602824943
60,2103,652,61,5.658432929297325,60,0.15763389398384234
60,2103,652,62,4.47604419651396,60,0.3983809189450383
60,2103,652,68,3.598242308209876,60,0.7938904644132011
60,2103,653,52,2.551738241856835,52,0.6709039803646442
60,2103,653,58,7.114807606070103,58,0.22155739765403687
60,2103,653,59,11.892838450653665,59,0.2183324988855017
60,2103,653,60,6.587913003555219,60,0.02650501356059258
60,2103,653,61,5.263454209427637,60,0.27153550037713187
60,2103,653,62,3.9675267446521247,60,0.3731587789768304
60,2103,653,68,4.196263886724434,60,0.4125176195614907
60,2103,654,52,1.162274836958964,52,0.5429972418958517
60,2103,654,58,10.918518709166449,58,0.18465385605076803
60,2103,654,59,40.97029769373835,59,0.14416641536539412
60,2103,654,60,33.37158495718052,60,0.11786686521275588
60,2103,654,61,25.776697028145904,60,0.12414046994459246
60,2103,654,62,2.3804345193368945,60,0.34363140086470595
60,2103,654,68,2.317660930539042,60,0.5789177108488976
60,2103,655,52,1.4240674434714655,52,0.746422921319051
60,2103,655,58,4.015556899324077,58,0.19436156508495175
60,2103,655,59,565.623354187087,59,0.026808786458011463
60,2103,655,60,710.7102575515563,60,0.026455260837749742
60,2103,655,61,706.4798663306469,60,0.026696329879294732
60,2103,655,62,319.6182691787158,60,0.03907146257890385
60,2103,655,68,2.739330370289442,60,0.62397139009014
60,2103,656,52,1.4572068988060003,52,0.8255167801419582
60,2103,656,58,2.703463487425468,58,0.17216198673063662
60,2103,656,59,2.5948670866913717,59,0.1628468705325853
60,2103,656,60,2.7470426005915276,60,0.14674576484166788
60,2103,656,61,2.0845334120870085,60,0.1472662191843071
60,2103,656,62,2.1140897321456587,60,0.14848095932586367
60,2103,656,68,2.420008221718291,60,0.453888626153019
60,2103,657,52,1.96432244537691,52,0.8699389711876693
60,2103,657,58,1.783326833419746,58,0.29367671765024256
60,2103,657,59,28.066590828696675,59,0.12859248581330882
60,2103,657,60,26.682521963211972,60,0.12796687578845542
60,2103,657,61,25.781845720990884,60,0.13804443770673847
60,2103,657,62,25.7693660771165,60,0.13810681438900682
60,2103,657,68,3.133791878980746,60,0.6120593071675111
60,2103,658,52,1.933550148186739,52,0.5466585145935352
60,2103,658,58,3.9133253021236096,58,0.18479230719052217
60,2103,658,59,57.26284697401442,59,0.10518028501708034
60,2103,658,60,19.44789945115607,60,0.060340723628985654
60,2103,658,61,16.061786449616182,60,0.16899584885327446
60,2103,658,62,10.882615246855497,60,0.19598332629186882
60,2103,658,68,4.240417690224543,60,0.4504842932922889
60,2103,659,52,2.8437786570431145,52,0.6855410437993912
60,2103,659,58,6.913384722554387,58,0.236549394715304
60,2103,659,59,6.5408352391298905,59,0.17694760122336411
60,2103,659,60,115.18303416834247,60,0.0715123490103208
60,2103,659,61,2.741740083515395,60,0.28708786974922496
60,2103,659,62,2.6428211712435106,60,0.2980198379230368
60,2103,659,68,2.5271240183270525,60,0.602942644104595
60,2103,660,52,1.1316923701340116,52,0.6125944515931416
60,2103,660,58,6.175926645930188,58,0.18330588843432186
60,2103,660,59,7.457042279529855,59,0.10039485057921749
60,2103,660,60,25.86241953301938,60,0.0943669063371879
60,2103,660,61,19.254670356094493,60,0.11339301466861318
60,2103,660,62,7.144192035315464,60,0.1416073830208368
60,2103,660,68,1.8280155349565566,60,0.6900054399124899
60,2103,661,52,0.9750797371256759,52,0.8762169774202518
60,2103,661,58,4.427902116569496,58,0.22686187095474863
60,2103,661,59,1.8391688692489945,59,0.2062518317648567
60,2103,661,60,9.532715729398618,60,0.06894482800631627
60,2103,661,61,1.996633125822237,60,0.2876177861101014
60,2103,661,62,1.5705107904727298,60,0.4581008376936208
60,2103,661,68,2.02841801316727,60,0.8611846858661251
60,2103,662,52,1.1077034791013176,52,0.6690782850881004
60,2103,662,58,3.008901728991069,58,0.2904710479635169
60,2103,662,59,2.8065128784968056,59,0.14637379970548378
60,2103,662,60,2.1676143535202854,60,0.09434928133435658
60,2103,662,61,1.7725574858074349,60,0.11420354427411533
60,2103,662,62,1.776060032549861,60,0.11430550768916102
60,2103,662,68,1.533884407375672,60,0.6001677395831077
60,2103,663,52,2.0245411689267954,52,0.5785727849734558
60,2103,663,58,2.5869961113433293,58,0.3609316243053725
60,2103,663,59,2.1307370573086697,59,0.2516069036575139
60,2103,663,60,2.1284608108366845,60,0.11835892340613059
60,2103,663,61,2.241595356341252,60,0.2193928765075167
60,2103,663,62,2.107318042939958,60,0.23667064653713635
60,2103,663,68,1.898232045929652,60,0.8018693833212237
60,2103,664,52,0.9691585904964339,52,0.647467027316771
60,2103,664,58,3.0913769596998923,58,0.2573409402122581
60,2103,664,59,6.34026961863463,59,0.18592413573805452
60,2103,664,60,31.100149256865073,60,0.08772178692385235
60,2103,664,61,17.973802033161054,60,0.10367368214076877
60,2103,664,62,2.7309392345421686,60,0.1777628726446929
60,2103,664,68,2.434417725486916,60,0.7273177701595157
60,2103,665,52,2.294931582852853,52,0.5820735521729301
60,2103,665,58,17.256119309610256,58,0.2007881689672276
60,2103,665,59,18.54539681024461,59,0.19010301708221738
60,2103,665,60,41.33440343702872,60,0.039654466899895165
60,2103,665,61,15.098840866565858,60,0.10062642192161098
60,2103,665,62,10.449647333569917,60,0.13874588987906594
60,2103,665,68,3.020583339253757,60,0.7744632453547312
60,2103,666,52,0.9955263169894003,52,0.5354018076796246
60,2103,666,58,3.6118239658762255,58,0.1688324287755278
60,2103,666,59,14.017499839724678,59,0.16082924710470298
60,2103,666,60,40.550759585665325,60,0.10311733859766915
60,2103,666,61,25.62099151234041,60,0.12470200504908704
60,2103,666,62,18.2091515991526,60,0.1442816335203013
60,2103,666,68,2.4991145372402115,60,0.6716236880882869
60,2103,667,52,5.970677723648762,52,0.6462139304755735
60,2103,667,58,4.276688117525277,58,0.2801128450770271
60,2103,667,59,8.94402593040233,59,0.10657475845905265
60,2103,667,60,17.839349821189646,60,0.08656134933480247
60,2103,667,61,13.113249540876176,60,0.26778477320816985
60,2103,667,62,13.031278279739041,60,0.2761390884336398
60,2103,667,68,7.088020300445668,60,0.44760467832290446
60,2103,668,52,1.289268983729137,52,0.7125880996821575
60,2103,668,58,23.783670897216616,58,0.12855106662237722
60,2103,668,59,141.94055804552767,59,0.06678603370340946
60,2103,668,60,208.2022476180708,60,0.03830379463561219
60,2103,668,61,77.22497747221436,60,0.07659156283773284
60,2103,668,62,73.720717956659,60,0.08081393577894831
60,2103,668,68,3.7291828403989986,60,0.573545198970259
60,2103,669,52,2.459367384385656,52,0.4764729758784393
60,2103,669,58,5.466872933304973,58,0.21112446342913804
60,2103,669,59,8.644071230058568,59,0.2110325501746138
60,2103,669,60,14.656092784371747,60,0.1432983035559252
60,2103,669,61,8.693377641895452,60,0.17999458297714518
60,2103,669,62,6.575879085127499,60,0.21224425721000348
60,2103,669,68,3.5310818866941696,60,0.6128580251472092
60,2103,670,52,1.5803333532483812,52,0.43653806618011254
60,2103,670,58,13.397261530400975,58,0.14617091044682642
60,2103,670,59,15.498223172144789,59,0.09431822091265502
60,2103,670,60,1660.4019752058707,60,0.008426913917561634
60,2103,670,61,1044.763995759908,60,0.010145277213442935
60,2103,670,62,5.597340602982604,60,0.08595975829227218
60,2103,670,68,3.720575610909135,60,0.6603442573148766
60,2103,671,52,1.0317749402863137,52,0.8660986999548028
60,2103,671,58,9.769367012863839,58,0.30643541725586326
60,2103,671,59,11.067374952540073,59,0.25873548083838854
60,2103,671,60,28.058280774876586,60,0.09115947105702031
60,2103,671,61,8.674461813283818,60,0.269171683648589
60,2103,671,62,8.491253228338694,60,0.3836050584120131
60,2103,671,68,5.244372761365266,60,0.7079993015829803
60,2103,672,52,1.5098127736549707,52,0.6959629009529704
60,2103,672,58,7.921861103284478,58,0.3456198348228375
60,2103,672,59,236.98099213982752,59,0.06240778055007633
60,2103,672,60,76.05787495609466,60,0.03099829162847691
60,2103,672,61,15.624093834327995,60,0.20369796786239563
60,2103,672,62,15.48853301619413,60,0.31933332465563846
60,2103,672,68,5.1821769526219565,60,0.7275829969898279
60,2103,673,52,1.591496538857909,52,0.833448145972963
60,2103,673,58,3.159044423207317,58,0.4503999465118823
60,2103,673,59,24.599432411682734,59,0.19137809086135257
60,2103,673,60,147.5470198292721,60,0.026237600027304384
60,2103,673,61,49.92603611547795,60,0.04657105327748959
60,2103,673,62,4.041738990841878,60,0.2345415441911338
60,2103,673,68,2.3144037480306796,60,0.6136208408629328
60,2103,674,52,1.6065650549709178,52,0.8820986394304186
60,2103,674,58,11.31262748671266,58,0.24412469826514008
60,2103,674,59,72.74702503868536,59,0.12143125862415624
60,2103,674,60,145.50044446811927,60,0.09393394684421892
60,2103,674,61,77.842524291975,60,0.13627067096103332
60,2103,674,62,77.02640738517854,60,0.13853441238096936
60,2103,674,68,6.25475127651291,60,0.5675480886665729
60,2103,675,52,1.6774615844532765,52,0.5638256605928299
60,2103,675,58,6.2645088686560815,58,0.2662959093256582
60,2103,675,59,29.97236239071726,59,0.10928777874020554
60,2103,675,60,44.46247289799838,60,0.109258451540918
60,2103,675,61,43.63296567997515,60,0.14189920398397876
60,2103,675,62,20.36257794430948,60,0.2260273542453242
60,2103,675,68,5.471210446332313,60,0.725850358613728
60,2103,676,52,5.362322290104963,52,0.5658964916489808
60,2103,676,58,20.087584427233327,58,0.18856866289936394
60,2103,676,59,46.10952073387544,59,0.05768049675245955
60,2103,676,60,51.331913342562466,60,0.05753410173791701
60,2103,676,61,50.789746570413655,60,0.05772023775994901
60,2103,676,62,10.314269502256561,60,0.24282782598992647
60,2103,676,68,2.9730959388703257,60,0.6502260291518323
60,2103,677,52,5.498685479292275,52,0.48843327373381595
60,2103,677,58,6.869846281201197,58,0.2327743152123666
60,2103,677,59,6.359949339809045,59,0.23197324077735368
60,2103,677,60,59.373486884080904,60,0.05890479098424679
60,2103,677,61,17.183537158963272,60,0.13812579868549224
60,2103,677,62,10.436561955319451,60,0.2615022160238646
60,2103,677,68,3.79578768218003,60,0.6341438494422034
60,2103,678,52,1.8728479840805357,52,0.6031112868372006
60,2103,678,58,14.342258929505812,58,0.15109040554058517
60,2103,678,59,14.258776096642041,59,0.1505532700669309
60,2103,678,60,20.225895410532193,60,0.11666774602796483
60,2103,678,61,12.425751331487344,60,0.12252141465903456
60,2103,678,62,6.6549421751245115,60,0.2808453022390424
60,2103,678,68,2.793427496458063,60,0.6449474823766411
60,2103,679,52,2.3625381715238603,52,0.9579608326655324
60,2103,679,58,3.085093350130143,58,0.1977636784199099
60,2103,679,59,9.019430480071682,59,0.16318270310718938
60,2103,679,60,20.503631465020174,60,0.13829128697882315
60,2103,679,61,3.8400701150670953,60,0.25983739461959887
60,2103,679,62,3.5222489396833576,60,0.2807398513917918
60,2103,679,68,3.1010882765049783,60,0.5766975048865766
60,2103,680,52,0.8581283884718013,52,0.548840814262878
60,2103,680,58,59.275284495158054,58,0.14073229073843138
60,2103,680,59,51.95207511933717,59,0.13830503805518413
60,2103,680,60,11.715248816945852,60,0.09258204347282425
60,2103,680,61,11.469801044448959,60,0.09992472409749738
60,2103,680,62,6.247251717260052,60,0.31186656589758827
60,2103,680,68,3.2195158310916763,60,0.6122607978010951
60,2103,681,52,1.6215872236622466,52,0.8460295447921125
60,2103,681,58,5.899696241446984,58,0.38242807092986947
60,2103,681,59,5.384229608536108,59,0.26204587151098413
60,2103,681,60,231.66967551940775,60,0.011452238323997584
60,2103,681,61,4.601464666374618,60,0.2554876882629166
60,2103,681,62,3.966739200023606,60,0.2554886365260743
60,2103,681,68,2.773121900273365,60,0.5653703796376025
60,2103,682,52,3.3799631102749834,52,0.7333838897494726
60,2103,682,58,2.240074835599027,58,0.2156058895446272
60,2103,682,59,2.3464069154424423,59,0.21118623644374987
60,2103,682,60,2.2050517208243665,60,0.10715148649863872
60,2103,682,61,2.5031880345942747,60,0.1127342499179013
60,2103,682,62,2.052853683045532,60,0.11645783480396227
60,2103,682,68,1.7463780724026055,60,0.5636378925107645
60,2103,683,52,2.0465620107715004,52,0.6297316736379223
60,2103,683,58,6.987516325060043,58,0.325568502999176
60,2103,683,59,8.785717336202023,59,0.18143253220980307
60,2103,683,60,10.208264550059063,60,0.10262639054382744
60,2103,683,61,8.921019375309344,60,0.15953872792499188
60,2103,683,62,6.724508373951091,60,0.47688168542373177
60,2103,683,68,3.1344786554288038,60,0.6313505552462764
60,2103,684,52,1.2239434355723449,52,0.7701974059616347
60,2103,684,58,1.636057911918064,58,0.2569009330161879
60,2103,684,59,8.260684497134497,59,0.19809648405341823
60,2103,684,60,9.415748492338324,60,0.12468661661307837
60,2103,684,61,6.439835266068454,60,0.33542130545830673
60,2103,684,62,5.180418278934651,60,0.4406842468387389
60,2103,684,68,3.7365683087857695,60,0.7176512343796189
60,2103,685,52,2.0543942469653396,52,0.8075696105944337
60,2103,685,58,8.730370922356308,58,0.26979863605183957
60,2103,685,59,11.794483459601846,59,0.2638926603372548
60,2103,685,60,93.52585007704354,60,0.05300122944009443
60,2103,685,61,13.665431883402661,60,0.23467292198740122
60,2103,685,62,9.311444729872411,60,0.23593325238039534
60,2103,685,68,3.4445738910964994,60,0.6274261240503879
60,2103,686,52,3.2971265720186613,52,0.581558885467042
60,2103,686,58,35.5684356057662,58,0.08965728315491087
60,2103,686,59,77.7116999238694,59,0.08431141209159347
60,2103,686,60,2072.987031331067,60,0.02323335247416073
60,2103,686,61,19.95856270404283,60,0.2671477703979423
60,2103,686,62,19.31518038542759,60,0.27263339802158987
60,2103,686,68,5.838230772248665,60,0.6510385950918215
60,2103,687,52,1.8588317738181848,52,0.5498004576458296
60,2103,687,58,35.637615061716545,58,0.18324764623064355
60,2103,687,59,53.14196074180583,59,0.0874648824168319
60,2103,687,60,53.468185098598916,60,0.08610217135659047
60,2103,687,61,45.4430772683469,60,0.08933491399908258
60,2103,687,62,16.924375357675473,60,0.19351175471857796
60,2103,687,68,3.1095730144720237,60,0.5382647130063993
60,2103,688,52,7.760862577536524,52,0.4186300642031467
60,2103,688,58,22.147007144344023,58,0.13140269072617258
60,2103,688,59,8.842114917757328,59,0.0752491814827383
60,2103,688,60,8.671665596567346,60,0.06763644269942064
60,2103,688,61,7.509684791355252,60,0.16572517103131396
60,2103,688,62,7.059168019692725,60,0.2069526399375032
60,2103,688,68,3.3828508869959615,60,0.6502729793452444
60,2103,689,52,3.8702219727896296,52,0.6656676463696037
60,2103,689,58,6.902536342195314,58,0.30836865121755574
60,2103,689,59,196.7896697164014,59,0.06186960250177957
60,2103,689,60,257.57643580795923,60,0.04851645371016887
60,2103,689,61,30.73424077654653,60,0.12652692420721795
60,2103,689,62,5.740558391010814,60,0.3907799285450154
60,2103,689,68,3.6075795348929964,60,0.7726399515381684
60,2103,690,52,2.4366395919470625,52,0.86176971724809
60,2103,690,58,3.856241587057235,58,0.13329469329833918
60,2103,690,59,58.502854924445245,59,0.0714558579976813
60,2103,690,60,221.70847000708096,60,0.04848989753286817
60,2103,690,61,33.23359410738568,60,0.1244473740198432
60,2103,690,62,5.74074835098669,60,0.34233292202270854
60,2103,690,68,2.2296106065236287,60,0.7963636295726387
60,2103,691,52,2.339308824576553,52,0.582377771614475
60,2103,691,58,38.80000451219554,58,0.15754404792415805
60,2103,691,59,28.432280060041396,59,0.09958556036201031
60,2103,691,60,24.575712893997494,60,0.026340575881720115
60,2103,691,61,24.526464525219094,60,0.11067462013949056
60,2103,691,62,23.026420295012905,60,0.12905473326841221
60,2103,691,68,2.2362612477888026,60,0.50868267359668
60,2103,692,52,1.577299888535029,52,0.4966885957691592
60,2103,692,58,6.625662116296031,58,0.25245448176720064
60,2103,692,59,4.79068285145128,59,0.2341281655677272
60,2103,692,60,32.201460518417754,60,0.21457076719072207
60,2103,692,61,31.866445064228497,60,0.231325906044223
60,2103,692,62,31.721056119385253,60,0.23135734410532438
60,2103,692,68,2.684651721926183,60,0.7068396891479835
60,2103,693,52,1.3001144938692728,52,0.6391757250030198
60,2103,693,58,8.564279871138691,58,0.3600040053344875
60,2103,693,59,8.164855907755829,59,0.1509336906122393
60,2103,693,60,8.140996161008482,60,0.09572915981880158
60,2103,693,61,8.141349986094053,60,0.23407638329440786
60,2103,693,62,5.556694877855851,60,0.2982165442148993
60,2103,693,68,2.0827730547628924,60,1.034920612033622
60,2103,694,52,1.5122469520237503,52,0.722513127874121
60,2103,694,58,12.870638250461267,58,0.14421686189734945
60,2103,694,59,18.14681982501995,59,0.1393767672120416
60,2103,694,60,45.144605991376196,60,0.09622472841120881
60,2103,694,61,24.962882612948828,60,0.16817910073808748
60,2103,694,62,12.758900971915383,60,0.22262848481586564
60,2103,694,68,2.6997069057624845,60,0.5341968676425602
60,2103,695,52,1.2519395783040443,52,0.7895221555073222
60,2103,695,58,3.814897553300778,58,0.5431316376950941
60,2103,695,59,3.9902568659902036,59,0.39540915078414574
60,2103,695,60,7.589159922953173,60,0.17326094227982808
60,2103,695,61,7.598354417659988,60,0.19365170529420225
60,2103,695,62,4.223500042193378,60,0.298579207797038
60,2103,695,68,2.920987564056005,60,0.7151101838880707
60,2103,696,52,1.892352063037868,52,0.6435801746711485
60,2103,696,58,102.1913896299815,58,0.09257667014431632
60,2103,696,59,105.7558555345231,59,0.08976699626637705
60,2103,696,60,140.0932365176884,60,0.061597017880753606
60,2103,696,61,138.58078012611352,60,0.08666927181629773
60,2103,696,62,136.07145277679064,60,0.08728825490195262
60,2103,696,68,3.794055913257739,60,0.6818846353962988
60,2103,697,52,4.26841225164319,52,0.6228575554178432
60,2103,697,58,3.3069990961421043,58,0.2427011929306144
60,2103,697,59,1159.762587615716,59,0.018452522151109988
60,2103,697,60,1333.540410557857,60,0.013734637705087255
60,2103,697,61,27.202290297043955,60,0.11471498136914426
60,2103,697,62,15.968831882960746,60,0.1478838121394652
60,2103,697,68,3.6243663771903756,60,0.6987727664854421
60,2103,698,52,1.900468658307581,52,0.9485315544594464
60,2103,698,58,3.8522044103426185,58,0.1746540907213588
60,2103,698,59,16.10991625600386,59,0.15857216911137217
60,2103,698,60,29.061822433830766,60,0.1532903584469434
60,2103,698,61,13.903418557531515,60,0.3270835855695746
60,2103,698,62,3.5093712678578894,60,0.35597017895324273
60,2103,698,68,2.3639478841458557,60,0.8465072109918953
60,2103,699,52,1.5904098246805756,52,1.0483763989074983
60,2103,699,58,4.595001591031302,58,0.3800034423315513
60,2103,699,59,429.45880972585854,59,0.020931933396142997
60,2103,699,60,271.2554482305533,60,0.014990533524161713
60,2103,699,61,4.290084355468457,60,0.2945295094553935
60,2103,699,62,3.017469081812493,60,0.315521842089174
60,2103,699,68,3.9933162314804256,60,0.5292091011462147
60,2103,700,52,1.9957015209171751,52,0.8228212608199021
60,2103,700,58,17.492239733749038,58,0.1734994913331531
60,2103,700,59,11.6722971345651,59,0.1489609504453297
60,2103,700,60,6.786069309179508,60,0.08551498791217373
60,2103,700,61,3.499447140941075,60,0.4294188553724231
60,2103,700,62,3.276559414640619,60,0.43067697633771274
60,2103,700,68,2.557744917036884,60,0.8067216190757254
60,2103,701,52,3.8858797158352725,52,0.44321796858252954
60,2103,701,58,10.13336809508042,58,0.29339204731532775
60,2103,701,59,15.434725120508014,59,0.17212064189279275
60,2103,701,60,24.713971231233323,60,0.13461431346585315
60,2103,701,61,20.583194793571167,60,0.14723466729443827
60,2103,701,62,20.622929721018036,60,0.14771944578632734
60,2103,701,68,3.303005657529101,60,0.7155431210330017
60,2103,702,52,2.13578756143241,52,0.5503468976182746
60,2103,702,58,2.0988396828288582,58,0.31808633272102443
60,2103,702,59,2.911505596767568,59,0.28939308160120336
60,2103,702,60,5.237409137395811,60,0.13007469678973715
60,2103,702,61,2.931839787430564,60,0.18136805056346336
60,2103,702,62,2.5317285968332097,60,0.3706289008726254
60,2103,702,68,2.3367721922174423,60,0.5620172474588929
60,2103,703,52,0.9806664108717776,52,0.7040320957601545
60,2103,703,58,9.491867202390537,58,0.27048846426647305
60,2103,703,59,9.114226314486476,59,0.23741678813544162
60,2103,703,60,8.057675289270836,60,0.104424403855018
60,2103,703,61,6.397262159661726,60,0.24240907200288758
60,2103,703,62,6.7949312049804735,60,0.2874047223050995
60,2103,703,68,3.3394081344074165,60,0.626869382703248
60,2103,704,52,2.651194649634567,52,0.6415161824473078
60,2103,704,58,4.794138894086038,58,0.2444674818597095
60,2103,704,59,25.315484026330605,59,0.1731438098825949
60,2103,704,60,42.69022294101614,60,0.14852472598103672
60,2103,704,61,13.65280762598024,60,0.1924049769235262
60,2103,704,62,11.675755830089653,60,0.22924679365926276
60,2103,704,68,3.224816040974283,60,0.5932644917360409
60,2103,705,52,0.8977895980202603,52,0.7911061109550314
60,2103,705,58,3.740053469564705,58,0.28785470494421056
60,2103,705,59,14.548970268462567,59,0.21833642812808812
60,2103,705,60,14.334967348861213,60,0.09285586604737373
60,2103,705,61,13.733350145060957,60,0.17561848316797693
60,2103,705,62,12.994361221023604,60,0.23095867869402484
60,2103,705,68,3.842575379132847,60,0.5630176182491836
60,2103,706,52,1.8294271168350038,52,0.8210245681331716
60,2103,706,58,4.929217801552666,58,0.1688058452533429
60,2103,706,59,4.56656595351385,59,0.16810259883310277
60,2103,706,60,76.06214083254822,60,0.06895419810355574
60,2103,706,61,12.640812777139512,60,0.18280450594967637
60,2103,706,62,7.717524629894145,60,0.3111601588223034
60,2103,706,68,4.913565355840167,60,0.6749322357294932
60,2103,707,52,2.1384764070195663,52,0.6012710267702811
60,2103,707,58,27.05571046978915,58,0.2209124255664517
60,2103,707,59,43.9867985677265,59,0.06751758486879965
60,2103,707,60,34.51250231027553,60,0.035404691130862406
60,2103,707,61,32.06326828562585,60,0.10876942803437643
60,2103,707,62,5.10626445132689,60,0.2944589566941464
60,2103,707,68,2.97607382978089,60,0.6956654429295378
60,2103,708,52,1.2863490360327994,52,0.6887678023597441
60,2103,708,58,29.641209551685748,58,0.19722677564632643
60,2103,708,59,20.653041958855276,59,0.019842793118943443
60,2103,708,60,52.20894957273874,60,0.016803753978591886
60,2103,708,61,9.986323862123974,60,0.20987589188969868
60,2103,708,62,6.349698952653733,60,0.21561853772349596
60,2103,708,68,2.609229571194428,60,0.5726418950774953
60,2103,709,52,1.522768225603424,52,0.8853311571959765
60,2103,709,58,4.620399894379051,58,0.25205892950762204
60,2103,709,59,31.558938597483866,59,0.0895203830268818
60,2103,709,60,134.26570769612442,60,0.04500281424542436
60,2103,709,61,17.91566296455185,60,0.1264305652768958
60,2103,709,62,3.6676113795182452,60,0.31994392002645516
60,2103,709,68,3.668298190272918,60,0.6970171924088829
60,2103,710,52,2.6591903588322974,52,0.763651171150095
60,2103,710,58,8.076995368060095,58,0.34118901432344007
60,2103,710,59,11.47095357071136,59,0.2797141915114057
60,2103,710,60,36.903600484331236,60,0.11370593859056038
60,2103,710,61,23.740356853608827,60,0.12249501188256214
60,2103,710,62,18.460633858770098,60,0.17645757117494046
60,2103,710,68,3.331020581027801,60,0.4820819516902893
60,2103,711,52,1.4955149191139794,52,0.646127794016548
60,2103,711,58,2.1453361809606664,58,0.2410866424130144
60,2103,711,59,2.4479832954967793,59,0.23711733469127516
60,2103,711,60,1138.670263936182,60,0.0023279275304473853
60,2103,711,61,2.4790165905971904,60,0.2181301773118347
60,2103,711,62,2.431712731852294,60,0.32629981297166744
60,2103,711,68,1.5205322930465888,60,0.6954422707626124
60,2103,712,52,2.1861307961354743,52,0.7595188254802128
60,2103,712,58,9.594073726775852,58,0.22811704804058966
60,2103,712,59,9.458760384342945,59,0.13692399714801093
60,2103,712,60,8.667393497730586,60,0.1266808418692413
60,2103,712,61,8.927936655326087,60,0.18914791349822696
60,2103,712,62,8.742290395034857,60,0.3314968188130371
60,2103,712,68,3.9332076163051157,60,0.5772961031929995
60,2103,713,52,2.8399741702347856,52,0.5242736937050588
60,2103,713,58,4.531184530798356,58,0.1737916325146721
60,2103,713,59,4.099277851930577,59,0.13439504753624185
60,2103,713,60,7.098709589358295,60,0.12343782175092964
60,2103,713,61,4.393904581564,60,0.227933692511444
60,2103,713,62,3.8008592947187183,60,0.22794738985453591
60,2103,713,68,2.135627874933876,60,0.7909609220862974
60,2103,714,52,1.3204019393954058,52,0.6836747889260982
60,2103,714,58,4.0189659719307045,58,0.3934571245125078
60,2103,714,59,3.1000442442801126,59,0.33312608386787995
60,2103,714,60,3.576604425927993,60,0.3292932936518267
60,2103,714,61,3.6840813744263,60,0.33185435185692574
60,2103,714,62,2.4955831839146665,60,0.3352499259936748
60,2103,714,68,2.777246045531995,60,0.799812687876251
60,2103,715,52,2.177055780104417,52,0.7505187516311602
60,2103,715,58,5.082925029423534,58,0.35965904800847226
60,2103,715,59,5.6217870685264355,59,0.355344771119299
60,2103,715,60,25.224008383107428,60,0.0430830867534205
60,2103,715,61,4.209083656195096,60,0.3057120716776716
60,2103,715,62,4.050550497039319,60,0.3213585450408923
60,2103,715,68,2.361007646580952,60,0.5345049721992001
60,2103,716,52,4.538583695740049,52,0.6755558448295574
60,2103,716,58,4.445605838094433,58,0.3635033540611562
60,2103,716,59,9.29993510746515,59,0.040144801752348205
60,2103,716,60,8.524192293167264,60,0.019654086693164475
60,2103,716,61,4.395129584149199,60,0.1799856378589725
60,2103,716,62,4.046564849156457,60,0.3061264558883013
60,2103,716,68,3.2015921120738975,60,0.3903803072318051
60,2103,717,52,1.9874676593407756,52,0.6038644890298576
60,2103,717,58,2.695919439742967,58,0.3070609416095525
60,2103,717,59,2.8598213565753636,59,0.27527037104003843
60,2103,717,60,4.117634914331272,60,0.17439737307035963
60,2103,717,61,2.482944068242801,60,0.25932146958340685
60,2103,717,62,2.167877802498216,60,0.2805891543779289
60,2103,717,68,1.6685706577668924,60,0.7922709445366076
60,2103,718,52,1.9995463828355144,52,0.6887629429896206
60,2103,718,58,36.54905992577551,58,0.21640970872203064
60,2103,718,59,12.97267897915149,59,0.08220136514416418
60,2103,718,60,20.87504799137872,60,0.033465502619049924
60,2103,718,61,8.433330399284477,60,0.09592884439091888
60,2103,718,62,7.527556500179077,60,0.17986146395245167
60,2103,718,68,5.587819969572534,60,0.6161644645530372
60,2103,719,52,1.0712084962146835,52,0.6602853242829122
60,2103,719,58,3.9963935507118133,58,0.12627098568536427
60,2103,719,59,12.643879277431395,59,0.1251952615462978
60,2103,719,60,15.11090336175077,60,0.10246534474148737
60,2103,719,61,13.780683744388039,60,0.1690338696685181
60,2103,719,62,4.295602382595748,60,0.22006915110374922
60,2103,719,68,1.8413980392881113,60,0.6467026715980073
60,2103,720,52,1.1901271610738595,52,0.879920386357482
60,2103,720,58,9.783858788344082,58,0.3494132640907752
60,2103,720,59,17.7438402565877,59,0.18457894238980851
60,2103,720,60,36.95454387299687,60,0.1746649885525685
60,2103,720,61,34.71169929826045,60,0.17773288678448268
60,2103,720,62,33.941031498123664,60,0.17774765011827293
60,2103,720,68,4.0148047339242146,60,0.6282977660251979
60,2103,721,52,1.0910728552251117,52,0.8295921589810654
60,2103,721,58,1.1173922415484197,58,0.41984598136388535
60,2103,721,59,44.28930677010706,59,0.02062930382977391
60,2103,721,60,57.919546832724905,60,0.020603780960851838
60,2103,721,61,1.9512203686149379,60,0.2703329073898535
60,2103,721,62,1.9059818796335,60,0.3215594944502424
60,2103,721,68,1.2097114997203597,60,0.6083075356064334
60,2103,722,52,1.4685684680719242,52,0.7433769812466576
60,2103,722,58,1.6019699489137398,58,0.39196370395260416
60,2103,722,59,118.81575940536992,59,0.08968919211545348
60,2103,722,60,11.015344119707795,60,0.008328706547982056
60,2103,722,61,3.91452769243403,60,0.28929313486315417
60,2103,722,62,1.6033269417421154,60,0.3067915026471605
60,2103,722,68,1.7545126533014967,60,0.8286188981592131
60,2103,723,52,1.0679687993504405,52,0.34768201070616794
60,2103,723,58,1.9527439896100607,58,0.22117583129262244
60,2103,723,59,4.706170391236554,59,0.21900829291420024
60,2103,723,60,113.96762388424872,60,0.04311102140074373
60,2103,723,61,51.071003436433266,60,0.05854792172492436
60,2103,723,62,17.933484981563552,60,0.10162870911475366
60,2103,723,68,3.608094771143426,60,0.5554250675784974
60,2103,724,52,3.2108696259737246,52,0.6582437228657616
60,2103,724,58,4.310108057040936,58,0.23839224476797577
60,2103,724,59,18.390047248507035,59,0.14453715601614875
60,2103,724,60,34.46289727530039,60,0.07441406766637998
60,2103,724,61,31.92416814199577,60,0.08550035132191185
60,2103,724,62,5.067691006633095,60,0.29492711542918193
60,2103,724,68,3.2009454093991145,60,0.4763036352197331
60,2103,725,52,5.100663547352896,52,0.500970708874604
60,2103,725,58,4.974440745649587,58,0.34282840930422614
60,2103,725,59,9.937040086909771,59,0.26159796885591613
60,2103,725,60,70.69659548335048,60,0.04562681618337797
60,2103,725,61,21.525085669159083,60,0.1058670732542858
60,2103,725,62,6.841223214115223,60,0.31253385817064155
60,2103,725,68,2.3772399185546935,60,0.6238385367295308
60,2103,726,52,1.2106719740058125,52,0.810849087059906
60,2103,726,58,12.559693322230153,58,0.1265507298061915
60,2103,726,59,191.25237977510665,59,0.05242066360461624
60,2103,726,60,380.9916112484449,60,0.05022968532362993
60,2103,726,61,5.869007281326847,60,0.16881350333774733
60,2103,726,62,5.613775624190459,60,0.25816088532560044
60,2103,726,68,4.197224595234479,60,0.7958988308194969
60,2103,727,52,1.70797124464135,52,0.5138741646645948
60,2103,727,58,32.75843101606379,58,0.169976360847774
60,2103,727,59,33.473212120161215,59,0.15918969884531456
60,2103,727,60,1259.2373198149248,60,0.017788251983956706
60,2103,727,61,101.8770858454053,60,0.1121639118915183
60,2103,727,62,42.30657644244344,60,0.17386854700006946
60,2103,727,68,5.562357823527396,60,0.5221375323418271
60,2103,728,52,1.3700991438851655,52,0.6348219460300855
60,2103,728,58,8.917048734160064,58,0.2761831632429201
60,2103,728,59,13.708433520351852,59,0.25901371757663527
60,2103,728,60,14.960689162272969,60,0.1995512657465512
60,2103,728,61,9.90208943290022,60,0.23997379915191125
60,2103,728,62,3.920606932156471,60,0.27491653361514623
60,2103,728,68,3.0546329051742465,60,0.9924453817287191
60,2103,729,52,1.1857662376763318,52,0.8269307396570461
60,2103,729,58,3.1326228186646037,58,0.3023044559983179
60,2103,729,59,3.014804728371085,59,0.2962287564086983
60,2103,729,60,4.206793327043575,60,0.13045203759783724
60,2103,729,61,2.6319861805888256,60,0.2728696720942159
60,2103,729,62,2.4982294167489885,60,0.2751044184120536
60,2103,729,68,1.2229178419608209,60,0.700066406012544
60,2103,730,52,1.427942773233846,52,0.6672023170455577
60,2103,730,58,4.716269948124182,58,0.10590901668165043
60,2103,730,59,4.180011225790491,59,0.10500204082478237
60,2103,730,60,158.318436058212,60,0.031854076809309476
60,2103,730,61,13.091059770188902,60,0.09500821772464246
60,2103,730,62,13.060126003672865,60,0.09525849524924675
60,2103,730,68,2.3648668886728506,60,0.4442298991757213
60,2103,731,52,1.5838599679808296,52,0.6989499821528613
60,2103,731,58,3.681045754731364,58,0.17458682556403743
60,2103,731,59,4.953757131465487,59,0.12169618827238088
60,2103,731,60,199.7783499655368,60,0.07931242740049409
60,2103,731,61,13.665296046791331,60,0.1662736867707964
60,2103,731,62,11.605955113137309,60,0.27306001832794574
60,2103,731,68,2.331656677334124,60,0.8127791743259535
60,2103,732,52,2.982526882404283,52,0.7086467480258575
60,2103,732,58,1.8807733705576761,58,0.3152656748544473
60,2103,732,59,1.9278932942206566,59,0.22105911425164396
60,2103,732,60,1.936710906266026,60,0.19279171680837234
60,2103,732,61,1.9055783514580122,60,0.1928706006627611
60,2103,732,62,2.1650003105091233,60,0.2423206591621491
60,2103,732,68,2.2281290913924265,60,0.42885893012793475
60,2103,733,52,3.0803364241285753,52,0.82661459213135
60,2103,733,58,24.06905400773187,58,0.17690451387947806
60,2103,733,59,36.34815601964366,59,0.13045490754369815
60,2103,733,60,36.814868261118725,60,0.05502308784900223
60,2103,733,61,23.042539331440707,60,0.07237866896954968
60,2103,733,62,12.877232904894873,60,0.0768968722377447
60,2103,733,68,5.31210949790774,60,0.5943457638758814
60,2103,734,52,2.642021504536878,52,0.6002062988122174
60,2103,734,58,5.675250340318153,58,0.17068809728502862
60,2103,734,59,2582.801655831524,59,0.011990082554513235
60,2103,734,60,1310.2551473763726,60,0.008349610321569183
60,2103,734,61,8.310378817301332,60,0.16989932262402135
60,2103,734,62,7.900730602053521,60,0.17011435318893683
60,2103,734,68,3.6420569606085347,60,0.37987364786104244
60,2103,735,52,1.9890307934774891,52,0.8364054659213156
60,2103,735,58,4.07882571509454,58,0.122374255886561
60,2103,735,59,3.6316526202509816,59,0.06165859464063326
60,2103,735,60,49.13978961767419,60,0.04088612608087036
60,2103,735,61,19.597404116704137,60,0.06804669933695966
60,2103,735,62,2.1945738386953826,60,0.2952925911603199
60,2103,735,68,1.5649975762285835,60,0.43789365960976995
60,2103,736,52,1.9455513454438857,52,0.5842980407044797
60,2103,736,58,132.19722665891757,58,0.06229748426825742
60,2103,736,59,139.76809991897815,59,0.05948674157771581
60,2103,736,60,9601.010215524666,60,0.0014971192677007388
60,2103,736,61,26.944072863116794,60,0.17175351282408352
60,2103,736,62,22.097427874562356,60,0.17873967658961257
60,2103,736,68,6.82197362770317,60,0.5277765278204675
60,2103,737,52,1.015724038835403,52,0.8085402950250308
60,2103,737,58,11.427466075836504,58,0.24399922756793382
60,2103,737,59,34.49939577353456,59,0.09702453743560302
60,2103,737,60,1210.5645286971437,60,0.039913884982327966
60,2103,737,61,47.84664449255573,60,0.09956582443730776
60,2103,737,62,9.749314886483937,60,0.3454077008756785
60,2103,737,68,5.625923226904511,60,0.586754865840484
60,2103,738,52,3.2540881837712496,52,0.5229039635882758
60,2103,738,58,32.62472249298655,58,0.036202731527398634
60,2103,738,59,29.557238307737304,59,0.03611369090384039
60,2103,738,60,30.640265962612578,60,0.03474117008826742
60,2103,738,61,30.690265146167526,60,0.08164202331954146
60,2103,738,62,19.051653898131015,60,0.09741185873559194
60,2103,738,68,3.559248794034569,60,0.3934208383298238
60,2103,739,52,3.3298290144930442,52,0.4859873430490691
60,2103,739,58,13.242078398134026,58,0.14146594703279974
60,2103,739,59,7.563455590053386,59,0.13878938271794022
60,2103,739,60,15.236666057688486,60,0.09513694123751
60,2103,739,61,8.90820234436996,60,0.14874164042947302
60,2103,739,62,6.038097310719095,60,0.24511268115696683
60,2103,739,68,3.7936148718608043,60,0.6332117990141992
60,2103,740,52,1.523143209995748,52,0.8728106967157583
60,2103,740,58,5.448517623435343,58,0.3184364456589605
60,2103,740,59,4.030260348078084,59,0.31544752100664464
60,2103,740,60,5.745200574995475,60,0.2463064324867156
60,2103,740,61,5.733431628475815,60,0.24732752661571145
60,2103,740,62,5.6485003600036086,60,0.24789295572487385
60,2103,740,68,4.02428104080429,60,0.46541468095674815
60,2103,741,52,2.518466119569107,52,0.8360090687496863
60,2103,741,58,7.325062928220421,58,0.19929143903200086
60,2103,741,59,9.581558212702346,59,0.19528967940806471
60,2103,741,60,245.9617666576928,60,0.012367236526161634
60,2103,741,61,21.80415634680813,60,0.08449891723608977
60,2103,741,62,20.765723257925316,60,0.08693848470984761
60,2103,741,68,4.5956477404119545,60,0.3847053739951946
60,2103,742,52,1.2899857929031493,52,0.9313614545182569
60,2103,742,58,2.241412635611412,58,0.3474355638545562
60,2103,742,59,4.633843574771438,59,0.12042544288673024
60,2103,742,60,8.841863516629648,60,0.10387703584193718
60,2103,742,61,4.243756474405016,60,0.10628655972162601
60,2103,742,62,3.966256164154381,60,0.10700264964998875
60,2103,742,68,2.476964904857339,60,0.6708440800959592
60,2103,743,52,3.7836837523150924,52,0.7291936764772473
60,2103,743,58,5.662416526779585,58,0.31283932563606265
60,2103,743,59,7.848448069443967,59,0.2991381298844175
60,2103,743,60,17.7812341661628,60,0.06498567772997547
60,2103,743,61,7.484256059450626,60,0.114767098944621
60,2103,743,62,5.6255559433209585,60,0.2715682723523138
60,2103,743,68,3.5210678276880376,60,0.7416746475259095
60,2103,744,52,4.962824140800506,52,0.44400533764173616
60,2103,744,58,7.946768601468278,58,0.20184660705145202
60,2103,744,59,3.8402349544499104,59,0.1494538952578624
60,2103,744,60,59.73050351917447,60,0.06762416165474719
60,2103,744,61,44.023699066510495,60,0.07445717696609834
60,2103,744,62,3.360297214772413,60,0.39918910103562705
60,2103,744,68,3.1504457260895875,60,0.6830405033073872
60,2103,745,52,1.32606183788784,52,0.9127889113089206
60,2103,745,58,2.892444302826765,58,0.35629625116783425
60,2103,745,59,4.261676912798861,59,0.16696185737757216
60,2103,745,60,23.830836885889735,60,0.1139306125539916
60,2103,745,61,16.843393080256636,60,0.13937682512523142
60,2103,745,62,14.292810533558043,60,0.1466501523519576
60,2103,745,68,3.7990520087598503,60,0.39329592489252363
60,2103,746,52,1.9522926749261789,52,0.7863811089010605
60,2103,746,58,27.230967506965175,58,0.14623627893003097
60,2103,746,59,24.618272894467147,59,0.07050370798530037
60,2103,746,60,6.0364268584820815,60,0.05254980915194976
60,2103,746,61,5.573899458743521,60,0.22214038056329863
60,2103,746,62,5.919619102248299,60,0.2816309855245169
60,2103,746,68,3.1961649921440913,60,0.5372200309577048
60,2103,747,52,2.823567459375612,52,0.6879379970479226
60,2103,747,58,2.450684066663825,58,0.38317996988695757
60,2103,747,59,2.4780952892163346,59,0.29617479806963076
60,2103,747,60,7.492292673392568,60,0.14466877579998977
60,2103,747,61,7.456834917900456,60,0.14553375865307322
60,2103,747,62,7.439495044697489,60,0.16741266871380914
60,2103,747,68,3.677646808242486,60,0.6569168256595598
60,2103,748,52,6.1603054555195325,52,0.34923677427635835
60,2103,748,58,11.360623958621291,58,0.1491578564820544
60,2103,748,59,14.531236312872462,59,0.14866764907189634
60,2103,748,60,115.51906995714593,60,0.08079511125148255
60,2103,748,61,40.97597546678416,60,0.12564790566229433
60,2103,748,62,35.34592416528238,60,0.14820434295945853
60,2103,748,68,4.273424341344813,60,0.509459475441
60,2103,749,52,1.153857067207367,52,0.7516462953999256
60,2103,749,58,8.211070348567931,58,0.19053557731035153
60,2103,749,59,7.595681463904039,59,0.15079260991980425
60,2103,749,60,13.233391483013834,60,0.14369338809069193
60,2103,749,61,7.367211390978826,60,0.19093409900708408
60,2103,749,62,2.688105668172923,60,0.2757242412161795
60,2103,749,68,2.949018728786027,60,0.4649053802580192
60,2103,750,52,3.6900143487350388,52,0.5418575174373595
60,2103,750,58,25.405331973333006,58,0.168387546760664
60,2103,750,59,24.54813030622634,59,0.1438916949387109
60,2103,750,60,23.64617881120022,60,0.12235159045467221
60,2103,750,61,16.61964458412957,60,0.15737311037619328
60,2103,750,62,14.224505309233386,60,0.25671760122818166
60,2103,750,68,4.981362349860124,60,0.5528064219204353
60,2103,751,52,1.4004490230621236,52,0.8759972059778544
60,2103,751,58,7.6680963314684965,58,0.3565971701760402
60,2103,751,59,7.957731317056904,59,0.10179613261525118
60,2103,751,60,31.240370023093032,60,0.09884922276733504
60,2103,751,61,8.447855895926462,60,0.15521077589874316
60,2103,751,62,5.313309950406394,60,0.18609243344200646
60,2103,751,68,3.0759980303270154,60,0.669508606389773
60,2103,752,52,1.5150367433213394,52,0.798806026509348
60,2103,752,58,2.735941755486887,58,0.16675215197078747
60,2103,752,59,6.02364218408906,59,0.13495226200433072
60,2103,752,60,7.970661615452031,60,0.11209565718474652
60,2103,752,61,3.5462622512594937,60,0.11230598236865766
60,2103,752,62,3.332654482276035,60,0.2227309462704056
60,2103,752,68,1.9279376966042618,60,0.6461483683121991
60,2103,753,52,2.6308989321430363,52,0.7258936583497573
60,2103,753,58,18.598591576429623,58,0.22867917425030604
60,2103,753,59,18.32573415151066,59,0.1883032668104271
60,2103,753,60,91.63237728387962,60,0.04208132501842095
60,2103,753,61,6.34211165170087,60,0.17894531301888128
60,2103,753,62,5.216111980525615,60,0.30364536997438984
60,2103,753,68,4.403958626715609,60,0.5981360798830667
60,2103,754,52,1.3500028799350425,52,0.7615989202510217
60,2103,754,58,40.758350585705884,58,0.11255799851874579
60,2103,754,59,26.81344865135086,59,0.10141717164853843
60,2103,754,60,120.34785258926269,60,0.049402554664467344
60,2103,754,61,22.135241390237216,60,0.12732625306698714
60,2103,754,62,11.764605575515606,60,0.13530542258841158
60,2103,754,68,5.191671082545954,60,0.5737451266654937
60,2103,755,52,1.5594524024004113,52,0.35900918660811304
60,2103,755,58,25.197548916512577,58,0.11659161979892527
60,2103,755,59,52.880266774270844,59,0.09514936267316898
60,2103,755,60,115.68291333672518,60,0.07335971898155338
60,2103,755,61,41.16498003131482,60,0.11667802912894076
60,2103,755,62,5.0813955881896,60,0.2336766056680952
60,2103,755,68,2.6946811336837175,60,0.7037879819033441
60,2103,756,52,1.5710383819393492,52,0.4208917084159428
60,2103,756,58,8.763839003437754,58,0.10541356508167284
60,2103,756,59,5.919717690916341,59,0.10123010331765833
60,2103,756,60,10.444208505082264,60,0.06218262248303345
60,2103,756,61,10.04471012625521,60,0.06327648669456723
60,2103,756,62,4.604378164725293,60,0.18962660203655837
60,2103,756,68,2.2563706081631194,60,0.52394929884278
60,2103,757,52,2.3622231806112826,52,0.7006656170543614
60,2103,757,58,4.957523527744063,58,0.4032653595490152
60,2103,757,59,3.2463473571115857,59,0.25594655017911727
60,2103,757,60,3.054732156511466,60,0.19989076941293588
60,2103,757,61,2.9405890126496144,60,0.29051198595774336
60,2103,757,62,3.232835183784756,60,0.4863594711276894
60,2103,757,68,2.2214610151152487,60,0.7574419863262745
60,2103,758,52,3.175732973985293,52,0.6529765099269202
60,2103,758,58,4.839009255882683,58,0.18422943878637793
60,2103,758,59,15.752173212970634,59,0.1398184574227065
60,2103,758,60,26.09581319113456,60,0.025074662774260105
60,2103,758,61,22.23998054408017,60,0.026194923781396852
60,2103,758,62,10.61315106426058,60,0.2221188009509465
60,2103,758,68,3.4549164540648944,60,0.5139304122561528
60,2103,759,52,1.4256961919175593,52,0.4850862343548455
60,2103,759,58,23.88826635593907,58,0.11613887828621239
60,2103,759,59,20.979334514700025,59,0.11570043262303514
60,2103,759,60,17.032557208212744,60,0.07128078841198571
60,2103,759,61,16.073619066200944,60,0.07130159698671633
60,2103,759,62,10.690879167697,60,0.1341473808686273
60,2103,759,68,2.608667214618645,60,0.44868748379088214
60,2103,760,52,2.1412693496574517,52,0.7315407455979712
60,2103,760,58,57.99920281018622,58,0.12397785361643487
60,2103,760,59,70.60362391216867,59,0.107884082381253
60,2103,760,60,137.4205117523119,60,0.021524927407887334
60,2103,760,61,14.620470165658261,60,0.09888900886005816
60,2103,760,62,14.572618333579106,60,0.1461085043395907
60,2103,760,68,6.746045588170697,60,0.47753778262540625
60,2103,761,52,1.1889662834010477,52,0.9519609359799219
60,2103,761,58,5.602815221136452,58,0.2994458141297635
60,2103,761,59,9.471491570750404,59,0.16774466163703158
60,2103,761,60,10.201992471713675,60,0.12920966041170584
60,2103,761,61,10.528918204273774,60,0.1642933698176053
60,2103,761,62,4.2566945460989345,60,0.319457645447875
60,2103,761,68,3.9482605684382928,60,0.8454575930462518
60,2103,762,52,3.1251129106447157,52,0.7029060858644773
60,2103,762,58,6.845974199184705,58,0.27749659933538595
60,2103,762,59,33.46941894170625,59,0.058028164410216757
60,2103,762,60,33.86542835206417,60,0.05653597712852691
60,2103,762,61,18.581804588303747,60,0.0629956832549711
60,2103,762,62,2.9529624099386425,60,0.32719557173547276
60,2103,762,68,3.02993760439767,60,0.6598405070990189
60,2103,763,52,1.1444083296764678,52,0.6865819497024527
60,2103,763,58,2.975782768639591,58,0.26674314128196863
60,2103,763,59,28.001941247336646,59,0.15333063077518005
60,2103,763,60,113.23029838283533,60,0.02862922947599298
60,2103,763,61,43.87104395988012,60,0.050473123609579756
60,2103,763,62,2.93581038944368,60,0.25623848553106354
60,2103,763,68,2.241821499303461,60,0.8501196412962806
60,2103,764,52,1.5691266903044798,52,0.6892683508342905
60,2103,764,58,4.922398606812587,58,0.39003922625506204
60,2103,764,59,7.0034439947461244,59,0.26666830836654903
60,2103,764,60,7.97597078208557,60,0.11654560660717972
60,2103,764,61,7.716146651489632,60,0.1636721593708255
60,2103,764,62,5.390811359618004,60,0.16761728279462684
60,2103,764,68,2.357328489666395,60,0.45886291855853406
60,2103,765,52,2.027210633819307,52,0.7632840713862421
60,2103,765,58,5.086806384823812,58,0.2043027655810052
60,2103,765,59,6.688929289936831,59,0.11235040019631051
60,2103,765,60,19.293859414359147,60,0.0644629139900903
60,2103,765,61,12.801699434815315,60,0.084193373422906
60,2103,765,62,4.458017534698469,60,0.3225341179660935
60,2103,765,68,2.5547362554866107,60,0.5288858028463814
60,2103,766,52,1.1179144045266587,52,0.7337000329942717
60,2103,766,58,17.49618018284765,58,0.17363919125777455
60,2103,766,59,9.935167281661986,59,0.15971791788665246
60,2103,766,60,18.66071489215558,60,0.05974185285049561
60,2103,766,61,13.330541308996613,60,0.1480216363723512
60,2103,766,62,2.984736373531143,60,0.30888583866132313
60,2103,766,68,2.738806469033421,60,0.6852123326573931
60,2103,767,52,2.445333821033416,52,0.8671651267500565
60,2103,767,58,2.95545671485331,58,0.16680035921980535
60,2103,767,59,7.560382812180633,59,0.08341039676586147
60,2103,767,60,15.083508481924612,60,0.08100478715149793
60,2103,767,61,14.62218490465355,60,0.08546262256674862
60,2103,767,62,13.844167932441495,60,0.08606037539010045
60,2103,767,68,3.3957108253834756,60,0.6125111092171341
60,2103,768,52,4.136133727742285,52,0.5193210496824336
60,2103,768,58,3.6863297724730244,58,0.29168321484659776
60,2103,768,59,3.4723539684454643,59,0.12847598841976526
60,2103,768,60,4.290752920364732,60,0.08190812868619254
60,2103,768,61,3.332356480176387,60,0.2353341393605259
60,2103,768,62,3.5963481626048748,60,0.23707254746581097
60,2103,768,68,2.7137758094303064,60,0.549123570866836
60,2103,769,52,3.154702995925993,52,0.46340819692801044
60,2103,769,58,13.410817940125009,58,0.28016401050582945
60,2103,769,59,13.419337764825494,59,0.04392838396223039
60,2103,769,60,74.25858965707938,60,0.011276566827449014
60,2103,769,61,12.98307671489169,60,0.18327691255190143
60,2103,769,62,11.07566780165298,60,0.22027574374864115
60,2103,769,68,4.1585712543130775,60,0.584630195822938
60,2103,770,52,1.1330422632361419,52,0.6947125497009294
60,2103,770,58,1.9737117646935374,58,0.44863829415398265
60,2103,770,59,2.1040753374774956,59,0.44834554362563844
60,2103,770,60,493.4623865940433,60,0.02872706839049222
60,2103,770,61,3.024268982177781,60,0.4114279744540854
60,2103,770,62,2.916448750514781,60,0.5282227455212237
60,2103,770,68,2.3258920204839315,60,0.9168202094298745
60,2103,771,52,1.1522943486490835,52,0.7077874441081375
60,2103,771,58,178.2001951369228,58,0.061163354436384675
60,2103,771,59,232.87011960868222,59,0.04699080941669924
60,2103,771,60,233.18509460528168,60,0.04548860718183069
60,2103,771,61,180.31507133312874,60,0.04777874337865157
60,2103,771,62,165.18425343136386,60,0.05778545186486017
60,2103,771,68,2.8376054690380443,60,0.5712719142119417
60,2103,772,52,2.3987218705815554,52,0.6326940032692915
60,2103,772,58,40.379807305765446,58,0.1640695894597458
60,2103,772,59,37.92163608527767,59,0.15995655098260922
60,2103,772,60,98.97099983350823,60,0.06712784010678281
60,2103,772,61,80.24504977009117,60,0.06899420525614942
60,2103,772,62,66.05437715106197,60,0.07017387616350841
60,2103,772,68,5.146141764211773,60,0.41355337111198315
60,2103,773,52,3.5198018518486167,52,0.6651743919843075
60,2103,773,58,3.874745988484447,58,0.1683910352351277
60,2103,773,59,12.427869187218882,59,0.16339127156645866
60,2103,773,60,33.342897013525935,60,0.11631063194364362
60,2103,773,61,33.15119004456061,60,0.12977922226697033
60,2103,773,62,6.780597657408323,60,0.24606356969540225
60,2103,773,68,2.874028162938179,60,0.8533824661013077
60,2103,774,52,1.0775588770051505,52,0.7385623540174564
60,2103,774,58,7.195189502086251,58,0.3927696710025364
60,2103,774,59,6.150899158409549,59,0.22161433204184755
60,2103,774,60,63.647511110623505,60,0.09325579318686593
60,2103,774,61,10.934126316609678,60,0.25033282169287346
60,2103,774,62,3.1942118737976855,60,0.30746851076197074
60,2103,774,68,2.9897952870584894,60,0.627290097501617
60,2103,775,52,1.6275784609326849,52,0.7722790347416578
60,2103,775,58,2.209225989588881,58,0.272231732936351
60,2103,775,59,9.272959083839755,59,0.1539223193615768
60,2103,775,60,2213.253562096824,60,0.010306393764631936
60,2103,775,61,4.400060216191684,60,0.09225246389655839
60,2103,775,62,2.2757927455433786,60,0.24115508763705265
60,2103,775,68,2.2530176887983426,60,0.826019994399511
60,2103,776,52,1.422988483796428,52,0.6025726275871741
60,2103,776,58,4.596931503001855,58,0.153340863520441
60,2103,776,59,6.629930841811147,59,0.15317566659748064
60,2103,776,60,460.9518006751291,60,0.010320893188429096
60,2103,776,61,7.136302663941492,60,0.16520245195448033
60,2103,776,62,5.93540037708396,60,0.24236125986872234
60,2103,776,68,3.277884316942664,60,0.6711613177471483
60,2103,777,52,1.7104219987762044,52,0.806612367477118
60,2103,777,58,5.648765703566025,58,0.18574535828446279
60,2103,777,59,12.431858869101946,59,0.09339981182299345
60,2103,777,60,6.384299187979294,60,0.054189365413786
60,2103,777,61,6.535208827294042,60,0.13919807351812985
60,2103,777,62,3.1766955651347137,60,0.267397862340886
60,2103,777,68,3.4455309476255334,60,0.8145716602769383
60,2103,778,52,1.2394303718105864,52,0.587120319303146
60,2103,778,58,11.902633980981859,58,0.09765917732131427
60,2103,778,59,11.820554463657313,59,0.04053351300024038
60,2103,778,60,10621.548571777543,60,0.004461239171121494
60,2103,778,61,5.661935433677996,60,0.15483572596326134
60,2103,778,62,2.139998387941639,60,0.2083642353513386
60,2103,778,68,2.4248497027751146,60,0.609426158046095
60,2103,779,52,1.4910410518759307,52,0.913710142011155
60,2103,779,58,5.788415389407192,58,0.09279741912617638
60,2103,779,59,4.9139355740880895,59,0.09238768556674075
60,2103,779,60,21.909725477478798,60,0.03224865710678447
60,2103,779,61,3.6717602639796465,60,0.06792671679575574
60,2103,779,62,2.6568094728193623,60,0.08763343091492384
60,2103,779,68,3.1313186550196286,60,0.5339599318048653
60,2103,780,52,0.9052676466947134,52,0.810171752336132
60,2103,780,58,2.072312853184799,58,0.427207373304278
60,2103,780,59,6.180289819830812,59,0.32678721008756456
60,2103,780,60,8.015499686112163,60,0.2872831662990971
60,2103,780,61,1.7898259906274685,60,0.29265751628692854
60,2103,780,62,1.725853621059237,60,0.44649774484310467
60,2103,780,68,1.8597292647034571,60,0.8212010559264502
60,2103,781,52,1.191219634283191,52,0.6955733208943088
60,2103,781,58,6.003619127407393,58,0.15712098899939797
60,2103,781,59,4.585471498338586,59,0.13723545113874658
60,2103,781,60,54.43130622329729,60,0.07609594390238152
60,2103,781,61,34.29699740201156,60,0.1077094977517563
60,2103,781,62,20.175788786672094,60,0.16139004407164811
60,2103,781,68,3.0031090815144097,60,0.6547614358388757
60,2103,782,52,1.4292595393547096,52,0.4962038203644802
60,2103,782,58,10.442994569588349,58,0.19778658553025236
60,2103,782,59,9.500563442670574,59,0.17232488834591503
60,2103,782,60,443.2489905919255,60,0.010411098442824257
60,2103,782,61,7.060997091746193,60,0.16577506279115417
60,2103,782,62,4.854071195784674,60,0.28257644788030534
60,2103,782,68,4.210548328565711,60,0.6596866433264545
60,2103,783,52,1.577547801994165,52,0.6940799827146453
60,2103,783,58,5.390704735966893,58,0.48024674148268887
60,2103,783,59,4.7684732770064215,59,0.422396544599352
60,2103,783,60,5.753339404192656,60,0.22745830950178253
60,2103,783,61,5.6818493409532875,60,0.26338304712784705
60,2103,783,62,5.227879368799075,60,0.3560231912149911
60,2103,783,68,3.029620757487053,60,0.6483686832164776
60,2103,784,52,1.10883648888308,52,0.6551036694367409
60,2103,784,58,6.874765189887775,58,0.31730176839040153
60,2103,784,59,21.19287751157739,59,0.0822978085865375
60,2103,784,60,20.176412447138226,60,0.0650374487990391
60,2103,784,61,7.494664677333776,60,0.1015521318966135
60,2103,784,62,4.164879791247994,60,0.22314844788085447
60,2103,784,68,2.092504926602681,60,0.5748334422036215
60,2103,785,52,1.8891288111092397,52,0.5129774716135082
60,2103,785,58,10.348924495753664,58,0.1791514193616527
60,2103,785,59,2.578843366753492,59,0.11733965858714202
60,2103,785,60,4.383122785527682,60,0.04177058487979897
60,2103,785,61,2.5891156110763354,60,0.14688728347230043
60,2103,785,62,2.7604162745191387,60,0.25126464822514966
60,2103,785,68,2.444870067141155,60,0.4937487850153197
60,2103,786,52,1.7250730408673138,52,0.7454934323719666
60,2103,786,58,4.0766296542316045,58,0.13769353732781664
60,2103,786,59,88.3180086374889,59,0.061807591766515686
60,2103,786,60,86.7294841319343,60,0.03603097512061108
60,2103,786,61,84.099602164166,60,0.06440849087014529
60,2103,786,62,10.925437862562662,60,0.19500313617423495
60,2103,786,68,2.446376532354742,60,0.7920181364599804
60,2103,787,52,2.7730325141320207,52,0.5567647623225834
60,2103,787,58,4.4337782925902856,58,0.2219749685690911
60,2103,787,59,6.4107724972579145,59,0.2164381603735229
60,2103,787,60,6.470851953199078,60,0.17933850708690932
60,2103,787,61,6.461675203676061,60,0.26162254445960054
60,2103,787,62,4.324188983491948,60,0.28047130627857253
60,2103,787,68,2.8635581127680747,60,0.579979878515933
60,2103,788,52,1.0476985263107172,52,0.4721576055086387
60,2103,788,58,3.175714822895197,58,0.3300211368717343
60,2103,788,59,4.459010782298893,59,0.2536903969322882
60,2103,788,60,3.181008039240644,60,0.2182950151325597
60,2103,788,61,2.980027660603768,60,0.23251841294601827
60,2103,788,62,2.9731012325503823,60,0.27633250513894775
60,2103,788,68,2.2073729591982563,60,0.6444066883965809
60,2103,789,52,1.8846888157022639,52,0.6411991206429009
60,2103,789,58,3.024004913030392,58,0.19805072520695505
60,2103,789,59,56.80690071880003,59,0.07349118859337914
60,2103,789,60,494.2989306153847,60,0.020728395651683548
60,2103,789,61,5.376839670588414,60,0.05057201048831769
60,2103,789,62,5.057046117459113,60,0.3023590175817015
60,2103,789,68,2.3292237798088657,60,0.6995311435399639
60,2103,790,52,2.681661524934252,52,0.49999287922242497
60,2103,790,58,6.710250257304748,58,0.16688905631703652
60,2103,790,59,9.250026420850366,59,0.14200900800371027
60,2103,790,60,1774.7214293176587,60,0.006487431952834569
60,2103,790,61,60.3516764846424,60,0.04485609521027198
60,2103,790,62,6.686647374944026,60,0.1947173573152733
60,2103,790,68,2.1160514862987547,60,0.5306737471789773
60,2103,791,52,2.4241356421293045,52,1.0488804750011762
60,2103,791,58,6.37456277426627,58,0.35980574904807344
60,2103,791,59,6.914692353854946,59,0.30218182772886937
60,2103,791,60,7.686003269326481,60,0.10774760419184384
60,2103,791,61,4.490548862930189,60,0.15645522545120502
60,2103,791,62,3.919517282185077,60,0.27273959405917314
60,2103,791,68,2.3311765292741025,60,0.8822506641899066
60,2103,792,52,3.133627277729093,52,0.7591571230073982
60,2103,792,58,9.271626047111775,58,0.3467824830075359
60,2103,792,59,52.968040338028565,59,0.10304383027594549
60,2103,792,60,113.54097744570781,60,0.04331931378901429
60,2103,792,61,12.718027823428534,60,0.08852180977673073
60,2103,792,62,7.678612112773354,60,0.12182833327210782
60,2103,792,68,4.162679287826266,60,0.5446602769714186
60,2103,793,52,0.7817116619949793,52,0.684858484260771
60,2103,793,58,3.2890651465019163,58,0.18260834435149004
60,2103,793,59,2.5785903367457883,59,0.14121267953500943
60,2103,793,60,2.5529197546032854,60,0.07802500073780824
60,2103,793,61,2.0505806352912046,60,0.1508098274799335
60,2103,793,62,2.210866471848804,60,0.2466833590972209
60,2103,793,68,2.4871854499212436,60,0.7250684935338286
60,2103,794,52,2.456692472076924,52,0.4948004437410866
60,2103,794,58,105.86634747337523,58,0.11093802548002142
60,2103,794,59,112.25956802444253,59,0.10956284978087881
60,2103,794,60,104.20874059198933,60,0.07065176347313007
60,2103,794,61,50.40630947354689,60,0.09716250360793692
60,2103,794,62,16.019072115693437,60,0.17209034569013099
60,2103,794,68,5.45122758816491,60,0.7396458256116221
60,2103,795,52,2.0596929996593714,52,0.5355692385271982
60,2103,795,58,2.952346183022709,58,0.3000123936590467
60,2103,795,59,18.133793395716,59,0.12699777000597037
60,2103,795,60,81624.4817623195,60,0.0015097416703178245
60,2103,795,61,14.634582900077875,60,0.12887659513560548
60,2103,795,62,5.0277704598601725,60,0.26575717258399684
60,2103,795,68,3.244590055440841,60,0.623711230183411
60,2103,796,52,1.4142291072907274,52,0.7701277170750546
60,2103,796,58,2.9853007586198217,58,0.3368254457002155
60,2103,796,59,3.32498936387542,59,0.2817450836652778
60,2103,796,60,6.389172950834599,60,0.1474393345973731
60,2103,796,61,5.863014112001405,60,0.16365951126267683
60,2103,796,62,4.033036142653346,60,0.23373741828754482
60,2103,796,68,2.976618356793026,60,0.5197902121626546
60,2103,797,52,1.7169081617601245,52,0.7304161943511235
60,2103,797,58,20.3374536084352,58,0.07765148055347998
60,2103,797,59,2868.0653553789352,59,0.007146468028538911
60,2103,797,60,3831.732011861745,60,0.006597797308342648
60,2103,797,61,24.256150026516707,60,0.11282561713432147
60,2103,797,62,14.87517108343956,60,0.175266038096251
60,2103,797,68,3.1077691463141575,60,0.5665304906005175
60,2103,798,52,1.8070133494326919,52,0.7519347582613004
60,2103,798,58,7.623947709969063,58,0.3612647972966819
60,2103,798,59,7.19660207481217,59,0.3273884694133174
60,2103,798,60,9.202042233662185,60,0.11871534650853408
60,2103,798,61,6.966285098144369,60,0.15216218327515788
60,2103,798,62,6.116080391991037,60,0.20545275157189005
60,2103,798,68,2.6099128107158824,60,0.6310534188976485
60,2103,799,52,5.1192189530973735,52,0.4894381286424521
60,2103,799,58,5.696871502998227,58,0.3144970375759562
60,2103,799,59,2.601129514827587,59,0.23825476598444678
60,2103,799,60,7.337507336510149,60,0.20100283160949362
60,2103,799,61,2.155845332441354,60,0.31319119972499637
60,2103,799,62,1.7232631505176577,60,0.3133253082103514
60,2103,799,68,1.8503701437006328,60,0.6625724350294394
60,2103,800,52,2.163539392861568,52,0.5885927359244663
60,2103,800,58,21.788927748728018,58,0.1151312140700086
60,2103,800,59,183.9144114689487,59,0.031224507687107293
60,2103,800,60,489.8493657799321,60,0.026475852362972226
60,2103,800,61,45.11738967452225,60,0.09946894500168331
60,2103,800,62,8.373075900993845,60,0.23865599378266986
60,2103,800,68,3.015098106359777,60,0.7357782705872932
60,2103,801,52,2.8319340841227874,52,0.7054138769886462
60,2103,801,58,35.81622125502408,58,0.07696916731875514
60,2103,801,59,767.8823366230463,59,0.029333843212590766
60,2103,801,60,98.30723612668172,60,0.022887587598570073
60,2103,801,61,89.23333888122662,60,0.15067087033299897
60,2103,801,62,44.51369139697357,60,0.1561112639284192
60,2103,801,68,5.726342362844819,60,0.4175655911280429
60,2103,802,52,1.2832136505850422,52,0.49779692050060603
60,2103,802,58,3.4329401265649384,58,0.3292368234509448
60,2103,802,59,3.702845930411267,59,0.31415288550401493
60,2103,802,60,49.26842808866458,60,0.12062036711250516
60,2103,802,61,14.766019301811767,60,0.24858863887906738
60,2103,802,62,6.963252667611528,60,0.3256732296156962
60,2103,802,68,3.1076753286561853,60,0.6390457002049009
60,2103,803,52,0.794672463702411,52,0.7225913754468573
60,2103,803,58,1.7684457273800525,58,0.24305901013713432
60,2103,803,59,1.284630644231682,59,0.2230076790548611
60,2103,803,60,795.585799258347,60,0.011356225143239822
60,2103,803,61,8.10366146198169,60,0.11292876091351156
60,2103,803,62,1.6828769443722071,60,0.29547284491321263
60,2103,803,68,1.718719002516009,60,0.7401256859892551
60,2103,804,52,1.8277148992026826,52,0.6214228010958787
60,2103,804,58,5.486288748185853,58,0.0785033075451204
60,2103,804,59,5.607453829444094,59,0.07730613176959437
60,2103,804,60,5.665432971593575,60,0.04036330743284399
60,2103,804,61,5.750495740391659,60,0.10742852834931768
60,2103,804,62,4.873896186048083,60,0.12135525705737488
60,2103,804,68,2.11002506444593,60,0.7046221670733855
60,2103,805,52,1.2349124533928464,52,0.563511166785653
60,2103,805,58,20.574863474063896,58,0.12395034891029744
60,2103,805,59,20.188797539238706,59,0.12215047950466741
60,2103,805,60,47.0403611140391,60,0.04216442758873191
60,2103,805,61,45.21875756083562,60,0.04268054463798093
60,2103,805,62,6.288997787704193,60,0.1351226497243035
60,2103,805,68,1.4979479777089364,60,0.6606367122016421
60,2103,806,52,1.4922681544434588,52,0.8286535076597338
60,2103,806,58,1.6964746062620906,58,0.49430800727253976
60,2103,806,59,8.313444305410284,59,0.3140504838701427
60,2103,806,60,16.014945684485856,60,0.2877278763265257
60,2103,806,61,10.404014393671677,60,0.3236256559564341
60,2103,806,62,10.376601811336473,60,0.32666409169549276
60,2103,806,68,4.275170487702144,60,0.5522853065511037
60,2103,807,52,11.136613258289337,52,0.3209685003172127
60,2103,807,58,13.814277901872359,58,0.16864657431682914
60,2103,807,59,27.712501101570766,59,0.1275182604604007
60,2103,807,60,340.64754060256763,60,0.011574725716471607
60,2103,807,61,27.27577966619895,60,0.17611806772938315
60,2103,807,62,26.48983788951847,60,0.19207912772967425
60,2103,807,68,5.69265793255763,60,0.5745954554402778
60,2103,808,52,1.868677704931644,52,0.7891702041596144
60,2103,808,58,6.103789025991854,58,0.11571973704675291
60,2103,808,59,12.056401877961255,59,0.09891040630706538
60,2103,808,60,28.463536942953187,60,0.09882231584440279
60,2103,808,61,19.317639741654755,60,0.10132382025101674
60,2103,808,62,7.414847266521742,60,0.3268122847708725
60,2103,808,68,5.511919438950926,60,0.6887241272416663
60,2103,809,52,1.0580894567589034,52,0.8396763163400391
60,2103,809,58,8.237265967110552,58,0.1597059462760503
60,2103,809,59,6.602402580070025,59,0.1567988501986465
60,2103,809,60,7.2754267001211765,60,0.1272812074427536
60,2103,809,61,7.309385293660153,60,0.158458092811455
60,2103,809,62,7.345997710773092,60,0.16274466882055594
60,2103,809,68,3.3340089589180426,60,0.4784818682398228
60,2103,810,52,0.7084097998313761,52,0.4413328217958474
60,2103,810,58,7.021587683893497,58,0.21863865190738085
60,2103,810,59,19.053006471163272,59,0.1473466413814978
60,2103,810,60,33.4976736290586,60,0.04886732442424147
60,2103,810,61,15.419765677281342,60,0.13425031460369358
60,2103,810,62,15.318076542682405,60,0.13755640257700674
60,2103,810,68,2.5648321048861034,60,0.533242772495053
60,2103,811,52,1.1671305911808771,52,0.7651252728823908
60,2103,811,58,20.335948422473322,58,0.21181846651988412
60,2103,811,59,80.0891238827374,59,0.1285867541711981
60,2103,811,60,33.82944232214549,60,0.03904893745337213
60,2103,811,61,33.79906256664147,60,0.058924481704978694
60,2103,811,62,12.821297001990647,60,0.21725443096217995
60,2103,811,68,3.3550351164110213,60,0.4091577663206691
60,2103,812,52,1.4179706229235796,52,0.7487271271144754
60,2103,812,58,26.798981435525814,58,0.14513913058362105
60,2103,812,59,63.77265869909389,59,0.12140559398879323
60,2103,812,60,120.13332561567428,60,0.03930147196550479
60,2103,812,61,113.1885982735393,60,0.048590688135593675
60,2103,812,62,17.280556359855517,60,0.2431414079933395
60,2103,812,68,5.776528407146232,60,0.7146716111214891
60,2103,813,52,1.4565765480665784,52,0.7021858816663319
60,2103,813,58,3.9632282847587077,58,0.33339953512200143
60,2103,813,59,9.43470983028765,59,0.25004298945553144
60,2103,813,60,32.85237157959018,60,0.0765443229391362
60,2103,813,61,8.604617323385346,60,0.20787851269406862
60,2103,813,62,8.573348222299138,60,0.2348536439835717
60,2103,813,68,3.367816584570761,60,0.6885998445883226
60,2103,814,52,1.0598792146701341,52,0.8634419743790936
60,2103,814,58,1.6568084743887599,58,0.385752960926832
60,2103,814,59,1.6371728387697047,59,0.3445805465646041
60,2103,814,60,16.584374572278254,60,0.21094101166099055
60,2103,814,61,10.114657243493658,60,0.2947056691179476
60,2103,814,62,3.3046850202232663,60,0.34426913817155924
60,2103,814,68,3.5310137129215824,60,0.8073180503894661
60,2103,815,52,2.2862362409821273,52,0.5643852651383976
60,2103,815,58,7.151450525065254,58,0.20747904757143887
60,2103,815,59,7.5031900506108204,59,0.1963490996539216
60,2103,815,60,7.88378798947486,60,0.027326793713189093
60,2103,815,61,7.778286869528803,60,0.0274741280163331
60,2103,815,62,7.243587562872447,60,0.18400151693066716
60,2103,815,68,6.25956908222572,60,0.6897949381202221
60,2103,816,52,1.4149850364561114,52,0.7553673792977659
60,2103,816,58,15.464342866361566,58,0.2899102634501498
60,2103,816,59,17.759578875134576,59,0.16148720737517638
60,2103,816,60,4.382231287492124,60,0.11196565134540001
60,2103,816,61,4.003068772011373,60,0.1831696515140357
60,2103,816,62,2.7745652124326674,60,0.2492763150282067
60,2103,816,68,2.860058070246469,60,0.6110078346909888
60,2103,817,52,1.7376481896891935,52,0.7634492268236601
60,2103,817,58,14.829678728253457,58,0.0741472053678567
60,2103,817,59,9.187614700284822,59,0.0490468646153504
60,2103,817,60,140.20332762148,60,0.020424990903101008
60,2103,817,61,5.886929454224654,60,0.17144525655250176
60,2103,817,62,4.268523337074814,60,0.19488556178272862
60,2103,817,68,3.5496021267494324,60,0.5271088393358152
60,2103,818,52,2.1482299791355404,52,0.737025746622449
60,2103,818,58,10.380428250200662,58,0.361150414000423
60,2103,818,59,45.26013995376272,59,0.10039552347331748
60,2103,818,60,568.2873626188227,60,0.025130324361098074
60,2103,818,61,31.86674239747007,60,0.16542924200339928
60,2103,818,62,9.72903732722014,60,0.4103238514211558
60,2103,818,68,4.762182608975937,60,0.8507995780520491
60,2103,819,52,2.280901767367485,52,0.5207043866522298
60,2103,819,58,4.032027018631807,58,0.25852351380169253
60,2103,819,59,6.280222833269031,59,0.2568718062449741
60,2103,819,60,7.046879474599645,60,0.2122702778794573
60,2103,819,61,5.906385476506302,60,0.21589889517709196
60,2103,819,62,4.453859508540687,60,0.21839381409504097
60,2103,819,68,2.8699902854904296,60,0.6222837841483329
60,2103,820,52,1.821292826438353,52,0.8003043785726842
60,2103,820,58,3.5192823539205764,58,0.14570059406666247
60,2103,820,59,10.481150192873704,59,0.09153248598729649
60,2103,820,60,8316.405434737924,60,0.01497165542597596
60,2103,820,61,19.787684648191803,60,0.18984339078431836
60,2103,820,62,16.897300077825033,60,0.2576572935206676
60,2103,820,68,4.044275761343832,60,0.47545208698120633
60,2103,821,52,1.347350061436872,52,0.6709044600895568
60,2103,821,58,2.311558126351754,58,0.23260330850994743
60,2103,821,59,417.7979889479655,59,0.00973345574299002
60,2103,821,60,328.2315075478581,60,0.007994708273298012
60,2103,821,61,7.300576902241001,60,0.10457754143073587
60,2103,821,62,4.247701523899591,60,0.19814786299534276
60,2103,821,68,2.476405145110639,60,0.5195247939421194
60,2103,822,52,1.896797577658615,52,0.6361906620477822
60,2103,822,58,8.943550179408623,58,0.2748353195873936
60,2103,822,59,14.562858259333671,59,0.18176426087510722
60,2103,822,60,1608.6153841781584,60,0.02039877638011852
60,2103,822,61,55.5916186798388,60,0.11640947793308756
60,2103,822,62,41.31088681387542,60,0.14347684150953302
60,2103,822,68,7.419509757195862,60,0.7839429392427161
60,2103,823,52,3.930877502392409,52,0.861042626421292
60,2103,823,58,4.980681416353692,58,0.29848728392258383
60,2103,823,59,393.48830451619546,59,0.02851569578669853
60,2103,823,60,404193.72630314436,60,0.0008003167433879469
60,2103,823,61,4.92881583249364,60,0.2779732425177844
60,2103,823,62,3.9979400710132427,60,0.4256145180598016
60,2103,823,68,2.6622374216203815,60,0.6715691786583499
60,2103,824,52,1.5424278795546789,52,0.5015571719169697
60,2103,824,58,5.905897862990666,58,0.26279814123103173
60,2103,824,59,24.750822649866898,59,0.23466201834939462
60,2103,824,60,31.837727084235688,60,0.14215634654063417
60,2103,824,61,26.605079465480884,60,0.23928216927352985
60,2103,824,62,25.98355436264613,60,0.24850153770691946
60,2103,824,68,4.897734072027548,60,0.7919742494021578
60,2103,825,52,1.5593059759400387,52,0.662334688280669
60,2103,825,58,30.22338903720259,58,0.11165094934462241
60,2103,825,59,4.406441279710379,59,0.08992134698753675
60,2103,825,60,3.889896121772864,60,0.052920510556924816
60,2103,825,61,3.9010162967370636,60,0.11750328720707875
60,2103,825,62,3.8258223215776046,60,0.1279032595476525
60,2103,825,68,1.871924249341812,60,0.5536568373964157
60,2103,826,52,1.5085007750326598,52,0.6777856196056062
60,2103,826,58,2.885315699637196,58,0.3128960011232755
60,2103,826,59,3.9125558108850647,59,0.1260192190894027
60,2103,826,60,269.5893088976698,60,0.08084025518971502
60,2103,826,61,39.02429387466352,60,0.16432160008608235
60,2103,826,62,15.7927680766368,60,0.2558426279595523
60,2103,826,68,5.067304535843497,60,0.5147302453225797
60,2103,827,52,2.8625467263152866,52,0.6882963033162787
60,2103,827,58,6.159388326437773,58,0.1961510422856402
60,2103,827,59,22.124795218657354,59,0.14479376266065108
60,2103,827,60,204.65298973542426,60,0.047059774392772695
60,2103,827,61,39.111446301729934,60,0.10056310296658917
60,2103,827,62,13.830255078927948,60,0.18803724854193252
60,2103,827,68,2.9073542250855864,60,0.5821522123739248
60,2103,828,52,1.5052759527062185,52,0.6757605176235643
60,2103,828,58,3.4433544162574017,58,0.3227569977819059
60,2103,828,59,6.5949134975288715,59,0.1427956083728179
60,2103,828,60,13.063252034427935,60,0.01553710423614288
60,2103,828,61,2.875661263260788,60,0.18576235162967927
60,2103,828,62,2.37505868057515,60,0.3070700509998899
60,2103,828,68,2.710862024782061,60,0.4973041246143906
60,2103,829,52,3.027780137934364,52,0.7198601320741396
60,2103,829,58,2.902540443113117,58,0.2275243193735776
60,2103,829,59,29.965852724109304,59,0.026614437261305614
60,2103,829,60,46.62363682483749,60,0.006311972561428937
60,2103,829,61,2.5035562451162168,60,0.0941361440138134
60,2103,829,62,2.218368853783398,60,0.2734167246801752
60,2103,829,68,2.1117805290960128,60,0.6246680692685393
60,2103,830,52,2.2722667577661584,52,0.7326776703163888
60,2103,830,58,7.776420103367011,58,0.16634371890210778
60,2103,830,59,70.57061301071154,59,0.07379383237106059
60,2103,830,60,69.69474676790814,60,0.024066420495762728
60,2103,830,61,4.6797296767006635,60,0.16912732839466108
60,2103,830,62,3.1717495433330227,60,0.3520075253486041
60,2103,830,68,3.4532000080025367,60,0.7799511280883566
60,2103,831,52,1.865355819285994,52,0.8611553753706143
60,2103,831,58,3.536846677908227,58,0.4377389019094144
60,2103,831,59,4.067227668514706,59,0.3547325880768427
60,2103,831,60,5.101930669074523,60,0.1526763077881159
60,2103,831,61,2.983507076797803,60,0.3142602520148188
60,2103,831,62,1.821081053623687,60,0.31550957440785676
60,2103,831,68,1.6037707364588705,60,0.7151487224458244
60,2103,832,52,1.3106251425596145,52,0.6287883883933529
60,2103,832,58,17.229053551215518,58,0.12025010817859202
60,2103,832,59,26.645537397100984,59,0.07578745729524734
60,2103,832,60,49.29015633762353,60,0.07436774736628904
60,2103,832,61,8.037037299151464,60,0.11260734163852783
60,2103,832,62,7.221395659990835,60,0.1417099712432925
60,2103,832,68,2.186085402367568,60,0.9804963147198809
60,2103,833,52,4.049810601379719,52,0.48337117161659515
60,2103,833,58,4.118543526684704,58,0.22361469700674527
60,2103,833,59,22.374207901980977,59,0.1756294347643818
60,2103,833,60,281.6493426005382,60,0.03563147216752962
60,2103,833,61,278.5736270371544,60,0.035753909733019805
60,2103,833,62,24.33140160733071,60,0.16526433243973973
60,2103,833,68,3.4583641197543367,60,0.5329511807908492
60,2103,834,52,0.8196552931743285,52,0.6058474021788441
60,2103,834,58,7.440236570381101,58,0.25592936600787247
60,2103,834,59,10.559982842472358,59,0.12471047406316249
60,2103,834,60,5.431580463132698,60,0.03691778266749308
60,2103,834,61,4.158434605826573,60,0.042769361270963244
60,2103,834,62,3.2386869374457965,60,0.1850977117458089
60,2103,834,68,3.4226704066556617,60,0.587930347371948
60,2103,835,52,2.1044241643633583,52,0.5672996882103118
60,2103,835,58,8.440303394915658,58,0.2744080509640625
60,2103,835,59,41.36750049748816,59,0.13364157650166594
60,2103,835,60,41.572633257561336,60,0.129953516650284
60,2103,835,61,19.95779363025916,60,0.19688938172885273
60,2103,835,62,6.15340019453092,60,0.2664442549992067
60,2103,835,68,3.9096380263567028,60,0.4944687496360204
60,2103,836,52,1.7208931845764308,52,0.7388486848462464
60,2103,836,58,3.714188607860638,58,0.23550632685848993
60,2103,836,59,4.961856316084031,59,0.2156957810590618
60,2103,836,60,6.2497913087988,60,0.13477543356545993
60,2103,836,61,6.670142641864431,60,0.13860176667897023
60,2103,836,62,4.697545383287488,60,0.16857539034675473
60,2103,836,68,2.715274004296243,60,0.7047263371377848
60,2103,837,52,2.3379049519711557,52,0.7940554818433381
60,2103,837,58,30.735271896950632,58,0.16542076975041384
60,2103,837,59,57.84307384261097,59,0.1536399526073772
60,2103,837,60,52.4110367921333,60,0.12078832585289792
60,2103,837,61,48.049006495903605,60,0.13411696354173352
60,2103,837,62,25.778582774313605,60,0.16879306016615273
60,2103,837,68,4.202099063085804,60,0.6779093654692574
60,2103,838,52,1.0309909875272658,52,0.3596217873618889
60,2103,838,58,6.719450227268988,58,0.23923262318610922
60,2103,838,59,9.290726999748637,59,0.2358597355718501
60,2103,838,60,157.48324473130444,60,0.022014813266958123
60,2103,838,61,7.675433447536793,60,0.2561096259173794
60,2103,838,62,4.930194734813436,60,0.3275399159223829
60,2103,838,68,3.5110833631940213,60,0.6467981596228527
60,2103,839,52,1.2964984442178435,52,0.7408346808254719
60,2103,839,58,20.189430970420563,58,0.328793543117433
60,2103,839,59,18.861661964852797,59,0.2930163655847996
60,2103,839,60,28.934597815524448,60,0.11652698267730953
60,2103,839,61,9.965684659385989,60,0.20300576021382669
60,2103,839,62,4.443692995287554,60,0.2676197831642968
60,2103,839,68,3.090458346188306,60,0.45330095042306423
60,2103,840,52,1.0764518506597534,52,0.8814410890176478
60,2103,840,58,5.91532656501107,58,0.35685148200704303
60,2103,840,59,6.882600407691194,59,0.3197905618736871
60,2103,840,60,47.60624242514142,60,0.10242783153102826
60,2103,840,61,5.839461569481941,60,0.2901737068976662
60,2103,840,62,5.678064226160798,60,0.3144300607248204
60,2103,840,68,3.039001491811168,60,0.575789498245785
60,2103,841,52,1.0613540239727872,52,0.5597557043062654
60,2103,841,58,2.269084204638558,58,0.28581883213870873
60,2103,841,59,3.6031964816958357,59,0.272004695466488
60,2103,841,60,2.699672785432569,60,0.2637908086764232
60,2103,841,61,2.7349455385367984,60,0.27085744702122283
60,2103,841,62,1.8294618260537845,60,0.29235575141753306
60,2103,841,68,1.7982227344622166,60,0.6779225813657164
60,2103,842,52,1.7596143057116542,52,0.8178337436458136
60,2103,842,58,2.687696127224772,58,0.1964386102141195
60,2103,842,59,2.5812354641222544,59,0.17577286911497322
60,2103,842,60,4.5703886032852825,60,0.07174026527810147
60,2103,842,61,3.147696563862461,60,0.252775039719598
60,2103,842,62,3.140664059970233,60,0.2543666151800431
60,2103,842,68,3.5331043876810355,60,0.5930158227546136
60,2103,843,52,1.869240278694168,52,0.9075006674379816
60,2103,843,58,2.928315996554072,58,0.2403413376746296
60,2103,843,59,14.393084081722254,59,0.18275514478672705
60,2103,843,60,7.497984455337096,60,0.09174521313467732
60,2103,843,61,6.33692895960757,60,0.12901869366093235
60,2103,843,62,6.028698878692461,60,0.18830163605521383
60,2103,843,68,2.1472531408124187,60,0.592772195948679
60,2103,844,52,1.1019328130913677,52,0.6988559797294805
60,2103,844,58,9.243640204826654,58,0.17207307129276053
60,2103,844,59,6.7148429061677515,59,0.09987066387526686
60,2103,844,60,253.70112441135277,60,0.050894952086225985
60,2103,844,61,38.36130217254613,60,0.125289652468502
60,2103,844,62,37.880851950117474,60,0.13000208661807044
60,2103,844,68,2.7246581174982487,60,0.8454739765080004
60,2103,845,52,2.717320340708619,52,0.6230736394380852
60,2103,845,58,53.216276583844035,58,0.126717669805914
60,2103,845,59,32.19720392922386,59,0.11001254617238276
60,2103,845,60,18.713383609359983,60,0.07533635326694005
60,2103,845,61,14.864013143095049,60,0.10875689831801223
60,2103,845,62,6.588414788243885,60,0.30601172383791797
60,2103,845,68,4.1730920935074245,60,0.4627078194052528
60,2103,846,52,1.122247795907678,52,0.6056013944516132
60,2103,846,58,118.48688772728384,58,0.10469541262955917
60,2103,846,59,107.11847636079862,59,0.10386240500995991
60,2103,846,60,323.8051273133588,60,0.04639945835710559
60,2103,846,61,55.59280586700828,60,0.1642083342776645
60,2103,846,62,12.4526475101336,60,0.31433147998943634
60,2103,846,68,5.883927486217953,60,0.7910079547136217
60,2103,847,52,8.576140435598095,52,0.4952052124045965
60,2103,847,58,6.566217250839502,58,0.22411580979477966
60,2103,847,59,5.30669569413976,59,0.1528601601568199
60,2103,847,60,17.58990413497742,60,0.12077706661796671
60,2103,847,61,3.903915838400637,60,0.4076781896722269
60,2103,847,62,3.488571380577713,60,0.41149868765172465
60,2103,847,68,3.4457463359480354,60,0.6126622509881668
60,2103,848,52,0.8201697085404703,52,0.5761214203124615
60,2103,848,58,3.533019725968036,58,0.34899589381123614
60,2103,848,59,12.467494740256509,59,0.13036718342549966
60,2103,848,60,56255.9606298754,60,0.0013363930855548002
60,2103,848,61,2.6591953836664715,60,0.24860017161727405
60,2103,848,62,2.417854339105312,60,0.26008507788080687
60,2103,848,68,1.1242652330815248,60,0.6183738611200112
60,2103,849,52,3.9000358958160732,52,0.7600221813459636
60,2103,849,58,2.963564880576439,58,0.3713965319777735
60,2103,849,59,8.663999518306577,59,0.205648674929756
60,2103,849,60,216.67590989076422,60,0.04322264458579572
60,2103,849,61,13.430853432798806,60,0.19856779768554422
60,2103,849,62,11.880180505435721,60,0.20696499212105532
60,2103,849,68,2.108514806013459,60,0.6678715770544335
60,2103,850,52,2.168318295174176,52,0.6637407025645388
60,2103,850,58,2.080468854608113,58,0.37859675518075586
60,2103,850,59,4.226455615542746,59,0.23439888736646675
60,2103,850,60,5.312380417858996,60,0.1761089902332242
60,2103,850,61,3.5300473441923335,60,0.18815155598439098
60,2103,850,62,3.2799482328762593,60,0.21116031640163
60,2103,850,68,1.82455869451435,60,0.8634990805586269
60,2103,851,52,2.218351736914375,52,0.6477003609996173
60,2103,851,58,4.733103475152945,58,0.36721373308612004
60,2103,851,59,21.339540728954166,59,0.132833738134604
60,2103,851,60,471.11500524829,60,0.031849467038257126
60,2103,851,61,10.333333283180114,60,0.17157280399518302
60,2103,851,62,9.43993416085472,60,0.23596425902366472
60,2103,851,68,5.642011829919118,60,0.6229559286729608
60,2103,852,52,1.4191382392857619,52,0.8353838807631478
60,2103,852,58,9.258945885058882,58,0.29370830007665977
60,2103,852,59,32.91206428725895,59,0.17069016888600125
60,2103,852,60,63.08400050923059,60,0.14238660058454522
60,2103,852,61,59.08426267964238,60,0.146067660003619
60,2103,852,62,22.64521051265294,60,0.22707404866343672
60,2103,852,68,2.716309073035114,60,0.6604211158269852
60,2103,853,52,1.8935631926790333,52,0.9117181629200313
60,2103,853,58,5.3040114340858295,58,0.23548479277951803
60,2103,853,59,5.158150274798925,59,0.230860361101476
60,2103,853,60,4.559005913801853,60,0.06467732812098391
60,2103,853,61,5.064300566345822,60,0.09227547748740603
60,2103,853,62,5.127595054558803,60,0.2762125337445507
60,2103,853,68,2.562989255785027,60,0.6652740901302082
60,2103,854,52,1.6786170328673125,52,0.5406054646300389
60,2103,854,58,3.1878478469517235,58,0.27507358089422423
60,2103,854,59,260.5789528793587,59,0.03717068992794142
60,2103,854,60,125.17482644631812,60,0.03189906474296776
60,2103,854,61,42.04373143587506,60,0.07361605879617401
60,2103,854,62,37.17012797237331,60,0.0854656872484118
60,2103,854,68,3.4459787571667344,60,0.4852958801700973
60,2103,855,52,2.5065288407013155,52,0.895980297539837
60,2103,855,58,17.026878689712895,58,0.1967561695190293
60,2103,855,59,18.411609727793152,59,0.18366672810804996
60,2103,855,60,265.6559199299168,60,0.054241883837901114
60,2103,855,61,11.834127272328953,60,0.26146194992311983
60,2103,855,62,11.265795776674972,60,0.26846782923699547
60,2103,855,68,5.6749840176805195,60,0.47896721178735646
60,2103,856,52,1.6969777815113916,52,0.6837157327192853
60,2103,856,58,11.35665355240691,58,0.27064176907424486
60,2103,856,59,12.166332447500565,59,0.2704560363157842
60,2103,856,60,102.89186507045042,60,0.02142659278762476
60,2103,856,61,2.759261086074198,60,0.21846529045987131
60,2103,856,62,2.3563397907278185,60,0.26027410843278853
60,2103,856,68,2.648608494649805,60,0.634701513859882
60,2103,857,52,1.9520208274509379,52,0.7563294077317415
60,2103,857,58,7.999549901226951,58,0.2532118949159123
60,2103,857,59,8.601831184927736,59,0.23339240666235087
60,2103,857,60,127.62593618913866,60,0.047900877304487256
60,2103,857,61,7.219339201933663,60,0.2284262206980498
60,2103,857,62,4.6307456985462085,60,0.27649492580047
60,2103,857,68,4.003810549416815,60,0.32995155945920934
60,2103,858,52,1.6402671660705457,52,0.6000283483059291
60,2103,858,58,7.918318300666593,58,0.2377310674694474
60,2103,858,59,16.39987383643117,59,0.14891692161639292
60,2103,858,60,63.829702012198325,60,0.11660208870170731
60,2103,858,61,63.486064348998895,60,0.11722761371497836
60,2103,858,62,11.592037726825279,60,0.30459015270791867
60,2103,858,68,2.09042807894681,60,0.7551077387366267
60,2103,859,52,1.4923117410690163,52,0.6470327099300036
60,2103,859,58,10.850277086634597,58,0.1846662761428759
60,2103,859,59,8.713352743527008,59,0.16476513871165369
60,2103,859,60,8.145166949208043,60,0.16001309533116706
60,2103,859,61,6.1274415960838295,60,0.20261687269431658
60,2103,859,62,5.54010716726116,60,0.2210949711021566
60,2103,859,68,2.985395901832679,60,0.594000628342668
60,2103,860,52,1.085796602062655,52,0.8505256837887777
60,2103,860,58,1.2024475037079214,58,0.3313624553847699
60,2103,860,59,1.7261336845287056,59,0.17007963171597995
60,2103,860,60,91.7669200501611,60,0.11338003525409959
60,2103,860,61,24.684595894249252,60,0.26570408324159717
60,2103,860,62,24.684150044736057,60,0.2660920793958018
60,2103,860,68,7.139452646934742,60,0.6082709060418483
60,2103,861,52,1.0331916198207756,52,0.8366027946367588
60,2103,861,58,5.519193064965793,58,0.23415265242552444
60,2103,861,59,4.65972345579966,59,0.23382760547474402
60,2103,861,60,64.54172001715811,60,0.054330928137264776
60,2103,861,61,17.467100141351757,60,0.12591020681275256
60,2103,861,62,8.808027464029083,60,0.2217161562564302
60,2103,861,68,2.872678876666464,60,0.7146671950146464
60,2103,862,52,1.9666569573462627,52,0.7380008478273983
60,2103,862,58,12.499498854876483,58,0.2637661545092564
60,2103,862,59,14.592041998599278,59,0.1516257924481402
60,2103,862,60,15.372197362906507,60,0.03827167589617965
60,2103,862,61,12.319834927940757,60,0.22732721036296963
60,2103,862,62,8.754100436945063,60,0.34865924633827555
60,2103,862,68,4.429217963224853,60,0.7433411590432477
60,2103,863,52,1.4596812718901528,52,0.8948070211776452
60,2103,863,58,3.1004694615960213,58,0.19980765364294625
60,2103,863,59,31.88348352289272,59,0.1725452619834537
60,2103,863,60,37.11368226357549,60,0.12369525293489497
60,2103,863,61,36.90624133636685,60,0.12831873959630877
60,2103,863,62,11.63091642891746,60,0.2290850050945135
60,2103,863,68,2.9862704682712993,60,0.645974884082139
60,2103,864,52,1.923112463772524,52,0.5959088829769577
60,2103,864,58,10.257787436987241,58,0.17300613342019308
60,2103,864,59,5.628787722705921,59,0.09156915489443039
60,2103,864,60,47.15485344742287,60,0.022351887963639794
60,2103,864,61,3.073600809612747,60,0.09350736640468035
60,2103,864,62,2.9090216808511484,60,0.12495597349641588
60,2103,864,68,1.5066389603665913,60,0.6701538610379031
60,2103,865,52,1.3676188608813853,52,0.6160378339969311
60,2103,865,58,12.60585784234457,58,0.18379689180800193
60,2103,865,59,11.474788296513278,59,0.17285375199481648
60,2103,865,60,18.23033685854106,60,0.13296493441547966
60,2103,865,61,9.708745228675259,60,0.14921611141568575
60,2103,865,62,8.973413581895002,60,0.15836359182480617
60,2103,865,68,3.257443911839594,60,0.5909634746152506
60,2103,866,52,1.5532882934993066,52,0.5780414525914411
60,2103,866,58,1.5376357258183504,58,0.40867795525896744
60,2103,866,59,1.8285922186075638,59,0.40353000939602096
60,2103,866,60,3.476388763556491,60,0.3013902324196706
60,2103,866,61,3.5183920842218317,60,0.320799835673687
60,2103,866,62,1.792984188707674,60,0.43365397744377326
60,2103,866,68,2.186346345621424,60,0.6161760428480648
60,2103,867,52,3.0040789655619435,52,0.8252469753158617
60,2103,867,58,5.461133259310577,58,0.2187325345656974
60,2103,867,59,25.54967754939933,59,0.0957826812537196
60,2103,867,60,146.85998039366123,60,0.03286749237930738
60,2103,867,61,63.31875055845097,60,0.045678233007016546
60,2103,867,62,21.338539277569605,60,0.13953184202855332
60,2103,867,68,5.725970031661336,60,0.39723550072867697
60,2103,868,52,1.215756170317316,52,0.42763669107700397
60,2103,868,58,2.9936722825469846,58,0.26556960955564735
60,2103,868,59,2.437024429737147,59,0.2133460486086673
60,2103,868,60,2.508274578559299,60,0.21314893394131787
60,2103,868,61,2.0603716756997708,60,0.2965633794885432
60,2103,868,62,2.2042891713333503,60,0.2972289026126097
60,2103,868,68,2.270516256205449,60,0.46431466287771517
60,2103,869,52,2.7236424183419423,52,0.7537246319576643
60,2103,869,58,7.238926277674254,58,0.33795629592123666
60,2103,869,59,87.12300133779445,59,0.050890247810888974
60,2103,869,60,124.0610469150808,60,0.05045691127565751
60,2103,869,61,9.52406480901731,60,0.34691921058368513
60,2103,869,62,8.855995600072342,60,0.45538695219678965
60,2103,869,68,4.6340615594599175,60,0.656149051595843
60,2103,870,52,2.606338647083426,52,0.6660124723583466
60,2103,870,58,9.946086096299942,58,0.3054770770009901
60,2103,870,59,6.26578185442086,59,0.15573757954522216
60,2103,870,60,6.7318785142913296,60,0.05294746780432454
60,2103,870,61,5.975292625446147,60,0.21178429624358028
60,2103,870,62,5.976278254642782,60,0.300125915578959
60,2103,870,68,3.1782224862558155,60,0.6326801336870589
60,2103,871,52,1.9462665466483247,52,0.5960174406481284
60,2103,871,58,6.0502304886824545,58,0.2702474192466409
60,2103,871,59,14.233018017865923,59,0.08872422011751734
60,2103,871,60,181.49495602166257,60,0.06557627041840967
60,2103,871,61,37.79022941703718,60,0.12890107361887604
60,2103,871,62,10.695045934143044,60,0.12969678073794455
60,2103,871,68,4.67880748484716,60,0.532629536568474
60,2103,872,52,1.2171251408086028,52,0.9117888809127414
60,2103,872,58,3.359886692033111,58,0.46399507231122666
60,2103,872,59,3.399469553175511,59,0.2442215882583918
60,2103,872,60,7.958110122305412,60,0.1697043578933198
60,2103,872,61,7.780448753188986,60,0.16979950840174282
60,2103,872,62,7.436796473369402,60,0.1803341579228145
60,2103,872,68,2.198148785492206,60,0.9578274167935376
60,2103,873,52,0.9421871042941574,52,0.8323986767669728
60,2103,873,58,1.7711849240366775,58,0.5137521580670324
60,2103,873,59,6.279508354717986,59,0.4319650505316322
60,2103,873,60,48.10790076414082,60,0.09192919386382778
60,2103,873,61,7.274476290050434,60,0.4334798707365374
60,2103,873,62,6.790120201159241,60,0.46957725765410807
60,2103,873,68,4.434472700885052,60,0.5807194489327819
60,2103,874,52,1.1715165984453761,52,0.6329674259553103
60,2103,874,58,74.93083152918179,58,0.11114651074220086
60,2103,874,59,92.61939137222274,59,0.057955150574027545
60,2103,874,60,1808436.1820653183,60,0.0003646731719144567
60,2103,874,61,49.17278541936244,60,0.10704656005147543
60,2103,874,62,22.578517619092864,60,0.19611576554137314
60,2103,874,68,2.309209314102522,60,0.7658722823716559
60,2103,875,52,1.447853513657509,52,0.7411711956877216
60,2103,875,58,3.3722064078076426,58,0.2516645570151252
60,2103,875,59,6.921648049785258,59,0.13940494725408994
60,2103,875,60,1928.882407319243,60,0.027956877471195258
60,2103,875,61,10.695306932526927,60,0.24818306945973306
60,2103,875,62,6.378242858158072,60,0.389706037486977
60,2103,875,68,3.820658810538146,60,0.6035895035650825
60,2103,876,52,1.3418037322210958,52,0.5572359150349843
60,2103,876,58,2.9032470052395025,58,0.16259872975677922
60,2103,876,59,43.013619462619644,59,0.06789365826485608
60,2103,876,60,57.754846094778586,60,0.06746239887114577
60,2103,876,61,5.6355589294574315,60,0.2598820356403543
60,2103,876,62,3.3231517319126023,60,0.3979978043040728
60,2103,876,68,2.5097153578528846,60,0.6634438143926965
60,2103,877,52,1.87863423872354,52,0.45726251328651757
60,2103,877,58,1.8424565675712,58,0.15252152877910213
60,2103,877,59,5.047881822417783,59,0.1292009177063831
60,2103,877,60,9.02921932365532,60,0.11934102810158051
60,2103,877,61,9.022077937406603,60,0.21498968103649208
60,2103,877,62,9.019079900654052,60,0.2344687599780565
60,2103,877,68,2.5265052657653744,60,0.673964667104274
60,2103,878,52,2.347827096386485,52,0.7623055099259084
60,2103,878,58,14.339071555990914,58,0.16750921517835024
60,2103,878,59,10.906820522652453,59,0.12153469943845205
60,2103,878,60,17.662237404650348,60,0.12151628174588944
60,2103,878,61,16.264932250129643,60,0.20437528680893124
60,2103,878,62,11.837002892429764,60,0.2588147843967806
60,2103,878,68,6.052239135080134,60,0.47364767049265916
60,2103,879,52,2.5211059710985264,52,0.5873467276745172
60,2103,879,58,18.317154960965865,58,0.2654385326610123
60,2103,879,59,20.348217752995534,59,0.22622222263510855
60,2103,879,60,33.83414920459437,60,0.10330043453902253
60,2103,879,61,15.625586524878113,60,0.19542492216315963
60,2103,879,62,15.029235031079677,60,0.24032782308866532
60,2103,879,68,3.530152507673297,60,0.5447985835747882
60,2103,880,52,2.30314509327096,52,0.7072042128615925
60,2103,880,58,18.57887865174982,58,0.2174288737758365
60,2103,880,59,23.163646607391176,59,0.18185899633250815
60,2103,880,60,55.439934550183,60,0.1452990246833244
60,2103,880,61,46.989218364062644,60,0.1600658115725391
60,2103,880,62,21.47058408203724,60,0.24555854695328827
60,2103,880,68,3.2064779401297274,60,0.7192669113726714
60,2103,881,52,1.9567975399675843,52,0.5501083530767699
60,2103,881,58,8.578714585389196,58,0.22013490473778358
60,2103,881,59,13.569902368267583,59,0.18932612152439504
60,2103,881,60,17.684436075648772,60,0.04394347392701066
60,2103,881,61,7.003022181514657,60,0.15127926810962813
60,2103,881,62,6.342753734534665,60,0.23181998161816475
60,2103,881,68,2.779456001307379,60,0.7041918656693975
60,2103,882,52,1.429627315386449,52,0.6816703222086565
60,2103,882,58,7.941236775125592,58,0.21300385098187535
60,2103,882,59,8.718533084825937,59,0.20820191134818933
60,2103,882,60,10.05748471532173,60,0.14911707158072698
60,2103,882,61,5.965673253228371,60,0.1720710380308541
60,2103,882,62,4.605415762798532,60,0.29960998667576316
60,2103,882,68,2.5272899100887782,60,0.49650148096141344
60,2103,883,52,1.6410084145548052,52,0.8678322806000315
60,2103,883,58,2.543014028115294,58,0.21265692268179506
60,2103,883,59,37.29365418113734,59,0.06498504743033295
60,2103,883,60,615.7866495141393,60,0.015248926579081714
60,2103,883,61,383.6409140674848,60,0.022137741145097634
60,2103,883,62,61.50374399313422,60,0.04284884931602553
60,2103,883,68,2.952685005074301,60,0.38479869194783256
60,2103,884,52,1.076125609809659,52,0.6436394803648212
60,2103,884,58,2.042207616539838,58,0.29355414111767736
60,2103,884,59,4.1020347424263175,59,0.15749378411087878
60,2103,884,60,16.7785251885508,60,0.10068803643708232
60,2103,884,61,2.614841484688857,60,0.21098666814238456
60,2103,884,62,1.5833723990455488,60,0.3009516106279051
60,2103,884,68,1.8023267721112604,60,0.6872900448684861
60,2103,885,52,2.8065057858723117,52,0.49514107456387757
60,2103,885,58,8.676991892609573,58,0.3031653402824282
60,2103,885,59,7.216134185778256,59,0.18146063148260064
60,2103,885,60,26.176229266102236,60,0.11924216440575361
60,2103,885,61,6.945121856566865,60,0.23081082607746042
60,2103,885,62,4.663263522765415,60,0.2615849255754521
60,2103,885,68,3.2497541125705998,60,0.6100149138293064
60,2103,886,52,1.2902762421748335,52,1.075650230528824
60,2103,886,58,11.835881620539697,58,0.2644484666433745
60,2103,886,59,152.13451672244017,59,0.04480321039205083
60,2103,886,60,32.53202808341294,60,0.02143669308200846
60,2103,886,61,4.541546724298318,60,0.09180144179247912
60,2103,886,62,4.4823222037566595,60,0.27500324986321245
60,2103,886,68,2.4116435046329374,60,0.7223924827815267
60,2103,887,52,2.0492965717794025,52,0.5365944377464265
60,2103,887,58,44.07765711436913,58,0.08311854165788692
60,2103,887,59,63.071834069688514,59,0.031794757146605616
60,2103,887,60,16.274252888475335,60,0.02872489866230092
60,2103,887,61,8.264612121417624,60,0.13326419008010615
60,2103,887,62,8.267316744356778,60,0.14847681925510106
60,2103,887,68,2.4068348496907963,60,0.622146453554889
60,2103,888,52,1.814343456102385,52,0.892789796966048
60,2103,888,58,18.393123771985152,58,0.2336007967374856
60,2103,888,59,15.534392947166861,59,0.23066396203937106
60,2103,888,60,16.317201898103093,60,0.22939007654357327
60,2103,888,61,11.658524368208255,60,0.3304274041845202
60,2103,888,62,12.16502026880694,60,0.34119292330435946
60,2103,888,68,4.043860361445004,60,0.5176128650947464
60,2103,889,52,2.336505815219733,52,0.8243380659179033
60,2103,889,58,21.68851640537477,58,0.15827235868552397
60,2103,889,59,26.480686270480117,59,0.12754849626057885
60,2103,889,60,5.637481369662657,60,0.08053892143904877
60,2103,889,61,5.238303607292792,60,0.1187570483304286
60,2103,889,62,3.721463224199414,60,0.30168194077124305
60,2103,889,68,2.175209732442509,60,0.8388700957584934
60,2103,890,52,1.2255403690556603,52,0.7051230601817958
60,2103,890,58,7.007037600662643,58,0.2435917881422659
60,2103,890,59,9.663249230902517,59,0.23628640461439376
60,2103,890,60,9.535982794153346,60,0.06771125861625232
60,2103,890,61,9.185218994076331,60,0.16157818914665883
60,2103,890,62,8.377955609439669,60,0.16584690529452725
60,2103,890,68,2.2404471368387897,60,0.569246829669109
60,2103,891,52,1.098020699429612,52,0.8792323210159927
60,2103,891,58,7.081522951149973,58,0.2735526990806224
60,2103,891,59,8.883683883835868,59,0.23201154185879225
60,2103,891,60,9.132091772774062,60,0.2319252579183782
60,2103,891,61,6.123743529667261,60,0.25257152687153506
60,2103,891,62,5.319046938792829,60,0.2977446166275602
60,2103,891,68,1.5642650324984344,60,0.7692806699448056
60,2103,892,52,1.454562614220347,52,0.752576224060921
60,2103,892,58,1.9536859054469287,58,0.4574837341727156
60,2103,892,59,2.595373635159087,59,0.24720027383857854
60,2103,892,60,27.089620428432635,60,0.17794727612413214
60,2103,892,61,15.043737759003385,60,0.27638256849697956
60,2103,892,62,8.74540239178722,60,0.35650678778418565
60,2103,892,68,4.091116420948282,60,0.609942217981994
60,2103,893,52,3.557575514174584,52,0.7897666317704126
60,2103,893,58,2.6324489550647674,58,0.23875054805942428
60,2103,893,59,3.594327238176437,59,0.21408928434417912
60,2103,893,60,16.44170722137036,60,0.17048194432619146
60,2103,893,61,15.752351434647268,60,0.2354380270961041
60,2103,893,62,14.914056346877285,60,0.2466303371528496
60,2103,893,68,2.7033585523379773,60,0.8489501130112848
60,2103,894,52,3.1573325826970966,52,0.8315189238606306
60,2103,894,58,90.37540662867278,58,0.11318818426977785
60,2103,894,59,84.2240243954816,59,0.07041812096608664
60,2103,894,60,49.27875731079061,60,0.025191769356158758
60,2103,894,61,19.751027618248692,60,0.257592397606382
60,2103,894,62,10.157225657140716,60,0.3269241361945247
60,2103,894,68,5.093416006968429,60,0.6003845031800439
60,2103,895,52,2.0176015878060793,52,0.5848960454037389
60,2103,895,58,4.010462450605073,58,0.22554768892805005
60,2103,895,59,9.462192174756412,59,0.04601610721720951
60,2103,895,60,4651.272168924261,60,0.009428039708336888
60,2103,895,61,32.05605453455979,60,0.12005725187138878
60,2103,895,62,15.695663199197782,60,0.15624691819408404
60,2103,895,68,5.779186741848081,60,0.5052874894371839
60,2103,896,52,3.0220736505952903,52,0.6010852005486617
60,2103,896,58,4.743213697406894,58,0.3285866520946965
60,2103,896,59,3.853693040207595,59,0.2956076102224861
60,2103,896,60,7.145599907911576,60,0.04603960275560711
60,2103,896,61,3.5117144128417537,60,0.2652360545798252
60,2103,896,62,3.4954285279180124,60,0.26630385080691543
60,2103,896,68,3.600546209089434,60,0.733756311033128
60,2103,897,52,1.5851439775195577,52,0.8357212046718226
60,2103,897,58,4.2424846888578465,58,0.1715125027140672
60,2103,897,59,16.450843615518984,59,0.14698677805564672
60,2103,897,60,10.236897767908347,60,0.10976120603040415
60,2103,897,61,7.8582860551923535,60,0.3172694980476249
60,2103,897,62,7.302332475597436,60,0.35563729290096496
60,2103,897,68,3.176336894578343,60,0.656231897184314
60,2103,898,52,1.0378937451144856,52,0.7442392422898159
60,2103,898,58,11.41129116236495,58,0.2610577004279257
60,2103,898,59,6.955574246523213,59,0.22692444221908525
60,2103,898,60,24.90347424499631,60,0.2226174362524073
60,2103,898,61,18.56801030841556,60,0.2260335186688061
60,2103,898,62,18.531231281087607,60,0.25131456239981065
60,2103,898,68,4.792362705545319,60,0.4839391284130857
60,2103,899,52,1.2199476628493005,52,0.501973655211705
60,2103,899,58,11.951350250966103,58,0.23970749259749785
60,2103,899,59,10.223923409452581,59,0.22518973077546522
60,2103,899,60,22.540982146533167,60,0.03583972025234467
60,2103,899,61,20.952144509662876,60,0.039281942400308106
60,2103,899,62,7.649514934663399,60,0.17448055594062709
60,2103,899,68,4.295202270803522,60,0.6171952293272127
60,2103,900,52,0.9657892579300705,52,0.7811032105723247
60,2103,900,58,5.590868312873261,58,0.23975920366729478
60,2103,900,59,5.1728564074976,59,0.17408968542533296
60,2103,900,60,706.1646012162267,60,0.020483617550575157
60,2103,900,61,274.6252236165445,60,0.03466440683469505
60,2103,900,62,2.1520435636465916,60,0.27631421180246213
60,2103,900,68,2.0303482369573524,60,0.7296548056463804
60,2103,901,52,1.2099839872537124,52,0.5507189315156479
60,2103,901,58,1.985357641846334,58,0.3462657272657622
60,2103,901,59,2.8047936093649395,59,0.25001333464990716
60,2103,901,60,131.51478866083048,60,0.021424337505891088
60,2103,901,61,1.250287645572436,60,0.14900878954564917
60,2103,901,62,1.2398379814991987,60,0.3166464346034587
60,2103,901,68,2.465916583352784,60,0.8348012082982881
60,2103,902,52,2.0190946957730516,52,0.6748515261046203
60,2103,902,58,11.208778016765383,58,0.18142362664413467
60,2103,902,59,12.822086600169282,59,0.11829860907195436
60,2103,902,60,231.03374259973745,60,0.06113119521009119
60,2103,902,61,39.886088789804504,60,0.08867505143431795
60,2103,902,62,15.471953400098277,60,0.14763374031794144
60,2103,902,68,1.5318300828798699,60,0.5012388506320029
60,2103,903,52,1.3267602631608644,52,0.5865821210417104
60,2103,903,58,4.674584059621261,58,0.2831209314747372
60,2103,903,59,7.5712073908947675,59,0.20736094958024287
60,2103,903,60,22.64766222027785,60,0.11258430665395314
60,2103,903,61,22.01934168765817,60,0.11292740087160212
60,2103,903,62,5.072211633421533,60,0.21521458049555603
60,2103,903,68,2.500997986522151,60,0.7146292462314943
60,2103,904,52,1.4055964804923555,52,0.7272099240520982
60,2103,904,58,10.431356345651162,58,0.19608285907411255
60,2103,904,59,12.350444252737068,59,0.1916415588354437
60,2103,904,60,67568.24946719673,60,0.0021192566654952357
60,2103,904,61,6.408256787807767,60,0.27190225949281044
60,2103,904,62,6.631774971072445,60,0.3156023742075856
60,2103,904,68,3.4816574763964128,60,0.7227669694900972
60,2103,905,52,3.499588022847724,52,0.5912692493835944
60,2103,905,58,9.847561072615939,58,0.25859044852284047
60,2103,905,59,9.220120682484124,59,0.24252818551673333
60,2103,905,60,9.316529501010992,60,0.17231771857596548
60,2103,905,61,9.201228369898576,60,0.17260838119283456
60,2103,905,62,4.896928900763978,60,0.17713694789482196
60,2103,905,68,1.3220969044081925,60,0.43666555424887593
60,2103,906,52,3.9648035612249726,52,0.6287416511346935
60,2103,906,58,8.33007719852455,58,0.24579313333792072
60,2103,906,59,85.40413640108322,59,0.1108909467952969
60,2103,906,60,78.10997800445375,60,0.10842189814064632
60,2103,906,61,23.901167950000165,60,0.17604583366985313
60,2103,906,62,23.23769578906458,60,0.19396293772559803
60,2103,906,68,4.50516750412402,60,0.6230771432220082
60,2103,907,52,1.73295693602375,52,0.8719012339022955
60,2103,907,58,4.8009415611262005,58,0.25848150508136764
60,2103,907,59,2.7701444287025323,59,0.21326406357928748
60,2103,907,60,9.21069343167496,60,0.1798368799715514
60,2103,907,61,7.9838858831861295,60,0.18184487921466788
60,2103,907,62,7.0026303044729525,60,0.196969707567785
60,2103,907,68,2.4237616440782803,60,0.5058270407601746
60,2103,908,52,1.039530854483392,52,0.5022061393579392
60,2103,908,58,2.4490182168538843,58,0.27911341440863713
60,2103,908,59,3.426849621504057,59,0.22242477858454882
60,2103,908,60,6.847751291258806,60,0.22214471649389628
60,2103,908,61,6.515178940776237,60,0.225831672278527
60,2103,908,62,3.8111355942953065,60,0.23055707908353812
60,2103,908,68,1.925862588838927,60,0.6215104841250899
60,2103,909,52,1.1722851279015112,52,0.8428528232799748
60,2103,909,58,7.307186977218823,58,0.34766533124147514
60,2103,909,59,7.324641271373539,59,0.32991072816512224
60,2103,909,60,8.229482216741175,60,0.25646304338247783
60,2103,909,61,4.702164567406495,60,0.35006415929655604
60,2103,909,62,4.852772857545085,60,0.35321000676461006
60,2103,909,68,2.2211810426279897,60,0.6457592676927949
60,2103,910,52,1.379365223448989,52,0.7377115728127186
60,2103,910,58,8.345101006485981,58,0.18475061788852853
60,2103,910,59,16.836486838242234,59,0.13720075054742759
60,2103,910,60,13.751168289944193,60,0.125757011167129
60,2103,910,61,12.67669845148358,60,0.13147804117826303
60,2103,910,62,8.988838021168705,60,0.17321123434303656
60,2103,910,68,3.0662819229938227,60,0.5366757999986933
60,2103,911,52,3.0412629107567812,52,0.5297725010294652
60,2103,911,58,2.5848788920117474,58,0.16786370096101255
60,2103,911,59,19.149395855421318,59,0.1365348583420006
60,2103,911,60,16.823773310581004,60,0.11706837683876187
60,2103,911,61,12.651984049723739,60,0.12656522482056848
60,2103,911,62,4.4262219162535565,60,0.14568193942670538
60,2103,911,68,3.1297764505351284,60,0.7728571244667195
60,2103,912,52,1.7002615983761438,52,0.784539669638705
60,2103,912,58,2.3397342083796366,58,0.17736557827673113
60,2103,912,59,15.535530972575001,59,0.07553233598012205
60,2103,912,60,20.01294180525424,60,0.07276778584490999
60,2103,912,61,19.856779694649244,60,0.07353128499567048
60,2103,912,62,19.75738352971642,60,0.07439451714549751
60,2103,912,68,2.0643575840066233,60,0.8886686595748362
60,2103,913,52,4.724612472658281,52,0.5842183692424787
60,2103,913,58,202.75154185797845,58,0.07919084294623036
60,2103,913,59,185.4086374865086,59,0.026823760410179653
60,2103,913,60,582.127058063475,60,0.0035060483749003914
60,2103,913,61,11.365092346188051,60,0.04475973267939404
60,2103,913,62,10.03570207061569,60,0.15988324428822617
60,2103,913,68,5.549397156894163,60,0.4684561656415339
60,2103,914,52,1.1844179773124135,52,0.870716258693225
60,2103,914,58,3.9518345288311414,58,0.3715914449300869
60,2103,914,59,20.59206790013405,59,0.20430170648611692
60,2103,914,60,17.14831293243537,60,0.07403931509582608
60,2103,914,61,15.914571874984388,60,0.21085687897590916
60,2103,914,62,5.026865420413485,60,0.2608534176890767
60,2103,914,68,2.493161690789662,60,0.6329701180219512
60,2103,915,52,1.8608782346485186,52,0.8804168545610366
60,2103,915,58,6.3843444515657595,58,0.3734431536339872
60,2103,915,59,7.995143317379577,59,0.2464934650594472
60,2103,915,60,24.29977347195423,60,0.20023798674744672
60,2103,915,61,21.001665162722045,60,0.21253561466951199
60,2103,915,62,20.27117983279226,60,0.21602589074207967
60,2103,915,68,3.784892974087203,60,0.6190000114188338
60,2103,916,52,3.0142350233699537,52,0.5939896439925313
60,2103,916,58,4.520195071639165,58,0.31927494353461044
60,2103,916,59,9.32129460182945,59,0.21957303051075425
60,2103,916,60,8.344284949050218,60,0.18069389555598553
60,2103,916,61,6.138435024360488,60,0.20418614988801537
60,2103,916,62,5.789792880306951,60,0.22429822454053622
60,2103,916,68,3.4400471567844644,60,0.797477618249545
60,2103,917,52,2.2994698669881877,52,0.8577125880132835
60,2103,917,58,2.5226929853714686,58,0.10197979365763754
60,2103,917,59,51.96506493449419,59,0.08631111070322708
60,2103,917,60,164.35915415071716,60,0.04328411365597457
60,2103,917,61,7.856903756281236,60,0.14870394810098628
60,2103,917,62,8.067100809480046,60,0.21762728245424842
60,2103,917,68,3.1547869713146026,60,0.8303898543168647
60,2103,918,52,1.5506061171193544,52,0.7777905767929703
60,2103,918,58,6.608889962921477,58,0.47477698258258744
60,2103,918,59,6.645297094083539,59,0.24627921780116277
60,2103,918,60,8.450260995842834,60,0.21898633437638684
60,2103,918,61,5.396522445292894,60,0.2697966442711676
60,2103,918,62,4.739527273561113,60,0.3370846876701293
60,2103,918,68,3.2525347700844525,60,0.4956918398814562
60,2103,919,52,1.8866689125110132,52,0.8498136360211804
60,2103,919,58,11.19476947959521,58,0.3524740429549522
60,2103,919,59,9.892486837900526,59,0.31150096201948924
60,2103,919,60,13.77087762141507,60,0.03320248363949239
60,2103,919,61,13.042896613285222,60,0.035099968808214234
60,2103,919,62,5.573573790631472,60,0.17559065554392556
60,2103,919,68,2.678391870318576,60,0.7702639353314192
60,2103,920,52,1.9715459137250222,52,0.6909207907543775
60,2103,920,58,2.659482881004666,58,0.49924745376909746
60,2103,920,59,4.478561795319956,59,0.3808043851635724
60,2103,920,60,6.9457603906619445,60,0.24385893015835625
60,2103,920,61,4.447407515005777,60,0.31892127334396947
60,2103,920,62,4.452467581346377,60,0.33905087844004517
60,2103,920,68,3.6238538116559367,60,0.6358830849662312
60,2103,921,52,5.7801437552875266,52,0.5994966151523629
60,2103,921,58,19.555697959814523,58,0.25399513992583284
60,2103,921,59,28.508308361780934,59,0.19655077676140678
60,2103,921,60,27.003212193578396,60,0.17567066133074902
60,2103,921,61,10.908881229148268,60,0.22853875405039947
60,2103,921,62,10.441787434175057,60,0.22966813776809678
60,2103,921,68,4.112581765699568,60,0.4207760904256657
60,2103,922,52,1.8121141373854668,52,0.658562057317014
60,2103,922,58,2.295662895335345,58,0.35353343792997366
60,2103,922,59,15.877298303259051,59,0.1728875520416717
60,2103,922,60,18.950724298288005,60,0.17188704202997968
60,2103,922,61,9.502777587390835,60,0.21331397711945477
60,2103,922,62,8.644547092151903,60,0.22882024352238975
60,2103,922,68,2.8157670295079296,60,0.7649081315402095
60,2103,923,52,1.8784614573285878,52,0.5218067816288611
60,2103,923,58,17.33194072963403,58,0.26750084086694265
60,2103,923,59,17.96321634078885,59,0.26472309426754
60,2103,923,60,1202.936769556095,60,0.03440823191814544
60,2103,923,61,18.555320768801245,60,0.3405436987988137
60,2103,923,62,18.323725987238955,60,0.340562623727698
60,2103,923,68,7.760418183538978,60,0.6008354668319015
60,2103,924,52,2.578701082178698,52,0.5729857173764602
60,2103,924,58,4.372122574799331,58,0.34485396209023733
60,2103,924,59,10.868039412939714,59,0.17643483061184137
60,2103,924,60,106.13821978875204,60,0.11420841732793312
60,2103,924,61,66.32064109284383,60,0.1295225940092223
60,2103,924,62,65.1475712796746,60,0.1433616556135768
60,2103,924,68,3.5204534844691415,60,0.7261627580753677
60,2103,925,52,1.954055367451178,52,0.6932176599828832
60,2103,925,58,3.566324370631679,58,0.2776417509502243
60,2103,925,59,11.167217566073017,59,0.12709818111093357
60,2103,925,60,65.69361089850672,60,0.025210967305720467
60,2103,925,61,3.139251155291346,60,0.19612254267025694
60,2103,925,62,3.3078190481425853,60,0.2358522814384639
60,2103,925,68,3.8465814336749786,60,0.5603742351074993
60,2103,926,52,1.5877839382719938,52,0.5002303622148466
60,2103,926,58,17.095946870458715,58,0.10149554621800871
60,2103,926,59,21.864473833748626,59,0.0628602340839552
60,2103,926,60,203.22572518085454,60,0.008084915921343194
60,2103,926,61,9.959307936122283,60,0.0346060942402678
60,2103,926,62,2.2335090246934053,60,0.19265170994218442
60,2103,926,68,2.3133708417686636,60,0.40961868344433056
60,2103,927,52,1.3564016027500565,52,0.7409976641417751
60,2103,927,58,4.312275692295801,58,0.2584140441652161
60,2103,927,59,9.443213457690625,59,0.12150092080748649
60,2103,927,60,7.484441879689929,60,0.11347939151578154
60,2103,927,61,7.386515135464777,60,0.11483867871404917
60,2103,927,62,4.038877607592477,60,0.20323874492527852
60,2103,927,68,3.191552891249356,60,0.752503007484452
60,2103,928,52,1.7989923758755255,52,0.5991949366421082
60,2103,928,58,9.7679292612448,58,0.22723288690559967
60,2103,928,59,5.695190798945472,59,0.17880488616619086
60,2103,928,60,17.826063412174637,60,0.17796323330215594
60,2103,928,61,12.189118193943598,60,0.21774122987889868
60,2103,928,62,8.240496235347434,60,0.3171736565110125
60,2103,928,68,3.581190119792194,60,0.7388098798518706
60,2103,929,52,2.7685468269687887,52,0.5249385545297197
60,2103,929,58,63.65954718387056,58,0.10914047705575773
60,2103,929,59,85.09572590098891,59,0.10833244146401291
60,2103,929,60,137.87753222606344,60,0.050931455680710044
60,2103,929,61,9.01002513335012,60,0.20525024447891377
60,2103,929,62,6.379838339702528,60,0.24391373440490174
60,2103,929,68,4.794174078394415,60,0.5309851407745094
60,2103,930,52,1.8069616558839692,52,0.6803416253293298
60,2103,930,58,244.6399040687895,58,0.07210640425302624
60,2103,930,59,159.5991491722845,59,0.06837618564304317
60,2103,930,60,15.745526838806642,60,0.0165389955001522
60,2103,930,61,14.977624406525877,60,0.14487846600303925
60,2103,930,62,15.054089735413326,60,0.1480781896244812
60,2103,930,68,4.900711638266762,60,0.6228567552349978
60,2103,931,52,1.4062820783208667,52,0.7884303332976507
60,2103,931,58,22.338546885230752,58,0.10597535538354666
60,2103,931,59,9.727192281674665,59,0.09495943571526615
60,2103,931,60,25.11963445761959,60,0.013806224282430071
60,2103,931,61,7.698725316386765,60,0.047328903808773894
60,2103,931,62,4.036734801234386,60,0.0866497138560808
60,2103,931,68,2.621192152054213,60,0.5445183231962231
60,2103,932,52,6.750531428510475,52,0.6658010762199127
60,2103,932,58,8.110700955581752,58,0.238010746404084
60,2103,932,59,24.799271217559212,59,0.10175786343764595
60,2103,932,60,86.08580781343055,60,0.07524689082076262
60,2103,932,61,77.2869214420482,60,0.07902237315122235
60,2103,932,62,47.11324971481505,60,0.08973712541689385
60,2103,932,68,4.243956361201324,60,0.607553615766482
60,2103,933,52,1.774546478345525,52,0.5755924962344275
60,2103,933,58,15.93982742129109,58,0.2062155193812022
60,2103,933,59,15.845767288658356,59,0.20227243532213443
60,2103,933,60,25.531702352598234,60,0.19087872721764365
60,2103,933,61,16.768334199197827,60,0.23947504713310444
60,2103,933,62,12.102452297138143,60,0.34867958222663953
60,2103,933,68,4.215035396628954,60,0.6901980887807636
60,2103,934,52,0.8959344132533127,52,0.6825694522580503
60,2103,934,58,2.583565498824913,58,0.1724236645500158
60,2103,934,59,6.941308587797941,59,0.10069505281917002
60,2103,934,60,4.230410177278573,60,0.0593085941138575
60,2103,934,61,3.4209353201089097,60,0.31145639736217884
60,2103,934,62,1.893793819699166,60,0.41236020862945044
60,2103,934,68,1.6991824259718422,60,0.8007939672381833
60,2103,935,52,6.581811641269218,52,0.26404743637667866
60,2103,935,58,9.150639713232989,58,0.11808063303192666
60,2103,935,59,65.7250689455902,59,0.05207780228191505
60,2103,935,60,624.140274789023,60,0.03428114998214745
60,2103,935,61,44.37563501228902,60,0.12427065227917974
60,2103,935,62,44.279876743049385,60,0.12428463220461337
60,2103,935,68,5.727216436266523,60,0.49776166402621624
60,2103,936,52,0.8737442927650442,52,0.7091822871967556
60,2103,936,58,1.0263338382469172,58,0.2208825801906384
60,2103,936,59,1.5115388971066133,59,0.14349925124102234
60,2103,936,60,1.4693281540251455,60,0.0738796092820346
60,2103,936,61,1.403397616210862,60,0.14435711027314163
60,2103,936,62,1.0594699808529018,60,0.17887075431206464
60,2103,936,68,2.009382926203613,60,0.5682557370296138
60,2103,937,52,1.8872435607890592,52,0.6186326081653886
60,2103,937,58,6.0915231230841655,58,0.16772724806983863
60,2103,937,59,18.13218191360853,59,0.060750223365494765
60,2103,937,60,621.2887611253415,60,0.03713888675291349
60,2103,937,61,45.2234721582511,60,0.1909417035723332
60,2103,937,62,17.07597987972303,60,0.3475006306991623
60,2103,937,68,3.904030237755411,60,0.5883414941249552
60,2103,938,52,4.154341247537424,52,0.730378469812515
60,2103,938,58,5.171015594548975,58,0.20608618674460952
60,2103,938,59,4.259474155824116,59,0.1764150468588879
60,2103,938,60,74.42657425643812,60,0.06923825458546151
60,2103,938,61,25.816933287500653,60,0.11550663225957622
60,2103,938,62,9.52079835410715,60,0.2581001782842342
60,2103,938,68,3.00167280267156,60,0.7011064272021574
60,2103,939,52,1.2120153331838117,52,0.8444937855799787
60,2103,939,58,5.302697063835779,58,0.3739182504785105
60,2103,939,59,5.34744511673804,59,0.2886716593888932
60,2103,939,60,146501.89647434614,60,0.0016005302100112733
60,2103,939,61,161.3831702311188,60,0.048068948395203946
60,2103,939,62,9.105092538408757,60,0.29379186521221123
60,2103,939,68,3.225116257806517,60,0.6107521509268814
60,2103,940,52,4.73360375298865,52,0.5471639485929201
60,2103,940,58,8.705544428303067,58,0.17487692786907374
60,2103,940,59,16.121830738224354,59,0.15125854181256895
60,2103,940,60,18.979475096722073,60,0.019600209956570726
60,2103,940,61,17.05428474366424,60,0.024581838330423166
60,2103,940,62,7.177629144197333,60,0.04274762795006794
60,2103,940,68,3.8116100278335905,60,0.6831035466495677
60,2103,941,52,2.957209987975012,52,0.5531663539573443
60,2103,941,58,15.405765668601006,58,0.16704889011989904
60,2103,941,59,33.60645043949338,59,0.06094919592298543
60,2103,941,60,4111.5099654386,60,0.020763907863366616
60,2103,941,61,1800.6236098349482,60,0.030112586193697395
60,2103,941,62,223.2451631089415,60,0.09916033166318755
60,2103,941,68,3.9579759409751802,60,0.7264212428217194
60,2103,942,52,0.8832694068615269,52,0.7037030619543952
60,2103,942,58,1.676837015090847,58,0.26132021118947857
60,2103,942,59,1.6398479966064208,59,0.1429713190444319
60,2103,942,60,35.84702163674413,60,0.056432901685222
60,2103,942,61,33.93109375560378,60,0.06114283514603021
60,2103,942,62,1.21124756149102,60,0.3628907614404879
60,2103,942,68,2.1714258378813818,60,0.7038580290809235
60,2103,943,52,3.426026448339975,52,0.5516902109673135
60,2103,943,58,29.282260705484138,58,0.15407090047450003
60,2103,943,59,20.45964756709351,59,0.07115385710259714
60,2103,943,60,46.34036209412821,60,0.012644320258741808
60,2103,943,61,20.50051739457702,60,0.07241791030937919
60,2103,943,62,19.538207960425225,60,0.09470868428933128
60,2103,943,68,3.202131642439987,60,0.6157773438532531
60,2103,944,52,1.7038946154889534,52,0.7939447366995517
60,2103,944,58,4.069634429644207,58,0.3915721002104663
60,2103,944,59,6.814621248564756,59,0.17799739353571747
60,2103,944,60,6.95887847332338,60,0.14612617587533225
60,2103,944,61,4.344943935713628,60,0.17313761873022285
60,2103,944,62,4.323387638348802,60,0.20215480762670546
60,2103,944,68,3.547033849901338,60,0.4056529670348514
60,2103,945,52,4.662241564480278,52,0.5074285907577359
60,2103,945,58,4.32455343701394,58,0.14736101058429535
60,2103,945,59,7.166969401023737,59,0.13973615645168747
60,2103,945,60,59.98759662161269,60,0.018749896611830668
60,2103,945,61,5.670682616764541,60,0.09368434951810364
60,2103,945,62,5.072834790425005,60,0.1814195487709116
60,2103,945,68,2.4045183926700675,60,0.6721574096748177
60,2103,946,52,1.7571126150509284,52,0.7444634622223965
60,2103,946,58,13.608328989284779,58,0.4198021264273913
60,2103,946,59,17.055333707720134,59,0.21954978097403796
60,2103,946,60,22.125309112556074,60,0.0540538443723361
60,2103,946,61,17.470188059349248,60,0.09811434914973317
60,2103,946,62,16.595969053013743,60,0.3378620287892284
60,2103,946,68,7.451141058493879,60,0.52288836711882
60,2103,947,52,1.4924336373584213,52,0.7533262871439166
60,2103,947,58,8.030342181471674,58,0.19546818295983387
60,2103,947,59,8.339404896923837,59,0.19492625551953588
60,2103,947,60,10.018179774098261,60,0.19479371078682906
60,2103,947,61,10.048731200626737,60,0.23720186570953128
60,2103,947,62,5.761330327086933,60,0.3378091363549338
60,2103,947,68,3.8024493048916703,60,0.7104928260727124
60,2103,948,52,7.901612381547628,52,0.6718965693841047
60,2103,948,58,6.893106886086025,58,0.28129332654055383
60,2103,948,59,20.545154230318886,59,0.08651762425486091
60,2103,948,60,18.523248881159507,60,0.08602672068035642
60,2103,948,61,6.342365581091044,60,0.21598346494205614
60,2103,948,62,6.057711293059083,60,0.25656387465272834
60,2103,948,68,3.023061105925103,60,0.7276158511562227
60,2103,949,52,1.5028165855762439,52,0.7599885597303913
60,2103,949,58,3.08255620269605,58,0.43968938901564353
60,2103,949,59,18.773304985656164,59,0.07311108411780438
60,2103,949,60,119.25470750599361,60,0.03337348111732591
60,2103,949,61,24.308021467924114,60,0.07371464014739684
60,2103,949,62,20.628172429507153,60,0.08513948275243664
60,2103,949,68,2.749893926713732,60,0.4951271035223453
60,2103,950,52,6.648450483265045,52,0.7177786114747199
60,2103,950,58,12.197943677802055,58,0.3925978299744462
60,2103,950,59,23.424379962282163,59,0.15437990755431838
60,2103,950,60,353.6304704521166,60,0.017795496560441024
60,2103,950,61,7.824737081765312,60,0.24508479609800599
60,2103,950,62,7.363292023858526,60,0.25146540428895175
60,2103,950,68,3.8185744900287566,60,0.5281612481090295
60,2103,951,52,1.8791043864078638,52,0.5244895109090035
60,2103,951,58,2.5489015518346414,58,0.3654539396735442
60,2103,951,59,2.397792959296086,59,0.26182752490418265
60,2103,951,60,1.8990573254998013,60,0.18808601069824923
60,2103,951,61,1.9528464338163987,60,0.18811966348957265
60,2103,951,62,2.037895159439073,60,0.3081782680711009
60,2103,951,68,1.8672121682737555,60,0.7054086395969533
60,2103,952,52,3.1890461887815027,52,0.673306933526367
60,2103,952,58,72.83313517983393,58,0.1014590380476929
60,2103,952,59,179.55637836019457,59,0.03011830477730962
60,2103,952,60,23.64467797074475,60,0.028469470167510356
60,2103,952,61,14.931093446487633,60,0.24474610913939743
60,2103,952,62,11.034893841224585,60,0.24475589200326475
60,2103,952,68,4.17937558993942,60,0.5045288596612475
60,2103,953,52,2.66960330594707,52,0.5759120615295837
60,2103,953,58,5.78711693618091,58,0.3063751442828733
60,2103,953,59,70.58530962024706,59,0.07858906172022216
60,2103,953,60,95.18286925570514,60,0.055013447588069087
60,2103,953,61,20.960955243949062,60,0.12122182738041318
60,2103,953,62,8.346149282529444,60,0.22990073127858596
60,2103,953,68,3.499230348241064,60,0.8475111669913442
60,2103,954,52,1.507809069880551,52,0.5426025270456353
60,2103,954,58,15.814029841125961,58,0.15897684688963382
60,2103,954,59,4.131851431506046,59,0.09360605041563695
60,2103,954,60,115066.94288653742,60,0.0011969069515056837
60,2103,954,61,19.666452915223594,60,0.1067890982034748
60,2103,954,62,3.7818805880825765,60,0.4247178261355679
60,2103,954,68,3.75258007437388,60,0.6846590572454208
60,2103,955,52,1.042424653881573,52,0.7076486183711528
60,2103,955,58,22.105583799385197,58,0.3382457828008168
60,2103,955,59,21.131189281221516,59,0.3132962089178993
60,2103,955,60,56.38592874497565,60,0.12219778786864773
60,2103,955,61,36.86543810754656,60,0.1553473771808971
60,2103,955,62,14.371773688946307,60,0.3360627314748275
60,2103,955,68,5.090446727118523,60,0.7281324398863832
60,2103,956,52,2.0506278797247735,52,0.6819630915082456
60,2103,956,58,8.571014106604878,58,0.1907692303639406
60,2103,956,59,9.114626408741383,59,0.18981785542429927
60,2103,956,60,7.445201899529895,60,0.09393359339632609
60,2103,956,61,7.620820195678612,60,0.09934272112749726
60,2103,956,62,7.588459681012068,60,0.14762858520603842
60,2103,956,68,2.8703881325067617,60,0.7544833374610858
60,2103,957,52,2.151869335045064,52,0.6578314082120024
60,2103,957,58,4.954361891505108,58,0.16515237353637852
60,2103,957,59,39.57013496245884,59,0.08623628469149204
60,2103,957,60,22.56349113454251,60,0.05972509842749165
60,2103,957,61,21.887557226464907,60,0.13755480836721198
60,2103,957,62,15.509964060571699,60,0.14540446404675172
60,2103,957,68,2.783364510243157,60,0.5682670022603816
60,2103,958,52,2.4639570842028466,52,0.5341268108713486
60,2103,958,58,22.396521067236307,58,0.1899258149444967
60,2103,958,59,52.227641507484584,59,0.10847859814097457
60,2103,958,60,65.16534294247279,60,0.10842250271259106
60,2103,958,61,25.70234557827519,60,0.18091027937467272
60,2103,958,62,14.088443093522663,60,0.21795894360637902
60,2103,958,68,3.287146759637038,60,0.412277204969988
60,2103,959,52,1.5047223863284642,52,0.5106903854427957
60,2103,959,58,18.415726090925425,58,0.15545141428554002
60,2103,959,59,19.21581192401701,59,0.1361597588342458
60,2103,959,60,27.04139597908736,60,0.05034457650620042
60,2103,959,61,8.9622321647346,60,0.06325803451019711
60,2103,959,62,8.97413751771066,60,0.11529250338979732
60,2103,959,68,1.9099841667004973,60,0.4440648691131548
60,2103,960,52,2.1439675851988573,52,0.6312447960394293
60,2103,960,58,4.0781257394897565,58,0.2746874869737067
60,2103,960,59,2.4093733652095874,59,0.2710150792065291
60,2103,960,60,2.553303073642756,60,0.15785447896859792
60,2103,960,61,2.357653610577036,60,0.2654557432281074
60,2103,960,62,2.2952812617488614,60,0.3302602585774259
60,2103,960,68,1.952106678379499,60,0.5829570606645549
60,2103,961,52,2.7326412210456916,52,0.5546393358567251
60,2103,961,58,6.0977350117859945,58,0.35121554733786103
60,2103,961,59,14.899160727423945,59,0.18488018087189045
60,2103,961,60,11.748298300163787,60,0.07130443422188872
60,2103,961,61,5.1881596852197305,60,0.13193446714592935
60,2103,961,62,5.168573410496414,60,0.14741530952656656
60,2103,961,68,3.053176762155973,60,0.6358422712161813
60,2103,962,52,1.3266831273387352,52,1.0423641753161133
60,2103,962,58,3.9018351883749998,58,0.3985367274490851
60,2103,962,59,11.826592798437746,59,0.19998866360562662
60,2103,962,60,16.005727334532367,60,0.10427546639681397
60,2103,962,61,15.528940144920954,60,0.17964419057473088
60,2103,962,62,14.281251248231325,60,0.17970429977925903
60,2103,962,68,2.648283333803531,60,0.6621741169214508
60,2103,963,52,4.408255577670206,52,0.5270006865720154
60,2103,963,58,53.495020024466356,58,0.09420552651067288
60,2103,963,59,52.845609114956694,59,0.09399721607913633
60,2103,963,60,21.03279426913916,60,0.033736410651427275
60,2103,963,61,20.797396284995802,60,0.16705255393330506
60,2103,963,62,13.499043830092003,60,0.19959886418340608
60,2103,963,68,2.9679505505969783,60,0.7498078312511279
60,2103,964,52,1.600758216742932,52,0.800233230320448
60,2103,964,58,2.7228631451046894,58,0.43537120677294333
60,2103,964,59,75.8107536553992,59,0.09650108684984862
60,2103,964,60,36.574946118424705,60,0.062431200047208424
60,2103,964,61,11.823625222105964,60,0.11458233530824832
60,2103,964,62,12.247057747254948,60,0.13617364131298654
60,2103,964,68,3.0496508846302275,60,0.7429148797141557
60,2103,965,52,1.537478961224622,52,0.830155505593925
60,2103,965,58,7.333860695708971,58,0.42163390497345227
60,2103,965,59,12.071185304965914,59,0.1347813222537389
60,2103,965,60,11.971402223059082,60,0.13451814291544612
60,2103,965,61,4.91939158083826,60,0.19900565299429926
60,2103,965,62,4.938230065242902,60,0.21175170705454505
60,2103,965,68,3.1154139011746382,60,0.6067988771871784
60,2103,966,52,1.066540494925781,52,0.7513339022277478
60,2103,966,58,6.752626213137123,58,0.16636796438830906
60,2103,966,59,5.002648133933263,59,0.13554544493952567
60,2103,966,60,561.7426608220641,60,0.04633376183762701
60,2103,966,61,92.10849076589878,60,0.10702657462292414
60,2103,966,62,13.29017161271621,60,0.15422993710672026
60,2103,966,68,2.070543907962776,60,0.7302653707227187
60,2103,967,52,1.4649344546885277,52,0.7152001521956477
60,2103,967,58,5.589759566735396,58,0.2661718368318954
60,2103,967,59,78.59703611753677,59,0.10318412390324794
60,2103,967,60,336.5796218726252,60,0.01812969025295144
60,2103,967,61,11.44022641133578,60,0.24965012436805986
60,2103,967,62,6.946947827267285,60,0.27696632476638944
60,2103,967,68,2.9588925683262657,60,0.8250025015705745
60,2103,968,52,0.8403740500865275,52,0.5878096595276653
60,2103,968,58,2.454402997629444,58,0.13536369754482278
60,2103,968,59,8.51674115327591,59,0.12344632815334948
60,2103,968,60,48.79693545225711,60,0.07318867284477056
60,2103,968,61,27.928026246756083,60,0.11990479382181153
60,2103,968,62,6.86702300154796,60,0.24506210808486648
60,2103,968,68,1.7822575216140564,60,0.6133566939138816
60,2103,969,52,1.2082493502537235,52,0.6701479283272753
60,2103,969,58,4.904601166166982,58,0.27144386155949096
60,2103,969,59,6.083591552618423,59,0.19265490648241204
60,2103,969,60,5.298989969373613,60,0.1300137676291192
60,2103,969,61,5.276316731022608,60,0.1331563341253256
60,2103,969,62,5.197354776811771,60,0.15679061252556573
60,2103,969,68,2.5181216049324453,60,0.7167969412655494
60,2103,970,52,2.4017924087712514,52,0.834076802784403
60,2103,970,58,5.96157267933878,58,0.33740463061504394
60,2103,970,59,6.309129025781355,59,0.33424292873154965
60,2103,970,60,14.386172747684965,60,0.313109873644998
60,2103,970,61,12.962649450500878,60,0.3148310839581279
60,2103,970,62,12.563859587820986,60,0.3148346953008538
60,2103,970,68,5.810157897123889,60,0.6200960843178016
60,2103,971,52,1.8143240405764582,52,0.8317770772260966
60,2103,971,58,3.500068136583644,58,0.27225017861878464
60,2103,971,59,8.722221047932507,59,0.057268538188831326
60,2103,971,60,5.865147828546987,60,0.04403604140822831
60,2103,971,61,4.937112564690446,60,0.10788199790425908
60,2103,971,62,2.8095216534615837,60,0.3019903987593063
60,2103,971,68,1.8993515501746323,60,0.8705216040892703
60,2103,972,52,1.0281977582217674,52,0.5282550691595833
60,2103,972,58,57.56158396141556,58,0.048655826153289235
60,2103,972,59,138.5778846255993,59,0.0466850361926495
60,2103,972,60,127.03853490422024,60,0.042799939735646796
60,2103,972,61,63.85201601813104,60,0.05380943874190332
60,2103,972,62,10.378443679048878,60,0.16758666993825108
60,2103,972,68,3.5245589427996262,60,0.5521352529367435
60,2103,973,52,1.1135571501121084,52,0.742633387022386
60,2103,973,58,1.2353607566742175,58,0.3651387281666445
60,2103,973,59,2.3907173399678174,59,0.23809001935372962
60,2103,973,60,2.108173527867585,60,0.10692367700171358
60,2103,973,61,1.9001410177398121,60,0.2514748374398322
60,2103,973,62,1.8840512240358,60,0.31365806075768615
60,2103,973,68,2.577383626517933,60,0.6102763736485142
60,2103,974,52,2.1746008161696224,52,0.6334407048413849
60,2103,974,58,6.027347793041285,58,0.30111577769912345
60,2103,974,59,6.552429875716565,59,0.2796546501757164
60,2103,974,60,395.4067573627274,60,0.01179585485914476
60,2103,974,61,7.162514944858339,60,0.25116066306083745
60,2103,974,62,7.147088546125761,60,0.25985329347131575
60,2103,974,68,2.627900367239189,60,0.600324188265824
60,2103,975,52,1.8810961143251697,52,0.7400146906398398
60,2103,975,58,3.1638114002613777,58,0.22052947785656507
60,2103,975,59,303.1332339193666,59,0.03647305541480732
60,2103,975,60,344.9486426990211,60,0.016279764212921263
60,2103,975,61,6.638117264262006,60,0.16893629026036286
60,2103,975,62,6.269927437118838,60,0.17334952741921586
60,2103,975,68,4.062352485648517,60,0.6782719372755049
60,2103,976,52,1.3325638427658453,52,0.8510153838487527
60,2103,976,58,1.4851462696642233,58,0.41715824108514443
60,2103,976,59,4.800301815560837,59,0.1935431292462217
60,2103,976,60,3.976583228522335,60,0.14306704420930866
60,2103,976,61,3.289208683924423,60,0.14368579083051403
60,2103,976,62,1.5698998068345613,60,0.19724752254614916
60,2103,976,68,1.1959369258057562,60,0.7255701216120691
60,2103,977,52,1.5206396221640657,52,0.5861374752315687
60,2103,977,58,2.955337901888584,58,0.26703823802827
60,2103,977,59,7.8219132182185325,59,0.2513617895691541
60,2103,977,60,5.0206292257298335,60,0.179137661463585
60,2103,977,61,6.254715891061524,60,0.37212420126831725
60,2103,977,62,6.299703711022084,60,0.409270494524853
60,2103,977,68,3.753041522076145,60,0.8055698940904465
60,2103,978,52,2.5245527767654914,52,0.5312717016600259
60,2103,978,58,30.866447687775693,58,0.18447559161478794
60,2103,978,59,46.81973468776955,59,0.12656200402842802
60,2103,978,60,46.51051534234089,60,0.12351605978433432
60,2103,978,61,39.584083828041706,60,0.15962322832618298
60,2103,978,62,10.612325582796768,60,0.24881204944602503
60,2103,978,68,5.2249024215052975,60,0.6395917782157533
60,2103,979,52,1.6725456420820781,52,0.8002260750576233
60,2103,979,58,7.054704372199498,58,0.17474914413653803
60,2103,979,59,8.768534089013471,59,0.16392452662333115
60,2103,979,60,4.314533950809385,60,0.06057168665627965
60,2103,979,61,4.387110131943073,60,0.16542145473224787
60,2103,979,62,3.85574534338769,60,0.3747236709147612
60,2103,979,68,2.4869141137071824,60,0.7205688906603316
60,2103,980,52,1.7619331794371111,52,0.7922308598547689
60,2103,980,58,5.424402370234809,58,0.2561562865608172
60,2103,980,59,4.35581727160288,59,0.1889148764998522
60,2103,980,60,32.15505675032667,60,0.13874191268271588
60,2103,980,61,14.871259897817113,60,0.2788613418062394
60,2103,980,62,11.11251484149458,60,0.33330281342072554
60,2103,980,68,3.94436382056956,60,0.7409941659673569
60,2103,981,52,1.5760580983903905,52,0.8399372219888225
60,2103,981,58,27.117590253486803,58,0.23393826935192788
60,2103,981,59,25.706651262203007,59,0.22434590002884364
60,2103,981,60,45.78678386946443,60,0.1318914064286894
60,2103,981,61,16.090263597870596,60,0.14904987645439205
60,2103,981,62,15.732703056977577,60,0.16657516635517525
60,2103,981,68,4.079258644833101,60,0.5294618796629854
60,2103,982,52,1.2423757818518961,52,0.648972444636862
60,2103,982,58,5.777080552563657,58,0.2154813313941913
60,2103,982,59,5.680768063359538,59,0.21545560653822216
60,2103,982,60,5.40280827952423,60,0.21284194780086105
60,2103,982,61,5.262242404877298,60,0.21296944594989647
60,2103,982,62,4.484056275518989,60,0.23159565802576204
60,2103,982,68,2.5993423447934254,60,0.6924526534496876
60,2103,983,52,1.1355181200345572,52,0.47909366595116926
60,2103,983,58,5.867412021695548,58,0.2434172988158068
60,2103,983,59,5.891268812153506,59,0.1777276948048518
60,2103,983,60,20.89604630786586,60,0.17571412260347657
60,2103,983,61,20.53156906502119,60,0.21833522769777924
60,2103,983,62,19.524135839128718,60,0.24714412744028572
60,2103,983,68,3.089117876009088,60,0.7393802593041213
60,2103,984,52,1.67224834704066,52,0.9698278222850857
60,2103,984,58,2.9094285458184217,58,0.3600079688025356
60,2103,984,59,11.275199064431444,59,0.2124839470927491
60,2103,984,60,30.560216331362657,60,0.09736547099640284
60,2103,984,61,22.76920731335366,60,0.0991079481907956
60,2103,984,62,4.2906895570211185,60,0.1671878461028552
60,2103,984,68,3.4106072558697376,60,0.7872052337828378
60,2103,985,52,3.050071619865579,52,0.6052652678637548
60,2103,985,58,7.899000384760929,58,0.20113046175049995
60,2103,985,59,7.8329028195440555,59,0.14956899954007372
60,2103,985,60,23.97560789685684,60,0.12298618758634394
60,2103,985,61,13.015748119316546,60,0.14805206839557344
60,2103,985,62,12.975202513289501,60,0.25100098499448575
60,2103,985,68,2.858301602405893,60,0.5399717647719627
60,2103,986,52,4.485775015799785,52,0.6257282621021516
60,2103,986,58,19.754498972693437,58,0.15726641100143174
60,2103,986,59,8.580466655502892,59,0.03861542628225729
60,2103,986,60,523.7695669108174,60,0.006509211146773788
60,2103,986,61,4.9566524407577655,60,0.15580625002405984
60,2103,986,62,3.5562590418990214,60,0.15702112452422312
60,2103,986,68,3.0158394701696527,60,0.441370399912667
60,2103,987,52,1.3989821648619798,52,0.8176667410187799
60,2103,987,58,19.927678808653525,58,0.2383768016589774
60,2103,987,59,31.90520756851692,59,0.17649361107135583
60,2103,987,60,31.502514328668475,60,0.14028664759113812
60,2103,987,61,21.917356345311056,60,0.17747226710619787
60,2103,987,62,22.303157824108062,60,0.2157204648548954
60,2103,987,68,6.320996481242598,60,0.4591235339601594
60,2103,988,52,1.3973771044142764,52,0.8272309844935667
60,2103,988,58,10.791521245566203,58,0.09992339744770116
60,2103,988,59,7.1112723027066504,59,0.09502989179466763
60,2103,988,60,32.09728459020888,60,0.09401573980330864
60,2103,988,61,19.63830824027273,60,0.09706717169494147
60,2103,988,62,15.791818246728308,60,0.10837164887179672
60,2103,988,68,3.7889918901435156,60,0.4233128884787242
60,2103,989,52,1.5236163740900615,52,0.6256366583693092
60,2103,989,58,1.271643550967191,58,0.38769577724051657
60,2103,989,59,8.327060785268614,59,0.20442666899099726
60,2103,989,60,189.2211087188838,60,0.033137890553877634
60,2103,989,61,7.632316286383413,60,0.25901122755629896
60,2103,989,62,5.3421929540380555,60,0.29148238309170177
60,2103,989,68,2.434412183930885,60,0.5903219368966872
60,2103,990,52,1.4107229879126322,52,0.8350021696855002
60,2103,990,58,5.489723337191508,58,0.3352033838432552
60,2103,990,59,2.9203155747447758,59,0.21120087377053048
60,2103,990,60,9.39365788484581,60,0.1387087626320052
60,2103,990,61,5.515967636566182,60,0.20718295678625606
60,2103,990,62,3.31287664872962,60,0.28882746341163074
60,2103,990,68,3.0337991283976993,60,0.7750106432351301
60,2103,991,52,1.562047164131045,52,0.7995129695818675
60,2103,991,58,6.32878653487286,58,0.19874505024127775
60,2103,991,59,7.872898595517476,59,0.18886093015942299
60,2103,991,60,432.3954667916318,60,0.09273384016664822
60,2103,991,61,45.36278221104794,60,0.17307475847202045
60,2103,991,62,45.46926607076972,60,0.17344876854701027
60,2103,991,68,4.77936107494204,60,0.6217054819929603
60,2103,992,52,1.1453579633744504,52,0.583509428350919
60,2103,992,58,1.448797005073149,58,0.21333308346214816
60,2103,992,59,1.3323727441118376,59,0.12790713971781195
60,2103,992,60,11.642386884998682,60,0.08261906940874698
60,2103,992,61,11.843681094462685,60,0.08716715791016233
60,2103,992,62,2.7576147000051505,60,0.15873168841986535
60,2103,992,68,2.2541198980692547,60,0.3046568366036043
60,2103,993,52,3.610197354212812,52,0.5728167787844642
60,2103,993,58,213.96186343942296,58,0.029635580873799635
60,2103,993,59,422.5669095283489,59,0.025090012957915055
60,2103,993,60,1686.3851849364544,60,0.009914735567584865
60,2103,993,61,8.7046184420142,60,0.22015067546939848
60,2103,993,62,8.22276563215665,60,0.2767189228120786
60,2103,993,68,3.086354761072657,60,0.6602503099462392
60,2103,994,52,2.9334522551978406,52,0.8137082221402867
60,2103,994,58,3.1472716010617976,58,0.22779037004838412
60,2103,994,59,121.40623132888365,59,0.06234735187207131
60,2103,994,60,69.66744790709721,60,0.0589035617371846
60,2103,994,61,11.134136737025878,60,0.20200056634842894
60,2103,994,62,3.407007569099436,60,0.40399426741125716
60,2103,994,68,2.43021205860415,60,0.6228349300171012
60,2103,995,52,0.9067362220959625,52,0.7081677447701734
60,2103,995,58,2.2244143886795857,58,0.23326358576693193
60,2103,995,59,2.8071112307936885,59,0.17094886929893452
60,2103,995,60,15.183910431643124,60,0.10739707202543877
60,2103,995,61,12.232708639634838,60,0.12017226589296925
60,2103,995,62,2.5469255569502476,60,0.33622574656518095
60,2103,995,68,2.4718467899513334,60,0.7470089926645809
60,2103,996,52,1.1630154783319357,52,0.4740628240314374
60,2103,996,58,3.3309277441927474,58,0.3620650653653759
60,2103,996,59,21.33655757249286,59,0.2509055997323913
60,2103,996,60,26.362723683251016,60,0.05332574104270565
60,2103,996,61,17.1031541387113,60,0.3061480134631612
60,2103,996,62,9.99147721321881,60,0.34427478698394987
60,2103,996,68,2.8842421749590716,60,0.6474312941751668
60,2103,997,52,2.3743943552555447,52,0.3726095294293243
60,2103,997,58,4.148591943469027,58,0.08109603566315704
60,2103,997,59,52.70439817015169,59,0.06839886487871717
60,2103,997,60,1101.7009510465127,60,0.01609705793841325
60,2103,997,61,8.6759129375287,60,0.096601623502661
60,2103,997,62,7.4538772064606205,60,0.15413357487360768
60,2103,997,68,2.0522334267121867,60,0.7358418426800731
60,2103,998,52,1.0772512286312397,52,0.7882659166544927
60,2103,998,58,1.9912376637297224,58,0.2630091968332747
60,2103,998,59,2.2444929297616607,59,0.21269124342394458
60,2103,998,60,17.52619479352784,60,0.10007478527521017
60,2103,998,61,8.283590391181566,60,0.13488395376201584
60,2103,998,62,8.184928212393572,60,0.13488436156902842
60,2103,998,68,2.3022317421384266,60,0.6518273898784362
60,2103,999,52,1.4091541762716595,52,0.7709713707017978
60,2103,999,58,6.765908896781317,58,0.27707805367919836
60,2103,999,59,6.286653217823603,59,0.2417139249509567
60,2103,999,60,11.671466767664796,60,0.13150986299228892
60,2103,999,61,8.5915116678884,60,0.13163805164615366
60,2103,999,62,4.494232241863002,60,0.3102371768542195
60,2103,999,68,2.603076260396134,60,0.6692280163539974
60,2103,1000,52,1.685173987317541,52,0.7751288854088431
60,2103,1000,58,12.517475063217148,58,0.2635948576816545
60,2103,1000,59,11.051946386496278,59,0.21417592848008118
60,2103,1000,60,11.873200850371255,60,0.039085608734109704
60,2103,1000,61,10.163395453721634,60,0.28196308483350213
60,2103,1000,62,10.481821516810102,60,0.4038110759968609
60,2103,1000,68,5.718190657326372,60,0.5974624296203412
60,2103,1001,52,1.6452758274419108,52,0.44229657484117874
60,2103,1001,58,42.569654900186116,58,0.15960652124943314
60,2103,1001,59,43.07327302269215,59,0.152522845006717
60,2103,1001,60,37.8598850208942,60,0.0620586084933249
60,2103,1001,61,9.844444960831519,60,0.06334092075233437
60,2103,1001,62,8.530543903152745,60,0.19859983886262988
60,2103,1001,68,2.150537118955901,60,0.5826164770970015
60,2103,1002,52,1.9153101815825941,52,0.939487056452137
60,2103,1002,58,33.91135711480485,58,0.12859001159126762
60,2103,1002,59,51.96857074234781,59,0.10749115549484645
60,2103,1002,60,56.12645828855431,60,0.1071713927292707
60,2103,1002,61,23.057390036211835,60,0.14177148425048408
60,2103,1002,62,20.79371170302241,60,0.17396151808637836
60,2103,1002,68,3.2637323895193284,60,0.5094056826960842
60,2103,1003,52,1.7411066823338348,52,0.7213215551568879
60,2103,1003,58,4.935510556911364,58,0.36117553770466826
60,2103,1003,59,4.751686579367436,59,0.28993483415502413
60,2103,1003,60,29025.520230143382,60,0.007228691914172394
60,2103,1003,61,10.94276268321634,60,0.3732194293665648
60,2103,1003,62,8.951049192802765,60,0.3734137228039176
60,2103,1003,68,7.488356690324247,60,0.6466593519040237
60,2103,1004,52,2.097845440942023,52,0.566206419084233
60,2103,1004,58,17.839495355762146,58,0.17691193674148858
60,2103,1004,59,31.680401559619053,59,0.1718406731325104
60,2103,1004,60,6.9856288132566355,60,0.09646676715810465
60,2103,1004,61,5.7448572396523465,60,0.2117678343553238
60,2103,1004,62,5.079327250109685,60,0.21528058880613565
60,2103,1004,68,1.4900319438317822,60,0.4723659988993596
60,2103,1005,52,0.6718813649648606,52,0.6309501446661221
60,2103,1005,58,3.8120845368028067,58,0.0785488366514426
60,2103,1005,59,14.658123955444513,59,0.06697250018964232
60,2103,1005,60,536.7296857517904,60,0.007780068556094659
60,2103,1005,61,2.9526872325271225,60,0.12939505485603564
60,2103,1005,62,2.9338568654772006,60,0.19657624781050884
60,2103,1005,68,1.2567529546159317,60,0.6190706882541512
60,2103,1006,52,4.3244002419190615,52,0.5626381956454559
60,2103,1006,58,6.980045238483583,58,0.25286559780423445
60,2103,1006,59,6.867782293675802,59,0.2508437274526626
60,2103,1006,60,29.964615343795455,60,0.04383156916692212
60,2103,1006,61,26.378844828445533,60,0.0516197022843258
60,2103,1006,62,6.213707965944618,60,0.09415942778610199
60,2103,1006,68,2.932330934496484,60,0.5123118466993175
60,2103,1007,52,1.380434480861422,52,0.8249554267584281
60,2103,1007,58,9.425685868621828,58,0.1863521889897858
60,2103,1007,59,50.83520235054112,59,0.07600370425785725
60,2103,1007,60,48.90271181980454,60,0.07339724626494913
60,2103,1007,61,5.455795115675816,60,0.22768790168235972
60,2103,1007,62,3.8505089496969003,60,0.2685222625574494
60,2103,1007,68,3.0997067027740437,60,0.6028704871588838
60,2103,1008,52,3.403566125743261,52,0.32133508151320866
60,2103,1008,58,14.010433540706257,58,0.10150793514654505
60,2103,1008,59,6.16141656220135,59,0.09274269700255906
60,2103,1008,60,17.808685650764073,60,0.03409837326401659
60,2103,1008,61,2.532616709655203,60,0.10895545951226164
60,2103,1008,62,2.2726365482845927,60,0.10919221911373708
60,2103,1008,68,2.0255830126498795,60,0.6301292732632204
60,2103,1009,52,0.8604026275614298,52,0.7618209773782809
60,2103,1009,58,5.7967741894045774,58,0.18466237123564083
60,2103,1009,59,22.735773001141705,59,0.07702140957219619
60,2103,1009,60,18.110029231359615,60,0.05595614469454858
60,2103,1009,61,18.095648883272588,60,0.08549476267759763
60,2103,1009,62,17.90840864228813,60,0.08708372988551479
60,2103,1009,68,3.739310202806631,60,0.4789743025729183
60,2103,1010,52,1.256734075821103,52,0.6300261504294696
60,2103,1010,58,34.35046474807091,58,0.12088879820925302
60,2103,1010,59,29.351879824471997,59,0.1115705648354497
60,2103,1010,60,11758.12835921238,60,0.00871270012147174
60,2103,1010,61,113.38564559625256,60,0.07213614937331328
60,2103,1010,62,57.21296213276184,60,0.10924432475369848
60,2103,1010,68,3.3198316734421893,60,0.7434557862008702
60,2103,1011,52,3.4594615119906322,52,0.6597925640038832
60,2103,1011,58,11.15213152499116,58,0.2820126950075355
60,2103,1011,59,12.122596155340018,59,0.21824397871172352
60,2103,1011,60,63.14849232655937,60,0.0532332872141961
60,2103,1011,61,3.8688518681151383,60,0.19827154766038343
60,2103,1011,62,2.765175927381166,60,0.45879595146294955
60,2103,1011,68,2.693642245068442,60,0.8580313898563535
60,2103,1012,52,6.840459863730825,52,0.5465856923695667
60,2103,1012,58,22.41192396363311,58,0.32208691548694846
60,2103,1012,59,22.835035776268686,59,0.29500622593872555
60,2103,1012,60,232.55971642888304,60,0.008611874973935141
60,2103,1012,61,25.837259727866698,60,0.14622438135226476
60,2103,1012,62,16.086326344031573,60,0.364792602319627
60,2103,1012,68,3.276123336406228,60,0.7728904036908995
60,2103,1013,52,1.833093015481521,52,0.6061984093931485
60,2103,1013,58,3.0311619961510576,58,0.20287881099034943
60,2103,1013,59,36.60513623996986,59,0.16160288133033554
60,2103,1013,60,25.88334058395206,60,0.10637039850582107
60,2103,1013,61,17.69797284567887,60,0.12618997309203656
60,2103,1013,62,6.303054326605174,60,0.24204638342549945
60,2103,1013,68,3.3928071839750555,60,0.9650443898585702
60,2103,1014,52,1.94043999711201,52,0.6284866747860558
60,2103,1014,58,4.425465687846633,58,0.2334076444193559
60,2103,1014,59,26.649649487112054,59,0.09649563388009877
60,2103,1014,60,7707.2352281979,60,0.009166327783985507
60,2103,1014,61,476.00571872061545,60,0.039040708877112036
60,2103,1014,62,38.95498568415529,60,0.15916471689688672
60,2103,1014,68,3.443195207404426,60,0.6863543987552049
60,2103,1015,52,2.0665352664117647,52,0.6498228587077386
60,2103,1015,58,7.621047031209619,58,0.21497724423882048
60,2103,1015,59,10.686075228157486,59,0.17479698806455607
60,2103,1015,60,20.517586358828694,60,0.030936901256560775
60,2103,1015,61,5.302232635536641,60,0.1973792540148885
60,2103,1015,62,5.346487122857813,60,0.21163714260741923
60,2103,1015,68,3.000071042643926,60,0.6317187604705229
60,2103,1016,52,1.2699240980439184,52,0.5780798090190282
60,2103,1016,58,10.364650322025776,58,0.15257684594939966
60,2103,1016,59,105.6377884252842,59,0.05240929473179912
60,2103,1016,60,113.70454680398643,60,0.02957079545822936
60,2103,1016,61,6.989408946821813,60,0.07972349409030986
60,2103,1016,62,6.474170826436798,60,0.1923358954778773
60,2103,1016,68,2.323703109432308,60,0.6267517827202952
60,2103,1017,52,1.1220185184403535,52,0.5087004162398563
60,2103,1017,58,2.041684793591859,58,0.2306732149385961
60,2103,1017,59,1.776293764750879,59,0.20499654738941914
60,2103,1017,60,223.789652022599,60,0.016305051506521524
60,2103,1017,61,30.32766506481486,60,0.04246596780055793
60,2103,1017,62,4.63630911146651,60,0.13041945474626937
60,2103,1017,68,2.875316057410183,60,0.3135434312982755
60,2103,1018,52,1.112982165676391,52,0.5792725411769681
60,2103,1018,58,1.5244395201277956,58,0.3226186074752675
60,2103,1018,59,2.6792185805357787,59,0.22882081716713548
60,2103,1018,60,3.2502809877613976,60,0.022204881762071065
60,2103,1018,61,1.4482046987267654,60,0.2583122437091361
60,2103,1018,62,1.4637175998145278,60,0.25954190222640877
60,2103,1018,68,1.6963450490616465,60,0.48330669353275013
60,2103,1019,52,1.687439314203781,52,0.6744192894960289
60,2103,1019,58,6.760975425208972,58,0.2887226326243269
60,2103,1019,59,297.93257876993886,59,0.028385934675143443
60,2103,1019,60,383802.2846466094,60,0.0011594484409872075
60,2103,1019,61,68.81557023768069,60,0.10039996135458368
60,2103,1019,62,68.64773250541373,60,0.10044629340640845
60,2103,1019,68,4.729632767322295,60,0.5512477260331273
60,2103,1020,52,1.3203859554764228,52,0.7161606226686387
60,2103,1020,58,3.4601836104048136,58,0.25158088266666667
60,2103,1020,59,78.90256523627443,59,0.11225989428718888
60,2103,1020,60,140.10213090685767,60,0.025777512291663855
60,2103,1020,61,94.73005009592927,60,0.03989977572452363
60,2103,1020,62,30.72203941266145,60,0.17444171616264234
60,2103,1020,68,3.2999315457202028,60,0.4802569656987601
60,2103,1021,52,1.250316571681552,52,0.6649514847136897
60,2103,1021,58,13.132617213584098,58,0.21312898947777484
60,2103,1021,59,34.40325131006099,59,0.07276126531568766
60,2103,1021,60,218.9970019120418,60,0.03165684031077287
60,2103,1021,61,40.83778196258051,60,0.11280692058584799
60,2103,1021,62,31.210905970057784,60,0.1143834429985347
60,2103,1021,68,3.859560205286556,60,0.5123216833259824
60,2103,1022,52,2.1464165142023903,52,0.7795956934328249
60,2103,1022,58,10.826569220286254,58,0.2807021111638814
60,2103,1022,59,8.897368452452701,59,0.14518614689599163
60,2103,1022,60,28.17366213162198,60,0.0718296387281626
60,2103,1022,61,24.526695590289123,60,0.07274088806818631
60,2103,1022,62,10.684658586278122,60,0.19575425082371006
60,2103,1022,68,1.8696045409923916,60,0.6123307709659431
60,2103,1023,52,2.228440438185408,52,0.6345744825433067
60,2103,1023,58,14.830622577663638,58,0.13155705403004533
60,2103,1023,59,15.3356620887331,59,0.13154909403452048
60,2103,1023,60,45.975626337655044,60,0.026744057935883914
60,2103,1023,61,17.90073768092464,60,0.055248801263897605
60,2103,1023,62,16.959002918161076,60,0.08902700991954407
60,2103,1023,68,6.347840704740354,60,0.5753535103644682
60,2103,1024,52,1.5628042352519025,52,0.842514537827514
60,2103,1024,58,8.707312354094913,58,0.1410925724157694
60,2103,1024,59,19.43732422676951,59,0.1267582899708264
60,2103,1024,60,10089.90850426878,60,0.00512965132314272
60,2103,1024,61,83.46037588074452,60,0.04552595895901008
60,2103,1024,62,76.25503700468255,60,0.04837116737088432
60,2103,1024,68,5.767771577390199,60,0.6256873826512601
60,2103,1025,52,2.9268449937765624,52,0.688252324014558
60,2103,1025,58,8.664210885050991,58,0.20595081212422245
60,2103,1025,59,15.086430526410153,59,0.20211193530974292
60,2103,1025,60,10.586327983176066,60,0.13583356685440257
60,2103,1025,61,6.5407524114570235,60,0.18414374655479682
60,2103,1025,62,6.4624415966147595,60,0.35565995770938713
60,2103,1025,68,4.313948473004436,60,0.5408100353889972
60,2103,1026,52,1.4551372741378585,52,0.593184061655682
60,2103,1026,58,8.728232772519801,58,0.34735346321462823
60,2103,1026,59,9.006956442017328,59,0.1878739677538794
60,2103,1026,60,11.326092940687587,60,0.1841671389974832
60,2103,1026,61,11.23724512282268,60,0.294333939211064
60,2103,1026,62,6.528743970070583,60,0.3101671971569772
60,2103,1026,68,4.008264102151528,60,0.5315300937905151
60,2103,1027,52,1.5968062493754633,52,0.8495513878276741
60,2103,1027,58,20.307003796211653,58,0.1672249912402957
60,2103,1027,59,678.1702587552516,59,0.037741005503704704
60,2103,1027,60,165.10403759289326,60,0.01279730321942483
60,2103,1027,61,23.060214309948424,60,0.20293688273046676
60,2103,1027,62,14.272457189819015,60,0.2452182202900584
60,2103,1027,68,7.009902126112785,60,0.5381658230833369
60,2103,1028,52,2.919819422090135,52,0.4157622897371359
60,2103,1028,58,23.815287242827186,58,0.1756761874585407
60,2103,1028,59,13.048961370087797,59,0.17123918539681826
60,2103,1028,60,15.272654001250569,60,0.15751180644881313
60,2103,1028,61,8.14101958396666,60,0.275974609554138
60,2103,1028,62,8.165144993862434,60,0.3104264610599875
60,2103,1028,68,2.70647014477081,60,0.7486802841256935
60,2103,1029,52,1.4832112912259294,52,0.38429114110752977
60,2103,1029,58,3.3435274360862843,58,0.2590945817746288
60,2103,1029,59,2.99348062027761,59,0.2445355351800225
60,2103,1029,60,35.40075997971283,60,0.04767194986209004
60,2103,1029,61,4.49434616365873,60,0.19808534145050904
60,2103,1029,62,3.28671710295284,60,0.2842233430917974
60,2103,1029,68,2.3715068239578296,60,0.5367012488094017
60,2103,1030,52,1.544700216666004,52,0.3819680466920437
60,2103,1030,58,3.558740445243931,58,0.16332168860604565
60,2103,1030,59,45.42648752707916,59,0.0575713801499377
60,2103,1030,60,4.742358760853987,60,0.034773933365688174
60,2103,1030,61,4.565400252337423,60,0.11246967105617611
60,2103,1030,62,4.859589030660986,60,0.12256788184637393
60,2103,1030,68,3.2746720918719365,60,0.5989066161057381
60,2103,1031,52,2.5410191127535757,52,0.31306884025749787
60,2103,1031,58,5.046371642311719,58,0.2643190221704709
60,2103,1031,59,2.92197971165851,59,0.1455083411316519
60,2103,1031,60,6.432652613433352,60,0.12341926170153027
60,2103,1031,61,3.7668678109993485,60,0.39119541292037996
60,2103,1031,62,3.8582921011254756,60,0.4234728107754095
60,2103,1031,68,2.0111408851566788,60,0.6841271364137833
60,2103,1032,52,2.124744421361005,52,0.8885700462191523
60,2103,1032,58,5.543269285649949,58,0.28584790073772876
60,2103,1032,59,5.989976038283233,59,0.14585666135062111
60,2103,1032,60,5.893934405010619,60,0.14560751313804257
60,2103,1032,61,5.6029418525212895,60,0.17845970738054892
60,2103,1032,62,5.110358510763278,60,0.22850104969959906
60,2103,1032,68,3.0904720105642167,60,0.48000092322922144
60,2103,1033,52,1.2700502406966956,52,0.5334720634999478
60,2103,1033,58,6.421413004323998,58,0.3022797643775274
60,2103,1033,59,184.1109535757807,59,0.06343381939619887
60,2103,1033,60,238.42053315929,60,0.055298865999317035
60,2103,1033,61,20.52473494119841,60,0.14862146654196431
60,2103,1033,62,20.53986585510464,60,0.15558528727265084
60,2103,1033,68,2.7307769946156712,60,0.7477076162899134
60,2103,1034,52,2.0501361449784836,52,0.5417517653007555
60,2103,1034,58,2.019689949860971,58,0.2099604155289816
60,2103,1034,59,2.252363543063116,59,0.12044475093950965
60,2103,1034,60,2.3462438270766834,60,0.12023375662981667
60,2103,1034,61,2.3224481467479716,60,0.152599183810725
60,2103,1034,62,2.5883582074118006,60,0.15394985671321595
60,2103,1034,68,2.1501024115181853,60,0.7384704067899471
60,2103,1035,52,1.1399273127169693,52,0.5145035397878229
60,2103,1035,58,70.73458976987789,58,0.06137736818321131
60,2103,1035,59,343.0443036575207,59,0.03555550781765733
60,2103,1035,60,840.9961742147749,60,0.0272033002800602
60,2103,1035,61,181.2614136801644,60,0.05190451271643332
60,2103,1035,62,81.43559644340526,60,0.08477920606138001
60,2103,1035,68,3.531270846055807,60,0.5731025927458171
60,2103,1036,52,2.2593153650973212,52,0.33413144295662955
60,2103,1036,58,55.18305106477969,58,0.060016328334286134
60,2103,1036,59,388.2950965659679,59,0.02173531055731441
60,2103,1036,60,137.50368227185461,60,0.010045665948306842
60,2103,1036,61,78.01564499444773,60,0.014853976849666769
60,2103,1036,62,3.8230562394432765,60,0.06738194239266446
60,2103,1036,68,2.9555937639289076,60,0.6156636268078837
60,2103,1037,52,3.314041130519456,52,0.6618749360208337
60,2103,1037,58,5.061783842732618,58,0.2421457476742911
60,2103,1037,59,11.408918072655265,59,0.13361423193313476
60,2103,1037,60,205.25673923579353,60,0.09058917177342354
60,2103,1037,61,49.39111490495932,60,0.1823350927342643
60,2103,1037,62,30.202774399043182,60,0.23453991233634078
60,2103,1037,68,7.414381347618177,60,0.5800676218190762
60,2103,1038,52,1.5852807504108128,52,0.6670127028742635
60,2103,1038,58,7.868207429565058,58,0.1827789253116022
60,2103,1038,59,5.346415134013759,59,0.13874944396369324
60,2103,1038,60,65.91018640278065,60,0.09523661051594082
60,2103,1038,61,20.271245313756737,60,0.12661476954437986
60,2103,1038,62,8.521057010886063,60,0.3407128020935923
60,2103,1038,68,4.236117134104319,60,0.6683503150938565
60,2103,1039,52,3.531741348851931,52,0.612868860772682
60,2103,1039,58,6.3144641577614875,58,0.23215569978439418
60,2103,1039,59,10.580569502934171,59,0.1726468775475258
60,2103,1039,60,75.46588628794247,60,0.0853274124233527
60,2103,1039,61,75.53994121849989,60,0.09058108436741685
60,2103,1039,62,66.78754188494663,60,0.10292059890240465
60,2103,1039,68,4.779852999719993,60,0.44851607633321683
60,2103,1040,52,1.9641302561776073,52,0.6579546993280397
60,2103,1040,58,7.849411570938568,58,0.32857361706785443
60,2103,1040,59,6.665786822247776,59,0.29534724572773163
60,2103,1040,60,5.757640378243549,60,0.10519191317023623
60,2103,1040,61,5.734244094920096,60,0.13093097638060974
60,2103,1040,62,5.748593517594159,60,0.26157606562852614
60,2103,1040,68,3.091164708226586,60,0.6519401649363078
60,2103,1041,52,1.5634880696887707,52,0.9111764113432357
60,2103,1041,58,8.807647784457512,58,0.3672224788445297
60,2103,1041,59,34.80218609287202,59,0.19039798502521701
60,2103,1041,60,34.58260322535451,60,0.1708137019500558
60,2103,1041,61,30.21937297403502,60,0.1787020577663439
60,2103,1041,62,17.403161479693154,60,0.17937099257579942
60,2103,1041,68,3.359888352000413,60,0.7632357279323149
60,2103,1042,52,1.3262936300444712,52,1.0657663215044253
60,2103,1042,58,9.70179060900908,58,0.2551543473154079
60,2103,1042,59,6.164773384225615,59,0.20015273483991022
60,2103,1042,60,11.899802981541926,60,0.0753856782104981
60,2103,1042,61,9.183242672995927,60,0.1072429493060835
60,2103,1042,62,7.041057100875708,60,0.1971052836586037
60,2103,1042,68,1.3599493595447956,60,0.75619579191769
60,2103,1043,52,1.3309939734112752,52,0.5377842780042686
60,2103,1043,58,2.784828822526013,58,0.4302883211864535
60,2103,1043,59,3.1459447332492894,59,0.4273693709843392
60,2103,1043,60,2.414992105896085,60,0.348657893507588
60,2103,1043,61,2.598496534827103,60,0.34935852649478666
60,2103,1043,62,2.617724573594693,60,0.3588776255016585
60,2103,1043,68,3.8265842235587124,60,0.7004100666612049
60,2103,1044,52,1.0025344555712086,52,0.6765824658679006
60,2103,1044,58,1.9800226032988884,58,0.3661758013062399
60,2103,1044,59,1.9653411619239782,59,0.19548889747312512
60,2103,1044,60,13.069738510492417,60,0.15770228590195154
60,2103,1044,61,4.617188956400398,60,0.22576933640860922
60,2103,1044,62,4.155512231362231,60,0.2304844497076559
60,2103,1044,68,2.5488172185486904,60,0.5930706962259756
60,2103,1045,52,1.913168930060758,52,0.5970249323779416
60,2103,1045,58,19.851590143867824,58,0.16900676804229256
60,2103,1045,59,20.560916210956638,59,0.16632609502664583
60,2103,1045,60,19.99182367134441,60,0.09984021710136821
60,2103,1045,61,11.328911640005622,60,0.15749051151308716
60,2103,1045,62,3.049487232215821,60,0.18932494401246272
60,2103,1045,68,2.9156443583853897,60,0.5750881836377961
60,2103,1046,52,2.940108711240651,52,0.5266084436701091
60,2103,1046,58,2.9407770849672685,58,0.1395228765122326
60,2103,1046,59,19.996686039732335,59,0.045482975078051435
60,2103,1046,60,479.43091928430505,60,0.027193989721423267
60,2103,1046,61,8.158006588233008,60,0.21280877561878148
60,2103,1046,62,4.192880040159683,60,0.22440495692708368
60,2103,1046,68,3.3207340605309,60,0.6450389457525091
60,2103,1047,52,2.184662077088159,52,0.6341643647927974
60,2103,1047,58,7.22431847204074,58,0.24903392937030686
60,2103,1047,59,23.41459185206736,59,0.186201197429071
60,2103,1047,60,22341.568236098876,60,0.002885438307361382
60,2103,1047,61,56.9439635987889,60,0.12301118530411921
60,2103,1047,62,43.86322509364279,60,0.1382708479289268
60,2103,1047,68,5.792547930683725,60,0.6988464271922519
60,2103,1048,52,1.4273817388078418,52,0.8630118530939961
60,2103,1048,58,5.409424635135563,58,0.23034796951567105
60,2103,1048,59,5.40533235580403,59,0.06867916235302116
60,2103,1048,60,3.499385358344008,60,0.0685281221098401
60,2103,1048,61,3.430374631116505,60,0.11857573484949575
60,2103,1048,62,2.8291598680646053,60,0.4142931905721956
60,2103,1048,68,2.7034186852503197,60,0.7324226167869505
60,2103,1049,52,3.5277059002856865,52,0.6660362827831275
60,2103,1049,58,4.993842712457202,58,0.42566244966028777
60,2103,1049,59,5.971515242167968,59,0.30593346984835174
60,2103,1049,60,558.3659705017811,60,0.03605733364445631
60,2103,1049,61,469.4708829488104,60,0.03874330008129998
60,2103,1049,62,30.062799953428343,60,0.19032147572551036
60,2103,1049,68,7.5756598271600915,60,0.47224040620660357
60,2103,1050,52,1.381072505625024,52,0.7481620039877378
60,2103,1050,58,12.791078539420571,58,0.2004446846093795
60,2103,1050,59,5.2150758953716005,59,0.15776180699776854
60,2103,1050,60,4.3230952904744315,60,0.08599034394735994
60,2103,1050,61,4.157239303013177,60,0.23332409307522614
60,2103,1050,62,3.9229161150418768,60,0.23446484174337465
60,2103,1050,68,3.7374075294748956,60,0.6547547158614706
60,2103,1051,52,1.7841895125141825,52,0.8380408664922429
60,2103,1051,58,7.853627223931067,58,0.24005190272401525
60,2103,1051,59,7.33992667506807,59,0.22822595789100317
60,2103,1051,60,6.300040298535675,60,0.17505172412406503
60,2103,1051,61,4.806783602009884,60,0.24712432653981067
60,2103,1051,62,4.267038961277518,60,0.3707997005503927
60,2103,1051,68,2.5478315990190152,60,0.675897751910979
60,2103,1052,52,1.9243929712291197,52,0.7653969127956962
60,2103,1052,58,3.023694630886914,58,0.21778629697876672
60,2103,1052,59,6.538367253182881,59,0.2163111535609667
60,2103,1052,60,6.639510698536304,60,0.19142142532004253
60,2103,1052,61,6.490391620978404,60,0.29604913946507516
60,2103,1052,62,5.132785260769943,60,0.3014277019016019
60,2103,1052,68,3.121089527083043,60,0.7824839585309021
60,2103,1053,52,4.074343070473725,52,0.6847586746938933
60,2103,1053,58,9.82413988612172,58,0.15345169370922376
60,2103,1053,59,21.51705229709657,59,0.049028907831415766
60,2103,1053,60,22299.324125808693,60,0.005199118597960522
60,2103,1053,61,117.85407360385854,60,0.07821053757914079
60,2103,1053,62,115.39205848412826,60,0.07873334059815064
60,2103,1053,68,7.214584173475455,60,0.4192534215831798
60,2103,1054,52,2.9687607968425076,52,0.6385700110028765
60,2103,1054,58,10.478648049070815,58,0.188107758300422
60,2103,1054,59,25.20883822465864,59,0.1134283421305714
60,2103,1054,60,128.41336246761603,60,0.030513273516703656
60,2103,1054,61,102.1584930850376,60,0.04666042550867996
60,2103,1054,62,21.174554862417487,60,0.10498546756873971
60,2103,1054,68,2.586570493731021,60,0.7108779887278189
60,2103,1055,52,1.4085147883025062,52,0.9170072479354477
60,2103,1055,58,5.833298465962925,58,0.33396040802267696
60,2103,1055,59,272.5206519984333,59,0.036508607163958394
60,2103,1055,60,29.1639763806759,60,0.02628453385315424
60,2103,1055,61,10.920656208880109,60,0.081319157759881
60,2103,1055,62,5.484693078331376,60,0.08238853471771077
60,2103,1055,68,3.090116354538009,60,0.7388591323920749
60,2103,1056,52,1.258722455897838,52,0.6617729873314339
60,2103,1056,58,2.032695440188412,58,0.3018305609969912
60,2103,1056,59,21.520789184959757,59,0.07297864022792658
60,2103,1056,60,16.463676833714906,60,0.048069792732451086
60,2103,1056,61,16.466410779012865,60,0.05752642241424422
60,2103,1056,62,3.8925831883906743,60,0.218563663510306
60,2103,1056,68,2.274614852829121,60,0.48628557779845333
60,2103,1057,52,1.034410793460362,52,0.8118015000693415
60,2103,1057,58,2.9703336829350944,58,0.3078950111290198
60,2103,1057,59,94.50906505842872,59,0.08089972026558832
60,2103,1057,60,108.42122004011568,60,0.07377552948916052
60,2103,1057,61,96.32373666239118,60,0.0790356118211308
60,2103,1057,62,71.75944747573854,60,0.09067673478255348
60,2103,1057,68,5.858191912891216,60,0.48728545802573
60,2103,1058,52,0.9889382919574959,52,0.9143956627177435
60,2103,1058,58,38.02717216614102,58,0.11505879887890415
60,2103,1058,59,60.231063343535816,59,0.10768996267895138
60,2103,1058,60,88.15620856410379,60,0.073146732321929
60,2103,1058,61,24.78347971132547,60,0.15229639062784167
60,2103,1058,62,23.01753419991104,60,0.15550388001253576
60,2103,1058,68,3.0884812109697055,60,0.5660671259332292
60,2103,1059,52,3.076464457046525,52,0.7353080487343779
60,2103,1059,58,63.07476922242936,58,0.14243816091839345
60,2103,1059,59,148.19860071143347,59,0.11740831274007647
60,2103,1059,60,30.523050197128008,60,0.08569815252689442
60,2103,1059,61,10.586174710825198,60,0.2795267066503176
60,2103,1059,62,10.617460194938033,60,0.45128252555573645
60,2103,1059,68,4.578542918751782,60,0.760903052306149
60,2103,1060,52,0.9902374416556343,52,0.7375064420279016
60,2103,1060,58,3.7921662503957934,58,0.18874041575151257
60,2103,1060,59,3.8231016711448462,59,0.18309684186727393
60,2103,1060,60,2.598627390344843,60,0.1512158237185626
60,2103,1060,61,2.298165376147276,60,0.17433957781165973
60,2103,1060,62,2.500392744233335,60,0.1775696717254377
60,2103,1060,68,2.165366414061971,60,0.8166224927287288
60,2103,1061,52,2.022953605135135,52,0.40048442357027336
60,2103,1061,58,54.78817984724298,58,0.10950109282184912
60,2103,1061,59,72.93344621231506,59,0.06488768180031858
60,2103,1061,60,832.9998968177146,60,0.03153336872042448
60,2103,1061,61,26.048349488112326,60,0.0931390193868968
60,2103,1061,62,20.120989143847172,60,0.1434411858464718
60,2103,1061,68,5.931377434561232,60,0.8235390946594714
60,2103,1062,52,1.6207047501458962,52,0.6239070901240267
60,2103,1062,58,7.723716570579119,58,0.09505314036170869
60,2103,1062,59,15.038113970666371,59,0.05945549172231917
60,2103,1062,60,120.62035426238477,60,0.01661364675762661
60,2103,1062,61,3.755461717352522,60,0.3273247431404339
60,2103,1062,62,3.4049461652411543,60,0.3296761291973485
60,2103,1062,68,2.679462513904052,60,0.8120062138780907
60,2103,1063,52,1.85650612606493,52,0.6549694473041393
60,2103,1063,58,7.089838284977259,58,0.2632739663555007
60,2103,1063,59,48.144999137498665,59,0.02091565176945168
60,2103,1063,60,16.17846041464128,60,0.008048537182079419
60,2103,1063,61,4.246859260926902,60,0.18502344628080575
60,2103,1063,62,3.418704066738094,60,0.18854494602333513
60,2103,1063,68,2.1490900173847094,60,0.5166533310796348
60,2103,1064,52,3.569830233594638,52,0.5729435267349099
60,2103,1064,58,6.742316794405938,58,0.2562957302895107
60,2103,1064,59,65.56511539318416,59,0.080859597261992
60,2103,1064,60,878.7218650043965,60,0.012051909239918222
60,2103,1064,61,18.169724831684338,60,0.15992334487968415
60,2103,1064,62,17.937406802798275,60,0.17043016424802795
60,2103,1064,68,3.8178199454954234,60,0.7470718286910463
60,2103,1065,52,1.0012210170815594,52,0.797617060155086
60,2103,1065,58,755.1564635590347,58,0.03221555965303747
60,2103,1065,59,533.120509901549,59,0.024707752027018207
60,2103,1065,60,3527.352115008885,60,0.010598942783988612
60,2103,1065,61,22.087292725859758,60,0.19482330797278252
60,2103,1065,62,7.295684228943853,60,0.37872053041403175
60,2103,1065,68,3.1946284055256173,60,0.7750743306253826
60,2103,1066,52,1.9482185021143754,52,0.9390672057728318
60,2103,1066,58,4.0821837853928935,58,0.2826145508953392
60,2103,1066,59,5.044182756900786,59,0.20824578727111442
60,2103,1066,60,5.247646642454256,60,0.16059204665727467
60,2103,1066,61,5.154179902676023,60,0.16716619748682768
60,2103,1066,62,3.8253508468144792,60,0.25863276580026845
60,2103,1066,68,3.833671479695348,60,0.817418991392318
60,2103,1067,52,4.233987592444827,52,0.8023830858640681
60,2103,1067,58,15.05700666490326,58,0.42948396770665564
60,2103,1067,59,27.067523417093383,59,0.17694840985953125
60,2103,1067,60,25.540711274347334,60,0.12641289830142044
60,2103,1067,61,25.579880780856453,60,0.207037094341003
60,2103,1067,62,23.641474290460536,60,0.21819343628043508
60,2103,1067,68,8.516675187757036,60,0.6090326169957794
60,2103,1068,52,1.600791223937426,52,0.7478620749327488
60,2103,1068,58,6.689025819537814,58,0.3076273929924206
60,2103,1068,59,11.360655769998043,59,0.214532153210647
60,2103,1068,60,7.419091975740668,60,0.1756229364938958
60,2103,1068,61,6.316475103732485,60,0.2480293314970379
60,2103,1068,62,6.0535354797249745,60,0.27789877356104503
60,2103,1068,68,4.153549575748871,60,0.62833210209064
60,2103,1069,52,1.4676165733128512,52,0.6467070031467689
60,2103,1069,58,3.2517525570339973,58,0.379544405135835
60,2103,1069,59,74.5390017170824,59,0.13379889716829338
60,2103,1069,60,52.35020012508945,60,0.10754515342607397
60,2103,1069,61,21.222005986317253,60,0.23974217172895132
60,2103,1069,62,14.847677024979706,60,0.2737624080193559
60,2103,1069,68,5.338090109087812,60,0.6484247302036676
60,2103,1070,52,1.9148258308860218,52,0.8112197702597617
60,2103,1070,58,2.335966248088097,58,0.4670222557674101
60,2103,1070,59,2.384485113060913,59,0.2633276499065432
60,2103,1070,60,3.965470770900953,60,0.1621958417402334
60,2103,1070,61,2.8346388773136573,60,0.2757196733520586
60,2103,1070,62,2.9619738108473896,60,0.28046048092428966
60,2103,1070,68,2.267381382941777,60,0.7597841725950042
60,2103,1071,52,2.5017659966747936,52,0.8758447895729843
60,2103,1071,58,102.00037180035524,58,0.053897428546522456
60,2103,1071,59,108.14353475266762,59,0.0352574584658997
60,2103,1071,60,137.7460065333184,60,0.016810503992261992
60,2103,1071,61,13.03383490152569,60,0.13347356460913185
60,2103,1071,62,13.035646898285771,60,0.15210078879535524
60,2103,1071,68,6.769975543521961,60,0.5574159591090975
60,2103,1072,52,1.4081080775699308,52,0.9657809210837112
60,2103,1072,58,3.760488750305697,58,0.3711036843316825
60,2103,1072,59,4.664368191463586,59,0.2986167848462651
60,2103,1072,60,30.66097470826116,60,0.03380497889653633
60,2103,1072,61,3.8040066908938073,60,0.09150319952809507
60,2103,1072,62,3.359349535086008,60,0.2561051226884312
60,2103,1072,68,3.419927953429433,60,0.6191495045715631
60,2103,1073,52,2.7090969647527667,52,0.5842562954569785
60,2103,1073,58,128.3488630493198,58,0.12869339008556382
60,2103,1073,59,146.51145990926213,59,0.09526048957474643
60,2103,1073,60,52.90094600128692,60,0.02540581258474494
60,2103,1073,61,50.85892604177677,60,0.03226549789938827
60,2103,1073,62,48.09306808025369,60,0.03292968209420824
60,2103,1073,68,6.8013192493386745,60,0.5868876567929904
60,2103,1074,52,1.8467520148012058,52,0.79258976064863
60,2103,1074,58,4.110930854466099,58,0.22462934563823492
60,2103,1074,59,52.68693553563433,59,0.14990135641473715
60,2103,1074,60,55.758066474526636,60,0.14861289789062118
60,2103,1074,61,47.613915239616375,60,0.15134336573087837
60,2103,1074,62,47.41349958855839,60,0.15260061459702565
60,2103,1074,68,3.0096969095190116,60,0.6526595613186857
60,2103,1075,52,1.3409970804991216,52,0.7928072969267663
60,2103,1075,58,4.638134320383415,58,0.32303048467984696
60,2103,1075,59,5.167505689247457,59,0.20474187978216113
60,2103,1075,60,218.2144342636785,60,0.047153345999862734
60,2103,1075,61,120.42724496333258,60,0.05903738145840083
60,2103,1075,62,117.09341366733973,60,0.05919439815701171
60,2103,1075,68,2.647717796258372,60,0.705781934297545
60,2103,1076,52,3.357012996941738,52,0.6042235676693146
60,2103,1076,58,7.088463288198419,58,0.2567982104982178
60,2103,1076,59,11.471827313241,59,0.12216857356725988
60,2103,1076,60,9938.45605536159,60,0.006607088835984605
60,2103,1076,61,3043.031312472115,60,0.012327234891576597
60,2103,1076,62,194.5323001056856,60,0.04820566887142153
60,2103,1076,68,3.4369535518854955,60,0.6985559700614411
60,2103,1077,52,3.645198210069191,52,0.4110275915432309
60,2103,1077,58,10.517438776562681,58,0.2087886110126847
60,2103,1077,59,14.591532380242692,59,0.20657377855757264
60,2103,1077,60,14.323486782492358,60,0.06558915593928467
60,2103,1077,61,9.535642104465914,60,0.10850658414632695
60,2103,1077,62,8.603058496256333,60,0.2061433783533767
60,2103,1077,68,4.23449033436939,60,0.6230916804353351
60,2103,1078,52,3.7795704519739424,52,0.6622114631581588
60,2103,1078,58,67.51913079533776,58,0.12196290000643478
60,2103,1078,59,262.53383208958195,59,0.04122837549660011
60,2103,1078,60,19.888071902017533,60,0.017259106797746917
60,2103,1078,61,14.179307244111175,60,0.05431211678274265
60,2103,1078,62,11.899499460388965,60,0.25405634045827813
60,2103,1078,68,3.7699699656691616,60,0.5548664005302254
60,2103,1079,52,1.5206648630898327,52,0.5669897256272785
60,2103,1079,58,16.63869159078258,58,0.1909007318886424
60,2103,1079,59,9.581141489056058,59,0.12322780131452683
60,2103,1079,60,14.30113462027831,60,0.1195161261981293
60,2103,1079,61,5.812940223567213,60,0.16530541227768683
60,2103,1079,62,5.192490909057147,60,0.16530541755498057
60,2103,1079,68,1.9519745070178234,60,0.7304498256290819
60,2103,1080,52,2.1009761080352445,52,0.78800487066874
60,2103,1080,58,3.116951081000782,58,0.43643175755062846
60,2103,1080,59,4523.287899559542,59,0.01600788537906962
60,2103,1080,60,4546.397465010955,60,0.015963354379103106
60,2103,1080,61,50.83430819739758,60,0.1614088012183088
60,2103,1080,62,33.046450446313926,60,0.20045649157974904
60,2103,1080,68,4.1084920120660655,60,0.7265524526675081
60,2103,1081,52,3.2160366577461112,52,0.7519915747202113
60,2103,1081,58,12.903609661894395,58,0.20302971597327016
60,2103,1081,59,12.270029717969708,59,0.1658412078065915
60,2103,1081,60,99.75746347675519,60,0.026339777075973448
60,2103,1081,61,60.46625254745381,60,0.03726595133102625
60,2103,1081,62,10.233805158411492,60,0.07907617795089425
60,2103,1081,68,3.8696246428861487,60,0.8141600781536005
60,2103,1082,52,2.454104017937048,52,0.9458408583647026
60,2103,1082,58,3.873076911178212,58,0.3477414889282229
60,2103,1082,59,5.049470159051164,59,0.17987723374727568
60,2103,1082,60,4.4911694085313325,60,0.14785167025736953
60,2103,1082,61,3.1296067612405616,60,0.3072921211691351
60,2103,1082,62,3.1692420275253017,60,0.32974391081152093
60,2103,1082,68,3.2093680798429545,60,0.7148850030847775
60,2103,1083,52,1.5765023030383618,52,0.6233172979592452
60,2103,1083,58,4.613924106300146,58,0.3774011193059111
60,2103,1083,59,6.55932611462526,59,0.20934241110122512
60,2103,1083,60,11.133243627875952,60,0.20911578136367154
60,2103,1083,61,11.124411896711427,60,0.20924673247184863
60,2103,1083,62,9.329841754525013,60,0.29980948280446434
60,2103,1083,68,3.0166700875548003,60,0.6511451804678149
60,2103,1084,52,1.327502464649179,52,0.6972745188153288
60,2103,1084,58,3.374423067581625,58,0.2747869854361393
60,2103,1084,59,3.4820500052795404,59,0.23929605843449275
60,2103,1084,60,7.157020504238576,60,0.07441102198810191
60,2103,1084,61,5.824967675303555,60,0.13316186868469804
60,2103,1084,62,5.579962903538096,60,0.14651416635878034
60,2103,1084,68,2.4284764501868006,60,0.46501679197480683
60,2103,1085,52,1.9560533987340487,52,0.5210840589588296
60,2103,1085,58,3.7965757532873954,58,0.34480294490694907
60,2103,1085,59,3.2425727693185524,59,0.28617047138711454
60,2103,1085,60,4.24087726588437,60,0.07861267829261681
60,2103,1085,61,2.8969171652713257,60,0.25426111524661543
60,2103,1085,62,2.965040473886896,60,0.3032953887919925
60,2103,1085,68,3.401589073084725,60,0.698953357316786
60,2103,1086,52,3.775272272791263,52,0.544006662354107
60,2103,1086,58,7.805007107646691,58,0.22995043037533228
60,2103,1086,59,13.531062137996784,59,0.1921938555523716
60,2103,1086,60,136.58783447134283,60,0.044910805334656224
60,2103,1086,61,12.744713420609814,60,0.18131575799686547
60,2103,1086,62,9.789992774559318,60,0.19426946181322446
60,2103,1086,68,3.25895568134634,60,0.42204742101333176
60,2103,1087,52,1.4380920208889947,52,0.9515254650843155
60,2103,1087,58,4.070204686511922,58,0.39056591475590224
60,2103,1087,59,3.6709588084271636,59,0.26793657186062814
60,2103,1087,60,3.6398753698837085,60,0.0684259424864793
60,2103,1087,61,4.170824145025582,60,0.18853818014923482
60,2103,1087,62,4.762502125944117,60,0.3314881003746315
60,2103,1087,68,3.718779117541963,60,0.654633805700469
60,2103,1088,52,0.763406313451958,52,0.7695231639032878
60,2103,1088,58,54.34422925772072,58,0.14138495823889308
60,2103,1088,59,54.53807754815519,59,0.14044571133354053
60,2103,1088,60,29.884285623544443,60,0.05280362923410714
60,2103,1088,61,29.583328624186517,60,0.07366363714421073
60,2103,1088,62,15.186662610808783,60,0.08629829658303295
60,2103,1088,68,7.765580276134288,60,0.5625141614888157
60,2103,1089,52,0.969732177534127,52,0.8459998977357125
60,2103,1089,58,4.8069909577539205,58,0.40260276422849745
60,2103,1089,59,4.592747306411942,59,0.22473945101433324
60,2103,1089,60,4.776320957980078,60,0.22465307086862377
60,2103,1089,61,4.547405411940083,60,0.29320984188733834
60,2103,1089,62,3.2587304764014307,60,0.3000780349210269
60,2103,1089,68,2.8064560027493792,60,0.6605731365873836
60,2103,1090,52,1.1583162242333498,52,0.75746586253754
60,2103,1090,58,2.046962525676247,58,0.10055654327655135
60,2103,1090,59,1.5492858824589246,59,0.10004629392115053
60,2103,1090,60,1.7137309888627086,60,0.09733256467843027
60,2103,1090,61,1.2951272695769644,60,0.31289517719239646
60,2103,1090,62,1.2394990236360188,60,0.3241604572709036
60,2103,1090,68,1.6180518836914357,60,0.5024574952632344
60,2103,1091,52,1.0780829118274804,52,0.9916511062464508
60,2103,1091,58,5.17031809028037,58,0.314513409067358
60,2103,1091,59,6.66929052676282,59,0.2785231205699231
60,2103,1091,60,13.717285516615506,60,0.26583938883955577
60,2103,1091,61,4.594165914567053,60,0.38539930816110307
60,2103,1091,62,3.892829596133682,60,0.3867521693485573
60,2103,1091,68,2.904394697085444,60,0.9246226266449739
60,2103,1092,52,1.7955568897475616,52,0.5296768811148727
60,2103,1092,58,1.8994627940550637,58,0.22797795230644854
60,2103,1092,59,2.1004982344414316,59,0.16380128934405966
60,2103,1092,60,1.8729678574434956,60,0.0772512170165499
60,2103,1092,61,1.8624566579385677,60,0.1768162098459035
60,2103,1092,62,1.6674742393874389,60,0.3478001710616377
60,2103,1092,68,2.211852625594519,60,0.5573170684989732
60,2103,1093,52,1.2318378992908747,52,0.5372930583040811
60,2103,1093,58,6.891344197698515,58,0.24840884694058588
60,2103,1093,59,108.54736583916808,59,0.08630307203584925
60,2103,1093,60,356.8764335460522,60,0.04930556831211746
60,2103,1093,61,47.0023588902185,60,0.17895918586576326
60,2103,1093,62,37.71402349771838,60,0.20192676691497166
60,2103,1093,68,8.763496441986076,60,0.3935394924384042
60,2103,1094,52,2.4952458843375243,52,0.6071641204504745
60,2103,1094,58,9.35139016115035,58,0.16410761049953268
60,2103,1094,59,15.297039104024527,59,0.13809294195298613
60,2103,1094,60,26.506247879806992,60,0.09419401463682442
60,2103,1094,61,24.056066371938517,60,0.09547756248223452
60,2103,1094,62,16.349577233221346,60,0.11594492394521085
60,2103,1094,68,3.2472660719176565,60,0.4906073091495957
60,2103,1095,52,2.490315731936218,52,0.8208991994629491
60,2103,1095,58,7.72996598879944,58,0.322539218906488
60,2103,1095,59,169.77483869651428,59,0.051478409833947324
60,2103,1095,60,718.3985310923767,60,0.03860874132725793
60,2103,1095,61,32.864826370501845,60,0.19350191396650135
60,2103,1095,62,12.162915618929402,60,0.3378766046969479
60,2103,1095,68,3.5081972410567324,60,0.6258669652275245
60,2103,1096,52,1.0451097494770782,52,0.8859362951106649
60,2103,1096,58,4.565730216736761,58,0.39968169963223577
60,2103,1096,59,4.076698064683374,59,0.23846491829395575
60,2103,1096,60,13.968868197402072,60,0.07254684065509513
60,2103,1096,61,14.135652134882747,60,0.07697043539987514
60,2103,1096,62,2.822160428291787,60,0.21095401708148276
60,2103,1096,68,2.280607278210158,60,0.8002588142260227
60,2103,1097,52,1.0976103804325472,52,0.8154952833122964
60,2103,1097,58,30.724307705963874,58,0.11294749705672741
60,2103,1097,59,55.72669177473097,59,0.07363214652925686
60,2103,1097,60,73.0819094367267,60,0.04838649170308764
60,2103,1097,61,14.712485453732336,60,0.06103342060457408
60,2103,1097,62,7.294707009846897,60,0.20452193464013646
60,2103,1097,68,1.387279464831548,60,0.5635460103031911
60,2103,1098,52,1.1856470922044928,52,0.5828779562945391
60,2103,1098,58,6.164886301190791,58,0.439818054832659
60,2103,1098,59,6.508060779077676,59,0.12737132594948156
60,2103,1098,60,6.4829227319494045,60,0.12733001276672498
60,2103,1098,61,5.99388068666851,60,0.15028340554859537
60,2103,1098,62,4.487848358947375,60,0.17163357935096227
60,2103,1098,68,3.4122328641960773,60,0.6823166471094385
60,2103,1099,52,1.7323212455894677,52,0.6642696147097976
60,2103,1099,58,61.86661423286013,58,0.22798901482872802
60,2103,1099,59,75.19301973518313,59,0.17457762665409282
60,2103,1099,60,92.57639346739602,60,0.1626507851228844
60,2103,1099,61,77.16392085235768,60,0.1751859287384075
60,2103,1099,62,23.761717526626896,60,0.18156234630024268
60,2103,1099,68,6.009531452267278,60,0.6087803960552618
60,2103,1100,52,2.840175908148036,52,0.7436729575050652
60,2103,1100,58,3.5105652646162686,58,0.14677742414581732
60,2103,1100,59,25.311182673943456,59,0.11647050439118088
60,2103,1100,60,13.214366716922394,60,0.0953419467217618
60,2103,1100,61,12.750237157481807,60,0.10662816502056381
60,2103,1100,62,11.832582679478854,60,0.1365743791520276
60,2103,1100,68,4.759412987209991,60,0.6229478506018279
60,2103,1101,52,1.972406616675093,52,0.8250676405143726
60,2103,1101,58,11.512671353773305,58,0.2657511743079529
60,2103,1101,59,63.891535460695074,59,0.08412274637032167
60,2103,1101,60,68.87757327679452,60,0.07871817005321353
60,2103,1101,61,32.838835975479924,60,0.14752260028996583
60,2103,1101,62,21.477313219136175,60,0.25277315966290126
60,2103,1101,68,7.705688136592676,60,0.4581410307194141
60,2103,1102,52,2.0281276756642006,52,0.5611590926487471
60,2103,1102,58,42.05298865880019,58,0.10103912938763168
60,2103,1102,59,38.327855163894924,59,0.09321103426520622
60,2103,1102,60,430.4980936241549,60,0.011214886574277591
60,2103,1102,61,28.053344551103343,60,0.14065771229910232
60,2103,1102,62,15.628316359937159,60,0.15490218762377023
60,2103,1102,68,3.3926753018765723,60,0.6406364347969555
60,2103,1103,52,1.250351982000964,52,0.6507830728102
60,2103,1103,58,14.642024412097971,58,0.37579783416580537
60,2103,1103,59,21.704645364367305,59,0.2814611168440367
60,2103,1103,60,26.1725444498761,60,0.2189897843044704
60,2103,1103,61,9.956693057407914,60,0.26125551512278533
60,2103,1103,62,9.793169892593395,60,0.2963536941881324
60,2103,1103,68,3.8903372020414966,60,0.7204951401469064
60,2103,1104,52,1.4554330312210735,52,0.562766505282196
60,2103,1104,58,53.33555419816512,58,0.18165207920882473
60,2103,1104,59,47.77612349724359,59,0.15682605127713928
60,2103,1104,60,61.99132617458198,60,0.141605153460947
60,2103,1104,61,16.728447645268663,60,0.2607233286264454
60,2103,1104,62,2.5527733324271376,60,0.41119433920954795
60,2103,1104,68,2.586908352090522,60,0.7435320733271679
60,2103,1105,52,1.338630533069103,52,0.5524312387648074
60,2103,1105,58,3.54737775370573,58,0.2638085588543181
60,2103,1105,59,3.6343694788666228,59,0.19878135617399975
60,2103,1105,60,592.7469527342421,60,0.020440724774303858
60,2103,1105,61,8.011150728829307,60,0.2513104608885538
60,2103,1105,62,6.500664725022014,60,0.2864636801415986
60,2103,1105,68,2.2494556831219312,60,0.6338651287673283
60,2103,1106,52,4.32495129754682,52,0.540962261458155
60,2103,1106,58,24.34196773622146,58,0.18280784215518786
60,2103,1106,59,27.833364618725284,59,0.05775083775213843
60,2103,1106,60,23.783864292808353,60,0.0569734753204114
60,2103,1106,61,23.222216387048572,60,0.127242909256016
60,2103,1106,62,18.97689886774125,60,0.1296962391433987
60,2103,1106,68,3.5460779386147427,60,0.5367932077388011
60,2103,1107,52,1.468206926765214,52,0.7219328432622659
60,2103,1107,58,9.293087566123871,58,0.31698735406233924
60,2103,1107,59,9.794846570924197,59,0.2612368408918726
60,2103,1107,60,29.724658949226363,60,0.16285343155884213
60,2103,1107,61,2.6082534017245735,60,0.23544655995094899
60,2103,1107,62,2.1902867364090604,60,0.32560614319455405
60,2103,1107,68,2.1098238577996162,60,0.5277168912036073
60,2103,1108,52,3.308962282851651,52,0.777913438634452
60,2103,1108,58,16.871854114155052,58,0.13716214393984402
60,2103,1108,59,18.1170310029107,59,0.13697311376764237
60,2103,1108,60,57.20619072103444,60,0.10930525363153
60,2103,1108,61,14.277439288411152,60,0.24254528000417025
60,2103,1108,62,13.822522763936695,60,0.24403830745110797
60,2103,1108,68,3.28318191555971,60,0.5080564762918705
60,2103,1109,52,1.8881908187645944,52,0.7568674629018534
60,2103,1109,58,2.9205659608792405,58,0.3551257406338792
60,2103,1109,59,5.139647548363729,59,0.08084515247096835
60,2103,1109,60,130.59736295580967,60,0.048705902569271514
60,2103,1109,61,30.773681795817534,60,0.09558917938392654
60,2103,1109,62,9.692009293441558,60,0.14190029286623346
60,2103,1109,68,1.8871094150517866,60,0.7159206101220725
60,2103,1110,52,1.3662633723216322,52,0.7039901027869891
60,2103,1110,58,2.636899331809842,58,0.13745140515496249
60,2103,1110,59,3.1041708652293813,59,0.13124578673223736
60,2103,1110,60,3.4874847112097793,60,0.11167368202157718
60,2103,1110,61,2.9352316913853462,60,0.16837372930768885
60,2103,1110,62,2.790802447366601,60,0.1714962896296112
60,2103,1110,68,3.256835018683257,60,0.6322677659576741
60,2103,1111,52,1.722378953468746,52,0.40137069571758105
60,2103,1111,58,8.311653067572221,58,0.253695822753786
60,2103,1111,59,8.193527232822015,59,0.24028844602749935
60,2103,1111,60,84.02589671964655,60,0.107324508229494
60,2103,1111,61,54.67719151791194,60,0.13368199871844813
60,2103,1111,62,54.67363509331513,60,0.13476348261529955
60,2103,1111,68,7.854749614044276,60,0.4631199196443906
60,2103,1112,52,1.5596802784056536,52,0.5257679283693175
60,2103,1112,58,6.781150934106643,58,0.18331839918614853
60,2103,1112,59,9.010256347527305,59,0.12219503671867331
60,2103,1112,60,49.50255753046636,60,0.04010052311979843
60,2103,1112,61,10.29461803558277,60,0.08547394892807911
60,2103,1112,62,6.9736988706540375,60,0.18835754374580718
60,2103,1112,68,2.3325797008018587,60,0.5339652589625703
60,2103,1113,52,1.4627158972247487,52,0.7015344359137015
60,2103,1113,58,8.820530268133613,58,0.1607330857261158
60,2103,1113,59,724.5870506310648,59,0.019623003573322535
60,2103,1113,60,262.8816474065219,60,0.017375152804424632
60,2103,1113,61,61.6839444562885,60,0.027285263860064378
60,2103,1113,62,10.602742583896262,60,0.113839465363736
60,2103,1113,68,2.71550978705204,60,0.5619065363957395
60,2103,1114,52,1.8965091294276561,52,0.66732687043184
60,2103,1114,58,29.280841703046733,58,0.1596422671626319
60,2103,1114,59,22.163345559727745,59,0.14541127622143404
60,2103,1114,60,89.0831526506952,60,0.05989165198667965
60,2103,1114,61,38.86097956652822,60,0.12484641564907603
60,2103,1114,62,35.06559798578106,60,0.15494720523810052
60,2103,1114,68,9.518651738795645,60,0.357778938794441
60,2103,1115,52,2.062399144563675,52,0.5688393317841678
60,2103,1115,58,2.740654346106985,58,0.36341367044338324
60,2103,1115,59,2.839736341745298,59,0.32413941585894834
60,2103,1115,60,2.8693029283375036,60,0.1381449445139916
60,2103,1115,61,3.1221894622547994,60,0.3825988922982748
60,2103,1115,62,3.1162889866346632,60,0.3899687152115682
60,2103,1115,68,2.529928552820428,60,0.6057495226497273
60,2103,1116,52,2.405147102496741,52,0.5994098503433041
60,2103,1116,58,42.91108831581059,58,0.08190189278592709
60,2103,1116,59,43.876304278398706,59,0.08182322915174964
60,2103,1116,60,53.26247438015504,60,0.07988328694742838
60,2103,1116,61,11.211467593619917,60,0.09643527838355435
60,2103,1116,62,6.1084773781759125,60,0.21928927702040837
60,2103,1116,68,3.5224128846743135,60,0.6133859900556902
60,2103,1117,52,1.6935250789472245,52,0.4796675745230083
60,2103,1117,58,3.1640836560840166,58,0.27623429269590116
60,2103,1117,59,3.173376296602998,59,0.19586609899850638
60,2103,1117,60,39.75500483333658,60,0.14154167615721366
60,2103,1117,61,19.990294933932226,60,0.17977692593333797
60,2103,1117,62,8.771507716827342,60,0.22676771338620394
60,2103,1117,68,2.792849669184764,60,0.8209665159290319
60,2103,1118,52,1.3933622889135335,52,0.5412378348993424
60,2103,1118,58,2.886451839631051,58,0.22436733878504328
60,2103,1118,59,1.258860937819519,59,0.19252194035965062
60,2103,1118,60,138.23820454104472,60,0.0681555742502457
60,2103,1118,61,5.519161298095757,60,0.19553913514125368
60,2103,1118,62,5.508283614733841,60,0.23026811228470503
60,2103,1118,68,1.9420155377564707,60,0.5502982381299591
60,2103,1119,52,1.688186155154137,52,0.8862519207505817
60,2103,1119,58,1.914194595000626,58,0.5082713413573694
60,2103,1119,59,2.333664518189518,59,0.5081428340318016
60,2103,1119,60,2.3377818582258896,60,0.14307880040974155
60,2103,1119,61,1.9027918472269187,60,0.14311087454483137
60,2103,1119,62,1.9048003756814054,60,0.3976629924626141
60,2103,1119,68,1.7454261075033703,60,0.929867214514472
60,2103,1120,52,1.2153597179800384,52,0.6900266237209508
60,2103,1120,58,11.188840919276029,58,0.30881101285127766
60,2103,1120,59,15.69916579441863,59,0.15887855629290096
60,2103,1120,60,31.956020818110808,60,0.09235513570056925
60,2103,1120,61,14.482624967232228,60,0.1776414603639271
60,2103,1120,62,12.787331567927259,60,0.28591307962934936
60,2103,1120,68,3.5054415862108765,60,0.7543119394081079
60,2103,1121,52,2.040756092928773,52,0.7099283976301054
60,2103,1121,58,2.231291309071061,58,0.4189513171220206
60,2103,1121,59,3.7958442334225255,59,0.4030399646119069
60,2103,1121,60,8.52710969409128,60,0.1689745019204918
60,2103,1121,61,7.735479424037055,60,0.18752746080762192
60,2103,1121,62,6.599116111936077,60,0.27706867786824513
60,2103,1121,68,3.7600791089526733,60,0.9390430274012608
60,2103,1122,52,2.2807837012720706,52,0.7037675151082528
60,2103,1122,58,6.914825906648903,58,0.15091507747985317
60,2103,1122,59,4.538919212156898,59,0.1044441257190712
60,2103,1122,60,4.849630300175296,60,0.030810003443493657
60,2103,1122,61,4.541624711318183,60,0.18587394864537465
60,2103,1122,62,2.7805962144803127,60,0.43690102377573314
60,2103,1122,68,2.60820053310776,60,0.9036097488726832
60,2103,1123,52,2.06721726690259,52,0.7573629691277524
60,2103,1123,58,27.246131658942453,58,0.2140899364921822
60,2103,1123,59,100.01838438704719,59,0.0868021141732186
60,2103,1123,60,116.65753110684763,60,0.059776131502515026
60,2103,1123,61,98.32604317583134,60,0.08109823768356213
60,2103,1123,62,80.61021731295251,60,0.2397318828549101
60,2103,1123,68,8.243725558877685,60,0.4529011957311598
60,2103,1124,52,1.3211396510938076,52,0.7122717881249269
60,2103,1124,58,13.884940523397407,58,0.11348189886010594
60,2103,1124,59,31.306854270697208,59,0.04115506998248982
60,2103,1124,60,32.73287445442066,60,0.03864433066672603
60,2103,1124,61,18.087623455811976,60,0.040783321850453746
60,2103,1124,62,2.6124151710129278,60,0.2756112371766398
60,2103,1124,68,1.7732237555973107,60,0.7660520033250335
60,2103,1125,52,2.8590024660703848,52,0.6933637229648122
60,2103,1125,58,9.917829032648312,58,0.16432867771336476
60,2103,1125,59,10.077897281015213,59,0.16430508392131374
60,2103,1125,60,3662.4830335930237,60,0.012558607469977067
60,2103,1125,61,722.0638555181259,60,0.02716987220819106
60,2103,1125,62,26.84394286397503,60,0.15744716275619097
60,2103,1125,68,2.7899630689238664,60,0.4566588260762387
60,2103,1126,52,1.1554111868031742,52,0.6575194266285062
60,2103,1126,58,1.0905917459134478,58,0.18911478521512037
60,2103,1126,59,1.3193916325847388,59,0.1578352268246367
60,2103,1126,60,7.033945096557258,60,0.09614706753189269
60,2103,1126,61,2.6967180770999346,60,0.25865279109301903
60,2103,1126,62,2.6708581078163496,60,0.2852113487323617
60,2103,1126,68,1.8929983681323557,60,0.616456440758521
60,2103,1127,52,2.467549144703124,52,0.5452476680836039
60,2103,1127,58,78.36227183899702,58,0.04684195310743259
60,2103,1127,59,14.47699490913401,59,0.04537814695345301
60,2103,1127,60,10.126850530444642,60,0.043026732763055485
60,2103,1127,61,6.217514514636423,60,0.08634408878018968
60,2103,1127,62,6.198138327418327,60,0.09338441957397954
60,2103,1127,68,2.695732404182117,60,0.9029670444028032
60,2103,1128,52,1.2103656005086667,52,0.904302313271195
60,2103,1128,58,122.26387579038351,58,0.09479329301736238
60,2103,1128,59,124.71296864621858,59,0.04910905827095483
60,2103,1128,60,123.77012481253581,60,0.049092056640319695
60,2103,1128,61,16.525208701137824,60,0.19656366096917288
60,2103,1128,62,4.792736581625808,60,0.45056838384748227
60,2103,1128,68,3.153224083720543,60,0.6121389920036309
60,2103,1129,52,1.576609851524658,52,0.7768137520940623
60,2103,1129,58,1.9187212551596158,58,0.30763370455254757
60,2103,1129,59,1.9426499445361174,59,0.240683424882668
60,2103,1129,60,1.9857632989008878,60,0.23697545714513688
60,2103,1129,61,1.9201880639651674,60,0.24742230837434154
60,2103,1129,62,2.0159788444648497,60,0.2565466239065417
60,2103,1129,68,1.7917373914630657,60,0.7516462917649288
60,2103,1130,52,0.9282248938598194,52,0.7944324639781567
60,2103,1130,58,4.363168007296292,58,0.27638126338947894
60,2103,1130,59,5.482117167162531,59,0.27443067402919263
60,2103,1130,60,10.473299783874477,60,0.05460045428265333
60,2103,1130,61,3.2127164462818234,60,0.2194786138849286
60,2103,1130,62,3.1470159464577523,60,0.23182072841650067
60,2103,1130,68,2.0425729663234105,60,0.5285018576597448
60,2103,1131,52,3.633342471795109,52,0.4406216947023417
60,2103,1131,58,3.814179624360324,58,0.1271193630821148
60,2103,1131,59,3.3146973742407835,59,0.09448370970369731
60,2103,1131,60,313.3609596580238,60,0.03732578840911661
60,2103,1131,61,4.187115504030093,60,0.33751402068646724
60,2103,1131,62,3.359110550340196,60,0.39178271479061777
60,2103,1131,68,3.8728759120149396,60,0.8058061877393764
60,2103,1132,52,2.258169417552865,52,0.5270603053608063
60,2103,1132,58,3.644782594908113,58,0.2727840889179132
60,2103,1132,59,3.9730357471185154,59,0.1845487215463957
60,2103,1132,60,10.784729772634241,60,0.11283231608061542
60,2103,1132,61,5.113330934713564,60,0.20624495677585877
60,2103,1132,62,2.7752122693652037,60,0.22052627709738348
60,2103,1132,68,1.9159611906692455,60,0.720960506598161
60,2103,1133,52,1.6535850463509756,52,0.5451050263867951
60,2103,1133,58,4.4790306209332424,58,0.13134312343731183
60,2103,1133,59,4.10917777385775,59,0.12405973935941764
60,2103,1133,60,3.947552495867872,60,0.07129754182703739
60,2103,1133,61,4.245142298978289,60,0.13133392051214973
60,2103,1133,62,4.064496363149043,60,0.30075911541854133
60,2103,1133,68,2.7675595581896975,60,0.663942687132552
60,2103,1134,52,1.6365788763575664,52,0.48048053758470277
60,2103,1134,58,3.0927769124291813,58,0.393828258475691
60,2103,1134,59,3.843238415426198,59,0.3666537514264406
60,2103,1134,60,10.28843094048181,60,0.33812258013894797
60,2103,1134,61,3.5832173428880165,60,0.3545836734918214
60,2103,1134,62,3.370333837602733,60,0.385741401896161
60,2103,1134,68,2.5438854507998045,60,0.7919952219657673
60,2103,1135,52,1.1428442948310673,52,0.6449885637882246
60,2103,1135,58,15.49217164725316,58,0.15744268375814532
60,2103,1135,59,25.498413025624018,59,0.15480876193554982
60,2103,1135,60,27.72272020821139,60,0.1542813133350891
60,2103,1135,61,26.3593664471804,60,0.15768101188509656
60,2103,1135,62,5.560033940700311,60,0.2390070959251817
60,2103,1135,68,2.9310852058760357,60,0.6285011253514955
60,2103,1136,52,1.8832123889643893,52,0.8122515337032841
60,2103,1136,58,7.949886755259744,58,0.240816732853401
60,2103,1136,59,10.78332013857298,59,0.1089003450454455
60,2103,1136,60,412.9621082043689,60,0.03554784158321941
60,2103,1136,61,11.69391131339054,60,0.2853557880134363
60,2103,1136,62,11.510239858852184,60,0.3307784780012839
60,2103,1136,68,3.23594510113137,60,0.6077601263528961
60,2103,1137,52,1.2742374906015899,52,0.7858104044940759
60,2103,1137,58,2.0754815411933327,58,0.2382679806018568
60,2103,1137,59,2.1222588430360507,59,0.2304554350759616
60,2103,1137,60,2.336228183738372,60,0.18336444154315898
60,2103,1137,61,2.0967530347806607,60,0.3220906895503167
60,2103,1137,62,2.1255930048046983,60,0.4933640761595289
60,2103,1137,68,2.451011624927395,60,0.6033569357053807
60,2103,1138,52,1.1570749078684706,52,0.8208226569372391
60,2103,1138,58,5.1664533527679515,58,0.3684633477676839
60,2103,1138,59,5.0569803034261485,59,0.36208754048473235
60,2103,1138,60,5.724978097078671,60,0.2975372230449306
60,2103,1138,61,5.174892632856796,60,0.30750032648137665
60,2103,1138,62,4.636428304766255,60,0.34806295946648347
60,2103,1138,68,2.656491384829025,60,0.5596993744258129
60,2103,1139,52,1.8395728126159159,52,0.9651667942395961
60,2103,1139,58,3.218242102885792,58,0.502882934836163
60,2103,1139,59,5.152715160891695,59,0.49547895549843374
60,2103,1139,60,2146.4239503702265,60,0.03202076701436893
60,2103,1139,61,120.58612702759656,60,0.12297352093919728
60,2103,1139,62,101.85417663901008,60,0.1340953689161801
60,2103,1139,68,5.066097278930441,60,0.8343857238036035
60,2103,1140,52,1.2884222230025753,52,0.5457553293055117
60,2103,1140,58,3.969264752129296,58,0.2114493562303077
60,2103,1140,59,4.392088659843821,59,0.09680492935034957
60,2103,1140,60,214.17946397777297,60,0.039642082138535074
60,2103,1140,61,11.107109772144838,60,0.2061818966608849
60,2103,1140,62,6.978686631305827,60,0.32877305710273386
60,2103,1140,68,4.271046868174177,60,0.64848687161337
60,2103,1141,52,1.9566041307845394,52,0.5115529320809713
60,2103,1141,58,20.997025655203313,58,0.16701422695441873
60,2103,1141,59,43.2571992117968,59,0.1493182429898762
60,2103,1141,60,6970.972896497087,60,0.007763079825762544
60,2103,1141,61,4843.992445072154,60,0.009108844043263195
60,2103,1141,62,34.83354527392285,60,0.12519685327265465
60,2103,1141,68,3.313688768800357,60,0.5073540631730249
60,2103,1142,52,2.3402075518660497,52,0.8094808874725297
60,2103,1142,58,17.374485224944056,58,0.26340601406836234
60,2103,1142,59,16.10416433975289,59,0.2474148589572497
60,2103,1142,60,369.9828832438144,60,0.025522595044621038
60,2103,1142,61,11.265950016620254,60,0.1572082658970229
60,2103,1142,62,10.610987070029038,60,0.18292688522823947
60,2103,1142,68,3.495495138572922,60,0.5390206998446958
60,2103,1143,52,2.6620052397139755,52,0.6662871869529398
60,2103,1143,58,56.037390549939325,58,0.1450157446617227
60,2103,1143,59,67.8363296807776,59,0.09849790022950765
60,2103,1143,60,1148.6191085596072,60,0.013811428466694786
60,2103,1143,61,398.8536696483087,60,0.030721700473563665
60,2103,1143,62,27.89207841162427,60,0.16847907459414183
60,2103,1143,68,5.374997404426901,60,0.47214936470069013
60,2103,1144,52,4.818691245448926,52,0.689717629802335
60,2103,1144,58,5.088321048793445,58,0.27761960300130933
60,2103,1144,59,4.8851115600099755,59,0.26046995233553555
60,2103,1144,60,14.614362416777507,60,0.014463798756275436
60,2103,1144,61,3.8122358823554707,60,0.2681375908280329
60,2103,1144,62,3.6130572463981294,60,0.31501376495753014
60,2103,1144,68,2.751303638446997,60,0.9589653296737871
60,2103,1145,52,2.3929961694575326,52,0.6692971823442513
60,2103,1145,58,20.854433959758538,58,0.11024924916320632
60,2103,1145,59,81.13422603622708,59,0.04429601366964582
60,2103,1145,60,2536.117512124994,60,0.007952280921477968
60,2103,1145,61,255.6443217963851,60,0.028491320938369258
60,2103,1145,62,15.965665361201166,60,0.12433851520599225
60,2103,1145,68,3.0842987663541717,60,0.624722524062302
60,2103,1146,52,1.4330577615718,52,0.6069291993516553
60,2103,1146,58,1.4957965516071878,58,0.2569417349658809
60,2103,1146,59,1.8668783533501925,59,0.19663633089980376
60,2103,1146,60,6.651321070417572,60,0.10441807452408636
60,2103,1146,61,2.289366468304224,60,0.1895073791746927
60,2103,1146,62,1.9725043954668582,60,0.19544279784416063
60,2103,1146,68,1.7422612754144196,60,0.3929699083919272
60,2103,1147,52,1.305534052099604,52,0.7085163492004937
60,2103,1147,58,2.5846830642906324,58,0.4110567774787577
60,2103,1147,59,3.9219381562922115,59,0.36453637688293317
60,2103,1147,60,4.358936357973995,60,0.2139636932471407
60,2103,1147,61,3.7098912539237836,60,0.2530958468090382
60,2103,1147,62,3.4318915327811887,60,0.26950191542019475
60,2103,1147,68,2.5951751166247043,60,0.5502771485993396
60,2103,1148,52,1.6101721780939655,52,0.7715738769993652
60,2103,1148,58,2.640228881738591,58,0.3467790982420136
60,2103,1148,59,17.071223431749598,59,0.19117073002749316
60,2103,1148,60,26.702199707835863,60,0.09073760321006007
60,2103,1148,61,7.344045143513889,60,0.246496214566695
60,2103,1148,62,5.05849944431512,60,0.3509752863094222
60,2103,1148,68,2.0130305872098457,60,0.840805587839649
60,2103,1149,52,1.4078418470234257,52,0.6857048874430024
60,2103,1149,58,5.220435439635947,58,0.13828703774186524
60,2103,1149,59,30.89283241736615,59,0.1243692742787567
60,2103,1149,60,118.39467471492385,60,0.012715250096937285
60,2103,1149,61,4.590415712245727,60,0.06066482811006313
60,2103,1149,62,2.6832337299879874,60,0.25886861616563384
60,2103,1149,68,2.8380949863935245,60,0.44870678190929025
60,2103,1150,52,1.5091696667251597,52,0.944794823376312
60,2103,1150,58,14.855541626008076,58,0.1570530739862124
60,2103,1150,59,29.63382257726735,59,0.1254646590924585
60,2103,1150,60,58.50330066232452,60,0.08705444853064112
60,2103,1150,61,4.19082761595709,60,0.23750531585051712
60,2103,1150,62,3.0710060383906232,60,0.25508041503699885
60,2103,1150,68,3.224071745614567,60,0.7590962004423082
60,2103,1151,52,1.066128661990358,52,0.8411329691663808
60,2103,1151,58,1.8951468372398155,58,0.31952763312187543
60,2103,1151,59,6.127711742884274,59,0.31504706921821546
60,2103,1151,60,29.598072592405,60,0.05972119221696695
60,2103,1151,61,3.466742629236148,60,0.3157960587135312
60,2103,1151,62,2.912007397099909,60,0.31858964312033283
60,2103,1151,68,3.2578894468488158,60,0.6521307043920896
60,2103,1152,52,1.2954430239772556,52,0.8105391034576405
60,2103,1152,58,2.2573838407719613,58,0.3625702105787941
60,2103,1152,59,2.3797269428438046,59,0.20968955273692436
60,2103,1152,60,7.9226770842643806,60,0.16588542529758502
60,2103,1152,61,6.442338592787331,60,0.16654911272077982
60,2103,1152,62,3.918268970332961,60,0.22922994073239936
60,2103,1152,68,2.0285290519381167,60,0.6259405798251759
60,2103,1153,52,1.8690558313880774,52,0.6096486581471589
60,2103,1153,58,3.8354149790308907,58,0.2591178244038598
60,2103,1153,59,13.793274456168323,59,0.1459375062240686
60,2103,1153,60,13.998121518096758,60,0.11241281972418657
60,2103,1153,61,7.158857786063543,60,0.24306820481425945
60,2103,1153,62,6.8257969972306425,60,0.33508674794016785
60,2103,1153,68,3.4369203561045807,60,0.6972666221280549
60,2103,1154,52,1.2035879960852256,52,0.6408785828623961
60,2103,1154,58,1.7638650527111297,58,0.25659206568547377
60,2103,1154,59,9.773354536627501,59,0.2120037849865689
60,2103,1154,60,1569.5921410215694,60,0.012264380060313336
60,2103,1154,61,173.46228296872619,60,0.036651458605629655
60,2103,1154,62,4.265041302633413,60,0.30073202308306685
60,2103,1154,68,2.3102076622997227,60,0.6892520562034835
60,2103,1155,52,3.2556403064991795,52,0.8515203065929969
60,2103,1155,58,3.4364502717540892,58,0.2848359492193069
60,2103,1155,59,3.28854963700155,59,0.28095996116900196
60,2103,1155,60,3.4636917564972616,60,0.07357402155654212
60,2103,1155,61,2.5745630396612698,60,0.11596988283600167
60,2103,1155,62,2.1476823093730295,60,0.11918703306305145
60,2103,1155,68,2.3093924340987604,60,0.6204900962196361
60,2103,1156,52,1.2144359606903183,52,0.4083996363618831
60,2103,1156,58,7.29473778926076,58,0.2865048861713175
60,2103,1156,59,5.706838047287425,59,0.2827682825818623
60,2103,1156,60,14.227464919833064,60,0.12006045234076168
60,2103,1156,61,3.6051763720955434,60,0.3847461971332317
60,2103,1156,62,3.5474880131537527,60,0.5510635491967295
60,2103,1156,68,2.2305558063777395,60,0.7635742131771678
60,2103,1157,52,1.6020901623887431,52,0.6163382055395069
60,2103,1157,58,4.008486036232693,58,0.2000459998037116
60,2103,1157,59,7.772924466994249,59,0.19472408070881195
60,2103,1157,60,47.20739771551203,60,0.04014845242482517
60,2103,1157,61,9.10889525965232,60,0.19665729218259353
60,2103,1157,62,9.245476138959788,60,0.21946086632675638
60,2103,1157,68,3.296040727513186,60,0.5151350265656089
60,2103,1158,52,3.094391406701997,52,0.5265385778663811
60,2103,1158,58,5.3199104587808455,58,0.0834915475178298
60,2103,1158,59,5.550471073538585,59,0.08327858017921327
60,2103,1158,60,81.33372005505584,60,0.06283217277622961
60,2103,1158,61,19.10657361954169,60,0.13329849763173568
60,2103,1158,62,6.263963090913186,60,0.21834690302595985
60,2103,1158,68,3.505763178043777,60,0.5336101885271995
60,2103,1159,52,1.8508409454650745,52,0.6151970265338995
60,2103,1159,58,3.411964946343363,58,0.15584176901226238
60,2103,1159,59,4.517582431464348,59,0.14699005631068102
60,2103,1159,60,5.829832018042165,60,0.1004339239721815
60,2103,1159,61,5.612423760228863,60,0.12065908512341333
60,2103,1159,62,3.791467950212578,60,0.3466983508323911
60,2103,1159,68,2.13897818058369,60,0.5433849672821773
60,2103,1160,52,1.9767021348140579,52,0.7813783062101038
60,2103,1160,58,5.348973735954071,58,0.22801820835373424
60,2103,1160,59,7.582731751423229,59,0.17972062530739982
60,2103,1160,60,9.221234863939499,60,0.13937641072967116
60,2103,1160,61,3.0832601484900795,60,0.17247504172373987
60,2103,1160,62,2.8337860934143775,60,0.22369979786592095
60,2103,1160,68,2.424959572586801,60,0.617451068323998
60,2103,1161,52,1.7240364779791428,52,0.7127206353000364
60,2103,1161,58,31.842736955109107,58,0.1447836346165392
60,2103,1161,59,24.39635069757022,59,0.1399222792508861
60,2103,1161,60,36.29750673168995,60,0.13563987885090023
60,2103,1161,61,10.77786386141039,60,0.26638211665376216
60,2103,1161,62,5.469856168346074,60,0.3188758067630903
60,2103,1161,68,3.623932809578354,60,0.6543789825785221
60,2103,1162,52,1.2363456781865652,52,0.6478118447850574
60,2103,1162,58,1.9948261594161256,58,0.20961248884844821
60,2103,1162,59,1.879366417151254,59,0.20069738539755236
60,2103,1162,60,7.5380766752352075,60,0.18783140600677592
60,2103,1162,61,7.202221231860182,60,0.20523616015494678
60,2103,1162,62,3.9322188020603632,60,0.3417232892970848
60,2103,1162,68,3.3067920343347454,60,0.5895921178772117
60,2103,1163,52,2.2138637324110464,52,0.640411933772131
60,2103,1163,58,6.093202666825547,58,0.4054712467756066
60,2103,1163,59,6.236048175206537,59,0.30927799888077534
60,2103,1163,60,1057210.2263022275,60,0.0008878611958353313
60,2103,1163,61,19.515357534328604,60,0.16910816458194197
60,2103,1163,62,14.58492422651327,60,0.25779953815055606
60,2103,1163,68,4.274847060626166,60,0.8188211956778195
60,2103,1164,52,2.3133604841464037,52,0.7443318629514548
60,2103,1164,58,7.573922387697643,58,0.30984641679062314
60,2103,1164,59,7.764714472076899,59,0.2965567695346861
60,2103,1164,60,8.763136321622904,60,0.11294285487906794
60,2103,1164,61,8.14654840737811,60,0.297046275380626
60,2103,1164,62,7.709747364241702,60,0.31759095283591576
60,2103,1164,68,3.5913791696318533,60,0.7034948344334793
60,2103,1165,52,1.91089874488803,52,0.9312993447826403
60,2103,1165,58,6.879239738394518,58,0.19366624508483946
60,2103,1165,59,23.755391477815436,59,0.02081605509987178
60,2103,1165,60,20.694053678565485,60,0.01826692120256033
60,2103,1165,61,5.335115510671412,60,0.11640377292437981
60,2103,1165,62,5.38171509049338,60,0.11750896602452982
60,2103,1165,68,3.818520081350867,60,0.5060951847269972
60,2103,1166,52,1.9017588849027502,52,0.7558314370297748
60,2103,1166,58,10.092554542984669,58,0.43836534782380626
60,2103,1166,59,13.251785183711737,59,0.2842091167833834
60,2103,1166,60,28.480602522880965,60,0.20076297940500604
60,2103,1166,61,28.422111891277673,60,0.2008641287691963
60,2103,1166,62,28.415058364691966,60,0.20726900843211138
60,2103,1166,68,3.4522034878911017,60,0.6384217325878091
60,2103,1167,52,1.4566466668298517,52,0.660537759636486
60,2103,1167,58,8.807653001094,58,0.18166618039454174
60,2103,1167,59,6.467727219801147,59,0.1562247037030441
60,2103,1167,60,27.072913840487175,60,0.1552933422378756
60,2103,1167,61,27.149342792493783,60,0.19374446008341745
60,2103,1167,62,10.845477229561483,60,0.19440814340595564
60,2103,1167,68,2.3928606282864706,60,0.5369536230821537
60,2103,1168,52,0.8105822727849538,52,0.4606457525896331
60,2103,1168,58,25.599312107111327,58,0.20926621204684273
60,2103,1168,59,8.486861052855293,59,0.06429495957416365
60,2103,1168,60,21.644054779114793,60,0.03512028525240023
60,2103,1168,61,12.224645229825343,60,0.07178829637005904
60,2103,1168,62,8.348750073942533,60,0.2704208331407026
60,2103,1168,68,2.910445418631854,60,0.6575181253333033
60,2103,1169,52,1.5788358759935583,52,0.6440046301819506
60,2103,1169,58,6.669499051466562,58,0.31292678832552856
60,2103,1169,59,18.291957286025884,59,0.263283788498106
60,2103,1169,60,18.520101241491044,60,0.17837520270208063
60,2103,1169,61,13.832424612408289,60,0.25585631157596833
60,2103,1169,62,13.30339300975335,60,0.2614635627841761
60,2103,1169,68,4.55186946557049,60,0.5098529234107266
60,2103,1170,52,1.4610820573108445,52,0.8424472874819371
60,2103,1170,58,4.584301567306606,58,0.23012743868854257
60,2103,1170,59,3.943166319345701,59,0.16650413495012414
60,2103,1170,60,5.92862420246256,60,0.08208476479511236
60,2103,1170,61,4.484046668122843,60,0.09150228216453488
60,2103,1170,62,4.334326493064648,60,0.10222964247426941
60,2103,1170,68,1.6223753344420184,60,0.45482758760544906
60,2103,1171,52,1.7483746132866782,52,0.6434186562014422
60,2103,1171,58,3.0875584273532692,58,0.22446268667693434
60,2103,1171,59,14.64948334503036,59,0.17326307313996495
60,2103,1171,60,1075990.6804245454,60,0.0003481383173604718
60,2103,1171,61,8.85871619605057,60,0.17462009706038792
60,2103,1171,62,7.989048077118004,60,0.17474128437946845
60,2103,1171,68,2.644058315570734,60,0.7354836351291313
60,2103,1172,52,0.948967071884837,52,0.8484219671521551
60,2103,1172,58,2.7833894637683256,58,0.14243129221996767
60,2103,1172,59,2.806019038505246,59,0.1400394999584367
60,2103,1172,60,4.516696874578539,60,0.04486095041158476
60,2103,1172,61,3.3836741059453117,60,0.1160281057442208
60,2103,1172,62,3.083796619933794,60,0.13352841868929638
60,2103,1172,68,2.013827293809986,60,0.5791032919759048
60,2103,1173,52,3.0044672370791785,52,0.7302793771563086
60,2103,1173,58,6.641137328822552,58,0.1255565804265772
60,2103,1173,59,8.774213165121038,59,0.07880485361007933
60,2103,1173,60,30.541842485411618,60,0.07365267840253398
60,2103,1173,61,13.06871119752876,60,0.1614570381560653
60,2103,1173,62,6.434790170711903,60,0.37037089079578733
60,2103,1173,68,4.866056143604901,60,0.6534257838427887
60,2103,1174,52,1.5473887574247378,52,0.507194326089975
60,2103,1174,58,5.342205929551948,58,0.24167765352690296
60,2103,1174,59,16.64993374908394,59,0.07095523136576061
60,2103,1174,60,91.17047226398617,60,0.015582752955367887
60,2103,1174,61,5.968565847014355,60,0.13745410323882878
60,2103,1174,62,4.27038042839938,60,0.18892251371784285
60,2103,1174,68,2.889101270441005,60,0.5577514264505303
60,2103,1175,52,1.2930627096663179,52,0.7021307626325923
60,2103,1175,58,12.425346031135643,58,0.2943559292726729
60,2103,1175,59,27.885796602211865,59,0.1724214016168949
60,2103,1175,60,25.660989495007296,60,0.04109635975677835
60,2103,1175,61,25.42446623453758,60,0.0863896277018337
60,2103,1175,62,24.866485469302468,60,0.1514904542424274
60,2103,1175,68,3.1827408407167432,60,0.5162371626757637
60,2103,1176,52,1.3750238962301484,52,0.6513607222922297
60,2103,1176,58,3.238587671903676,58,0.3102704504382164
60,2103,1176,59,6.312773744505887,59,0.30484858005607224
60,2103,1176,60,6.631216006708557,60,0.1340026019306893
60,2103,1176,61,5.486181677384751,60,0.14392752916040044
60,2103,1176,62,4.084052151139933,60,0.4715156581398833
60,2103,1176,68,3.315787035496136,60,0.6314544658386605
60,2103,1177,52,1.0421525750976226,52,0.8017710862338987
60,2103,1177,58,5.760856001303062,58,0.18775335021516734
60,2103,1177,59,2.7066696456252344,59,0.10950357866446687
60,2103,1177,60,2.643179890264196,60,0.06272590909603597
60,2103,1177,61,2.539865612585629,60,0.10622628610781756
60,2103,1177,62,1.615217749264834,60,0.11365201239932714
60,2103,1177,68,1.3790463331909388,60,0.9272059472561259
60,2103,1178,52,2.0883405516601705,52,0.5354721484658135
60,2103,1178,58,7.7731893676793264,58,0.22469354762725305
60,2103,1178,59,16.374029827275816,59,0.1569837208418224
60,2103,1178,60,87.63356922527947,60,0.010200684626819397
60,2103,1178,61,5.092941126549635,60,0.16869482584421439
60,2103,1178,62,4.101568214092962,60,0.16869484348352048
60,2103,1178,68,2.5256980949000623,60,0.5778964095456547
60,2103,1179,52,1.2679393484354604,52,0.6907829544564363
60,2103,1179,58,1.5233038544597626,58,0.17370414948770793
60,2103,1179,59,170.1608030069268,59,0.022486516958416587
60,2103,1179,60,2612.9567296341665,60,0.004327853920927206
60,2103,1179,61,10.570027242083277,60,0.04614773018704047
60,2103,1179,62,4.256246562723168,60,0.17134048226692378
60,2103,1179,68,2.662527283898794,60,0.6724507223887168
60,2103,1180,52,2.403293619587055,52,0.7020128016077556
60,2103,1180,58,7.7758729607350165,58,0.19549296789242251
60,2103,1180,59,20.24502591850277,59,0.18663610824294502
60,2103,1180,60,19.02788465204321,60,0.17996101436473277
60,2103,1180,61,13.013962878958388,60,0.223426312136532
60,2103,1180,62,12.931003390305165,60,0.2497153571872753
60,2103,1180,68,3.8469126648167373,60,0.47764011145465085
60,2103,1181,52,2.385387435746269,52,0.6375690252019813
60,2103,1181,58,2.830717164733143,58,0.24227002685603657
60,2103,1181,59,9.45237598643362,59,0.2123121546507638
60,2103,1181,60,10.003147808607165,60,0.21226766669019023
60,2103,1181,61,5.797725349965682,60,0.3184673718518766
60,2103,1181,62,5.058716992481078,60,0.329405721613107
60,2103,1181,68,3.6709792224902937,60,0.7820071430788277
60,2103,1182,52,1.37699869161293,52,0.5998696408931455
60,2103,1182,58,17.575967336448915,58,0.2242963010532124
60,2103,1182,59,6.006404731219124,59,0.042913557861694394
60,2103,1182,60,14373.805180227131,60,0.005588669712141543
60,2103,1182,61,56.1159131575578,60,0.08429860009381142
60,2103,1182,62,5.9991304796155225,60,0.3466233141546369
60,2103,1182,68,2.6823084690207875,60,0.520645043822158
60,2103,1183,52,1.1579007221004542,52,0.7362159487156942
60,2103,1183,58,8.858314806399221,58,0.10275002881571359
60,2103,1183,59,968.2259799059331,59,0.005519961779540334
60,2103,1183,60,1561.096492110462,60,0.005473129670260698
60,2103,1183,61,458.9323758273888,60,0.009388318142598348
60,2103,1183,62,3.171841403398259,60,0.23606449085031958
60,2103,1183,68,1.8640267123793395,60,0.7966538958967931
60,2103,1184,52,1.1414016217047818,52,0.5306046864080571
60,2103,1184,58,5.009545105402944,58,0.24787355844642361
60,2103,1184,59,4.78322884732857,59,0.12094952334989949
60,2103,1184,60,11.32587434560538,60,0.09105440039599133
60,2103,1184,61,11.138436850226126,60,0.1034791288050002
60,2103,1184,62,7.743339042608226,60,0.12543738866312426
60,2103,1184,68,2.994716546314766,60,0.47061892331579463
60,2103,1185,52,1.0604806003956813,52,0.5580774355150366
60,2103,1185,58,6.145583205677937,58,0.19084847616532227
60,2103,1185,59,18.75250856010765,59,0.09278480014289288
60,2103,1185,60,77.76488716915017,60,0.0845510300455998
60,2103,1185,61,12.909611205044575,60,0.08525127105527394
60,2103,1185,62,9.899715609365469,60,0.3412122700667059
60,2103,1185,68,3.8145919238323036,60,0.5874990882383585
60,2103,1186,52,2.4501265133656713,52,0.43251707799657246
60,2103,1186,58,15.315941754144115,58,0.1608556249825461
60,2103,1186,59,10.897464197837026,59,0.15437275415272034
60,2103,1186,60,32.278487577451514,60,0.10217297018159813
60,2103,1186,61,29.422265031140057,60,0.13458690646608784
60,2103,1186,62,18.874020824306932,60,0.1909561245962736
60,2103,1186,68,7.972917088012358,60,0.4216754964901994
60,2103,1187,52,4.602283476636336,52,0.6869727647210289
60,2103,1187,58,7.4725218430574625,58,0.22458982646084116
60,2103,1187,59,17.86259656663802,59,0.10239180357912893
60,2103,1187,60,88.38075439854741,60,0.07757251557700916
60,2103,1187,61,60.32052529582922,60,0.10152130936902601
60,2103,1187,62,58.108215141022676,60,0.10215579202794076
60,2103,1187,68,2.5062757446845874,60,0.6404042779221564
60,2103,1188,52,1.8473296048599614,52,0.8007342932127718
60,2103,1188,58,23.59017140656186,58,0.22916869212973318
60,2103,1188,59,31.895599409766717,59,0.22339140958102802
60,2103,1188,60,42.81908924310072,60,0.1387092463551971
60,2103,1188,61,27.478577453255898,60,0.16167689723050263
60,2103,1188,62,3.47360744123149,60,0.4356132089286447
60,2103,1188,68,3.0439160788802075,60,0.9723732612210803
60,2103,1189,52,1.2945142430583498,52,0.7076500212083336
60,2103,1189,58,25.898214972063844,58,0.25143856525765007
60,2103,1189,59,22.04842506406404,59,0.24552121757690504
60,2103,1189,60,28.030958420591332,60,0.20095037330866894
60,2103,1189,61,10.972642684780125,60,0.2576274091926626
60,2103,1189,62,10.508012244041845,60,0.3073825629514565
60,2103,1189,68,3.947361684651988,60,0.7592724065173633
60,2103,1190,52,2.1151519501731775,52,0.8201796943437544
60,2103,1190,58,7.048737541077399,58,0.39191310559996745
60,2103,1190,59,28.51572632448651,59,0.10942353372473113
60,2103,1190,60,36.65714632022422,60,0.034434955660076094
60,2103,1190,61,36.122000401026305,60,0.042284952192760385
60,2103,1190,62,14.109748515610836,60,0.17747054606822008
60,2103,1190,68,3.0306850971396497,60,0.6879397329308724
60,2103,1191,52,0.8256488271339613,52,0.5329343633064985
60,2103,1191,58,4.617720010426254,58,0.18786511782120394
60,2103,1191,59,4.092442031499364,59,0.1842288377522527
60,2103,1191,60,171.98480643882766,60,0.06618629028268647
60,2103,1191,61,10.917426032936024,60,0.18264377156593667
60,2103,1191,62,10.981783306746365,60,0.1928606538095588
60,2103,1191,68,3.0439292852322057,60,0.5124353731910518
60,2103,1192,52,1.4005435167086737,52,0.6455857749789647
60,2103,1192,58,2.351321250328386,58,0.17164062000530675
60,2103,1192,59,67.23512496419112,59,0.1069984098228522
60,2103,1192,60,64.04274365609442,60,0.10378366532592835
60,2103,1192,61,38.24358960302813,60,0.15279326171025276
60,2103,1192,62,34.997307853899194,60,0.1534297485909851
60,2103,1192,68,2.7859194737417963,60,0.6995082160423911
60,2103,1193,52,0.9790347314701874,52,0.8124878650401909
60,2103,1193,58,6.621816871999722,58,0.38819197966385105
60,2103,1193,59,8.150136938971498,59,0.12268359934964927
60,2103,1193,60,26.795401188358078,60,0.04359919336382715
60,2103,1193,61,20.06251602579989,60,0.05078917395031756
60,2103,1193,62,4.954394848196656,60,0.08593433171247918
60,2103,1193,68,2.447472974807127,60,0.5929079044075128
60,2103,1194,52,1.7522683550712503,52,0.5382116379298489
60,2103,1194,58,5.384557911345878,58,0.27300916950629417
60,2103,1194,59,6.087132457622599,59,0.270133733493733
60,2103,1194,60,27.670981941745087,60,0.1156378856987396
60,2103,1194,61,13.334957578902193,60,0.23723682126053894
60,2103,1194,62,3.738717114043486,60,0.30156228480351277
60,2103,1194,68,3.618426362300281,60,0.6442302198308366
60,2103,1195,52,1.979928184361816,52,0.356567821628709
60,2103,1195,58,13.897865718415321,58,0.1909334776995978
60,2103,1195,59,10.847041494053636,59,0.18434257417386768
60,2103,1195,60,30.35139390400143,60,0.03529693080480897
60,2103,1195,61,8.549969464377288,60,0.15058498436018342
60,2103,1195,62,5.9385232429391595,60,0.15179272902232008
60,2103,1195,68,2.3064911612062136,60,0.5161763448515181
60,2103,1196,52,2.2568434047533423,52,0.8504913546647459
60,2103,1196,58,6.291158747768808,58,0.5571271699361726
60,2103,1196,59,6.049898987973821,59,0.261692179275629
60,2103,1196,60,19.808700688766187,60,0.09352780316828596
60,2103,1196,61,6.969803046070701,60,0.3120451078582878
60,2103,1196,62,3.4991724621579343,60,0.3344705154158331
60,2103,1196,68,3.1403403142885145,60,0.7410665588470896
60,2103,1197,52,1.976918280057482,52,0.8633732209181656
60,2103,1197,58,3.9171806373241402,58,0.40091606252135825
60,2103,1197,59,5.3876318824264455,59,0.28432162418796664
60,2103,1197,60,13.707863760172147,60,0.05381734417928883
60,2103,1197,61,4.330822613645945,60,0.314938076657205
60,2103,1197,62,3.5341619638037067,60,0.32220248813905134
60,2103,1197,68,2.134067573017191,60,0.4932482838885943
60,2103,1198,52,1.2443583021540408,52,0.6167566227437759
60,2103,1198,58,82.01848729114866,58,0.06331505013320489
60,2103,1198,59,59.75792803279416,59,0.06230517786568825
60,2103,1198,60,95.01535553441319,60,0.04114496343973768
60,2103,1198,61,89.76880236589453,60,0.04283112671375749
60,2103,1198,62,14.12475881099085,60,0.10884684578857054
60,2103,1198,68,4.189694978167131,60,0.6692049958883974
60,2103,1199,52,3.5050320483567208,52,0.6255753743297631
60,2103,1199,58,3.6166726054918232,58,0.23738208907860395
60,2103,1199,59,5.469674292182592,59,0.20987585888705945
60,2103,1199,60,5.23593465337358,60,0.02326800087692022
60,2103,1199,61,5.189857127369171,60,0.1660559362813557
60,2103,1199,62,3.4412859186458116,60,0.3551624389278846
60,2103,1199,68,2.7870649509638925,60,0.6347630581616746
60,2103,1200,52,7.005617804824832,52,0.5739131420103963
60,2103,1200,58,14.618248222709246,58,0.3676163184041368
60,2103,1200,59,14.853163929722509,59,0.22802423844894615
60,2103,1200,60,18.95163476367673,60,0.17262644950213737
60,2103,1200,61,16.726015177928918,60,0.17595256939798862
60,2103,1200,62,15.917235690765224,60,0.18533886620820447
60,2103,1200,68,5.216630723516541,60,0.49515687509842526
