replicate,d,test_mse,training_mse
1,1,4.297926570170514,4.4764903880059785
1,2,1.9025002003342963,1.9915201985202173
1,3,0.9178665565349081,0.600182106856065
1,5,0.33035736677113914,0.188747108720155
1,8,0.35525524622784455,0.18231379824563673
1,15,0.8045356220132007,0.12288260457759113
1,22,3.5783945157224775,0.06297572547206184
1,26,7.928489695021325,0.011612221100585353
1,28,8.299124235474418,0.003501608993424248
1,29,8.055060461232573,0.0005372541111982716
1,30,7.2959848232872355,1.423524155374604e-29
1,31,7.401151969514325,1.628340385193705e-29
1,32,6.8897217961107735,1.7832365108542893e-29
1,34,2.42536153613467,2.0168543810150535e-29
1,40,2.418069638126963,1.97220362118438e-29
1,50,3.0712175404912636,2.752343915617206e-29
1,65,3.608482004140681,2.1616843128329736e-29
1,80,4.76738778279673,6.591148567275325e-29
2,1,4.168097966271816,4.075743566018231
2,2,1.9318796913405532,1.4883248358306271
2,3,0.931620768643117,0.5920162041723024
2,5,0.30769615733340827,0.24654937688268935
2,8,0.3635065611998342,0.2150216672047952
2,15,0.41153721230193036,0.20087015159547728
2,22,1.5198819572583564,0.14951799557060375
2,26,3.407522649381113,0.0777927506929861
2,28,1.3710691539150308,0.057244163770927704
2,29,1.605403127240287,0.05658077340761603
2,30,6.258418863138092,8.154401829010139e-30
2,31,6.716397231066646,1.8459796170766987e-29
2,32,7.050545698068177,1.1198860526965632e-29
2,34,6.274896667829963,1.282037798434302e-29
2,40,2.975719538954682,1.539964756353122e-29
2,50,3.223876189110373,1.8219414434641535e-29
2,65,5.074249774227508,1.38856098365836e-29
2,80,5.8515322300345165,1.0992151589493685e-28
3,1,4.229400983619719,3.161003499589411
3,2,1.9855958664817155,1.9111825936996254
3,3,0.9557902589451859,0.8971870430802452
3,5,0.27884892355163027,0.2257432636282736
3,8,0.29800723364856596,0.21110212355094798
3,15,0.4731598359561815,0.1702159272933429
3,22,1.2307314345713531,0.11865574488837469
3,26,4.8031139779813286,0.0220860958313222
3,28,12.240016426588124,0.007188131827143911
3,29,29.589974031584635,0.006553561535707797
3,30,78.47722520722446,5.633093432486599e-29
3,31,20.829961190184893,1.5753593363769085e-29
3,32,20.990638802024563,3.22665680650771e-29
3,34,6.509031629012593,1.7268350104562608e-29
3,40,2.9473264325286834,1.2613331206659995e-28
3,50,3.649353360232609,2.628511756006292e-29
3,65,5.02595188734313,1.3154871892142576e-29
3,80,5.509319205678658,2.2810431791597246e-29
4,1,4.151327417237651,3.5146263761893626
4,2,1.92229933426387,1.5447425412352171
4,3,0.9797155942324356,0.8246471948257058
4,5,0.2842303822964889,0.2934797143241274
4,8,0.3653970513985985,0.24960452442284817
4,15,0.8500897783157707,0.16305562359669024
4,22,1.094516152105545,0.10837926064377462
4,26,3.90191987107272,0.0629995629242607
4,28,21.280023550906712,0.005283258312149449
4,29,33.11462631665882,0.0030881648766572555
4,30,20.942316223331765,1.9175277540165225e-29
4,31,21.09684629761136,2.213843792034327e-29
4,32,11.105626128276036,1.936376188405592e-29
4,34,7.290817599382108,1.2060635534939524e-29
4,40,2.8126891839646397,1.0191944228499476e-29
4,50,3.764472621860854,1.9761479257104848e-29
4,65,4.833204832284228,2.4533266003582365e-29
4,80,5.384037214647971,1.7700169277160154e-29
5,1,4.406961219583894,6.8110721581069695
5,2,2.1031978398379616,2.979404996169561
5,3,0.9308177811770167,0.9649059999151969
5,5,0.39149782679976486,0.10152418368758147
5,8,0.41520788387564045,0.09431571448473713
5,15,0.41782235922217603,0.04822234146069517
5,22,0.4942748078572613,0.02155743982719465
5,26,0.7314107451004941,0.018262140445569956
5,28,0.8432904726881623,0.017060136584417355
5,29,2.446744814949594,0.002654206901336698
5,30,1.9950821014139015,3.843411476085093e-29
5,31,1.9435509951584666,1.942243854969492e-29
5,32,1.198482813743891,1.27139366511416e-29
5,34,1.2049958050939074,1.36424916749955e-29
5,40,1.1707503940623312,3.423843785840445e-29
5,50,2.261477593170118,1.508298455713345e-29
5,65,3.7660040856173738,2.044713599637263e-29
5,80,4.57288686809064,1.989647410667343e-29
6,1,4.3431031631743355,6.560472434197063
6,2,2.222680245057275,1.6438850281756638
6,3,1.1073472874038746,0.8927768092650806
6,5,0.3106354709795537,0.1355001299556956
6,8,0.3422746161320386,0.13017297916694723
6,15,0.45128565549454247,0.08171394029401921
6,22,0.5778409429486369,0.032665594426455925
6,26,1.039652131924385,0.02649009373732791
6,28,1.9107068620445093,0.014497801538162996
6,29,7.243833867461945,0.002033108532076632
6,30,11.712330263662585,1.1367178779396975e-29
6,31,10.713403949773285,1.6701645218426664e-29
6,32,3.813415923329962,2.02998729730583e-29
6,34,3.6093774053264758,2.11499527714449e-29
6,40,4.1355093809517545,1.6348814852614923e-29
6,50,4.709301153867446,1.6712995365565587e-29
6,65,5.721584077631081,9.81606048125342e-30
6,80,6.087844070648371,1.848397782616039e-29
7,1,4.150959982507736,3.7592963008286233
7,2,1.9866349832387453,1.4478075499440584
7,3,0.9443137710096352,0.8096925621810256
7,5,0.28973347095802715,0.12607385279711014
7,8,0.30038580971065665,0.12004300157783379
7,15,0.4431145984959701,0.09080807147236278
7,22,0.5714153915704618,0.05042791250823493
7,26,0.572114614801252,0.026900587737572555
7,28,1.334179589256289,0.009296543884300595
7,29,3.064230986961219,0.0032628502186443854
7,30,8.417435299640166,1.318399195290171e-29
7,31,7.606602624530964,8.914282303392984e-30
7,32,0.9180097361614847,1.7165685198993806e-29
7,34,1.6316820029746957,8.350575448203803e-30
7,40,2.1264325028931244,1.0979290068830903e-29
7,50,3.3913052828858428,8.090600584777452e-30
7,65,4.612375579979804,1.411955736175318e-29
7,80,5.517399210890955,1.7152742949767525e-29
8,1,4.161124124039713,3.4124911127049766
8,2,1.9205750747770278,1.623051798297817
8,3,0.927014399126099,0.8614765215232967
8,5,0.3287705958340831,0.24685992332721446
8,8,0.3225230479847865,0.22418238642718252
8,15,0.46305538940292795,0.17846673528227902
8,22,1.284435781521245,0.10075187565600441
8,26,3.789314007678889,0.06551185113793308
8,28,6.464060164054302,0.0498211424818661
8,29,10.889953091063445,0.015069070585376994
8,30,61.17719978232939,1.5003970071281723e-29
8,31,5.260228456510504,1.5385252842138546e-29
8,32,3.2878911749816075,1.7817599645635923e-29
8,34,3.4541456428277595,4.333116399091139e-29
8,40,4.150821707826784,9.28349591326498e-30
8,50,4.5859685818343845,1.0240426304966185e-29
8,65,5.352403906062546,1.598891632390728e-29
8,80,5.8850552497751,1.4343401779422826e-29
9,1,4.335338957937831,2.5447088958135824
9,2,1.9278840564214215,1.3913261654878832
9,3,0.9671191922463505,0.7693057488450865
9,5,0.29899533961056474,0.21892434247558848
9,8,0.31146607539711824,0.2041013875682844
9,15,0.32196454244138706,0.19018817640355914
9,22,0.74162428016633,0.07502042459497717
9,26,2.5491901460644497,0.04736371839637798
9,28,65.14218137335826,0.0065526990221424575
9,29,62.0877603761693,0.006338627864102054
9,30,878.9143344194407,3.9595763801920722e-28
9,31,27.552279405230305,2.964524901543644e-29
9,32,4.164452719844725,1.369711104821832e-29
9,34,2.6192386056683827,8.677161808640028e-30
9,40,2.4816727873617204,1.2973474970447223e-29
9,50,2.9604149626963503,9.594315327223155e-30
9,65,3.930654405364532,1.4524593268590778e-29
9,80,4.358105155958132,1.5917014939316825e-29
10,1,4.255798087003246,5.068607515648143
10,2,1.9507100890773994,1.8703844747540121
10,3,0.9368381658387842,0.7530295161769317
10,5,0.2915214041270521,0.16932479822607077
10,8,0.35166016314660203,0.15086443675289746
10,15,0.6005006714700067,0.09427691824915288
10,22,0.6143276844580075,0.05032976651476454
10,26,0.7370912449842917,0.037875714245556
10,28,21.65001903045656,0.033300364293449264
10,29,20.353391077462323,0.029100827788000026
10,30,19647.21729177683,9.296795005211125e-27
10,31,36.58196294703361,1.957094700770662e-29
10,32,2.8329867877146495,1.686396259413962e-29
10,34,3.1993386080442034,1.426423963894203e-29
10,40,2.36639428467216,4.209374758187611e-29
10,50,2.717775739838685,1.6736594427150813e-29
10,65,3.7586069213476963,3.9124759658674675e-29
10,80,4.831740448337462,2.403394298643405e-29
11,1,4.302126133570585,3.30353436675322
11,2,1.9352845103154368,1.8780627930422902
11,3,1.0037792320201453,0.6555045549833931
11,5,0.31134022912939263,0.15718819317038932
11,8,0.329408762816184,0.14874207168714323
11,15,0.46809950188287075,0.11425008407585607
11,22,0.7186870646089196,0.04649394760486999
11,26,1.5715086421996847,0.00839799923484366
11,28,1.5493120376063239,0.007623895616752932
11,29,1.7950609487037603,0.007313625440103371
11,30,4.979128769021189,1.0311300526919635e-29
11,31,2.885964844698908,2.4553218637806218e-29
11,32,2.5313006879407363,9.397947510093432e-30
11,34,2.104199999206455,3.124672396185924e-29
11,40,2.0493608343529246,8.413720271313779e-30
11,50,3.1136651163179256,1.456344569533555e-29
11,65,3.8177108270302607,2.446570438113326e-29
11,80,4.414461680345985,8.102176707696515e-29
12,1,4.2646231749506915,4.402360817765216
12,2,1.9854299064688121,1.7549451662364712
12,3,0.9089103914742009,0.7929755876626307
12,5,0.29057560719146347,0.2552777838304327
12,8,0.5824800229010114,0.14360645427821883
12,15,0.6592886938589856,0.10699274881729133
12,22,1.0349033043236577,0.0712217023239157
12,26,1.6954517739639405,0.03785617081075294
12,28,4.869633393189053,0.00672760322846706
12,29,5.406125695758452,0.003744072534036518
12,30,12.122972510865463,1.2561993618062409e-29
12,31,2.61039308649029,2.1833009505287759e-29
12,32,2.988732661077777,6.360714901289281e-29
12,34,4.190342611472712,2.81749684168253e-29
12,40,3.9169970713720863,1.0190275089214341e-29
12,50,4.7516944506543135,8.164915801564873e-30
12,65,5.282469825878952,9.693025656639482e-30
12,80,5.694592750160444,1.3329078675378884e-29
13,1,4.1833474810911415,2.8346570410133944
13,2,1.998122337411623,2.166647491285043
13,3,0.9867044876749774,0.6049125267943063
13,5,0.34588833620893533,0.2088136309023936
13,8,0.39778494390296193,0.157395447535091
13,15,0.48360252812481985,0.10765067311439411
13,22,0.732352168593777,0.057441148233334335
13,26,1.4765678199812022,0.02931678863608416
13,28,3.7779636932951974,0.000830388518595507
13,29,6.377294222912258,3.6821836120353155e-05
13,30,7.479260880783838,1.58618819847755e-29
13,31,3.788079863911635,1.233953586995272e-29
13,32,3.8124081539946935,1.1399168475773247e-29
13,34,3.6772977996602267,8.47832880118149e-30
13,40,3.2491059750665108,9.595676317717188e-30
13,50,4.597054255221414,9.498326978794895e-30
13,65,5.045222199584243,9.010527442480496e-30
13,80,6.090987983045908,7.331501716963704e-30
14,1,4.168504229092024,5.930718446352903
14,2,2.0289763496471402,1.4879031711132398
14,3,0.9906839176481297,0.7584354146132436
14,5,0.26106031907016136,0.1837500461042856
14,8,0.2691040197410318,0.16617032159499073
14,15,0.33173326190853936,0.13201544699860124
14,22,0.49131733021835167,0.09182241218069671
14,26,2.5021763692002645,0.039842988662118106
14,28,3.3024209397747937,0.0036572610243947104
14,29,10.65307164831814,0.000299522667785668
14,30,20.90713087470968,1.079459595507076e-28
14,31,3.6185889182050412,2.1110862813340322e-29
14,32,3.3088002906271456,1.1505659562164899e-29
14,34,3.972341214398318,1.1991712921996386e-29
14,40,3.5236230085053277,1.1250101498077675e-29
14,50,4.509432172522287,1.0844988554042301e-29
14,65,5.131748477997911,1.2783039017546213e-29
14,80,5.669362904310458,1.3000612607316936e-28
15,1,4.6351320162909815,2.1464329758479708
15,2,2.035519739118989,1.2189796634914447
15,3,0.9555288000769636,0.6727925786324905
15,5,0.2852824972573933,0.15227660225175735
15,8,0.30739469859484464,0.13943435118942688
15,15,0.6109885243725314,0.05850297392281243
15,22,0.7685835476506306,0.04792001537691466
15,26,6.628445483624227,0.026102136241382152
15,28,20.467468694036576,0.00544815490649063
15,29,5.042424813168829,2.500475420218131e-05
15,30,7.852251559704412,2.0186962120185358e-29
15,31,2.391971355486452,1.0824169251343475e-29
15,32,2.5199918172378073,8.839100418130587e-30
15,34,2.485078099362984,8.097360598882251e-30
15,40,3.1659152496233913,9.299449032970988e-30
15,50,4.624111754229789,8.99592247373556e-30
15,65,5.792839719573063,1.053235234616992e-29
15,80,6.447836882064561,6.876166939745192e-30
16,1,4.230466589776349,4.232726053465333
16,2,1.9103841703728877,1.6122020405193465
16,3,0.9271798362760416,0.5867327322674974
16,5,0.27707918755757194,0.17680461570973816
16,8,0.2817421400681519,0.17201362854674515
16,15,0.5056123694206309,0.07314737670860258
16,22,0.8302934380343081,0.03802037309919937
16,26,1.7870097828791367,0.019999216154918984
16,28,2.1678809968610104,0.018083978584702984
16,29,16.68862674650394,0.004548185207880858
16,30,84.50544799320319,3.9226007400792734e-29
16,31,2.069565021242269,9.519847640981802e-30
16,32,1.7285782974885588,1.0481714672612958e-28
16,34,1.5006747479035574,9.9600895472028e-30
16,40,2.2834826381430258,3.668213641398237e-29
16,50,3.2291301918190847,1.2846801743180015e-29
16,65,4.797265523624684,3.0797829815363087e-29
16,80,5.366213607768639,2.63615143861319e-29
17,1,4.150387104244324,3.353935092524897
17,2,1.9220071208497116,1.6265479123747661
17,3,0.9359924003409426,0.9004368579174502
17,5,0.31767825887836154,0.17974977922383217
17,8,0.4159861345940791,0.13835250000696073
17,15,0.5269011303833235,0.08308171500872602
17,22,0.8240272998278094,0.03919680850501443
17,26,0.986501268369248,0.032707968259472954
17,28,12.693996091191503,0.0022636136513167963
17,29,13.604539431690865,0.0016310180066643708
17,30,22.99232892358357,2.491978730388792e-29
17,31,11.764933008926892,2.193855046624018e-29
17,32,11.488078759219546,4.3550463213912283e-29
17,34,3.1172833934588944,1.404665449359164e-29
17,40,2.908345777613146,2.7574386422967585e-29
17,50,3.551633123267413,1.5314173187657695e-29
17,65,4.853800489476879,8.200866493860102e-30
17,80,5.678209191520738,5.345518709003881e-29
18,1,4.161655442404286,5.8679565499885395
18,2,1.9394931989034008,1.4535962873966324
18,3,0.952644908235564,0.9954182027251391
18,5,0.40190381113134926,0.1865220200343131
18,8,0.4166415137153486,0.17893452099227108
18,15,0.7586662404209363,0.1294810414780111
18,22,0.8528444515877883,0.08566720996601623
18,26,2.1594041006738087,0.053979215229418245
18,28,3.506967799566547,0.01953471216548437
18,29,4.598817151881198,0.002710474687333059
18,30,4.954418207341687,9.322322660943827e-30
18,31,5.046083794332412,2.052332578497259e-29
18,32,4.156060577962295,2.41138754988926e-29
18,34,3.541409636913474,2.6630321243294887e-29
18,40,3.0268895178998614,2.5066240152672313e-28
18,50,3.604831552207297,3.312537874587825e-29
18,65,4.439515812654779,1.82581240215821e-29
18,80,5.000019335617825,1.397372594636418e-29
19,1,4.161647973609983,5.409825121318741
19,2,2.0071234049448874,2.103112542854064
19,3,1.1179217181429535,0.5965044073325012
19,5,0.3124309834070505,0.24675761847249394
19,8,0.5290780873482861,0.18006730187347442
19,15,0.8720067706342159,0.11898204799452347
19,22,1.2583837162134894,0.06587223997349193
19,26,1.51755878978069,0.039944345708746325
19,28,7.1307058271376516,0.005651788601473011
19,29,5.252606000718561,0.0026923539943971473
19,30,7.316584438559452,1.8725277588892665e-29
19,31,2.450492886390744,1.3617916808905117e-29
19,32,3.0891727224114387,1.7060144238041386e-29
19,34,2.7023531859327825,1.3956058749007666e-29
19,40,3.0356802307995827,1.965629780307538e-29
19,50,3.2349466545814765,4.573934679337319e-29
19,65,4.494077424468695,2.0895158659568952e-29
19,80,5.199990261387796,1.869281924956326e-29
20,1,4.207216336319871,3.8151337402778376
20,2,2.060956747464454,1.5047267102237643
20,3,0.9725456114533622,0.7921521783279969
20,5,0.32391903298905644,0.2713538963556854
20,8,0.4130559083827399,0.23828281500157025
20,15,0.5757613681602964,0.1767002344367427
20,22,1.1029983452423835,0.10381352515775946
20,26,2.9908039846819854,0.04430909634973743
20,28,3.174412154187339,0.010347133513512775
20,29,3.775033691998799,0.00311032379658171
20,30,8.877866689184813,1.2166125137760094e-29
20,31,9.003970716810079,1.8517944810612898e-28
20,32,5.970572611400513,4.306975109979323e-29
20,34,3.228328276727361,5.475516412343427e-29
20,40,1.9480760311030956,1.9981702926479048e-29
20,50,2.188047689598352,3.141566653658089e-29
20,65,3.2833056867612154,2.4069810221765022e-29
20,80,4.374319434974131,1.998498984691747e-29
21,1,4.275679511389802,2.763876016158366
21,2,1.9220917669112916,0.9537531160958206
21,3,0.9824657886306412,0.2639946726893606
21,5,0.4426993988716757,0.19434389337324243
21,8,0.5154812856783495,0.14939042136950004
21,15,0.524833309854641,0.13081406031543266
21,22,2.0241403468482666,0.06177486162991375
21,26,2.09234792573569,0.05156218674663725
21,28,8.497507081824878,0.036065908581380805
21,29,78.73487938305821,0.020203531269833146
21,30,163.39977794827504,5.152609862054278e-29
21,31,16.491024682377226,2.125273965257685e-29
21,32,3.641935941893956,7.196943411515848e-30
21,34,1.6341946045644822,1.3214473004154878e-29
21,40,1.4963979881653733,8.939113960142617e-30
21,50,1.8819918314357311,2.0115773329674325e-29
21,65,4.088829434671972,1.4530679207215043e-29
21,80,4.634794529102237,1.998275576818198e-29
22,1,4.172291076282307,6.476309257082134
22,2,2.048214952088857,2.401278334082478
22,3,1.0445822722421818,0.40392721783013846
22,5,0.30636127136096436,0.10160138674924526
22,8,0.3116815615647799,0.09937093067850714
22,15,0.35907002556077244,0.07549030161313891
22,22,0.5855238765365645,0.04461143568984869
22,26,0.6571305999901474,0.0241783045535187
22,28,0.6929493823403781,0.0239273276301746
22,29,51.81419736700944,9.1966991858796e-06
22,30,48.38460517574938,4.378036789114027e-29
22,31,11.38893099625228,2.8705729030432497e-29
22,32,8.524871105659852,4.410279424289662e-29
22,34,1.6199896316245443,2.3448094356650895e-29
22,40,1.704255110576689,1.3668889754766567e-29
22,50,2.755903827682283,1.989626867414603e-29
22,65,4.343076941659734,9.483826010266956e-29
22,80,5.122286957111491,1.5395241998783435e-29
23,1,4.826194874544626,5.471944713820465
23,2,1.9991521839189292,2.4795010683464023
23,3,0.9435352104635469,0.7472931826718376
23,5,0.2786114314849283,0.2667042443637237
23,8,0.38510612147779355,0.21730308699796996
23,15,0.5370399883842327,0.1517811489364846
23,22,0.7119980392860117,0.08950795912550641
23,26,1.9013523824452434,0.0496903028111632
23,28,2.1176977277553872,0.03735151058890247
23,29,2.648756901288234,0.030060903558627172
23,30,68.33357771976026,3.7161749143091505e-29
23,31,12.85943704372177,1.540068596075957e-29
23,32,8.19766075501844,1.6130080569064385e-29
23,34,4.465765959310735,2.2742645477321295e-29
23,40,4.1871364298640525,3.740883311542342e-29
23,50,4.865034033415126,8.964696729570561e-30
23,65,6.106349044756242,1.9212595642720968e-29
23,80,6.480958277862779,8.347397663795564e-30
24,1,4.271936118007129,4.397749441526498
24,2,2.1699725555019356,2.2164169089483745
24,3,1.2832064512141972,0.8241748507652845
24,5,0.26828807234059004,0.2605673450568651
24,8,0.2983429924284805,0.23711702464220147
24,15,0.4357685739212711,0.16443049431137263
24,22,2.053207357185247,0.06875435922632755
24,26,4.3133402219105665,0.0248613616440315
24,28,5.012023320711543,0.023141341751027843
24,29,5.093531834822657,0.022657814258365987
24,30,26.00246668652275,1.4888773781541442e-29
24,31,17.8115095554034,1.8113319768830104e-29
24,32,17.762812031323804,1.480904028184381e-29
24,34,5.243366659992747,1.2475943068147188e-29
24,40,4.537827171119484,9.042651953952875e-30
24,50,4.616614080241458,8.569335410820268e-30
24,65,5.3504586178624125,1.4639771582984913e-28
24,80,5.854490150711889,9.102638251954056e-30
25,1,4.231467096464026,5.254023070418869
25,2,1.930029350859409,2.5481921224431314
25,3,0.9575410739655851,1.0032219979724806
25,5,0.2799942324362203,0.19235784002770537
25,8,0.27919766799408474,0.18884656314981474
25,15,0.47570257208441236,0.09829336205034264
25,22,0.7524040453877391,0.053216317323243854
25,26,0.9897080250518131,0.04614948119346065
25,28,4.614995320898699,0.014784378959835802
25,29,412.1354593713014,0.004985115720744264
25,30,153.9724688553987,6.305707934665151e-29
25,31,25.80905266632649,3.6313539101692576e-29
25,32,3.4847026701716346,9.207282050540716e-30
25,34,2.8822044254356225,1.906668237530933e-29
25,40,2.332494307758971,1.11841849407894e-29
25,50,3.1025584741141583,1.4883280066375078e-29
25,65,4.335893987698486,1.950371439828968e-29
25,80,5.501035139649705,1.6145864367429448e-28
26,1,4.1501929538399835,4.184123102392631
26,2,1.9236109004928332,1.4426953522763708
26,3,0.93673299211288,0.7991756926623962
26,5,0.2639579599435176,0.3468922832427715
26,8,0.5110320262237702,0.18478787175325095
26,15,0.5851031546620236,0.15938442282473864
26,22,0.6618396003243209,0.13317781060551484
26,26,0.9059255516519112,0.11755137270002987
26,28,2.451294003161757,0.09250280431374146
26,29,9.961320545367254,0.001984275396171392
26,30,33.74390408111992,6.554982170826326e-29
26,31,6.518034176502088,1.8621226013763905e-29
26,32,5.804474842751571,2.5415932536628e-29
26,34,6.089200442883494,1.1100341185602124e-29
26,40,3.309425829274327,1.7406503479239988e-29
26,50,4.32750837905503,4.1702392197410147e-29
26,65,4.697693145702964,1.3142751373025899e-29
26,80,5.106801980752904,5.397739657469293e-29
27,1,4.444889358855421,5.644966289912733
27,2,2.0596288182110394,1.4941029062797386
27,3,0.9848641565388714,0.5977721959716538
27,5,0.289930427862168,0.2060985139963732
27,8,0.3377676961817325,0.16424651256896616
27,15,0.5522669851057826,0.10496326562725675
27,22,0.894422469315348,0.0733886342515207
27,26,4.148513972298162,0.021028028018875208
27,28,14.208781286894073,0.004416838028825751
27,29,13.71998357262348,0.003896156756541436
27,30,15.857375009188857,9.410453215198987e-30
27,31,16.59708334320563,1.4733312716430505e-29
27,32,16.375019744284636,2.3511444612288272e-29
27,34,7.119732427181855,8.657440286009503e-30
27,40,4.408730328027601,9.677310068293282e-30
27,50,4.155276314305962,1.6436861949905827e-29
27,65,4.822260206785465,2.743931453620123e-29
27,80,5.378270382913425,9.76194826958262e-30
28,1,4.28496976978558,5.348032443712342
28,2,1.98754501671598,1.6556104298693077
28,3,1.0074712552433713,1.1564508876762638
28,5,0.2884623951783644,0.16781185526841338
28,8,0.37853548991856695,0.13978485887625838
28,15,0.6195603396809612,0.09586365439112149
28,22,3.0900816128813644,0.014490435331610799
28,26,3.111304579706295,0.006897330516634096
28,28,2.8277144123038225,0.006238297504419943
28,29,5.382053887055466,0.001942263189371547
28,30,11.480076020563374,1.2403322669710825e-29
28,31,2.771769159764198,1.111957480598007e-29
28,32,2.570750352767497,7.046464085194393e-30
28,34,2.807168170951757,9.145573650180929e-30
28,40,2.955708293902509,1.0913500301930635e-29
28,50,3.0866144767436636,1.1891384811426773e-29
28,65,4.04698830748811,2.420275074605959e-29
28,80,4.853288711614157,1.9671525489169e-29
29,1,4.1803017844256205,4.314009723752468
29,2,1.9156799070314097,2.1804963835016604
29,3,0.9150725836356063,0.8063386876160442
29,5,0.31443541327660496,0.18538317942208607
29,8,0.3502353309288367,0.14036335187079643
29,15,0.443829030254292,0.07684520627401085
29,22,0.8600227800069313,0.031197618483505173
29,26,1.1767841151436382,0.009587177168668621
29,28,1.252080699976131,0.008801380715116276
29,29,1.966643240777664,0.0013029245630248086
29,30,90.3326487572671,4.563478163692593e-29
29,31,3.584435799111591,3.1166810708700136e-29
29,32,1.8619731968445739,2.1707747021704814e-29
29,34,1.9292452974647336,3.041144974992012e-29
29,40,3.136668159314892,1.335866095932467e-29
29,50,3.4398911375031402,1.807192511455874e-29
29,65,4.698462469652145,1.675363890715864e-29
29,80,5.436486290046348,1.9907053881834598e-29
30,1,4.154984555593321,5.139113687223135
30,2,2.208909733044515,1.5797297440189433
30,3,1.0328901077463564,1.0704437106169729
30,5,0.32872613150717256,0.11309703528213136
30,8,0.3316858299305703,0.10572057585188087
30,15,0.41473539875364607,0.07364065219481424
30,22,0.7842763744644476,0.036951956724610685
30,26,1.1042000466790587,0.014083809951532366
30,28,3.1011765105444575,0.0012829446709719816
30,29,1.8751509749418764,0.0006747262535010111
30,30,1.5894543387440774,1.3010144676588358e-29
30,31,1.5897837098509158,2.1536929875170628e-29
30,32,1.4278222939092482,7.641371005482648e-30
30,34,1.3187871838300929,1.2563637078281619e-29
30,40,1.940360437161646,9.18581274648566e-30
30,50,2.801582929254825,1.472180849489603e-29
30,65,4.094652140015381,1.2532822199171423e-29
30,80,4.899553528177597,1.9839954482572148e-29
31,1,4.364307544762036,4.937429851504219
31,2,2.0102120392633793,2.3065829893907934
31,3,1.0446525746528457,1.0470882941041046
31,5,0.28450308681689573,0.2733225051224203
31,8,0.3054238613868906,0.2653369212342202
31,15,0.5605198570630843,0.16441318679220052
31,22,0.5870180639643114,0.09661677871107056
31,26,0.6011667039101651,0.0679056632823332
31,28,3.40522205154075,0.03041205131601234
31,29,1.9476027272285377,0.026848835735361728
31,30,6.49221574898288,1.6902782922051986e-29
31,31,6.154941744707289,8.508748222676438e-29
31,32,5.638059075330828,2.126658066911051e-29
31,34,1.8348064003100675,1.3181631083778216e-29
31,40,2.3412254389124287,1.8914378230365567e-29
31,50,3.469688980112199,1.4813944983435515e-29
31,65,4.540741337872517,1.7867904935783317e-29
31,80,5.219447061496276,1.2929820558374445e-29
32,1,4.575165078955706,3.3159375273371605
32,2,1.9619570839075418,1.5573976037864137
32,3,1.0195733011575503,0.5757500778882626
32,5,0.3304253151444072,0.26011881995855357
32,8,0.4238149193297474,0.20571013587680514
32,15,0.6730006315444754,0.11581694529677268
32,22,1.1712509749203943,0.04558234283132291
32,26,2.3001222060573405,0.033512645654786954
32,28,3.36267410597986,0.015569977097633702
32,29,2.6575284553296052,0.013440341558441064
32,30,2271.936775163691,6.638430917782009e-28
32,31,1.709139325618628,3.2357451415199434e-28
32,32,1.7309685876109484,2.4807004846344603e-29
32,34,2.0522922916362614,9.778691020565827e-30
32,40,2.366698960877187,1.1514595877106854e-29
32,50,3.1693916818362777,1.6799655793296532e-29
32,65,3.8564450986217587,2.0839281012115797e-29
32,80,4.419385512428146,3.199180205967785e-29
33,1,4.170094544337638,4.6380148106034795
33,2,1.9837816810958344,2.7031787240385436
33,3,0.9358928421119315,0.9988551616458536
33,5,0.30605079432585497,0.31707652212958426
33,8,0.3228598853454885,0.29779145068071594
33,15,0.6878828754695603,0.1896225935216241
33,22,0.6671481215200696,0.10752728059489852
33,26,0.7345857494390688,0.06373706097113503
33,28,3.749481125374146,0.054081494164646915
33,29,5.729364266866006,0.04622617319475282
33,30,103469.5294908562,4.357585364713645e-26
33,31,80.90666890905888,5.681103014140283e-29
33,32,16.832205360527595,2.6613989357366485e-29
33,34,11.396984155562354,8.898782419200556e-29
33,40,2.168115480951241,7.973760834817959e-30
33,50,2.521915096129062,7.587958548358308e-30
33,65,3.6731013018842846,3.7880730890163665e-29
33,80,4.698937242449322,6.024329409296014e-29
34,1,5.005602723371559,3.6307411831360397
34,2,2.0955761625353233,1.343991083516681
34,3,1.0049458363518176,0.9261183433215587
34,5,0.2822467005781174,0.30599595647392186
34,8,0.33599232778098653,0.24720884866700613
34,15,0.5837336112492553,0.163322664510574
34,22,0.8870534516903571,0.09105971020966769
34,26,2.3998183394875845,0.03602454860146401
34,28,12.721161891009597,0.016974070506935564
34,29,5.267361113112068,0.0019626293489180147
34,30,5.04305281797716,2.4944131058384975e-29
34,31,4.810449386265639,1.4273965585161187e-29
34,32,2.852036941917314,2.3056719712885483e-29
34,34,2.4515179734888473,1.226319200695721e-29
34,40,2.0478074314124535,3.87204363459165e-29
34,50,2.733499873401698,2.0643606529766054e-29
34,65,3.376594352693631,2.8756547901898395e-29
34,80,4.271039904878285,3.045095538790436e-29
35,1,4.2813549445962,4.908357137718196
35,2,2.110702664550686,2.0237148537229412
35,3,0.983584822571852,0.6796470237206081
35,5,0.28772569235052486,0.21722355870607313
35,8,0.3167124180846784,0.18979405941764638
35,15,0.5221441611552653,0.10385174386749593
35,22,1.0380650725374152,0.03120033459005355
35,26,1.2798124504560064,0.02320229726952455
35,28,1.5827048511204516,0.01349731063667725
35,29,2.547633755208641,0.010042421689629991
35,30,11.048304440327705,4.852490914867119e-29
35,31,2.3317004903313046,3.5145088639024185e-29
35,32,2.329804676683414,1.0196540781300081e-29
35,34,1.7429482558953024,1.4578955851154348e-29
35,40,3.3414467052030563,1.1020427932443016e-29
35,50,3.364818041327929,9.587762029599053e-29
35,65,4.092699443558363,1.4400203873249287e-29
35,80,4.711430012851968,3.0190569659423206e-29
36,1,4.444739457766652,3.2351705348147055
36,2,2.062386159584271,1.9492351382166269
36,3,1.1526393800112813,0.6816119600373594
36,5,0.330318613961638,0.16987794290952662
36,8,0.4196983808225352,0.12304783875819948
36,15,0.5311865051988398,0.07439718713737148
36,22,1.078657331232753,0.028531270307440737
36,26,7.278406432900731,0.016306539233721343
36,28,11.584388413855484,0.014094047763481807
36,29,64.28527193087473,0.005553899111037297
36,30,313.8737438928632,9.125007286281466e-29
36,31,25.83935472191575,1.5969425912870082e-29
36,32,8.955541529692113,5.367440927584193e-29
36,34,1.218172887437157,3.542542700172919e-29
36,40,2.1040961570896886,1.4489181836679978e-29
36,50,2.76852347045452,2.2589591824640842e-29
36,65,3.7220448856504293,3.2440286946060826e-29
36,80,4.330722977300554,7.823294348029466e-29
37,1,4.211021889218536,4.441168365310043
37,2,1.929425633904873,1.2863348639843493
37,3,0.9153952012019023,0.7330691156116645
37,5,0.2671206326166632,0.2619683885079432
37,8,0.32436366432487324,0.21493745499624195
37,15,0.4018736934256255,0.19428472830572427
37,22,1.3079684584303404,0.09425389283782268
37,26,1.6482688806673154,0.04361740986736822
37,28,4.311932456935829,0.015428793243741202
37,29,13.2579363344303,0.005759998923156841
37,30,9.433270054657804,1.6639726570714615e-29
37,31,5.789348086296005,1.1775906051961315e-29
37,32,5.710601341466434,3.869948222812157e-29
37,34,4.296673164419016,2.3589098107645968e-29
37,40,2.4927465561600908,2.2275280057716845e-29
37,50,3.542340606842861,1.2967337673691109e-29
37,65,4.596370884425433,2.904487245410613e-29
37,80,4.9298337958830984,5.186236598883279e-29
38,1,4.208998914380949,3.7810032504135465
38,2,1.9193662914921341,2.2357557307498124
38,3,0.9204278693453151,0.5993356114447906
38,5,0.2772396397657319,0.12644694704255988
38,8,0.30630445353034763,0.11449623107153048
38,15,0.4479614498855383,0.06472356971404726
38,22,0.7039160923372333,0.013698744823009286
38,26,0.9132930613511224,0.008667331387804476
38,28,1.9719912175008925,0.006084207267149696
38,29,1.9709783576346904,0.005413976570561677
38,30,3.2706355780113756,1.224811839525914e-29
38,31,1.9177525805545659,2.972197806442083e-29
38,32,2.7573843084281977,2.622328236931513e-29
38,34,2.5143266336763106,6.560513441626605e-30
38,40,2.7479890758809153,1.8526547297697827e-29
38,50,4.099689578066279,3.17592781177255e-29
38,65,5.140000172649326,2.3733440137211309e-29
38,80,5.84404168005624,1.0209200560801186e-29
39,1,4.161303093599674,3.786799528922307
39,2,1.9386723432581714,1.8778469344115118
39,3,0.9394227950128643,1.1898177645430144
39,5,0.3865229530485098,0.18628321952043514
39,8,0.4652026888953294,0.15318654423728162
39,15,0.6028769892792609,0.11525419780799927
39,22,0.859832540192954,0.07388767571817381
39,26,9.368110516900465,0.015598739521379369
39,28,48.11558076595891,0.001525394777861684
39,29,10.287676180300977,0.000899627334900598
39,30,16234.383232633503,4.820816711494803e-27
39,31,8.102527034776493,1.8291198658493707e-29
39,32,8.686406071331692,4.646239225262801e-29
39,34,4.651334395872671,3.223791022750461e-29
39,40,3.862964709854858,1.373295902424985e-29
39,50,3.536816260791961,2.538098332790385e-29
39,65,3.8976384960447774,1.7766421267247075e-29
39,80,5.083654489484754,6.68785592954949e-30
40,1,4.2202776170644,2.8823736935595763
40,2,1.9388199482564683,1.5612184335468682
40,3,0.9944887541500443,0.6573689504500835
40,5,0.3035697095952403,0.19959812563767323
40,8,0.3860257796644454,0.16190568428830113
40,15,0.5582578786133165,0.1273398860282557
40,22,1.1934961558911825,0.048995657458937115
40,26,3.881824611464135,0.0027564076662500007
40,28,3.146810891296105,0.000256327810866181
40,29,3.468115056328656,6.121844260046231e-05
40,30,3.363769779040536,1.280923166478988e-29
40,31,3.5987582080876312,1.6667357245650092e-29
40,32,3.2382794198537743,6.896061796070712e-30
40,34,3.6300575146100975,6.475397609711059e-29
40,40,3.110946744980686,1.0874673554251789e-29
40,50,3.449891562364134,7.933187910656201e-30
40,65,4.249129520807593,5.771524141075968e-29
40,80,4.930735842681613,1.388908774507484e-29
41,1,4.150224088189252,3.7544581679957405
41,2,1.9264825242298944,0.7487064638776633
41,3,0.9769352947749746,0.3155575420022612
41,5,0.358723765411565,0.10139010358421287
41,8,0.38706872061590036,0.08038709689017004
41,15,0.39218561793432083,0.06680138993453447
41,22,1.879697471842021,0.015897625379962275
41,26,1.8586967163007029,0.0072742656067254375
41,28,2.7992718891675437,0.004325321408421307
41,29,7.570727018058516,9.759112827589766e-06
41,30,6.948158661103191,1.089069729138909e-29
41,31,6.63372644194696,1.4800078287835927e-29
41,32,1.9418802532630333,9.04591319532537e-30
41,34,1.935477550206272,1.1603881989328648e-29
41,40,1.6753656037483788,1.4534762178697143e-29
41,50,2.520135876177698,1.325471210045961e-29
41,65,3.973561073135942,1.639505643057966e-29
41,80,4.441511340242461,2.987882579909173e-29
42,1,4.20803341468331,3.0034640884405066
42,2,1.9657778270376585,1.903467910486579
42,3,0.9525902671231208,0.788469493466326
42,5,0.32814512622007974,0.21073709094273893
42,8,0.3555881992467976,0.2032571951339274
42,15,0.6454901947266386,0.16196768049614155
42,22,1.4103695997553467,0.047866634944518135
42,26,2.1955179958028355,0.026244955344106542
42,28,2.595952005800851,0.021099653289157028
42,29,3.774963103540034,0.01933893975824081
42,30,21.568388281279596,2.2468463670671847e-29
42,31,14.039721296166896,2.66480911569151e-29
42,32,4.130910103307883,6.993950395377434e-30
42,34,2.813306928717493,1.9002303352093327e-29
42,40,3.7218090156812904,1.204759056944954e-29
42,50,4.804841348960554,2.554317230828718e-29
42,65,5.40953598974886,9.633347507429402e-30
42,80,6.081716792759249,1.3968795565706546e-29
43,1,4.173519580891299,4.7536308269109036
43,2,2.0241741359937997,2.085731409449998
43,3,0.9288015570147695,0.8379010068623225
43,5,0.2621952752223277,0.13226952671575248
43,8,0.27672347657664287,0.1221698312208858
43,15,0.4201839483796781,0.07888782841068062
43,22,0.725874745526406,0.03975736762756092
43,26,3.1926888087587955,0.011690848891742983
43,28,2.9816533909130425,0.007204396762160812
43,29,1.0954482592275814,0.000531765158032178
43,30,1.4396790738813865,1.3479455285436637e-29
43,31,1.3013249626470276,3.099833035716514e-29
43,32,1.2841645906836496,1.3114196251717118e-29
43,34,1.261853988437058,1.1993048233424495e-29
43,40,2.277221002345245,1.777381683823352e-29
43,50,4.240822498023739,1.2222824515322854e-29
43,65,4.8995426846786305,1.1446905859328124e-29
43,80,5.403066674122634,1.0012781385539614e-29
44,1,4.16050705347382,4.513466907534786
44,2,1.943531708152495,2.654425372393517
44,3,0.9768098143521649,0.942351656135728
44,5,0.2741406102258538,0.1947939268365472
44,8,0.28147479173565243,0.1895256852689355
44,15,0.5814077153994872,0.12134248524704191
44,22,0.7794351654061666,0.06570321852004542
44,26,0.8767986950872293,0.05545433986562909
44,28,50.33563118218583,0.025332991259711633
44,29,236.5202739350371,0.005425001415211474
44,30,252.7751721453947,1.391591723315345e-28
44,31,22.976985716186665,2.335192625476116e-29
44,32,2.131191558318516,1.800205237617637e-29
44,34,2.520501176927273,1.4387508143055886e-28
44,40,3.1056935863671566,9.031327485879878e-30
44,50,4.021922639245471,1.702470712706466e-29
44,65,4.844492079565689,1.3206435456520304e-29
44,80,5.295451878097364,2.0387945749415128e-29
45,1,4.348318566993115,1.9586227630580297
45,2,2.3087389863396353,1.0898941743111492
45,3,1.0247649577071665,0.34631111975572754
45,5,0.3682685481054575,0.20924743375800478
45,8,0.40313051396078176,0.18951417972632262
45,15,0.7006362940594318,0.10113055951237988
45,22,1.191523544522356,0.07253657605125094
45,26,2.457908233219412,0.040907555257474866
45,28,1.1140981545552069,0.027662725647301715
45,29,1.728264689923091,0.010522256537763779
45,30,75.65958439812745,2.1154440188215323e-29
45,31,18.071020294034476,4.317806539986557e-30
45,32,16.378310324107492,7.557477497105139e-30
45,34,4.586798594069198,2.284229951241037e-30
45,40,5.934696195163461,8.567897383128459e-30
45,50,6.1969215161475475,2.911749285254249e-30
45,65,6.699743633092839,6.639527927478333e-30
45,80,7.0240674875837,2.6990675575422704e-29
46,1,4.163234476685826,3.505091700944485
46,2,1.9114479312837322,1.93961265618985
46,3,0.9154015563430189,0.816430409675432
46,5,0.25879944564594937,0.1589324911370372
46,8,0.2826600475686175,0.1454100754524935
46,15,0.32642280061061946,0.12545056530728102
46,22,0.6454113142328691,0.025905132738875156
46,26,1.11826567471642,0.01574539327370846
46,28,1.6168793852470242,0.010925524801728516
46,29,2.176920267130864,0.008066019531212757
46,30,4.060461151564908,1.5764712399314681e-29
46,31,1.823930912560104,1.274744783217394e-29
46,32,1.7615023256921836,9.835724225985614e-30
46,34,0.9138411285149283,8.540284683539131e-29
46,40,1.8751933171175725,1.480108619117349e-29
46,50,2.6632112404240575,1.2269688810636277e-29
46,65,3.7180709180664415,4.0320267832120086e-29
46,80,4.93585762689797,1.5926798663434312e-29
47,1,4.158463197969388,2.7921347234819405
47,2,2.0223696435090357,1.373527018397488
47,3,0.9493740033009329,0.3629433398785457
47,5,0.30688152619854014,0.2116295737319923
47,8,0.30920621749874555,0.2067842213146166
47,15,0.3914502892534949,0.16681204938772828
47,22,0.832159760537438,0.08743127596376336
47,26,1.1803199131606668,0.06616188015056808
47,28,1.7241251031738267,0.04756470905347127
47,29,73.8806115800734,0.016187076044044343
47,30,32.75256753469917,1.4729923079728382e-29
47,31,33.12083971061239,2.086167315760254e-29
47,32,11.017674826205106,2.0068703601833502e-29
47,34,6.641365694621043,1.2618076698042966e-29
47,40,2.231322652411758,1.1263043747303956e-29
47,50,3.764480289697035,2.2857244728778818e-29
47,65,4.278605679776162,2.2134943962435828e-29
47,80,4.902416745288164,1.4221374858146453e-29
48,1,4.462793681099708,5.398570160319577
48,2,2.8613136722933366,1.5369255001658937
48,3,1.0430541772695,0.7224196885703892
48,5,0.4817730787592891,0.20274531666472742
48,8,0.4795368274700937,0.20133703835889086
48,15,0.551746429687122,0.1666037552910016
48,22,1.9638981459811011,0.08635232460067571
48,26,3.3786191136228547,0.01628864331656142
48,28,10.574024370802613,0.008691566689170847
48,29,16.33551233195712,0.008588259910863734
48,30,92.97992302371505,2.552922857548982e-29
48,31,89.0580282340417,4.02077164861701e-29
48,32,87.32156527661635,2.37948644629043e-29
48,34,4.130400195874815,1.1826468132767961e-29
48,40,3.6786463888448266,9.73598673393228e-30
48,50,4.430955787236639,1.0908595600338929e-29
48,65,4.610536667480501,1.454434047028723e-29
48,80,5.3861571148447664,1.4123614654169355e-29
49,1,4.205916981697795,6.579995883000922
49,2,2.0175953882688487,1.7663086857696166
49,3,1.1861252095749908,0.7651683295983421
49,5,0.2875681326198847,0.20535916196079299
49,8,0.2834876506028681,0.19322444633037736
49,15,0.403216761614433,0.1318116861131063
49,22,0.8957808018135414,0.05346253161918447
49,26,1.0557921730239757,0.012672924652702025
49,28,1.0474554841968373,0.009810794996987443
49,29,1.3457780873600373,0.008909350568295152
49,30,166.11743172189585,6.742336635816316e-29
49,31,8.594411497402218,1.5984807673359255e-29
49,32,7.044563214325614,1.6762986087155398e-29
49,34,5.805083930510642,2.0703079246448732e-29
49,40,2.029111208189546,4.0899972745380644e-29
49,50,3.0492290869076477,4.326039248522164e-29
49,65,3.6158938829845373,7.836429190250187e-29
49,80,4.586450112528096,4.7536265110552407e-29
50,1,4.356829328906815,4.8431164858757025
50,2,1.9812071568486818,2.2484120193554826
50,3,1.0878216276703223,0.7574940723849439
50,5,0.29698112357478346,0.2586094261338301
50,8,0.3052655341326944,0.24864652833121345
50,15,0.46550021628695476,0.16336436008081084
50,22,0.763246490445882,0.11948887220681047
50,26,2.11895945960228,0.06570384942014898
50,28,3.830484196791171,0.05726964586055414
50,29,7.948308889310737,0.016780915665553307
50,30,8.339693535230499,3.075910417900632e-29
50,31,7.613292991094393,1.9804620087859122e-29
50,32,7.4884576460678645,2.56565710634127e-29
50,34,6.0586329827745375,1.815503390679276e-29
50,40,3.107883241437035,3.603327617124373e-29
50,50,3.040519835846714,1.8629135166068855e-29
50,65,3.6076077908043036,1.541134277311851e-29
50,80,3.932959639856908,6.548870553136136e-29
51,1,4.463530143620323,3.1760174535598025
51,2,1.924709846478837,1.2116453659456548
51,3,0.9827540299488178,0.7163314100817626
51,5,0.27848451426999626,0.13191135556293868
51,8,0.2946759695089813,0.1218346047905832
51,15,0.39639000045707884,0.07377260440235459
51,22,0.5017988310841845,0.03962852981536798
51,26,0.8157973352048126,0.024792502411778182
51,28,4.899207680101911,0.010410870522000439
51,29,127.69743843247159,0.0023490726265272617
51,30,130.3974801407561,4.094485975261783e-29
51,31,4.622600105991185,4.597097196801816e-29
51,32,2.9743936057628932,2.4108123388125365e-29
51,34,1.3598467099167377,1.8905647347951012e-29
51,40,1.549627574583211,2.1100488470706556e-29
51,50,2.1618186448164365,1.7184225484591776e-29
51,65,3.7163428340618974,2.604350322877306e-29
51,80,4.384337179367849,5.756435121938342e-29
52,1,4.27848324001941,2.789952449693153
52,2,2.0004276074293745,1.4027848540320909
52,3,1.0059027159436398,0.8223909066687499
52,5,0.27137938526685657,0.09998807672114347
52,8,0.30576700998304057,0.08553712972887267
52,15,0.318989008256783,0.0710084964297007
52,22,0.6605498455287138,0.023980522023322536
52,26,0.8339474954032998,0.00531163547723598
52,28,1.679993516632376,0.0024851779652173885
52,29,1.8759193543383523,0.0004064897448048187
52,30,1.289893382023302,1.4648263650086363e-29
52,31,1.8613458467761843,8.685847752689214e-30
52,32,1.9989243968108037,1.0964447568726159e-29
52,34,2.992065560815524,5.10447445297756e-29
52,40,2.9022118090141293,5.500353204906245e-30
52,50,4.628197796070084,6.698743853501759e-30
52,65,5.522276487599187,5.457417806679372e-29
52,80,6.139114943870254,7.423920675228365e-30
53,1,4.16307544504925,4.979283273274717
53,2,1.9632109903288628,1.7233543974159669
53,3,0.9778304079464747,0.5588399929137983
53,5,0.32527664919805377,0.2322527935606256
53,8,0.3297848675761577,0.21978119334193233
53,15,0.910381865623944,0.0780059776270011
53,22,6.619697674632025,0.03715101777600407
53,26,1.2080692794104952,0.006942661352947346
53,28,1.0164953741328069,0.004698019383096913
53,29,2.895693115673481,0.0007803695333474543
53,30,4.386145174435475,2.4123633543944163e-29
53,31,3.0159687830682125,3.5662393422086597e-29
53,32,2.684473337179801,1.686077197019842e-29
53,34,1.705442816110939,1.7774638568343126e-29
53,40,2.12722153600825,3.090547485477975e-29
53,50,3.274142524045718,1.0962311070441185e-28
53,65,4.1294791620432,1.8660771775288655e-29
53,80,4.806590643140172,2.1875790829119083e-29
54,1,4.48345546852344,3.42308397497989
54,2,2.12406837186491,1.5148492638196271
54,3,0.9568198736771388,0.8031043319929405
54,5,0.26982173919088404,0.19001922081332268
54,8,0.32115272551500157,0.16219602435860078
54,15,0.47418132052601303,0.12125829047528779
54,22,1.7940033459737195,0.026301791314946272
54,26,2.0598674201975147,0.019404004821409006
54,28,3.056570090379778,0.00836605767674261
54,29,8.315543508923794,0.0011017499508720943
54,30,8.200032239127934,1.8503513175562958e-29
54,31,4.2417125751483,8.143776794495279e-29
54,32,3.57710423839913,7.632835283969123e-29
54,34,3.1865872531283945,8.747111584220172e-30
54,40,3.6992217161446717,1.0247590764359305e-29
54,50,4.516219476870597,5.751186320863238e-30
54,65,5.402084681598317,9.236554580753782e-30
54,80,6.4228857472105165,1.264385848023183e-29
55,1,4.1613930784671815,2.955782735821209
55,2,1.93923700141194,1.4951349139085501
55,3,1.0130962528369494,0.6055259735182545
55,5,0.29350308748372217,0.11915220063696128
55,8,0.30973981071272205,0.1134325468656968
55,15,0.3949814066661578,0.08433390182917197
55,22,0.5292331711499889,0.03369422968621505
55,26,0.7788414747964568,0.013526507935282768
55,28,0.9367646657091822,0.007031793830376003
55,29,1.1541865840476049,0.005475286760504922
55,30,5.181245136974492,2.505108436796328e-29
55,31,1.923145925869641,7.385633187933948e-30
55,32,1.7079888702373982,1.0445345251048987e-29
55,34,2.7023343102683186,1.8582039759162104e-29
55,40,2.5431848844496523,6.407568924976334e-30
55,50,3.239524627573295,1.2028613739730845e-29
55,65,4.085960557989081,1.3003801947304842e-29
55,80,5.022937918190394,8.272998990043886e-30
56,1,4.151711700796738,3.1788693857014922
56,2,2.050027572495215,1.7827668541224557
56,3,0.9632229956338811,0.6531208865113535
56,5,0.29378891129623086,0.21415749468665032
56,8,0.32930964871203794,0.19361613213880832
56,15,0.4927009300575888,0.11978660818352801
56,22,0.7475506501784495,0.07527595239368487
56,26,4.958809544052662,0.0029707923170456388
56,28,10.680158582603884,0.00011125530359877934
56,29,10.845022537403027,0.00010557773431175952
56,30,43.52916574021522,3.3174579836190865e-29
56,31,11.725331243532782,1.834152962770703e-29
56,32,7.67442292126205,8.792204023984758e-30
56,34,5.795613292461931,1.2760030574477268e-29
56,40,4.713144015009118,7.295448308404774e-30
56,50,5.0243393820509805,2.837485426598677e-29
56,65,5.37723035467843,1.0111902580010743e-29
56,80,5.824729663386079,1.4788779498828857e-29
57,1,4.233917687725574,4.257873092308801
57,2,1.9058094637807754,2.020692855358766
57,3,0.9842340325832661,1.0650119256870314
57,5,0.2771156166923351,0.26362822641677275
57,8,0.2921912276561371,0.2527931313058213
57,15,0.41677131091487474,0.18220008729788237
57,22,1.070522590206719,0.1326293451084459
57,26,3.5339788451257754,0.07096907245405037
57,28,3.7066852823667267,0.0007752924104472444
57,29,3.82886992169647,0.0007236837769344097
57,30,4.79001486867469,1.943443067348197e-29
57,31,3.0447601056512332,4.803867603537823e-29
57,32,2.8445085859482857,1.0746689089680776e-29
57,34,2.659451483020257,1.1402249963684266e-29
57,40,3.6440640698639557,1.9201983768727393e-29
57,50,4.214009388938951,1.5633928916557826e-29
57,65,4.809926899465611,1.420370766078994e-29
57,80,5.406875662139482,1.296851377491048e-28
58,1,4.311038348752646,3.8233665610799776
58,2,1.9185540666122798,1.5554063748409162
58,3,0.9384570919083263,0.7205878168497334
58,5,0.30365344600632777,0.1735146020015124
58,8,0.32705943041253455,0.16192514145054884
58,15,0.5202895091091806,0.08153496782908447
58,22,0.6907160824436956,0.0472442103493949
58,26,1.0172136066045312,0.020047763915379806
58,28,1.5128135423560944,0.00217304152625962
58,29,1.5167396547126766,0.0021229006479689537
58,30,2.0533849923163054,1.7335218392231736e-29
58,31,1.6535663372461689,3.266377185680752e-29
58,32,1.7662661327943545,1.0998035786956273e-29
58,34,1.5434078362988,1.557014211679972e-29
58,40,2.345326508663115,1.241562936205546e-29
58,50,2.4394750589538736,6.631742034689823e-29
58,65,3.972572722444445,1.5654908713418684e-29
58,80,4.604536290402273,1.8611018585058653e-28
59,1,7.633810018818167,3.2558114851869933
59,2,2.7852887771346775,1.4935508328124416
59,3,1.234196081760541,0.7521887559859703
59,5,0.422098708098111,0.200250104480188
59,8,0.4273747794525264,0.19412946755510488
59,15,0.5074945229336911,0.13074929858024584
59,22,1.200071241398163,0.05654189386206351
59,26,21.831363691236792,0.0065832788459444245
59,28,29.35175794093998,0.005252828379458654
59,29,40.9547518743975,0.0033552625010264277
59,30,156.6612128090541,3.6018131942114364e-29
59,31,70.40670292253918,2.0607669078239194e-29
59,32,4.081133646160215,6.08852771608557e-29
59,34,4.137957109211628,7.514574197710673e-30
59,40,3.6347645722306687,9.60746942874332e-30
59,50,6.019855620893131,5.6363045996805396e-30
59,65,6.783471875668001,1.5848150104272019e-29
59,80,7.046353933807865,5.484335887535424e-30
60,1,4.155395752679687,2.8257743865171148
60,2,2.0353112697508373,1.8178146890055327
60,3,0.9620658677369504,0.980319149404682
60,5,0.2656979386806098,0.28016981655781764
60,8,0.3241172315448406,0.24046408160567537
60,15,0.45422575302405255,0.17479644005858383
60,22,1.3636812894955108,0.0863874288904437
60,26,4.747991505202111,0.00017844266534858882
60,28,4.97350260316867,4.9460406905325356e-05
60,29,4.957024304097182,4.610079281706889e-05
60,30,5.7755155717430755,1.7592933497856672e-29
60,31,4.502974655565055,1.1164025269096528e-29
60,32,4.523390270346586,1.9994953324496433e-29
60,34,3.2488702809420147,2.0427491510939881e-29
60,40,2.9298877763603564,1.842216189471204e-29
60,50,3.4354976503276373,1.4966375918767285e-29
60,65,4.2857657826056865,1.0939795665438002e-29
60,80,4.7846399697564355,3.077954471548275e-29
61,1,4.327046743876324,3.5389708493671344
61,2,2.069022241123877,1.0596564154800079
61,3,1.1904207560978495,0.8472877972813257
61,5,0.31145786781436946,0.19889506079673522
61,8,0.35492885421137693,0.1764741511023911
61,15,0.4788950384811902,0.15837409166981484
61,22,1.1589273647628477,0.04647272526342918
61,26,2.630452469128802,0.013887948236923695
61,28,11.624004513015473,0.0014959657343709956
61,29,19.5684374547878,0.0010565732205675565
61,30,79.70568304564293,4.1932810455956634e-29
61,31,2.6451604647208047,8.12272509624983e-30
61,32,2.640735945771601,6.722086124427732e-30
61,34,3.0257343985769802,1.1559200414618864e-29
61,40,3.8451451821654565,2.1631249084313753e-29
61,50,4.296379026378592,4.6557918377869616e-29
61,65,4.925192072357347,8.548073144234232e-30
61,80,5.517969602152351,9.758789744473825e-30
62,1,4.250596740157638,3.323759694848908
62,2,2.2809306053756098,2.2998092954864564
62,3,1.1070147342755294,0.7364395381832833
62,5,0.3232161724467731,0.18103320984899024
62,8,0.39020164838151394,0.14318071681716316
62,15,0.47796142949216747,0.11470533156777708
62,22,0.6615997282165809,0.08530488021225228
62,26,5.648682964920607,0.0431434430766854
62,28,1.0753938980930429,0.03770840800432167
62,29,448.5068676901229,0.0005163780914223893
62,30,481.499521306296,3.017800746037262e-28
62,31,15.104260448696495,1.3749393626441953e-29
62,32,14.463929311276267,1.1459642676027006e-29
62,34,9.15605701426758,1.2682377079119575e-29
62,40,3.137232405783599,7.654621403500031e-30
62,50,4.290099737023213,1.0257451525674567e-29
62,65,5.010952348854178,1.920509093570434e-29
62,80,5.70414587133425,9.903285848434718e-30
63,1,4.206037186405535,5.80646759948201
63,2,2.099861213990972,2.3301546607018833
63,3,0.9407926766961298,0.8723903165647624
63,5,0.2976473882267448,0.20227412856550006
63,8,0.3230572292908591,0.18026287136186545
63,15,0.747419104680835,0.09817188598532253
63,22,1.0674040266158342,0.058746295799708644
63,26,1.7832252181917367,0.020193103972048272
63,28,4.143070123032085,0.0011553471326122315
63,29,4.245237997513657,0.0005555510035791368
63,30,38.099635733793185,1.4995675732987896e-29
63,31,2.833129133718517,2.283269554175436e-29
63,32,3.2113724876041823,1.199516033659684e-29
63,34,3.246500863046141,2.6294747209784856e-29
63,40,2.448836090451436,2.485592346693204e-29
63,50,3.733808318981923,2.656039714678067e-29
63,65,4.699662813538052,1.7378487618315634e-29
63,80,5.3362363110177515,1.8491726484303308e-29
64,1,4.197248762592127,4.96458156808481
64,2,2.0988282723703438,2.634521876154556
64,3,1.0193827704896639,0.8838556591090786
64,5,0.2641191170268764,0.1216760006956567
64,8,0.26713874035052004,0.1166988549602367
64,15,0.3442896626395,0.07298076142076042
64,22,0.5329748303975281,0.04937304784045894
64,26,1.1441758557325281,0.015621387565151003
64,28,0.6373687193425174,0.010937328462090806
64,29,0.7394339759882547,0.009761714973328704
64,30,50.80838339924959,2.599358312461454e-29
64,31,4.18146703599068,4.0427683364885044e-29
64,32,4.251113489923336,5.761663379760705e-29
64,34,2.517161595586035,7.984956907561331e-30
64,40,2.795949697178525,1.1685207591113638e-29
64,50,3.5520777567826203,1.829150680728481e-29
64,65,5.038407544146394,2.0432524607861213e-29
64,80,5.328107504166527,1.6750762851775021e-29
65,1,4.15808258989735,2.602140364615189
65,2,1.9411301676001127,0.7352580343683893
65,3,1.1557434677329013,0.5214507169879237
65,5,0.28275098274232124,0.15113273593328008
65,8,0.30397680449726594,0.138569916578355
65,15,0.3436506526486089,0.10299846038403966
65,22,0.6536245427182943,0.06268150967544123
65,26,3.1175322427552263,0.017526710162552507
65,28,4.248030557302144,0.0162152502951727
65,29,5.608537689798043,0.01516425711435272
65,30,221.44606301194494,1.0723714029397532e-28
65,31,8.164168450847974,7.215432338981966e-30
65,32,6.306267650337551,7.62701640763048e-30
65,34,2.483756087108428,1.5194328986984957e-29
65,40,2.4929212073810736,1.1905354223290062e-29
65,50,3.707589424848791,3.2294121702814795e-29
65,65,4.861049340958882,7.786740197684996e-30
65,80,5.572395428549603,1.1208732522872236e-29
66,1,4.196587278761878,4.280220319110005
66,2,2.070419764627979,1.3465027012814885
66,3,0.9374994033920105,0.6827811070296654
66,5,0.2910527186094714,0.23421455812068656
66,8,0.31110127324461245,0.22437257514420697
66,15,0.7887809494143869,0.1340143821315537
66,22,0.9177715944941776,0.07059294726301486
66,26,9.699095612500779,0.05380260397302113
66,28,56.639224045804625,0.010141155622306655
66,29,68.74610515123933,0.008965344793965
66,30,116.26148954955094,4.4124852560526337e-29
66,31,101.25896647120555,3.0804607483825707e-29
66,32,38.07890634917278,3.4210267923084546e-29
66,34,5.043618795684989,6.875929408385385e-30
66,40,2.9429798330083243,7.167130015976735e-30
66,50,3.29662742174815,1.1987090690129857e-29
66,65,4.1346744953891434,1.8305373502884398e-29
66,80,5.272032638761958,4.199657157664881e-29
67,1,4.283975366099286,3.8361339408304294
67,2,1.9425641683635775,1.3956941521256558
67,3,0.9285745279535236,0.4488978169890328
67,5,0.262644469949128,0.19220426172186267
67,8,0.2728084634529841,0.18783696954428927
67,15,0.5328113473367391,0.09606080490292479
67,22,1.0816463073563107,0.06720436725407247
67,26,1.9192227035353133,0.03742999738887409
67,28,2.758606856142605,0.018638524314082243
67,29,5.922608057426685,0.01689043503583067
67,30,93.8843753776604,3.584828418031885e-29
67,31,25.40230436635016,1.5123429085965582e-29
67,32,3.437403076086242,2.001323681943515e-29
67,34,2.125435567583547,9.934511592599716e-30
67,40,3.214588651975278,1.0051633812284385e-29
67,50,3.760044917081914,3.177424901315987e-29
67,65,4.817308565443439,1.3682448301575052e-29
67,80,6.082848312121941,7.496078850478075e-30
68,1,4.34239503460141,5.34804780592706
68,2,1.9104243579095475,2.1460082072196456
68,3,0.9373804732225794,1.2637079935891562
68,5,0.30230931747852646,0.2566770419708822
68,8,0.34568919896582795,0.2441752183522354
68,15,0.4125831004621301,0.21607667093891864
68,22,1.4329001105231634,0.08560703253286624
68,26,1.7594735232134766,0.06669057459833001
68,28,2.0285313033979384,0.04226083266656554
68,29,1.9416863123915675,0.04128779228023434
68,30,9.52944996109867,2.2351777995107906e-29
68,31,3.1769372483726572,1.8042214435283327e-29
68,32,3.32765501755502,1.2076864704604226e-29
68,34,5.026963706236961,8.890298055818882e-30
68,40,4.909773323054207,1.1553551020115327e-29
68,50,4.928104150969647,9.23236889300798e-30
68,65,5.666182154186019,1.434268276557692e-29
68,80,6.016820224984575,9.800877733525167e-30
69,1,4.355381284500416,3.6096960637183555
69,2,2.1661923681081805,1.601253112993331
69,3,1.033139848597296,0.7269596929026635
69,5,0.2750047172247292,0.1634796198032292
69,8,0.28609038159760397,0.14937725720238706
69,15,0.31735490304934544,0.14066318934857228
69,22,0.86351277038822,0.08759042054698428
69,26,4.155995272892243,0.04259654401776662
69,28,4.452206775983722,0.038175994146580836
69,29,3.8802394476197084,0.01191085047033451
69,30,87.32878897465297,5.174311240667633e-29
69,31,79.55605263779101,3.660026994687133e-29
69,32,7.57605248027105,1.339307090766439e-29
69,34,4.1476696872233765,5.93083706607568e-30
69,40,4.365461711564852,7.618978859995905e-30
69,50,4.686250163148678,1.1619880047400024e-29
69,65,5.5497936195044355,2.4804334223488386e-29
69,80,6.083697807866255,1.282669342961899e-29
70,1,4.170078203329629,2.049537050563237
70,2,2.202990808119758,1.2562577687671606
70,3,1.0733291285386675,0.7329403701530842
70,5,0.3090254555857029,0.19130848705039197
70,8,0.31424781244202826,0.18620929746244214
70,15,0.3867940545594961,0.15221586048642166
70,22,1.2637157636579928,0.10505321600747682
70,26,1.4131278906223093,0.03149776991243431
70,28,1.0179907205177992,0.013336367483342687
70,29,1.2071108293314703,0.002080085759887445
70,30,7.304706595290522,1.586452692856579e-29
70,31,1.2271987671727205,8.874377034945281e-30
70,32,1.3007522923177977,2.9310111526047136e-29
70,34,1.2253714678537504,1.2183381470061803e-29
70,40,2.4929044655715344,1.3828485149491457e-29
70,50,4.343654065952206,1.0585629988198152e-29
70,65,5.4014264060423915,1.3837626896960813e-29
70,80,5.845737168257107,4.4653327737266194e-29
71,1,4.151940114460844,3.0748350210127127
71,2,1.9055214020594375,1.4814784846675362
71,3,0.9388388118529428,1.1113595165731798
71,5,0.2599351349943027,0.14565643074575396
71,8,0.3024483626222674,0.1008248775400553
71,15,0.5269307673342989,0.04415990467213842
71,22,0.7519072664361569,0.017976198216193916
71,26,2.189497973900685,0.006091704117043574
71,28,3.0800521223383495,0.001594071528984622
71,29,2.989331342619359,0.0010512908501390853
71,30,3.4646809362790534,1.053796964184105e-29
71,31,1.8948496875680907,1.6110635096392554e-29
71,32,1.9586931558849654,1.0550706458539931e-29
71,34,2.0071755753344935,9.668887334669828e-30
71,40,1.9727821823030633,7.593607942861845e-30
71,50,3.0805806582251063,1.314842644659536e-29
71,65,4.001367861563006,3.2302313324844926e-29
71,80,4.824924410328421,1.5557816165155643e-29
72,1,4.156471279853617,3.9627047953171
72,2,1.9133866557969874,1.5177114407255772
72,3,0.9204151721552258,0.8632328053134525
72,5,0.3756845596535649,0.15925987983736925
72,8,0.3823136323322189,0.15315625430500326
72,15,0.5830143915450408,0.044639948048523795
72,22,0.5992251156630795,0.011699348284349284
72,26,0.8713959651195528,0.005691645358435545
72,28,1.342004351542785,0.003248179683697206
72,29,1.5589493755094477,0.0031241295886538147
72,30,12.958610920862325,6.983986917798471e-30
72,31,7.393782009905458,1.4508261382662374e-29
72,32,4.945185822398972,1.4634807819541577e-29
72,34,3.535016221574541,1.8965325497161092e-29
72,40,2.557867977375219,7.832936837284365e-30
72,50,3.204837249842165,1.6419092036285615e-29
72,65,4.790127283910078,3.819257746675885e-29
72,80,5.307545433089001,3.9544220780795735e-29
73,1,4.169176005166799,3.8992292866640947
73,2,1.9269805659985006,1.5510133821765804
73,3,0.926777537852831,0.5958405812647951
73,5,0.25755785214473015,0.117028627110944
73,8,0.2782559074789282,0.10412571586153578
73,15,0.3745555202288344,0.08568985697465963
73,22,2.714225626019684,0.022592180793238978
73,26,3.1698253830601657,0.014414136400096245
73,28,3.3243832985978714,0.013447907825132194
73,29,3.633851430879133,0.0003540897713297439
73,30,2252.2191722200237,1.1452515194488816e-27
73,31,6.610658192650931,8.371015984680233e-29
73,32,6.153248560003544,7.566593565508572e-30
73,34,2.9151414066013404,7.785173774663561e-30
73,40,3.090610093561149,1.1678941899027899e-29
73,50,3.135415824347841,2.4129796519766202e-29
73,65,4.662072012175943,1.4645284878439046e-29
73,80,5.2643520649768565,2.2557826820091415e-29
74,1,4.152432261576021,3.2604871746389166
74,2,2.0154589527555693,2.6848127703189366
74,3,1.1122324053511448,0.9583138522830249
74,5,0.28218851730265904,0.19334686375951063
74,8,0.309821260940683,0.15568543151516961
74,15,0.39348077715244534,0.13281678339884376
74,22,0.577491043769464,0.09321312040908789
74,26,1.879997883425993,0.06596201248980765
74,28,6.362605177779451,0.034527840006894905
74,29,37.042558039317214,4.7533680568440945e-05
74,30,38.50546055449048,2.0871739351445202e-29
74,31,36.32886816683057,1.773766071341089e-29
74,32,35.614219035814806,2.153405381978701e-29
74,34,1.9056685976395757,1.4388699651714813e-29
74,40,2.5870175381503397,3.309055793248373e-29
74,50,2.65724890945344,1.2153593753588614e-29
74,65,3.664369784679217,8.078531423792624e-30
74,80,5.090703009213455,1.9226943820806653e-29
75,1,4.4416588168390065,4.425232838472337
75,2,2.015958171633312,2.6398834729151774
75,3,0.9752843606917871,1.281377621754563
75,5,0.2866846576249919,0.30317511637349653
75,8,0.30462725597612045,0.2938001117757062
75,15,0.49611391374454394,0.14176055324270329
75,22,0.5867054422277742,0.102057027012721
75,26,2.6858948702229983,0.07414709452705631
75,28,15.952116022948715,0.0034767644275250096
75,29,16.73047468287671,0.0034672594548750715
75,30,27.935463453444648,2.5734121842506697e-29
75,31,12.744550016272365,1.7163887664379046e-29
75,32,12.251051528336166,1.593047076986161e-29
75,34,6.68121840245394,7.351608425583106e-30
75,40,3.7962296717198694,1.0196643497563782e-28
75,50,4.4856622704124565,2.1208032398801138e-29
75,65,5.228413426991734,1.1674114234633968e-29
75,80,5.506611162722689,1.1869275135665209e-29
76,1,4.207204932600897,4.966412095350879
76,2,1.916712770949966,3.0217598697852854
76,3,0.9884072553630325,0.8073689094964044
76,5,0.2776573499504547,0.10841108083634861
76,8,0.29448579659896756,0.10380869182301683
76,15,0.43959405575189137,0.0559249287205374
76,22,0.41979435214328276,0.03804488143175044
76,26,0.7940685550314793,0.010642442926110262
76,28,3.170844770101857,0.0005922019614797862
76,29,2.7812792696958444,8.531718523063478e-05
76,30,36.4606222101158,1.6233381031514836e-29
76,31,3.185690833020056,2.9637853444449994e-29
76,32,1.6775113773679735,2.0286975662197388e-29
76,34,1.588093320686687,1.1881087505990783e-29
76,40,1.8089724660496116,2.476376129932663e-29
76,50,2.8607281917992045,1.5930162621070507e-29
76,65,4.496584010568195,1.1228633798964238e-29
76,80,5.636939108884892,1.820170197793133e-28
77,1,4.325374390313654,3.3162539985027406
77,2,1.984546920868494,1.5886136086639684
77,3,1.1275369201111132,0.8176202042906484
77,5,0.28084924968997094,0.16790610370316147
77,8,0.31396254761590064,0.1538633930413982
77,15,0.4189661542472346,0.11656586330624791
77,22,2.377102824600087,0.08668262893483344
77,26,2.240872388129427,0.029813899100124937
77,28,3.41130385519548,0.013345343393035317
77,29,4.517270819915067,0.006243948257619533
77,30,7389.668678872368,2.287455447353765e-27
77,31,47.61976452714352,2.739196233863523e-29
77,32,5.1574328606787265,6.072256817938738e-29
77,34,5.096673054337134,2.3199495319429392e-29
77,40,2.707208687058607,2.138306091214705e-29
77,50,3.309305503026602,1.7772789675596516e-29
77,65,4.142761653409599,1.753284448359179e-29
77,80,4.931732274719936,5.559867008094403e-29
78,1,4.517930467629936,3.5098590353861714
78,2,2.139343652377001,1.8164643560065852
78,3,0.9507475378510165,0.7689534783947304
78,5,0.3636908734284551,0.21875170762120374
78,8,0.3850957360397852,0.19235244544675972
78,15,0.4523497426962022,0.12467023635373972
78,22,0.7836116443688934,0.07515551140516338
78,26,2.1824303833422976,0.04036916981968662
78,28,5.645309339179771,0.014764299403160456
78,29,4.4879273347238575,0.0059803535841841836
78,30,14.14757841216712,3.2555817063658136e-29
78,31,9.041671460867544,2.833376776050651e-29
78,32,2.2141568082537324,6.1441787457819356e-30
78,34,2.5667942750387023,9.219323927517997e-30
78,40,3.0511368015814884,2.460516738817282e-29
78,50,3.4334496947016193,8.016901665572233e-30
78,65,4.728911590028138,9.70052394388963e-30
78,80,5.729981693407101,1.1361754076720283e-29
79,1,4.266201334215988,5.615449753084872
79,2,2.019639820483718,1.700595690471531
79,3,0.9220069760992183,0.6507168708165942
79,5,0.26835880861227657,0.2344067405134846
79,8,0.272010270481496,0.23069795614128397
79,15,0.4355571176430755,0.1818941082271224
79,22,0.8653919684080327,0.12664346686246816
79,26,2.326685843173735,0.10326812499200787
79,28,12.951543784295609,0.036287709544614036
79,29,5.458506074713271,0.013714942101001822
79,30,6.524317867027655,1.4744816937964976e-29
79,31,5.893862276329535,7.57881680088895e-29
79,32,4.833530819283263,2.707212957253732e-29
79,34,4.1482041196311314,1.2716684311195592e-29
79,40,2.6524612696685432,1.6759288301662175e-29
79,50,4.002238957265105,1.0264333515342512e-29
79,65,5.147940152960617,1.4813020537062211e-29
79,80,5.8834361743610595,3.203689449944244e-29
80,1,4.154522293830367,3.0858324877956864
80,2,1.9168679317763955,1.4744225438822351
80,3,0.9725368288832985,1.130880765274186
80,5,0.29013899824728406,0.28522092768306473
80,8,0.3814737570058301,0.23469057837243942
80,15,0.47714656559301505,0.18416016547351177
80,22,0.8579637638313105,0.11065531193830745
80,26,1.5724209691062903,0.08975785789763197
80,28,9.828298263900152,0.0070845475712627256
80,29,17.73678401158071,0.004406669468932797
80,30,10.571321997236186,1.6685666419654733e-29
80,31,9.39361800005297,1.0044400019413266e-28
80,32,6.606650607464861,2.93827319244835e-29
80,34,6.977330567182124,2.3476623798893753e-29
80,40,5.0769860426717015,1.0694226757995667e-29
80,50,4.428657040396609,1.4590742542413997e-29
80,65,5.5471445574343345,3.9408558275513094e-29
80,80,5.879339519965798,4.5541772060144986e-29
81,1,4.18791561393257,4.647659546323469
81,2,2.2783285305280647,1.6321221837658533
81,3,1.0691098854685843,0.9528005374605939
81,5,0.26671195072702814,0.29831173424646384
81,8,0.2911686225832541,0.2842973567321963
81,15,0.451876199319419,0.21886041959681463
81,22,2.640371739672547,0.16708087162785382
81,26,2.1578640502010553,0.051396718819060036
81,28,3.717102265317313,0.0077724087453856115
81,29,5.1313669145960334,0.005568506920634314
81,30,18.17690848111565,2.3008739983145936e-29
81,31,17.863622073474215,3.341800614657007e-29
81,32,3.9791662376907073,8.030853262583536e-29
81,34,3.428919459472852,1.5787504175264886e-29
81,40,2.3828139732550357,1.79502721446799e-29
81,50,3.355085699311524,2.0176339011600443e-29
81,65,3.6694298130735685,3.916495542155566e-29
81,80,4.7550751123972255,2.2648488367281824e-29
82,1,4.192124132132871,4.054432223210722
82,2,1.9332756081087834,2.177214719608559
82,3,1.0276400361531766,0.6888820755043734
82,5,0.33196033805264247,0.3042586577649374
82,8,0.385627305814876,0.26672588255449187
82,15,0.4495213546393563,0.23753566664665807
82,22,0.8136095195411736,0.16314772450735682
82,26,5.290174863215433,0.07000391130976433
82,28,9.41553297570039,0.025383600443611414
82,29,38.714966563197315,0.019594050702729748
82,30,41.39521423307849,2.708209305011628e-29
82,31,30.228610222474796,2.366729086338809e-29
82,32,6.148887735699997,6.60412419928731e-29
82,34,4.818599052362051,1.8165396914526333e-29
82,40,4.017193458718508,1.3138154820225294e-29
82,50,4.065400810831543,2.230486234166263e-29
82,65,4.984556623159048,9.917691804418734e-30
82,80,5.590153780077726,8.282859751359148e-30
83,1,4.623554023133373,3.7665331782051634
83,2,2.0917881678083523,1.9559445163651492
83,3,1.035958045429178,0.4992986218880787
83,5,0.30367559243850695,0.2070282542894639
83,8,0.34678866244157136,0.188808407836268
83,15,0.47491475830825447,0.11858996080170804
83,22,1.0371141222238265,0.06162768663394894
83,26,1.3913485232150602,0.02523221599790808
83,28,2.222849812856235,0.008145979743749188
83,29,1.6015507454105382,0.007666133597832429
83,30,28.13570210633995,1.763948964437899e-29
83,31,7.6245645138983855,1.1111845407136596e-29
83,32,3.525880065622003,5.913169868719168e-30
83,34,3.2441976725061066,1.2615303358923048e-29
83,40,3.8807897853319844,1.1508022036230013e-29
83,50,4.900166531145718,9.553023389215492e-30
83,65,5.35346164049805,1.5647204993641135e-29
83,80,5.835192222404063,8.845102899790595e-30
84,1,4.422785898168438,4.266524090527089
84,2,2.176429456077047,2.302085850328765
84,3,1.0812854638845197,0.8592164096611271
84,5,0.2667146104034184,0.14339611821430306
84,8,0.27867824008794284,0.13746326299685277
84,15,0.32270793801888004,0.11654692585035535
84,22,0.867577031266029,0.05498431468180938
84,26,2.2118879507982645,0.03810816630018954
84,28,1.8203309559942384,0.03639996449607199
84,29,9.670233084940616,0.012184643485988973
84,30,383.50876546270626,1.7696258355419752e-28
84,31,8.42214761073009,1.0485712742683343e-29
84,32,7.605061484517606,9.927757998261399e-30
84,34,3.7001258150898866,1.968867910520701e-29
84,40,3.717329087368174,5.172310841432063e-29
84,50,3.7334726237381655,8.942400880581038e-30
84,65,4.913408525194314,1.2965591497208198e-29
84,80,5.365976142472361,7.955605735208869e-30
85,1,4.1510994005287065,2.4363884395875917
85,2,1.9706859814826052,0.8874074274794073
85,3,1.0598387839602212,0.6190046587929892
85,5,0.2759239502906512,0.14211019558843996
85,8,0.288595891098076,0.13716121388573355
85,15,0.4399286723935294,0.087460360045727
85,22,0.6041739919648155,0.039957310741831044
85,26,0.7847061755251167,0.011225373612570541
85,28,1.5408313526494766,0.005285116217008037
85,29,1.3253701037784185,0.0051488652729174
85,30,2.4893582103272305,8.631273317831761e-30
85,31,2.519319556482098,8.039788133078035e-30
85,32,1.7760535488668943,2.790520982928146e-29
85,34,2.0919354467246487,5.596007725477478e-30
85,40,2.4152460007691023,1.1042749460498463e-29
85,50,4.067899849588059,1.4933532393449e-29
85,65,5.178855275704747,1.9007772993135386e-29
85,80,5.629468777913807,6.815175306313041e-29
86,1,5.508269127275356,4.770556214680852
86,2,1.9055893838872335,2.785181509787269
86,3,0.9799061545841113,1.3324043698951937
86,5,0.2787392780156947,0.24311881069875527
86,8,0.3189054695204699,0.21953952498570803
86,15,0.4851657725176365,0.15161581882321515
86,22,0.8221282239537371,0.06521157599881741
86,26,2.153891463558308,0.02273951927798111
86,28,2.479012672727899,0.002569041641588293
86,29,8.77306848411692,0.0011459983070720092
86,30,6.97608386493985,3.4079715551921016e-29
86,31,5.685853379726894,3.1170790963918535e-29
86,32,2.33899072716536,5.337804717599963e-29
86,34,3.2661450862259658,1.0250774968534025e-29
86,40,2.7844664483983586,1.7604437719391144e-29
86,50,3.71552804541712,2.4020167451518494e-28
86,65,4.939465076586505,9.776533979028112e-30
86,80,5.448629229595667,2.7110108911040637e-29
87,1,4.208538133576885,6.292255990927419
87,2,1.9457602958439917,3.344244928871592
87,3,1.0670212783198505,1.2169818110375623
87,5,0.2817143995386009,0.19700839262274358
87,8,0.30180038716054663,0.1812447287542248
87,15,0.5056587835842089,0.11648831721460455
87,22,1.2246056119198838,0.065161519795687
87,26,1.1845295211231335,0.022190000105427675
87,28,10.102424832303214,0.0017830332291415086
87,29,11.07843187315448,0.0007691078509960323
87,30,9.158008197034976,1.8085971563619805e-29
87,31,8.145367996868234,1.4166627089594003e-29
87,32,7.121802909957765,2.8313943521612284e-29
87,34,2.250924942103589,2.2989235127634156e-29
87,40,2.11663515472432,7.762062615330914e-30
87,50,3.9816956200261586,1.5165029172764346e-29
87,65,5.090900266981537,2.4271031382354598e-29
87,80,5.4547811806779745,1.3321477671865034e-29
88,1,4.29225160144566,4.447001571365769
88,2,1.948824109044828,2.7882758690285363
88,3,1.156003689159394,0.8549216005817457
88,5,0.3213847263430568,0.2181042345678219
88,8,0.3202562347430226,0.21012324096060764
88,15,0.3550678335100844,0.17922932891782492
88,22,3.2068662963879326,0.08475238125781238
88,26,4.387556642575244,0.020228168703343537
88,28,3.299235700880594,0.011304827120064162
88,29,5.6147210981499684,0.01024163439092618
88,30,51.95274820811224,4.523357191091118e-29
88,31,8.836102613188947,7.024005174136245e-29
88,32,8.944006831518184,1.008776425804109e-29
88,34,7.4413267218750505,3.274473795166956e-29
88,40,4.335460201977931,1.8685834543631614e-29
88,50,4.704936485271206,1.8271785284654286e-29
88,65,5.510957085166418,1.65897037502924e-29
88,80,6.151802774430317,2.3788059510434132e-29
89,1,4.8982889241167005,6.2388158039712325
89,2,2.0216643302988713,2.7186710910011547
89,3,1.0483607447067835,0.8401331568029007
89,5,0.3007579293024477,0.2966524338275708
89,8,0.5673224544429702,0.21430260943395338
89,15,1.0687769624756318,0.15621439312904342
89,22,1.0659905053577732,0.09290720479562305
89,26,1.5616991103517663,0.04817921368988564
89,28,3.2959554446542865,0.03653984919342627
89,29,4.8332831824140055,0.005472739617695909
89,30,20.89849514614383,4.1280741934918966e-29
89,31,13.88625203495647,1.0135732753189295e-28
89,32,10.32812417992145,2.0217359714474272e-29
89,34,3.299532353765129,1.2846029766260638e-29
89,40,4.218519743974552,4.7836247958690164e-30
89,50,4.381149164752229,1.0705114681947937e-29
89,65,5.256120605458322,8.909839824987931e-30
89,80,5.496206653254792,1.3531558110198794e-29
90,1,4.255735700340467,4.21204769900647
90,2,2.1822811889235454,1.673994685609517
90,3,0.9942968639362835,0.6431091595729548
90,5,0.2836792709977508,0.2788455018326116
90,8,0.312899291738778,0.25968465694132875
90,15,1.0340609020659306,0.09409773574154051
90,22,1.4800595688730669,0.06537937536653306
90,26,1.537054269210425,0.028266030742015127
90,28,2.3332484988311846,0.011014666791543167
90,29,78.51210117696841,0.004830760969574352
90,30,62.32619066103048,2.114193448310977e-28
90,31,5.038064751100191,4.952618728722515e-29
90,32,2.6639293302666043,1.480192718058254e-29
90,34,2.3632111637323248,3.531272158138365e-29
90,40,2.307257869504954,2.1432056569932264e-29
90,50,3.6497183142329903,1.3921032503085743e-29
90,65,4.430132382441205,2.8883402487568705e-29
90,80,5.095449908660585,1.5262506907016265e-29
91,1,4.196713946155866,5.504844680869562
91,2,1.9445053348354024,3.186229035793913
91,3,1.2614225809802604,1.120079394605679
91,5,0.29025070905898165,0.2163461855489819
91,8,0.35239684925855697,0.17502402530218308
91,15,0.4374981186555774,0.14550899514743268
91,22,0.8746259151146503,0.06388344041307728
91,26,2.198705062264509,0.03166784216525736
91,28,5.928072237820237,0.021549148768061646
91,29,54.050738746596956,0.019361212603267
91,30,231.982809888941,7.092316625310365e-29
91,31,79.57316511354726,3.833622616154421e-29
91,32,11.04871002691884,1.8680852804842135e-29
91,34,5.280517014727233,1.9266335507935855e-29
91,40,3.0352474731783805,1.7303941289934885e-29
91,50,3.922425759355568,4.2844956556684354e-29
91,65,4.578107268113885,2.647003251379002e-29
91,80,5.2947528799256505,1.5202058385828433e-29
92,1,4.247061007838215,2.3859294431627727
92,2,2.0588722221154585,1.2973538852751014
92,3,0.9627887702073609,0.8053832636517971
92,5,0.3156259908466297,0.2769999449169663
92,8,0.34528619194498555,0.254024715180759
92,15,0.35969205718457725,0.23706310721434798
92,22,1.1161406044796425,0.04852675476696668
92,26,1.5088622762494441,0.042536280276707965
92,28,1.4633547135570246,0.040287927541898465
92,29,48.982473448018844,0.015979917059339894
92,30,9958.931230744278,1.101134760929935e-26
92,31,526.7153300997082,1.5139041958048082e-28
92,32,2.4388015170345394,1.1301870494982803e-29
92,34,2.4052760296533533,7.131205002747432e-30
92,40,4.020253353566286,8.959528817553122e-30
92,50,4.915234763616571,4.91240531148371e-30
92,65,5.852593508206844,1.0893573346772709e-29
92,80,6.441944635320891,7.576967908142339e-30
93,1,4.151231996621503,3.8779708559134702
93,2,1.9918041420049524,1.234256255793015
93,3,0.9479182318475474,0.7802135534768784
93,5,0.308023499932719,0.14342062172430198
93,8,0.3548952314026548,0.11573043764736969
93,15,0.45597535841522663,0.06259429308694324
93,22,0.6481757699953365,0.03873227386985974
93,26,0.9929671564921339,0.010213172881855295
93,28,1.026157244530534,0.0006794107215501308
93,29,1.3772962523922037,0.000309271727782297
93,30,12.423081985215598,1.2281578218159627e-29
93,31,2.350086524575808,8.741051324661833e-30
93,32,1.605738073775559,7.144763549555917e-30
93,34,2.1687546605800856,1.169650638012071e-29
93,40,2.9480369314612114,1.2530973306424812e-29
93,50,3.861174286043515,8.839350789023358e-30
93,65,5.301242301087789,6.2517226738765184e-30
93,80,5.733618487804226,1.2916775592884464e-29
94,1,4.6765772640075705,6.911741012424669
94,2,2.0473103660619096,2.3888205989803484
94,3,1.0591701219172838,0.6079839730444082
94,5,0.2954563938303845,0.2627882145647952
94,8,0.2972949414563999,0.2569293051615681
94,15,0.6680723935479478,0.11952481073541184
94,22,1.6342267200088552,0.08063860048754895
94,26,16.864730127356612,0.014324728136807198
94,28,3.2285076039650353,0.006016319231764695
94,29,9.403447652211646,7.571455881676624e-05
94,30,15.326441337868898,4.8993295311146166e-29
94,31,7.793306226140204,2.2222971800427287e-29
94,32,7.380552926834873,1.4626898667236627e-29
94,34,2.202018646046561,1.4147008283227178e-29
94,40,2.34911998778201,1.7412692134127952e-29
94,50,3.6544542422785873,2.8888024719435234e-29
94,65,4.2546155162452095,1.4334362748217169e-29
94,80,4.876182500458517,2.0390513656007647e-29
95,1,4.935131284793384,4.281751420298081
95,2,2.160470497622245,2.207397250369456
95,3,0.9594318586552346,1.2478918714122276
95,5,0.282124107852929,0.26035003082515407
95,8,0.3750979435849506,0.20733858215928302
95,15,0.5581305799857273,0.1221110755599427
95,22,1.206894197436565,0.04473349228036961
95,26,4.7580391645035585,0.008835198589562753
95,28,3.1492018450094093,0.0041803610709667954
95,29,2.9323841542227496,0.0036512640376627926
95,30,4.684452342073934,4.7607961062615465e-30
95,31,4.495729390707861,1.0866995513540165e-29
95,32,2.704922081671839,1.630119944462319e-29
95,34,2.070147413585618,1.2082372864245175e-29
95,40,2.89876415396674,2.1629785377556018e-29
95,50,4.499488246611639,1.2560863739161701e-29
95,65,5.732501314380135,1.5361371310828145e-29
95,80,6.209547983629662,1.4277791765984036e-29
96,1,4.258954593665662,4.697901530007791
96,2,2.4874407420043743,1.9292598520154738
96,3,1.0851720097147162,0.6863846156097341
96,5,0.2755241738137923,0.2823650458596101
96,8,0.4212226035875328,0.24382270568755826
96,15,0.6279360682587345,0.178998492995947
96,22,1.9782728096779103,0.08499839624969843
96,26,10.962930486977463,0.03249471989904448
96,28,48.14767943868019,0.00026902811037848737
96,29,43.27367387501903,0.00010011202941773727
96,30,43.179941316450375,2.804042295091041e-29
96,31,19.263988400368245,1.6262558870172302e-29
96,32,10.465677706942419,1.6977669498056245e-29
96,34,7.389942345378078,1.7535007944895984e-29
96,40,2.1299386012205757,4.3648050084194386e-29
96,50,3.2012665261532227,3.292313684241815e-29
96,65,4.333234204823145,1.7880571135050906e-29
96,80,5.36198020417402,1.196855682429837e-29
97,1,4.1549283943739095,6.101344619014912
97,2,2.0661938993606483,1.9874247090497703
97,3,1.069385854274734,0.46468477411009623
97,5,0.35176856906629406,0.11637427190937634
97,8,0.35049063575870043,0.1104964667545909
97,15,0.4505331447442209,0.06180029251216225
97,22,0.43193982663233954,0.056470996699008694
97,26,0.7225272354100598,0.048473834483913916
97,28,22.397080013120117,0.02126678143518368
97,29,22.088723569422744,0.021056788763421198
97,30,7.273101335575199,1.9108820117550903e-29
97,31,3.1186821149647668,1.4432559496314993e-29
97,32,3.1846028803696473,2.344960942154048e-29
97,34,2.8793861359039234,1.7017106123550814e-29
97,40,3.442279470460689,2.0848628192112555e-29
97,50,3.3645939242780316,3.045342057823318e-29
97,65,4.240108364612805,1.1300227034763592e-29
97,80,4.691410338674459,1.33631804749275e-29
98,1,4.249402321143177,5.887716581813416
98,2,2.008402401041998,1.5687270247306064
98,3,0.9929827396796427,0.9364858829108195
98,5,0.26966467780355907,0.20080470209864207
98,8,0.3189367761100126,0.1622802245298603
98,15,0.42212564388816654,0.10022081188991623
98,22,0.9028435793282261,0.0672946967839915
98,26,1.2912144458305737,0.01059237251519833
98,28,1.3212973885159676,0.0026400838778119595
98,29,5.732743511366551,4.142374648750804e-05
98,30,7.810651901551738,3.4144118649261324e-29
98,31,2.4189137681763753,1.0088072406832192e-29
98,32,1.65863037366814,9.773349774853392e-30
98,34,1.646287261880963,1.0693276632556436e-29
98,40,2.6460290984368946,8.88670298658936e-30
98,50,3.2337422969671774,1.8719525478125428e-29
98,65,4.166145008102857,1.0345499906918767e-28
98,80,5.142709139566032,1.7094656902644807e-29
99,1,4.395846472375113,4.7587106283386715
99,2,2.0085738216308213,2.318317508086937
99,3,1.0469630793681137,0.806586470544483
99,5,0.306612756508713,0.22923873875460915
99,8,0.315867299578504,0.2126181597799252
99,15,0.5244657776000965,0.14324686539537487
99,22,1.1732766333285016,0.05434855031224813
99,26,1.2645282543634473,0.031085885756655073
99,28,9.391292464407138,0.004323816730726213
99,29,3.8295238986878504,0.003014393094889498
99,30,2.3756610971845906,8.09506874224843e-30
99,31,3.632128529717817,1.2178553805667873e-29
99,32,2.7147590582959236,1.1865577350171984e-29
99,34,2.7761275626653803,1.2362826782746844e-29
99,40,3.3539527443953814,2.2429636922993e-29
99,50,5.192331705099672,1.4108592400603135e-29
99,65,5.711591617878872,1.9635035536489346e-29
99,80,6.225526149107574,1.777823363757265e-29
100,1,4.418955218174028,2.48555612740676
100,2,2.159311592522197,1.3116766448602535
100,3,0.9035683534450349,0.5497046569038925
100,5,0.3166486629358326,0.10681665464895879
100,8,0.33693292234551275,0.10239219801187967
100,15,0.5057834167462489,0.06369284462531824
100,22,0.8597492745294869,0.03954233864564432
100,26,0.910692363976304,0.009831834486679323
100,28,0.9717502816155612,0.0013216680587838587
100,29,1.02777964450327,0.0007032733276620726
100,30,1.1259307335597,1.2426844694098276e-29
100,31,1.1358584151955,1.078420620499744e-29
100,32,1.8607175629533919,7.205263428875602e-30
100,34,2.3454475680972893,6.330429010937144e-30
100,40,3.7317746089605963,1.5515830892368e-29
100,50,5.3938996725105435,1.5357853278796398e-29
100,65,6.47642140234752,1.4111185986261575e-29
100,80,7.052442232940018,4.454033984719548e-30
101,1,4.367102478630164,4.859231031510935
101,2,2.401137651223409,1.1755465650213852
101,3,1.2330254696413818,0.7315603700769446
101,5,0.3789849192667091,0.25050765463609104
101,8,0.364932355834923,0.23345054603224838
101,15,0.5325651354000862,0.16131792941568004
101,22,1.2257995579820102,0.06195235700878647
101,26,2.0549753437589304,0.029428323472988915
101,28,2.2001086441092412,0.02390478805394015
101,29,4.389413945885731,0.001295071163256386
101,30,2.9229102881269347,6.11168252983029e-29
101,31,2.653980939313504,1.84026522243754e-29
101,32,2.540525579749298,1.0811047248655716e-29
101,34,2.228185383909532,4.016016527584318e-29
101,40,2.0942205861903402,1.3314037162513218e-29
101,50,3.786408808053529,2.4537946013347227e-29
101,65,4.611323552071752,2.4307553433866664e-29
101,80,4.846722723334655,5.863810210174467e-29
102,1,4.222695759233153,3.742024059852546
102,2,1.9208687200960617,1.6862074074215885
102,3,0.9093469682191648,0.6673599042162291
102,5,0.27919029651199684,0.16862737804210065
102,8,0.3167348729762193,0.14430282887514367
102,15,0.32771662199081486,0.13192784305213787
102,22,0.40010806575893165,0.11004523476665651
102,26,6.237790211805491,0.07503104531171609
102,28,6.636484353185373,0.02516622622283294
102,29,19.198831647575137,0.009483480553855223
102,30,50.26655182709895,2.722741088418678e-29
102,31,45.248450956219834,3.6376990468652036e-29
102,32,10.29967763603025,2.111438084537207e-29
102,34,2.7850325973036822,1.288778906326814e-28
102,40,2.4572153081621293,8.992192589409929e-30
102,50,3.307995024168599,3.1125287659099146e-29
102,65,3.6423580404114166,1.0570222548643054e-29
102,80,4.467212628123366,1.499852610930559e-29
103,1,4.458551117601255,3.7130226128309327
103,2,1.9029900987213357,1.4185095331634843
103,3,0.9638442353663479,0.8476443323275586
103,5,0.26748024551017024,0.169739238453638
103,8,0.356112080294692,0.12529715453110876
103,15,0.5236622632467343,0.07256602317170514
103,22,1.040092742502266,0.024770862957662246
103,26,4.228833482007655,0.007169101263021307
103,28,3.324946958130446,0.004421439185925899
103,29,3.1740168568112432,0.0037250573881311482
103,30,113.21230012006937,7.402442704488559e-29
103,31,2.681205354702251,1.649089070461237e-29
103,32,2.765185796356989,1.1351071585295415e-29
103,34,1.5749812214777266,2.1265758939000906e-29
103,40,2.7234087577538126,1.8978781327705875e-29
103,50,3.445823903718204,1.644210047935456e-29
103,65,4.790585622028196,1.5049370659837412e-29
103,80,5.0561888065999945,2.5178837720940967e-29
104,1,4.244373349978247,2.5784057975783505
104,2,1.9401639873684655,1.4495543410740122
104,3,0.9558013722613374,0.3822044810426915
104,5,0.316832478087621,0.14318742812946422
104,8,0.3430581659487374,0.1239474469332785
104,15,0.38493236232642825,0.08400409886029658
104,22,0.701750421533776,0.026945146441807923
104,26,1.3514054556778552,0.014576744160138842
104,28,1.4818446525642783,0.011353366608573971
104,29,15.042856085489614,0.0022926288699001546
104,30,25.50792768242585,3.101366075952246e-29
104,31,17.73418875929659,2.596158700847179e-29
104,32,12.973433458612032,3.446944673546722e-29
104,34,2.172425843925302,5.953488570128266e-29
104,40,3.1858648099169877,1.2295547630022916e-29
104,50,3.628665605069649,9.76045888375896e-30
104,65,4.472488855376071,7.468066199436962e-29
104,80,5.5697225089270574,1.3905958891387673e-29
105,1,4.484348749616828,4.660392067010493
105,2,2.4516596445841072,1.129746656978987
105,3,1.2411551302030848,0.7359038564890041
105,5,0.2744522619994258,0.2029373538503792
105,8,0.315832832024009,0.1365221886180975
105,15,0.3804205764020443,0.10454533010504345
105,22,0.6262122185790936,0.0606073992966827
105,26,1.767670226584799,0.01711438972406787
105,28,1.502363291372513,0.005433150654126862
105,29,1.6688034107130454,0.005114437154060523
105,30,4.239361781766027,1.1552395462148695e-29
105,31,3.595833043768366,8.912407731580448e-30
105,32,4.001990306608259,1.391325174611042e-29
105,34,3.7504329253226647,1.164527664360001e-29
105,40,2.371599972901657,2.3295149840000623e-29
105,50,3.802463091495551,1.7629115301745228e-29
105,65,4.623619177684983,9.232985190590184e-30
105,80,5.312164461589962,1.6980975677794108e-29
106,1,4.474007625008923,3.649876260626462
106,2,1.934612125086487,0.8602976933065738
106,3,1.038964628747726,0.4898084138281486
106,5,0.2718007977126612,0.17374694983325673
106,8,0.2825582323245651,0.16789633092854253
106,15,0.35841232883076013,0.14866204330602087
106,22,1.2821675764753566,0.03604400977628155
106,26,1.77234752496871,0.02725109640375329
106,28,4.713406423206488,0.01201566659489151
106,29,53.58769897875492,0.0003053518442777727
106,30,12.930735234470191,1.1665922612603841e-29
106,31,9.699358336013645,9.001154583417811e-30
106,32,9.611915021362266,1.600681463285712e-29
106,34,4.163879210836412,3.225759323153625e-30
106,40,4.007490969299741,7.411723118913914e-30
106,50,4.582574948138145,2.2390765236948785e-29
106,65,4.871216318028793,1.9147467111768272e-29
106,80,5.463028363387586,9.103126154206634e-30
107,1,4.352468191426076,3.9403501149388678
107,2,1.942509115531526,1.7102338724994801
107,3,1.0141789272833828,0.639750967609047
107,5,0.30473347332010736,0.22993081570791604
107,8,0.3408783154393194,0.2227485067315978
107,15,0.5946712209303131,0.15268150688523865
107,22,1.1954936773039384,0.08336144456404136
107,26,3.379170820950777,0.0432845721562584
107,28,5.314449089664311,0.039126477992240345
107,29,6.550843526678005,0.02442477542274335
107,30,46.055900334469754,3.8601285480023744e-29
107,31,8.64497794831443,1.7161525190313932e-29
107,32,8.788723309444347,1.1097567846482206e-29
107,34,3.536525030156239,1.0310761266535206e-29
107,40,2.8774012753191216,1.4382023094574273e-29
107,50,4.059676270114422,8.145913292780253e-30
107,65,4.830934555875469,2.211162737057578e-29
107,80,5.236209438404442,1.2813648464129007e-29
108,1,4.172604584977156,3.798977106666469
108,2,1.9878127498444438,1.4952111126377123
108,3,0.9839613794693407,0.7126238765417949
108,5,0.27450816209945006,0.17456273248569965
108,8,0.28599626143632134,0.15826245143050674
108,15,0.35589738787010455,0.12671325703983677
108,22,0.6791216444865513,0.05941631473774431
108,26,2.9962077970685823,0.033139493140197415
108,28,3.0872190753522695,0.025691753204746606
108,29,5.142423246448203,0.020827381040666778
108,30,338257.8763163423,1.614938450422176e-25
108,31,10.748434362352894,4.226175006204366e-29
108,32,9.745679869847553,4.4592125294752214e-29
108,34,4.0085350563831685,1.3108473431134452e-29
108,40,2.966094058554136,1.8169640781405871e-29
108,50,3.3569637589923533,3.9724748225368277e-29
108,65,3.8788646023220816,1.8145229619360763e-29
108,80,4.85167547219241,1.8086950979243607e-29
109,1,4.15039409180724,7.441669663189728
109,2,2.0746953676466293,1.5677400817044271
109,3,0.9969376345279378,0.7994620455592832
109,5,0.28113733324034396,0.2012075943628565
109,8,0.3056581031419058,0.19123154818962362
109,15,0.5279743468378193,0.09026808625220312
109,22,0.7541874682376264,0.062413353861781956
109,26,1.0413365792195237,0.03358910366684099
109,28,1.038378898834777,0.03256368635421366
109,29,14.57124125113561,0.02942819599329872
109,30,728.9817824118858,3.6026291465312083e-28
109,31,3.164974594368048,1.7882079780174009e-29
109,32,2.915696423473741,1.328614327715201e-29
109,34,1.93668830347063,2.8703443593565157e-29
109,40,2.135277353445603,4.1126770255631686e-29
109,50,2.9857761860633727,2.5679065925163147e-29
109,65,3.8898189767008433,3.854458610246098e-29
109,80,4.288436969068095,3.33532034187663e-29
110,1,4.30310149173087,2.510301926253284
110,2,2.022417792792995,1.8544983470656307
110,3,0.9440228344112576,0.8489005217062412
110,5,0.27586484071704787,0.22144502333707936
110,8,0.3594435826254704,0.1669923326903534
110,15,0.46302968876995504,0.1310268213560837
110,22,0.8657922899617806,0.07210016884571299
110,26,1.1560628140804008,0.035405879394309066
110,28,1.82387907869539,0.025867809410854797
110,29,3.0035367294376543,0.009411446108058432
110,30,8.01147696446649,1.518430901546096e-28
110,31,2.284622985682448,3.4561249396149674e-29
110,32,3.2670579233375014,1.2272231038162868e-29
110,34,3.4869796899814505,5.941211408709446e-30
110,40,4.142552542267519,6.356144027554601e-29
110,50,5.595664968487869,1.2398700437844296e-29
110,65,6.2847353140084925,5.9014858937232184e-30
110,80,6.39006783966673,1.0851074492666564e-29
111,1,4.521760310248428,1.8761739160802178
111,2,2.316543300134726,1.3268833753343137
111,3,1.144928464783188,0.9361864789308265
111,5,0.37820020003822696,0.12755212899637994
111,8,0.3830053733104225,0.12464057685872633
111,15,0.5228736341875954,0.09896668350954793
111,22,0.8676765470964258,0.04636042057782984
111,26,1.0032284844705157,0.0211543731401483
111,28,15.263196289578296,0.01862022069956969
111,29,26.618110585417508,0.007458177751406707
111,30,704.1720848687218,2.5545093102418383e-28
111,31,3.645501825599218,1.8012940300128641e-29
111,32,3.64219587209901,3.9831646565696085e-29
111,34,4.456264261925667,5.2433827921931375e-30
111,40,4.394867586243975,5.623715437610729e-30
111,50,5.466446306661478,2.6601201182535755e-29
111,65,6.120434618871869,6.226454473006158e-30
111,80,6.598690030269791,1.3605590857261039e-29
112,1,4.3856632565822,3.8795000137512465
112,2,1.9622037219989814,1.9726542386281
112,3,0.9924518737589788,0.9999916701925006
112,5,0.2642306684991734,0.20998052757107574
112,8,0.3095920982680348,0.16853909988613466
112,15,0.48566887678394166,0.1114236229046404
112,22,0.8653261817132094,0.03764518072474191
112,26,1.2611477861343858,0.02523913589238126
112,28,7.01448944720462,0.012354788899775372
112,29,8.993072072029184,0.011128608859331044
112,30,58.547382203007814,3.8928231347382917e-29
112,31,6.856702906055945,5.668304567683182e-29
112,32,4.647058744574937,2.352829007953518e-29
112,34,1.8139853902594603,1.1334534266839611e-29
112,40,2.4738578394456696,1.761501749455231e-29
112,50,2.9032743232096685,1.6666330083013086e-29
112,65,4.405368491054739,1.8884590513892377e-29
112,80,5.280324902730209,1.5652725992815046e-29
113,1,4.159827124989612,4.527164821069159
113,2,1.9057987052309218,1.9495793894814133
113,3,0.932191713522864,1.5473587957660475
113,5,0.2578533707404306,0.19242766735378097
113,8,0.3018751976930082,0.16859304937253583
113,15,0.32882044273786953,0.14948481501124392
113,22,0.6449337186126614,0.06547133581007633
113,26,0.9547089038685894,0.021900032529115907
113,28,4.416727434197374,0.014679802982271358
113,29,92.48247733782186,0.00017835299626085393
113,30,125.1009190126577,5.595458193466679e-29
113,31,10.705145790465467,1.0679024750967971e-29
113,32,5.9373331848643796,1.9168215797035805e-29
113,34,2.869005820159869,1.5207040124617912e-29
113,40,2.636261244188198,1.7979146649371125e-29
113,50,3.2883060631890233,4.0180650750684977e-29
113,65,3.804582494637714,2.1656388889854487e-29
113,80,4.707416050794704,1.4216855342543622e-29
114,1,4.638143344134842,2.0771169171480564
114,2,2.214794549777408,1.2588469088637981
114,3,1.0523730601507455,0.5944911559217235
114,5,0.32572049882321075,0.22533964347291482
114,8,0.38544559824846514,0.1566306063988548
114,15,0.5192073473623762,0.10627412187189068
114,22,0.9556000479351908,0.04185807912021092
114,26,0.8982548849295561,0.026947313583343666
114,28,1.1067539966098108,0.0010279749099708843
114,29,1.68822293960529,0.0003240065226716073
114,30,4.522761967770599,1.0139944120001021e-29
114,31,2.1060321300015925,2.5326440991878803e-29
114,32,2.2802066899844124,9.339578993245537e-30
114,34,3.092642270758784,6.358444871861497e-30
114,40,3.5440721085362266,1.9026236241535578e-29
114,50,4.42681340496435,1.1151545243056898e-29
114,65,5.118242007114429,1.749196341063893e-29
114,80,5.372040051200799,2.864032444952111e-29
115,1,4.165021176725045,3.4261939454087225
115,2,1.9293916960472537,1.7026836871685995
115,3,0.9787630168375407,0.8465559912350787
115,5,0.35500816402324165,0.13839630929441074
115,8,0.3766366533012574,0.10318035820429154
115,15,0.5357326939653051,0.06182182749614803
115,22,0.5999838337417653,0.03206615297733615
115,26,0.6181014523619448,0.025594555749696466
115,28,5.234731812911766,0.00968274349823862
115,29,1.2148871404197479,0.005978486837524344
115,30,25.47139094074499,2.0162894415647e-29
115,31,17.040647122141923,3.8148512189631265e-29
115,32,2.8162078731299562,5.149238200698304e-29
115,34,2.152362216882211,1.5240012045265824e-29
115,40,2.4877631909487046,1.9415120015906248e-29
115,50,3.0886201934406223,1.0151171007623503e-28
115,65,4.213812304309559,8.486212274420515e-30
115,80,5.006776864570045,1.4640457214045115e-29
116,1,4.34107432598409,3.6015126222451608
116,2,1.9568255038791618,1.571190908512354
116,3,0.9452163999504469,0.6763508088804443
116,5,0.2592456163821396,0.1392558555777591
116,8,0.281095578635923,0.11446958037827036
116,15,0.44454943760526694,0.07703324012469245
116,22,0.5903107029121091,0.014626340256816658
116,26,0.8567348604398178,0.008193999384078249
116,28,0.8859654095611815,0.006963347116344768
116,29,2.1251643828866698,6.944824959680545e-05
116,30,2.7014678721383505,7.886785838529431e-30
116,31,1.2929860057556837,9.060216435045687e-30
116,32,1.8129339613296978,1.4282824862905368e-29
116,34,2.32715239370426,1.6496052196863327e-29
116,40,2.7470046657173994,7.040095676844953e-30
116,50,4.334137249570466,1.4723169485390064e-29
116,65,5.598965460979537,5.277207257829762e-29
116,80,6.094441879431708,6.984243708457723e-30
117,1,4.181803637544064,3.4832326191248413
117,2,2.0515456936566823,2.020118839046126
117,3,0.9628337699874575,0.8462414722547823
117,5,0.25884195839148716,0.2662301023397758
117,8,0.29621259624271057,0.24297599607500261
117,15,0.3240115039856887,0.216695712005787
117,22,0.6909925397636774,0.12367488780460834
117,26,3.672973937876131,0.029953267047246265
117,28,4.950625194910278,0.01807242969483773
117,29,7.4574445410446515,0.005753446538966378
117,30,5.93611240621108,1.4640149065254012e-29
117,31,5.573574895626996,1.9972766611537093e-29
117,32,3.392569294215379,2.0429340403686491e-29
117,34,4.1502124990050255,6.809574702034763e-30
117,40,4.22744298733929,1.407644221006483e-29
117,50,4.280171685239508,1.4051379441721872e-29
117,65,5.544645155485647,1.3561551259199386e-29
117,80,5.906272993354259,1.8796357243373517e-29
118,1,4.1937961532836745,4.573555529679611
118,2,1.9813551931972289,1.3581342766505127
118,3,0.9654432564505754,0.677449257819486
118,5,0.2965611342329232,0.15645231753480296
118,8,0.30826038949833595,0.1469563988584526
118,15,0.44412411200398455,0.09506730772043062
118,22,0.4591078763798356,0.08154931438100449
118,26,1.057344852566445,0.042330312328196444
118,28,10.554174426411327,0.016585926549749254
118,29,10.680204334898308,0.016576478396554403
118,30,39.27775296080911,4.1190557055389794e-29
118,31,10.47830070158013,1.7148993806142452e-29
118,32,9.508788738420463,2.3226817845573766e-29
118,34,6.79237348785355,7.599586029409222e-29
118,40,3.3750476853899674,7.895901906932865e-30
118,50,3.8402319888833008,1.3538581334729327e-28
118,65,4.850141221292095,9.12379780227639e-30
118,80,5.550067077217254,1.410602449401062e-29
119,1,4.454500233778248,2.3848980646960727
119,2,2.934452750728822,2.185097910994766
119,3,1.0226253902951663,0.5523796681929796
119,5,0.2792761136785583,0.18367419594618634
119,8,0.303448944277833,0.15337883958977977
119,15,0.4803522190536401,0.0869359255671632
119,22,0.8063580452914497,0.035767621880150105
119,26,0.741149785537704,0.004129630768236962
119,28,0.963262281988362,0.0006714789565599598
119,29,1.1658769692395712,0.000303180369735048
119,30,1.3675397914848306,6.264048625520597e-30
119,31,1.3616614408294252,2.680350086389419e-29
119,32,2.138936191172962,7.316274030870083e-30
119,34,2.6831006039097627,6.862191108115422e-30
119,40,3.609926163306044,8.729957968182163e-30
119,50,4.529476147158718,1.2153927581445642e-29
119,65,5.436237157515181,1.241875578833185e-29
119,80,5.847395401459531,9.888186557670722e-30
120,1,4.529008213757096,2.924211693474914
120,2,2.0076063146020595,1.998647182318931
120,3,1.0170175677859312,1.130112914591327
120,5,0.3096726537361611,0.3572527626680407
120,8,0.3707241201539306,0.3116005208561405
120,15,0.8157348677355453,0.1871275176888951
120,22,1.7616503994707151,0.09515557325434834
120,26,2.0038027523725663,0.06670157236497312
120,28,3.121328146613443,0.034491944291911686
120,29,452.09038223441036,0.021843299671690804
120,30,3942.8740363163242,1.2922817396617256e-27
120,31,9.968618940892668,1.381616250803947e-29
120,32,9.182245843617402,1.1574559806234203e-29
120,34,6.663802413496145,1.604997161333645e-29
120,40,4.019030910160536,1.7612080551695974e-29
120,50,3.7086556194645173,1.3260188261577e-29
120,65,5.313165936894807,8.472143456485618e-30
120,80,5.581706912772892,1.2650159581342067e-29
121,1,4.151061404626717,3.154837587047247
121,2,1.9042402431554677,1.6628945997313749
121,3,0.9013165550964213,0.8205312518947623
121,5,0.2801113112764538,0.23797286298965126
121,8,0.3168361435801623,0.2129735096155834
121,15,0.43584854399644035,0.17522453842414323
121,22,0.6083216963141682,0.10798998381283197
121,26,3.81160907850837,0.024069378608321722
121,28,3.2576927304094636,0.02343626532449745
121,29,8.48589365957654,0.01085610522853033
121,30,100.23550280921526,3.0689257119689876e-29
121,31,10.051472787017316,1.6195401693011517e-29
121,32,6.853127552911904,9.81949505632091e-30
121,34,5.43721667447434,4.816303975165379e-29
121,40,4.1338840983244864,7.001063496638704e-30
121,50,4.751489175558617,8.344874695568417e-30
121,65,5.497046863002407,9.416700931938579e-29
121,80,5.789351785161653,8.796235637335009e-30
122,1,4.365233882587324,4.060415044933292
122,2,1.9628830974002804,2.0176123756899544
122,3,0.9551699606454644,0.9563748177420306
122,5,0.3649360605066411,0.19132689945008163
122,8,0.38260458456908064,0.17280265260305316
122,15,0.7566015996258317,0.11604912110862073
122,22,2.1554527891393365,0.043638365350855586
122,26,2.2153324389856865,0.035027746953429854
122,28,1.606763067405571,0.024486399415632163
122,29,11.199194264568716,0.0031330726982962106
122,30,998.9552099540541,3.2174811626713305e-28
122,31,4.02906640146224,1.2264013737066816e-29
122,32,3.0541610052520713,1.0264744380397314e-29
122,34,4.075620655463899,7.206983926292588e-30
122,40,3.906042883971195,1.1797476467338452e-29
122,50,4.6094838522690775,2.5201743447746212e-29
122,65,5.378604620786434,1.3928941655390693e-29
122,80,5.8897388602506275,7.560969850070962e-30
123,1,4.394377932037814,4.5499572662392165
123,2,2.254497594886793,2.1937906140129626
123,3,1.1156103745322148,0.9225579866918442
123,5,0.2811292443208766,0.2566721058627821
123,8,0.28453095583877736,0.2466368567768097
123,15,0.47162620112818676,0.16832632845647524
123,22,3.8811212859079607,0.02825771735349466
123,26,3.939177245280885,0.00571668923900458
123,28,3.523950198130205,0.00027235868636012374
123,29,3.6592092688130506,4.643862418510146e-05
123,30,3.2050207765271757,8.91172081656695e-30
123,31,2.8595742735245877,1.575729756902879e-29
123,32,2.9466704852749324,4.916894654184076e-29
123,34,3.4932124764740196,1.2394161662942024e-29
123,40,3.3789785707039286,9.675262162785751e-30
123,50,4.181749601171412,1.6497265532728291e-29
123,65,5.399014288597029,1.0825760711454186e-28
123,80,5.765635658739907,1.8054957671748688e-29
124,1,4.182928221981259,5.778284466382794
124,2,2.535516059758597,1.78326142409362
124,3,1.0130286869537064,0.7530955815263974
124,5,0.2701829989574257,0.23181317904855145
124,8,0.29030682279066883,0.2232439460049473
124,15,0.5075060612352755,0.12251756782482241
124,22,0.9296406994897461,0.07847008326475313
124,26,2.687369816181509,0.04315738151897621
124,28,4.072025340000793,0.04077517002581946
124,29,5.020580002200308,0.0020135410688367846
124,30,6.243734318507318,2.034309084101035e-29
124,31,2.8542192782873177,2.40500180817032e-29
124,32,2.9008494591620475,3.096436337271263e-29
124,34,2.0202599332557507,9.66665967570082e-30
124,40,2.071806365022886,4.678297613140423e-29
124,50,3.0593472397735564,2.0675891535400465e-29
124,65,4.100359929436244,3.8631105295329336e-29
124,80,4.846278091588742,2.680938778975753e-29
125,1,4.194938398298292,4.2303445320324675
125,2,1.9662735308350618,2.3039927881882893
125,3,0.9021936287818441,1.1508685315358416
125,5,0.32067997408954496,0.15725028670559305
125,8,0.3675588764741481,0.1443645194817516
125,15,0.5889643665071107,0.08397071879352044
125,22,1.2248336771761241,0.03112991607907
125,26,1.4252523671408504,0.004793453586616692
125,28,1.800445001842021,0.0014778036476717623
125,29,2.5287433004153232,4.275570231864855e-06
125,30,2.3212156099173327,1.3022470628232436e-29
125,31,2.582987691265392,1.9299666935506716e-29
125,32,1.4401661696062624,8.263122821289067e-29
125,34,2.0829300579856183,4.239572697738955e-29
125,40,2.6113023737898517,4.5677306170098e-29
125,50,3.813090902435944,1.1686748335069148e-29
125,65,4.382251446679061,1.7749370367472766e-29
125,80,5.308163073584172,8.835344854739032e-30
126,1,4.278327187376699,3.634254299137369
126,2,1.9219585054252692,1.7824577740059087
126,3,1.0258126561142824,0.8456793117416189
126,5,0.2689971462581841,0.2166731573807143
126,8,0.3988002631550053,0.16446121029163038
126,15,0.564218250772224,0.13158181238396566
126,22,1.2265061760320086,0.0735850835689314
126,26,1.41290534462844,0.017781007592222123
126,28,3.005631004558424,0.008058166568682405
126,29,3.2979361759518255,0.006406765753597111
126,30,148.8328972628338,7.895686202779093e-29
126,31,6.964928961662819,4.1833150001101075e-29
126,32,2.4839627272398714,9.219195532188372e-30
126,34,1.934303047870332,6.447294439962562e-30
126,40,2.8226031959540054,3.0525732827878435e-29
126,50,3.0638240729305024,1.8350979523967489e-29
126,65,3.828341491115817,2.0473123211088897e-29
126,80,4.55145325971397,1.1404997623738258e-29
127,1,4.3083805467351866,3.7945460768855166
127,2,1.9011088430727396,1.492102530489778
127,3,0.912741093289697,0.7654373298073346
127,5,0.2871950239062848,0.21817435396986734
127,8,0.2850619222436486,0.21203247706659506
127,15,0.39047749848834357,0.16751822984407655
127,22,0.5679069785028323,0.12853895434519627
127,26,0.783308633628128,0.09605149308432274
127,28,3.689783240749413,0.03269727727463991
127,29,36.95139286223561,0.0010945019377675872
127,30,30.729963703850242,1.4788779498828857e-29
127,31,5.398014284704088,1.8312358208816042e-29
127,32,3.433513904515941,1.3757097346219502e-29
127,34,3.7136628772764797,5.102461214209027e-29
127,40,2.9729540499636555,1.6267071966008647e-29
127,50,3.4914549060564823,7.766684847197444e-30
127,65,4.360425476585307,1.8758044077013173e-29
127,80,4.886879773003336,9.104492280513853e-29
128,1,4.159059695604889,4.931498536110833
128,2,1.9009518418915132,2.6285398497857324
128,3,0.9199579058613669,1.0335108327499165
128,5,0.2581775541234419,0.17295443900943125
128,8,0.2991130292520595,0.14301156291560804
128,15,0.4033524877584339,0.07568675787882713
128,22,1.2014036008948574,0.02377192349600184
128,26,1.7263186902007166,0.012710982462949827
128,28,1.9533794685289811,0.01006184470663519
128,29,1.8547057894696488,0.00982109686082095
128,30,90.68781479477542,4.56930217584442e-29
128,31,12.230386912269683,2.1197581018969597e-29
128,32,5.7014067777989546,1.7419343012202568e-29
128,34,2.5821298781369544,9.456264668809477e-30
128,40,2.220924062601892,1.4421979721153825e-29
128,50,3.0960259273430264,2.540275917580839e-29
128,65,4.145237328327876,1.4088049147863004e-29
128,80,5.028754804910942,1.1445775980427418e-29
129,1,4.311259412375636,5.34130250750623
129,2,1.9336292745859087,2.207316173795502
129,3,1.0290985213771382,0.8762256094844801
129,5,0.3034376511105332,0.3302202385880481
129,8,0.3267382472345211,0.3118287148169475
129,15,0.43508349246623723,0.25498414972364425
129,22,1.4375334455459714,0.12087179467363411
129,26,8.659044733816367,0.005570245783036589
129,28,8.483919786651128,0.004679303006229823
129,29,8.993864038995994,0.0001720256970288971
129,30,9.104642560265338,1.6469628438026335e-29
129,31,9.994940501545123,2.3231343780943076e-29
129,32,7.7716638958942985,2.3212437568655674e-29
129,34,4.793744852763882,1.8295204592778033e-29
129,40,3.465533000003777,1.90926936641499e-29
129,50,4.4019767119134885,3.0158830333939707e-29
129,65,4.643427910961849,2.0212300938487012e-29
129,80,4.871838245184412,2.2112962682003888e-29
130,1,4.153833861184687,4.243580241863022
130,2,1.9359220195636122,2.338003801447154
130,3,0.9477932146496205,0.8223173658959889
130,5,0.2734987757864175,0.14196935272972722
130,8,0.3161511311303819,0.10425454047279734
130,15,0.41336883276372777,0.07127740687982129
130,22,0.7593322999712407,0.030336392426070523
130,26,1.1969439225891478,0.018549574790099183
130,28,3.1557069649833793,0.012232148043105377
130,29,43.20271024208828,0.0021099078045458564
130,30,14.64407050605846,1.5707309415345571e-28
130,31,3.993407449816809,1.4394862627536853e-29
130,32,2.260052516684916,3.3170984766961344e-29
130,34,2.41276731627824,1.9694610969435723e-29
130,40,1.9323066042872368,4.952408802358577e-29
130,50,3.502612060203494,2.7865484314295236e-29
130,65,4.708488169341987,3.350008767585823e-29
130,80,5.276098677121219,1.4473337853004153e-29
131,1,4.30005528048083,2.3948995870116865
131,2,2.1123879772300906,1.2079070285618279
131,3,1.3296665359303965,0.8780926118222191
131,5,0.3045127209378019,0.19252785419708898
131,8,0.32525413783403123,0.1727260088609311
131,15,0.43504972143067133,0.08104719898834943
131,22,0.49519300444128833,0.06875665848146091
131,26,3.299293674835237,0.033323870460826216
131,28,3.7998177196907155,0.0009384458095764545
131,29,4.113920720293577,7.549850503185239e-05
131,30,3.841097630398387,1.0782902992401737e-29
131,31,4.300144811348326,1.6625609504222258e-29
131,32,4.256145943328767,1.0650142221568643e-29
131,34,4.390904309093493,1.3740309656870926e-29
131,40,3.0548204565642987,1.3980871146457854e-29
131,50,3.6165971253241755,9.523807031959138e-30
131,65,4.273132498018546,1.6195947373162429e-29
131,80,5.311472460429692,1.8436978715750858e-29
132,1,4.165827948885459,4.336119839431263
132,2,2.0548239572321982,1.7442424094030606
132,3,1.0183533917596364,0.9566831390807092
132,5,0.28692751429713387,0.23016936439587624
132,8,0.3570288552294165,0.16999864031894832
132,15,0.4277391454099556,0.12229055687949213
132,22,0.8860139036091427,0.05412285901685594
132,26,1.2296295510817097,0.01695862547679059
132,28,1.1092250144047093,0.016401376442628568
132,29,6.002572171996833,0.0037907459822499176
132,30,34.54352744260882,3.0476737170093225e-29
132,31,31.566468337876323,1.7925631475983085e-29
132,32,6.872619546074533,3.67058622659556e-29
132,34,2.966582866945579,2.7728563534782263e-29
132,40,2.538020320430925,5.488828440119032e-29
132,50,3.7193148350229115,1.5905099852727549e-29
132,65,5.355375814772632,3.240780292766549e-29
132,80,5.680145576254631,1.0479215939004276e-29
133,1,4.297662508684099,3.6253633729215737
133,2,1.9892497987265798,1.502130956549663
133,3,1.1129743209338474,1.006558949574142
133,5,0.42484393146498056,0.21985102630366027
133,8,0.4456911460667879,0.20864288852561721
133,15,0.8482847705592758,0.13513900657484082
133,22,3.443450918191936,0.05930304903710581
133,26,3.028747528010983,0.049104497709984124
133,28,8.705473591869344,0.014437055537578661
133,29,14.172061748649462,0.01247618566018932
133,30,146.66366486958125,5.720486997549706e-29
133,31,25.038639195454415,2.3058286135906918e-29
133,32,5.032058652248136,8.727544135985198e-30
133,34,3.788610823234006,1.2865648572627463e-29
133,40,3.433555260393087,1.0616162397583172e-29
133,50,4.64008755231943,1.6645093495492974e-29
133,65,5.730440260222304,8.845539443911322e-30
133,80,6.1644205691561345,1.802079809430174e-29
134,1,4.1502328204382914,3.404039962940399
134,2,2.149035204679306,2.1830112486747613
134,3,0.9550636181509425,1.0169658980685425
134,5,0.25542176762803726,0.2378419335487315
134,8,0.2729669051889806,0.22891284056287645
134,15,0.35006805923254236,0.1734785575977306
134,22,0.8423884177015576,0.098138807712691
134,26,1.2419588393703105,0.06390680321157154
134,28,1.4076715704019895,0.05307093908775163
134,29,8.569803666613838,0.03066158371807073
134,30,28.8064336592272,1.4663568373377762e-29
134,31,18.151346018219865,1.5592945127341265e-29
134,32,4.206788340108102,1.0670884487069695e-29
134,34,3.390174539461697,1.0235675677770029e-29
134,40,2.9755868369201837,1.3251117031230088e-29
134,50,3.905688759184463,1.656792790238786e-29
134,65,4.558064143166118,2.421782435775766e-29
134,80,5.007600820169586,1.283152109401292e-29
135,1,4.239455788567334,2.7757786486260825
135,2,2.230394380357146,1.306119307087077
135,3,1.0396834799468824,0.5660703156152814
135,5,0.2885916573210813,0.14747464082109324
135,8,0.3001888746088771,0.13941803752414464
135,15,0.39282150868355703,0.11326632914648488
135,22,0.6770034476012804,0.056069537843323344
135,26,0.807055004280245,0.04050127628724452
135,28,1.3035666352565805,0.03625292310076058
135,29,17.025571750560946,0.014864654347707668
135,30,105.20658987411481,4.186614760081491e-29
135,31,2.925739861389304,7.480132150538548e-30
135,32,2.4131684548663737,4.603877754159356e-30
135,34,2.8768927901348786,1.3295182308357669e-29
135,40,3.626261290740365,7.256518844462227e-30
135,50,4.185800440912606,1.2057271577303328e-29
135,65,4.807779331387922,1.1021378057882247e-29
135,80,5.351227727707725,1.1191681623097928e-29
136,1,4.155443396664612,3.25336648947881
136,2,1.9570354255118367,1.4198858259846987
136,3,0.9216437933182218,0.44431923680380375
136,5,0.26571546239927724,0.09630816854005046
136,8,0.2659048557131221,0.0889899570315103
136,15,0.3257873643124693,0.05288526685304949
136,22,0.7567880393638033,0.01861366189167433
136,26,1.1657899978831474,0.0030716029093499357
136,28,0.8039596470059032,0.0019748593091857636
136,29,1.0409150607529827,4.218397181564631e-05
136,30,2.577368272962197,3.8692215052464747e-29
136,31,1.099762983984505,7.819840513662531e-30
136,32,1.7436656712078735,1.2072653337792501e-29
136,34,2.4569688479330494,8.161551843928677e-30
136,40,3.0474998135493196,1.0933529973352263e-29
136,50,3.811566681159882,2.3545880239693917e-29
136,65,4.75979426639761,1.5895983784324117e-29
136,80,5.411664864619184,1.2848494956589454e-29
137,1,4.417597196675236,4.785212189740621
137,2,1.9601799426357005,2.2503600679081943
137,3,0.947242433986319,0.6426500048140724
137,5,0.2987975635843479,0.30147575440759494
137,8,0.3493314447875552,0.2801345075216087
137,15,0.4872166806244716,0.21246346251012393
137,22,1.5226924578365442,0.11758145328823029
137,26,2.618688378648469,0.06958654009594757
137,28,15.958989380962617,0.018645749064270672
137,29,26.868146086994013,0.0013097854844168588
137,30,27.122931244449468,3.0409355301105596e-29
137,31,25.68533444970417,2.210536167849004e-29
137,32,18.091158861585114,1.973015079667615e-29
137,34,3.112095201750477,2.3959184805759417e-29
137,40,3.569326860703951,1.2517414759616325e-29
137,50,3.787661716076302,2.0600362982748078e-29
137,65,4.409681236118469,6.064779073941331e-30
137,80,5.042240575518701,2.190691385702038e-29
138,1,4.1522612234210525,7.656881130907939
138,2,2.142369149886378,3.422972691828446
138,3,0.9486237646067293,0.803180023052539
138,5,0.3191802689092791,0.13771359821867218
138,8,0.36050637005783626,0.11444181004088191
138,15,0.3342571091698904,0.08667098963244244
138,22,1.2883092465711523,0.03617013963849464
138,26,3.359507742740196,0.020197842182480726
138,28,4.182336529007472,0.002072660214252559
138,29,3.266637716462791,0.001755524980740814
138,30,11924.660715427433,3.163820337621363e-27
138,31,3.17775407846896,2.687386150452914e-29
138,32,3.8695577350288444,1.8712438055930086e-29
138,34,2.954084226988347,1.4506823354970566e-29
138,40,2.7842167521942214,1.2103057351847893e-29
138,50,3.4392314492211775,4.4479018237766184e-29
138,65,3.6852901017032944,1.5105042874763166e-29
138,80,4.06105494437624,4.2086551023650585e-29
139,1,4.645003591990575,1.6633586825834823
139,2,2.257602459620101,1.0298822128315825
139,3,0.9508655772707538,0.6246555175860385
139,5,0.32050753651436503,0.2717052869978653
139,8,0.36501482400121715,0.23586502414522123
139,15,0.5099772341640754,0.18586564405221714
139,22,0.7575966509510976,0.08753078713844352
139,26,1.564150780828736,0.06655490187934444
139,28,6.654213999966963,0.059973735999507845
139,29,21.070897325569163,0.05539520613028122
139,30,100.82582564538365,4.421976880795222e-29
139,31,37.95929670702848,2.1366632729721427e-29
139,32,14.009244468845152,1.4045325601930014e-29
139,34,5.8486594742659275,3.527800990401931e-29
139,40,2.4138043410147723,5.645265951711774e-29
139,50,2.6582417243905474,1.1918585362008003e-29
139,65,4.336313519703537,1.1342552555174743e-29
139,80,5.188752770883797,4.838522144980478e-29
140,1,4.150336263048247,3.1190948588152896
140,2,1.9326522079345148,1.376417460110503
140,3,0.9097234887047568,0.4579796812292054
140,5,0.3152867941327333,0.19356091014774907
140,8,0.3923613709374301,0.17317495088588344
140,15,0.6303389977383882,0.1459009871275407
140,22,1.561180002501839,0.0653558874257965
140,26,2.265288042204625,0.04919573558113721
140,28,2.3062328089553144,0.04872399200928433
140,29,17.114459685984098,0.0010561107523911163
140,30,20.696279595431836,2.3569890166333945e-29
140,31,15.286983304582396,1.338372372766763e-29
140,32,4.585763988141086,4.074353587576455e-29
140,34,3.9088030157999394,9.85480377196801e-30
140,40,3.979984608436503,2.5056117464884613e-29
140,50,3.6930312070916678,9.192489303626202e-30
140,65,4.496588494208463,1.7787478101305708e-29
140,80,5.148963430655458,1.395688047911727e-29
141,1,4.571601941672098,2.5238677644256104
141,2,2.36288099189706,1.2984749387797732
141,3,0.962884583853088,0.7391945059548674
141,5,0.2618403779060499,0.12853859916654323
141,8,0.3008184942335579,0.09994252191393217
141,15,0.3927187160771035,0.061123732629742265
141,22,0.6336413049084195,0.03107787034166304
141,26,0.7121821574004337,0.007909086686550678
141,28,1.5617175840782394,0.0032335241018551807
141,29,4.991814350969124,0.0016033197204639615
141,30,3.5367797309032905,8.381338969182149e-30
141,31,2.147013035798752,1.0645616286199333e-29
141,32,2.1862488450735436,1.25290216974145e-29
141,34,1.8857088459047158,6.288834059951565e-29
141,40,2.4055776205092347,1.5051527701375126e-29
141,50,3.747299182111728,1.943443067348197e-29
141,65,4.858632844920512,1.8593595338828428e-29
141,80,5.006547194916812,5.52166682962413e-29
142,1,4.204348226989051,6.559115292190394
142,2,2.0050852875093623,2.23679955444244
142,3,0.9356872621155021,1.2133578147599196
142,5,0.31043491343616525,0.2859671914795109
142,8,0.4020547918142745,0.21153946059909043
142,15,0.7161954255565699,0.10433855715488048
142,22,0.7811331416537529,0.09359298269184918
142,26,1.3314563600656746,0.06663182508725232
142,28,6.5575795151575385,0.010686275733309417
142,29,8.037856849120988,0.00209862883916673
142,30,3.667920984136152,2.311444625308525e-29
142,31,3.7755027368813545,1.807436462582163e-29
142,32,3.9186374598525235,1.4129649234661768e-29
142,34,2.8585743670971855,1.6510283535199054e-28
142,40,1.9561433614217496,2.4889177857305126e-28
142,50,2.6153708493842167,3.630814489290667e-29
142,65,3.615069613524215,4.4555028272904665e-29
142,80,4.380754924831519,1.9552348944210321e-29
143,1,4.1626752986565805,4.323598456490672
143,2,1.9082834997453346,2.008198306063141
143,3,1.1122582687284732,1.0284667139336798
143,5,0.3260007968640212,0.2625778179164673
143,8,0.34660112069408305,0.25610664274967054
143,15,0.514417808463845,0.16509668060673327
143,22,3.0402150658958815,0.08637904930367821
143,26,2.632399933178189,0.018452222298066045
143,28,8.586617976206426,0.006305676351366849
143,29,3.7844020748929488,0.0021066939972120336
143,30,5.706020923651931,1.6563819251839833e-29
143,31,2.856503303633937,1.5858261236480052e-29
143,32,2.634243485292073,9.185093732639754e-30
143,34,2.6438479901701433,2.1454345999155303e-29
143,40,2.9759938068021716,6.2824348367230136e-30
143,50,4.228699887202375,1.8881919891036162e-29
143,65,4.76971309985933,2.657238927056772e-29
143,80,5.242265370902876,1.7840890558430047e-29
144,1,4.35783240863414,2.9477924535248694
144,2,2.128117321424299,2.310801672975671
144,3,1.0953261412688973,0.6786729706311608
144,5,0.41352604376879953,0.21098201036447997
144,8,0.3985690111512074,0.20273417876447342
144,15,0.8088520121179826,0.13974999482227643
144,22,1.277149731553648,0.0868487690915256
144,26,2.553508703772354,0.04502206794557386
144,28,7.0260626302128495,0.037729180688212786
144,29,3.7204319749596246,0.03617680605342994
144,30,22.18138344800217,1.620968567343239e-29
144,31,11.405904685532821,1.095987669499148e-29
144,32,12.503766200600948,7.451910857086794e-30
144,34,6.897065642821686,6.129515999138667e-30
144,40,3.273089861227728,2.536881145065532e-29
144,50,3.822823100430513,1.8280644562398467e-29
144,65,5.33480980598552,1.5435153686997618e-29
144,80,5.814031059370441,8.001057681896408e-30
145,1,4.192567164165774,7.15024994400884
145,2,2.365874634508567,2.8646967909929484
145,3,1.1452836577916787,0.9297985481347968
145,5,0.27868558202175714,0.2066150483394713
145,8,0.2915987869081834,0.19718259045879957
145,15,0.5819846905494195,0.13394861943899578
145,22,1.4270162365458272,0.09376596190987067
145,26,6.154083813951993,0.04336284067014809
145,28,7.544824954370194,0.024551392999455426
145,29,181.08389886767236,0.010659338490395425
145,30,24108.38456593299,6.253813771572937e-27
145,31,97.53437963026389,3.463941647282587e-29
145,32,23.195351930474764,3.6621943078512167e-29
145,34,2.6409570370853843,5.269562599903841e-29
145,40,4.183429949920713,2.4851275555999585e-29
145,50,4.41983362672635,1.0097419586828952e-29
145,65,4.819781085746674,1.3035207444931316e-29
145,80,5.201813433605544,1.2513614257859402e-29
146,1,4.240638730927478,3.6041574177035174
146,2,1.9790602443588972,2.5718420126323167
146,3,1.0743805448808046,0.7257073314744026
146,5,0.3021810074343713,0.1588875540098426
146,8,0.33477850787626956,0.13145630355786614
146,15,0.37685054166380455,0.11243704289280458
146,22,0.4977142174354119,0.07756587552375112
146,26,2.101796472564403,0.042706025186726386
146,28,2.019074280860896,0.007265483548365965
146,29,1.775156486384032,0.006480078850793799
146,30,2.753813274716428,3.4118953164654666e-29
146,31,3.5262646013741645,1.70778114353979e-29
146,32,3.0906174488029787,4.874092145123366e-30
146,34,2.236119424578053,2.5531154505434207e-29
146,40,2.53615323884197,1.1213534508200242e-29
146,50,3.5357353807040206,3.691160294214801e-29
146,65,4.949310504500794,1.294964479726867e-29
146,80,5.276509485141046,1.3143881251926606e-29
147,1,4.269447969750501,3.104834353156846
147,2,1.9716068015566577,1.3916112169620465
147,3,0.9906134827838975,0.383635009980387
147,5,0.35573814851028,0.1140066194804122
147,8,0.36745830880607366,0.107062465067352
147,15,0.3664797417287452,0.07350713280670429
147,22,0.4327779077287721,0.03474239981607611
147,26,1.2866124517250697,0.005841295605458249
147,28,1.5404183281314445,0.005115819259682385
147,29,1.5560129927624824,0.00511551126061404
147,30,3.291641907294237,7.46552076202713e-30
147,31,3.989355206953137,1.5334819156661526e-29
147,32,2.55244755665196,8.867289612749936e-30
147,34,3.4347874822601043,1.1990685759359379e-29
147,40,3.5594192326607597,2.699229335657599e-29
147,50,4.168567267717172,8.258490317796168e-30
147,65,5.527110617612656,9.457086398919083e-30
147,80,6.1180585628854285,9.358992367084959e-30
148,1,4.1533564010199715,3.6284738969681265
148,2,2.1188667203872726,2.366506449760658
148,3,0.9816513765977598,1.0140495974972936
148,5,0.30229513390937635,0.14126410484891302
148,8,0.3635640089867119,0.11836408380458975
148,15,0.38147959647423957,0.08651867494443051
148,22,0.5449516220610597,0.01290242744627238
148,26,1.0951893074639854,0.003985027874710548
148,28,0.9960907488795321,0.0013149958493038486
148,29,1.0123468615191482,0.001175318035611381
148,30,1.8195075012003814,1.364986156691602e-29
148,31,1.3092213598296247,1.4713488477536279e-29
148,32,1.3160334110146812,3.894836373506825e-29
148,34,1.8780020959859087,8.464744575307078e-30
148,40,2.8763805479634508,1.4326042730857416e-29
148,50,3.446147875772376,1.6285560893474764e-29
148,65,4.30611649791714,1.550245209902099e-29
148,80,5.021639978525721,3.0334988726186324e-29
149,1,4.151925952350294,2.476830578358183
149,2,2.352816896348379,1.8884491256855578
149,3,0.9884294283430233,0.6515317062376911
149,5,0.2578470662356623,0.20788103121943208
149,8,0.2620778101188204,0.2061635025428517
149,15,0.4041106859481288,0.1349902728929327
149,22,0.6152282109962195,0.09227165214129233
149,26,8.407001869673548,0.04156608981301974
149,28,12.668578882161814,0.030163202871973226
149,29,5.688851518524685,0.028177499680343124
149,30,348.2675960050129,1.31367116567203e-28
149,31,60.77132861607318,3.579867222495144e-29
149,32,33.42518108218828,3.1287810467339504e-29
149,34,14.854473295704212,1.2638619950783095e-29
149,40,3.065239619595472,9.703502715536949e-30
149,50,3.5585080438126258,1.4275095464061894e-29
149,65,4.49682562251966,1.494809242382857e-29
149,80,5.3630834923693165,1.3003673551975215e-29
150,1,4.150874699468613,5.344514632054443
150,2,2.0894621527504453,1.3332929569408962
150,3,0.9751673372833216,0.657687166505792
150,5,0.3435755868468734,0.2923139414988424
150,8,0.3435673384094403,0.2697090191152013
150,15,0.7226036645269719,0.18848963082658202
150,22,3.3253702860346146,0.09701857153949549
150,26,2.398672757712133,0.04453590213383541
150,28,2.565618125735179,0.035562378573691114
150,29,5.444405476654683,0.00230400521851053
150,30,12.630041496487028,9.738837110249973e-30
150,31,2.9265566263536833,1.5796220613204858e-29
150,32,2.9383082691457476,8.774125961573444e-30
150,34,2.388173142899399,1.3460360332014687e-28
150,40,3.109868764510818,2.243569718255134e-29
150,50,3.150237062688854,9.830049152416152e-30
150,65,3.889207204082069,6.049751684561925e-29
150,80,4.695807998172705,2.291599843161559e-29
151,1,4.155842465315211,4.897569975098261
151,2,2.0781038725966434,1.2061515695937433
151,3,0.937756484393062,0.7496377709855222
151,5,0.30447846837706666,0.15007256985686265
151,8,0.33915322454142116,0.13866538673638432
151,15,0.41774022053120086,0.10785073088386159
151,22,0.8108433028973043,0.04973845794750474
151,26,1.1489333107208832,0.0177279235142096
151,28,1.1877574794563142,0.00842209683957649
151,29,7.509228529603655,0.0007341254862602497
151,30,2.690127977193064,1.589123315712796e-29
151,31,2.5630659341522795,1.0455077617034624e-29
151,32,1.6559044086294472,1.1991302056941584e-29
151,34,1.1999608935359396,7.425379246172915e-29
151,40,1.9409814671443444,8.653665463318504e-30
151,50,2.7465618328532,1.7340688033273794e-29
151,65,4.271683051549356,1.497829100535656e-29
151,80,4.6916094529749355,4.682156534772327e-29
152,1,4.264517744950888,3.270057189828461
152,2,1.9307720002709572,1.462458533846124
152,3,0.9169869474244607,0.7162151464115355
152,5,0.30905926615994445,0.15070604628062234
152,8,0.30746768094050175,0.14918078905855087
152,15,0.42474190897191466,0.10547368466934882
152,22,0.8370781533670683,0.04703292049783365
152,26,1.634822135152244,0.02880884595565262
152,28,12.270948467301105,0.01894779269151914
152,29,50.64147808914786,0.00019046055449236282
152,30,53.680259359196334,6.784244871406182e-29
152,31,7.976309576411594,2.2316546316658582e-29
152,32,6.064938548640661,2.4487968131290378e-29
152,34,5.6873143773052055,4.5275685579028444e-29
152,40,3.7156158564647392,1.2250763339049431e-29
152,50,4.768066079895312,5.494950329435591e-29
152,65,5.37528980935101,6.77927340424307e-30
152,80,5.866843777569712,5.802236303922463e-30
153,1,4.251536222181838,3.554473447041914
153,2,2.019868690083969,1.696408219875069
153,3,1.0404479440287622,0.7211707075686179
153,5,0.31084822448686844,0.22023437989001024
153,8,0.47993372161252534,0.16354165973856116
153,15,0.7223153091650278,0.06752285065471325
153,22,0.6850782786020098,0.04676892371378094
153,26,0.7283052018558284,0.033998958799689026
153,28,9.8430026237566,0.011150084847519635
153,29,74.33210070479998,0.004056402535497184
153,30,387.9638246571107,1.4219692879328353e-28
153,31,12.258756642169889,1.49177140888391e-29
153,32,6.67594666213063,1.2806484004735887e-29
153,34,2.579765937697464,2.1341794653205314e-29
153,40,3.405865514115552,7.461745939336131e-30
153,50,4.201757393660812,1.1904429776916757e-29
153,65,5.638445024267218,1.401555714475627e-29
153,80,6.130721905973243,1.0620039936537872e-29
154,1,4.366061353198825,3.2934526021932538
154,2,1.9288552011503848,1.9570997737306561
154,3,0.9654629954148617,1.1580498541677693
154,5,0.30291736150261794,0.2772512244751436
154,8,0.46727109925312754,0.18078980157202093
154,15,0.7082064804887329,0.098764311006917
154,22,0.93829298914429,0.04665540184130725
154,26,0.9657450886668766,0.03533882601910179
154,28,1.6348034860903795,0.0030480856348188813
154,29,2.7464630299714914,0.00012290258624992806
154,30,2.6765812696463236,9.700446906691854e-30
154,31,2.653391616792725,1.0238782844746975e-29
154,32,3.229652807176305,8.187744491172343e-30
154,34,2.723005296969948,1.6879286576730462e-29
154,40,2.63153973755319,8.773843491848267e-30
154,50,4.608978936391198,2.2094884619592573e-29
154,65,5.781492839670692,2.85321385447784e-29
154,80,6.318147884136055,5.347742516113e-30
155,1,4.236323106810366,3.9377760227301777
155,2,1.955922538713103,1.872975983888565
155,3,0.9242938385178221,1.218387594206641
155,5,0.3175204528997668,0.13419212305961858
155,8,0.3245304433006677,0.13175916064898152
155,15,0.38227074829571134,0.11565181125656313
155,22,0.6496791230835115,0.08301753095403248
155,26,1.186033048034829,0.036973955817615506
155,28,20.289930399743017,0.0024721474010964907
155,29,18.47031919951647,0.002394510824044938
155,30,53.92406682117005,3.9573289483423017e-29
155,31,11.557332800951416,2.089600606874448e-29
155,32,6.223911805478227,1.8122435837233536e-29
155,34,5.6132384912064675,2.6675105534268375e-29
155,40,2.2096599890132596,1.0232209003870132e-29
155,50,3.382973162339707,9.947864706880802e-30
155,65,5.161645864035616,1.5683874699782267e-29
155,80,5.633485507312409,2.159876506591842e-29
156,1,4.274610286858805,3.660584801058626
156,2,1.9329343334917233,1.7956968379261993
156,3,0.9212877282991856,1.005123429926246
156,5,0.2920481566728625,0.2512833089057956
156,8,0.2954560699484165,0.24294335051615887
156,15,0.37538267559355964,0.2097425688777947
156,22,1.492024701604625,0.1054439821072726
156,26,7.803946276801436,0.01032618727164592
156,28,22.66357170235182,0.0032036310603264944
156,29,23.038275532158945,0.00305571565498915
156,30,36.606936077829616,2.4568086816976887e-29
156,31,8.64093443311078,9.353034823790321e-30
156,32,8.899431983939952,1.5152292356065465e-29
156,34,3.387041078635556,1.031684720515947e-29
156,40,3.8044086356275475,9.510087990988619e-30
156,50,3.878012703841168,2.1234430478572206e-29
156,65,4.575431117387611,9.977857855881392e-30
156,80,5.115918212328193,1.3137101978522364e-29
157,1,4.1500033599710076,2.7061867805870405
157,2,2.0633573135125505,1.378894934358147
157,3,1.0309079070689082,0.8517638597943235
157,5,0.26922820874686054,0.20944101895023895
157,8,0.30556368132265166,0.17832909174004843
157,15,0.4254082430075988,0.13817712453281303
157,22,0.7033428105876793,0.0844659675008835
157,26,0.888204558194965,0.04645175837971996
157,28,5.731941489735345,0.009598337473697103
157,29,5.413290327571128,0.005792177047286089
157,30,15.488807099400042,1.2051801936261268e-29
157,31,9.683434068258672,1.310361647655595e-29
157,32,8.365301384208646,2.05879343148403e-29
157,34,4.92803064438182,1.1932651070368511e-29
157,40,3.0368838115427943,3.1175926777103566e-29
157,50,2.996754573797694,2.774181393279965e-29
157,65,4.836620403035632,1.2207930657086259e-29
157,80,5.530014675101454,1.475531967592837e-29
158,1,4.8531636627800125,4.141776336390825
158,2,1.9193436301686637,1.8304136475154855
158,3,0.917473927817329,0.6983807765851392
158,5,0.33888176643385387,0.17628220625375368
158,8,0.3415738293065954,0.16783381476262252
158,15,0.4245331356625315,0.12377188750176857
158,22,0.6728612811605382,0.0767348085104853
158,26,1.894682527886847,0.0325129407058617
158,28,2.030560033032331,0.01140613578354493
158,29,2.864001643306108,0.00150015213468337
158,30,6.20865288872167,8.76480446064261e-30
158,31,3.0200846394183265,2.3590741567865177e-29
158,32,2.866576788174317,8.972676499306806e-30
158,34,2.7566026103655723,7.929140889866395e-29
158,40,2.6308405334963867,8.879379316987503e-29
158,50,2.523308136415274,1.2096791659762153e-29
158,65,2.879778057191637,3.633916520454427e-29
158,80,3.917873386839749,2.967123623015271e-29
159,1,4.437502440412724,3.5017293526416755
159,2,1.9690858947641938,1.4247626370124624
159,3,0.9539192384874954,0.7448277243921216
159,5,0.269969427534572,0.1643707916609917
159,8,0.31290371258775723,0.13887562153476438
159,15,0.49884599184560446,0.10696798829960895
159,22,0.5624266424536656,0.08753787256644978
159,26,1.1675628977626928,0.04618628471158533
159,28,3.0299497489164073,0.0058922938897627
159,29,3.913907571106294,0.005575200413903279
159,30,4591.741316029987,1.246518790496575e-27
159,31,82.23537386617585,4.727107739674325e-29
159,32,5.864608356273913,2.3255706794739575e-29
159,34,4.260195089805852,1.1962669898435026e-29
159,40,4.307947213303683,6.208409793380546e-29
159,50,4.297643280516054,9.477963479516241e-30
159,65,5.941590792945928,1.1902580884170144e-29
159,80,6.476143235338516,1.1584982196807726e-29
160,1,4.655436013175706,6.370619908131771
160,2,2.2879597962579212,2.0087010108662455
160,3,0.9335667020500422,0.8785775784427544
160,5,0.2826105025208909,0.32132743687943915
160,8,0.31188797595694134,0.29867473113822496
160,15,0.5466467700748991,0.21573051322713702
160,22,0.8698747203092554,0.09776955937426653
160,26,2.641577775264587,0.04756750834821215
160,28,2.681255377118966,0.02180486765968887
160,29,15.954932919945247,5.002028483581537e-07
160,30,16.15667164991427,1.1485732607006972e-29
160,31,15.181094771584897,2.8299974109748996e-29
160,32,6.917323464743077,3.600698080773636e-29
160,34,5.659570807315002,4.115758513474188e-29
160,40,2.6257787864203346,1.5679945802695718e-29
160,50,3.0179924899402364,1.7345079153546998e-29
160,65,3.8952474368802683,5.55152644748191e-29
160,80,4.185539435801406,1.5133803428599348e-29
161,1,4.54876707952243,5.5944472709316155
161,2,2.060955910852843,3.353248028415505
161,3,0.9817307653166,1.094549045919876
161,5,0.2748274205260001,0.18297228301269558
161,8,0.2896648840555616,0.17226800277186477
161,15,0.4322644100979105,0.13489311504226909
161,22,0.998715337058733,0.05714612443374145
161,26,1.1067785964157815,0.027588067462726705
161,28,3.8398105899997286,0.0036986149313006293
161,29,4.869672990404162,0.0015298035069720957
161,30,8.7657484271457,1.8480812881285113e-29
161,31,8.297452271244655,7.844030193764034e-29
161,32,3.4148851483982936,3.4301479965250726e-29
161,34,1.9255640822193443,8.156082202886618e-30
161,40,2.223105416797556,2.1632558716675937e-29
161,50,3.149306144680798,2.3639634509386688e-29
161,65,4.578418563753352,1.1541404821932725e-29
161,80,5.26960424594672,7.74251571034868e-29
162,1,4.154402917262524,4.486183204988349
162,2,1.9399026918497644,1.7919717516409042
162,3,0.9142454277283888,0.7685769705602379
162,5,0.27631607484751414,0.18508478547312954
162,8,0.27662993275486236,0.1848816466997557
162,15,0.45944762415552265,0.12268280480179908
162,22,0.7174937051599312,0.04385035215597281
162,26,1.745877596483289,0.017741416789189165
162,28,1.9958047827719214,0.013517191518817345
162,29,3.422489319240051,0.010910064443784994
162,30,22.113977033114047,7.932674329337699e-30
162,31,19.12179867390472,3.506168303289925e-29
162,32,17.279469785721105,2.2706149104875157e-29
162,34,4.914818082032277,1.859842300322236e-29
162,40,2.092742647124118,1.557312088844704e-29
162,50,2.2475037366322077,1.2653924674074493e-29
162,65,3.7100064364235434,2.9114000499576666e-29
162,80,4.326440149777374,1.1467346395804555e-29
163,1,4.20102495922603,5.3288728906723675
163,2,2.4775740844237664,1.6618700534930573
163,3,0.9280074905584437,0.8315020091216482
163,5,0.3072339626860998,0.17398421147557824
163,8,0.3716430834809682,0.14211779674849406
163,15,0.627829315464099,0.09030783708000414
163,22,1.0400092163579804,0.014814578083767679
163,26,1.1256423064753052,0.005670199691151514
163,28,2.086013253026459,0.0008013983142426324
163,29,2.0132182009698676,0.0007740513387234256
163,30,2.1849602286282135,9.941810867088944e-30
163,31,1.7283515356288879,2.6329805554539183e-29
163,32,1.5446598464707795,1.0377533257707111e-29
163,34,1.8012025985641251,5.416249770164799e-29
163,40,2.8456632020446415,1.1172557138750162e-29
163,50,3.4552320957189546,4.4652204278131966e-29
163,65,4.660664024122891,2.0705448140280327e-29
163,80,5.154803733878141,2.3154409299431286e-29
164,1,4.174793635904659,4.188485448595975
164,2,1.9168105729467746,1.6670698573285025
164,3,0.9728516548660036,0.9598947911857765
164,5,0.29994247696516024,0.22801584940137215
164,8,0.3651790796079002,0.2049354840432425
164,15,0.45402197127338145,0.16741203016000245
164,22,1.1818721242962733,0.07960486607781987
164,26,1.379371755623402,0.04182683772790511
164,28,10.423519293463379,0.011550642885989743
164,29,18.64980775160274,0.0011845450028085305
164,30,22.832380704950815,8.244882980762424e-29
164,31,13.262537584018691,2.431882012404133e-29
164,32,13.279996863663223,1.8321422919087624e-29
164,34,7.821981896470178,1.5856848887854166e-29
164,40,4.471409723184664,1.2546303708782134e-29
164,50,4.205324266663025,1.303328151498693e-29
164,65,5.122182225483756,1.714306194191374e-29
164,80,5.619175365282805,1.7419574123795896e-29
165,1,4.186554765196223,3.0765088236339144
165,2,1.9117336513562584,1.493900244882716
165,3,0.9304652063025559,0.4570704502958631
165,5,0.2783462376731616,0.20975977543859756
165,8,0.29618768725206895,0.1866627272261146
165,15,0.5656197970429309,0.11508369330301801
165,22,1.0637878163179653,0.05953959722670275
165,26,1.2255326866861143,0.05581403622915938
165,28,2.806529848643988,0.021295119993568763
165,29,3.8661321177622288,0.0040844335982340545
165,30,3.312193547526738,6.136680458531788e-30
165,31,3.654280974490226,2.2143982993641485e-29
165,32,3.3125741166655613,6.183210925988183e-30
165,34,3.574004595632218,6.92728754023571e-30
165,40,4.7966239463695555,1.6105601999471222e-29
165,50,5.298301013104348,1.0924593658410306e-29
165,65,5.743629579977129,1.4814253132226618e-29
165,80,6.235225743471634,8.336554678208664e-30
166,1,4.1933907313812515,2.3715143811338706
166,2,1.9828858353076324,1.081645768292532
166,3,0.9492760559563304,0.5574111156366215
166,5,0.25942339149911675,0.12575929946484585
166,8,0.26695172622560254,0.11298242070671864
166,15,0.5202302515168655,0.0799287483862991
166,22,0.54736012114404,0.045794263723657115
166,26,0.6273209988704052,0.035538150896777386
166,28,2.407892909793828,0.00046326897673307574
166,29,2.7912366721071904,0.0004340202054777121
166,30,2.93577752834852,7.230249160020785e-30
166,31,2.2987765359262795,1.4086970627094148e-29
166,32,1.644674295916698,6.969426887418904e-30
166,34,2.515709553672424,1.0921768961158538e-29
166,40,2.95696750247214,1.2467237864798557e-29
166,50,5.006985769333708,2.6599480685118766e-29
166,65,5.878008343389114,1.588029387504384e-29
166,80,6.265930238250865,4.7686205176489433e-29
167,1,4.193169840488132,3.2267317791050716
167,2,1.9656308384256505,0.7536911014835734
167,3,1.4009736311779681,0.6911811533336917
167,5,0.2969869352819955,0.1301283086435023
167,8,0.4147656664701884,0.09856480297332736
167,15,0.6095069904017012,0.0832387064170847
167,22,0.6673186972492349,0.06246066788516235
167,26,0.7876286160147332,0.03681487104362001
167,28,3.211630042279519,0.014185869918788164
167,29,6.134753100116859,0.00820957197652413
167,30,623.0389289799799,2.751077488283442e-28
167,31,8.185203775146793,1.5351183141422335e-29
167,32,6.5879564147922665,1.16009295387239e-28
167,34,2.864543492268394,1.3252099255501724e-29
167,40,3.495011508814446,8.979873057532332e-30
167,50,3.8614732412054544,1.7281504206082774e-29
167,65,5.63602709774743,4.02975482785428e-29
167,80,6.234591545877908,7.933810628004886e-30
168,1,4.1915444628742735,3.6338238634701883
168,2,1.9070068570756766,1.7255850046800054
168,3,0.9709602995667298,1.0189087913721362
168,5,0.3726291246071093,0.21445218486944728
168,8,0.44029097095864106,0.18304722612279126
168,15,0.4943781985913817,0.16432618217260161
168,22,0.7802530742399105,0.08244575334113936
168,26,2.3148250158198262,0.06073684291328114
168,28,6.111173592755832,0.003160858715114332
168,29,5.768259540484545,0.001719074887486677
168,30,6.078132653474019,1.9400868134317783e-29
168,31,3.731830341245128,5.8117118792488484e-30
168,32,5.257219988518975,1.3656563803122488e-29
168,34,5.842923386901997,6.119424126230078e-30
168,40,4.364115979564001,1.4392012251219162e-29
168,50,4.749669768998845,1.4836465524251883e-29
168,65,5.291125777349513,1.450068605821445e-29
168,80,5.759427714911905,1.0482425822244923e-29
169,1,4.2418637584614665,3.146452205545056
169,2,1.9682059179174378,1.5464715355654108
169,3,0.9224251148062309,0.7853596249946336
169,5,0.28238860161884927,0.06773423800867616
169,8,0.295955254696704,0.0542318506098167
169,15,0.3306629747682844,0.02975917577587972
169,22,0.4370534896064742,0.020290074942026025
169,26,0.6088815926862468,0.0055304800569317015
169,28,0.7828656588067695,0.0034793210409874158
169,29,4.368911120041209,0.001011310133146638
169,30,5.939520044280344,6.660601713732831e-30
169,31,1.777695979644814,9.28309187924295e-29
169,32,0.8370862393414021,1.6933357962698795e-29
169,34,0.9011332572927598,5.160407721688745e-29
169,40,1.73716117115376,1.0078202918646869e-29
169,50,3.2081924280838763,9.922266790816316e-30
169,65,4.443308186064842,1.8044902010335408e-29
169,80,5.163961926930988,1.0321550586886677e-29
170,1,4.257480858671545,3.136536196982812
170,2,2.0500019128883187,2.0018322243436466
170,3,0.9355708054046582,0.7369418009753321
170,5,0.26905855553189195,0.14844902321853246
170,8,0.30368859632673295,0.13596340472613475
170,15,0.5747880336795075,0.05872306531220399
170,22,0.7207876394804119,0.03883436203625074
170,26,1.2741619135587263,0.018632896117283783
170,28,1.5439324171874371,0.014755128448027824
170,29,2.205415194145325,0.005707122930352
170,30,3.347864274880241,6.868431121135237e-30
170,31,3.292091863668242,1.0898195578639238e-29
170,32,3.296590828877357,8.261263656916086e-30
170,34,2.832366355802433,2.4380835068250598e-29
170,40,3.4907288616446186,1.6002372154452066e-29
170,50,4.225135358758667,1.513257083343494e-29
170,65,4.860050897914628,1.0118810248744612e-29
170,80,5.5967698927916185,1.0122893220226713e-29
171,1,4.263895436269478,3.6950425846713464
171,2,2.102430718850248,2.7719908242471605
171,3,1.021265249008353,0.9150219281930188
171,5,0.34340041720350795,0.2953889239990707
171,8,0.45233818552035143,0.24333218579562718
171,15,0.5433657776855646,0.16658078342226776
171,22,1.1715624870129262,0.08304580953843049
171,26,3.0246596223622357,0.02910540782221369
171,28,4.496341952494197,0.022903085675964434
171,29,6.324555557243258,0.020390056646288558
171,30,13.61570863852273,1.226437966375625e-29
171,31,8.047793633072068,1.6143870227466196e-29
171,32,7.259448575318683,3.6536746357538957e-29
171,34,2.7133694954394003,5.3235849348439035e-30
171,40,3.152105895639509,4.628413459674201e-29
171,50,4.422274709318093,1.371332095858358e-29
171,65,5.44440231729753,1.6385510237821982e-29
171,80,6.154085490335326,1.2149851029730022e-29
172,1,4.237139118421237,3.5586522682810076
172,2,2.0583001586147542,2.012844179421031
172,3,0.9478423635992174,0.8740988045322234
172,5,0.3533519714896594,0.22486966939967185
172,8,0.3927841197785946,0.2033015920426651
172,15,0.5355620243580768,0.12255155307273369
172,22,1.779279130181237,0.06786446879051458
172,26,4.578622608634839,0.04699037645354425
172,28,17.94442110131806,0.019194727124148363
172,29,14.884855808547428,0.015746958380826383
172,30,109.44966039326414,5.102512572340877e-29
172,31,6.600567812482736,6.748027116825331e-29
172,32,6.468328409876962,9.53525347559528e-30
172,34,3.394654536945907,1.8393401340875857e-29
172,40,3.2204027845315477,7.169492490041849e-30
172,50,3.3093535078257448,1.2001573683311648e-29
172,65,4.455952650780371,2.645416285104827e-29
172,80,5.422582803931075,1.518279908638456e-29
173,1,4.1852559299874,4.888991758830675
173,2,2.325187003089577,1.9977998712758576
173,3,1.2918319075740332,0.9548483441926583
173,5,0.3535758289142639,0.10637442775642472
173,8,0.35005374016812824,0.10039410817862507
173,15,0.384197267111441,0.08352017781449442
173,22,0.457082331448715,0.067747190764728
173,26,1.7937591362264942,0.043423467328263445
173,28,7.311391793956894,0.0184837668819171
173,29,11.82491296380398,0.01300079621300177
173,30,36.677271360568675,5.481597857131154e-29
173,31,26.99454516294802,1.6038123833986374e-29
173,32,5.177522018877962,1.5125181682214975e-29
173,34,3.841354120162976,1.2243476904093167e-29
173,40,2.9513033335826,1.0963118677064533e-29
173,50,3.374222628958048,3.751157666313162e-29
173,65,4.388187921999568,1.2377213479431416e-29
173,80,4.999099599364045,8.104730490802772e-30
174,1,4.178000690170056,4.544174074533863
174,2,2.1176606069387915,1.4690628351458304
174,3,1.0002671487151698,0.6343344520624057
174,5,0.26050253783744337,0.2560201752928389
174,8,0.33619792848686486,0.20856608313518477
174,15,0.539477716443332,0.1473760620865937
174,22,1.1578263592182185,0.02907895420339233
174,26,1.1440618314238167,0.013192751963737393
174,28,1.3055405705204552,0.010998923804891713
174,29,3.9014159538244946,0.0030455861356209054
174,30,77.5791861304175,5.506218303563552e-29
174,31,3.3446516220091334,3.0915746481149815e-29
174,32,3.2076430690700066,1.517499265034331e-29
174,34,2.3457414932017198,5.806766091151662e-29
174,40,2.6462932341887733,1.0908672637536705e-29
174,50,3.7710556760105924,2.6834521175531783e-29
174,65,4.711132354563401,7.119675102147033e-30
174,80,5.140048081205003,1.444776150334269e-29
175,1,4.150784461833042,3.125822819026199
175,2,1.968106151352076,2.039568339563319
175,3,0.9952061973672698,0.8576515402467904
175,5,0.2820030446908198,0.26126579330686106
175,8,0.33731223454583914,0.23236588784234588
175,15,0.6481149212370828,0.07660993629555343
175,22,1.0731480014668395,0.014759027351121756
175,26,1.315940909192904,0.007547563056898885
175,28,1.5660778994218694,0.004045763773926862
175,29,1.5559522259503826,0.004026883446732444
175,30,4.573040359679599,1.4030759151783966e-29
175,31,2.1215804396108062,1.8882048286365786e-29
175,32,0.9924566893300961,1.8698263211539394e-29
175,34,2.0518491503328358,5.340015685176119e-29
175,40,2.9413180752955563,1.6901576005953504e-29
175,50,3.3810342133900724,2.2234809849818788e-29
175,65,4.689826505842641,2.384837963629234e-29
175,80,5.205908173530608,1.8393093192084754e-29
176,1,4.156478430231344,3.7982294809701846
176,2,1.9382553400160265,2.1713250540751514
176,3,0.9222742049124205,0.8062410098325851
176,5,0.2946428833468482,0.22997309477808017
176,8,0.4137439064656444,0.16939512791003425
176,15,0.5049829005798112,0.15402181010028262
176,22,0.9596703546141876,0.027036767609966747
176,26,1.137351158265048,0.02032663914827446
176,28,3.1262341354254124,0.008814488952864937
176,29,3.1366640099807834,0.008813593046180542
176,30,629.3389418081014,3.310109918904601e-28
176,31,97.05706133482542,4.276368231303121e-29
176,32,1.3889813493408,1.504189805165319e-29
176,34,1.7359728834088988,1.4383281368804604e-29
176,40,3.555633489849826,5.199317515065558e-30
176,50,4.521936007507286,3.50606045121304e-29
176,65,4.925283815483756,1.427553200818262e-29
176,80,5.346481930705508,1.0742195253143872e-29
177,1,4.166105673518626,5.078912066807664
177,2,1.9245541906207286,1.1249978056694532
177,3,1.0093483144267903,0.7564215282024931
177,5,0.2706685089403267,0.23664186590992412
177,8,0.3204962010251727,0.1976496142652287
177,15,0.4850404666935636,0.1679968127888533
177,22,1.0800279023337236,0.09897047761571412
177,26,0.7447168611324674,0.08579415153315037
177,28,49.67547020120274,0.013959570799348403
177,29,22.846251847159103,0.011055109944365295
177,30,391.5118374418305,1.5901497079778248e-28
177,31,11.274274089557856,1.0261277706497417e-29
177,32,7.574457024650401,1.2516824141100047e-29
177,34,7.900182857586385,2.5962074910724365e-29
177,40,2.928098757179819,1.8896428563283879e-29
177,50,3.2895715104624914,1.4406906109455755e-29
177,65,4.270879316706545,1.7468467065317405e-29
177,80,5.1365838968833835,2.1812440573481705e-29
178,1,4.2232951935427545,4.039934104947396
178,2,1.9909214499106993,1.3787040819843353
178,3,0.9770413240024425,0.9584438030619613
178,5,0.2799338008622439,0.29406045251145047
178,8,0.3035497673557185,0.2647041391792471
178,15,0.36206625081148297,0.2426616460348847
178,22,0.759100821530845,0.20017233961310602
178,26,1.019460555313378,0.14789446084236726
178,28,1.0638239142382617,0.14554640250146667
178,29,123.90441758710456,0.06489846324685739
178,30,17531.494972186247,3.690983731377266e-27
178,31,241.85721100728927,8.9531713228067e-29
178,32,9.425393782212677,1.7170116442807517e-29
178,34,6.7202766971687105,5.040934814228984e-29
178,40,4.39714584821302,2.17081643065261e-29
178,50,3.9278040601825577,1.3244446893856027e-29
178,65,4.504488085879055,1.4089801744112397e-29
178,80,5.556968549457656,7.102219757084404e-30
179,1,4.1589445252605275,3.59485256199992
179,2,1.9444138914788656,1.8029539314543896
179,3,0.9403606221596544,1.0315787058482448
179,5,0.27472559862634915,0.17738749140825041
179,8,0.3152686998728083,0.16644247959332906
179,15,0.504738253803094,0.11879670717744448
179,22,0.9504135836891493,0.06585722380895245
179,26,5.8941659459765905,0.018827449446644138
179,28,2.343657179218109,0.009454207277104769
179,29,2.6277658440526883,0.009389100661741633
179,30,27.872922541514214,2.1174855045625828e-29
179,31,8.504079313614893,2.1048719473801427e-29
179,32,6.02826006128444,2.962429489764151e-29
179,34,5.1401869580466055,1.7004163874324532e-29
179,40,2.8964688613288914,8.378873778853333e-30
179,50,4.315896003707407,4.1805108461110795e-29
179,65,5.2570213324880655,1.3611753833083078e-29
179,80,6.030697509679767,2.1390790310990524e-29
180,1,4.2334610534339285,2.257379653769789
180,2,2.1995753324532616,1.4524380939903558
180,3,1.0791141337807353,0.6991252090296813
180,5,0.30000525948482426,0.09656592976924089
180,8,0.3529111360687382,0.06180112896376002
180,15,0.43850978509613486,0.03566331418429512
180,22,0.4818963713149016,0.02732046498666507
180,26,0.7182940672468876,0.010247824624199495
180,28,0.6303310778452726,0.004456824230672901
180,29,1.4865107536018212,4.220114311599933e-06
180,30,1.7687464121118126,9.6289563871562e-30
180,31,2.154320418765638,2.863043800913992e-29
180,32,2.4379664841615285,7.223932109803196e-30
180,34,3.209845188450546,7.375644031289059e-30
180,40,3.573873402674477,9.299442613204506e-30
180,50,4.0376550846524975,1.190032112636873e-29
180,65,5.359119892595707,1.2579481061957445e-29
180,80,5.702031028568698,1.096912115872454e-29
181,1,4.211390182323325,3.731256497044347
181,2,1.930700278844506,1.7507405376865621
181,3,0.9519100219681453,0.7425601450208674
181,5,0.2819603907395253,0.19300799926819753
181,8,0.3090965258442104,0.1602300215178108
181,15,0.6959297692667632,0.06902413257508395
181,22,1.085013584831375,0.03217933328850978
181,26,1.4407483975190534,0.027171178542883923
181,28,3.2034491194030212,0.00020089782457381934
181,29,3.9789998036122727,2.0101278101869803e-05
181,30,2.709547617962971,2.0966291377432124e-29
181,31,2.485485307499481,1.7081459568009743e-29
181,32,2.4702853677960155,2.754385571883304e-29
181,34,2.744688035569138,7.698829620740672e-30
181,40,2.485665425725568,2.9190384586421536e-29
181,50,3.7222806626269986,7.470810820132761e-29
181,65,4.935029392991674,2.156701781603567e-29
181,80,5.189914494939691,8.972607978330503e-29
182,1,4.171395079162011,6.541364569270145
182,2,2.531419193694104,2.5597033273960106
182,3,1.0268111619258444,0.8981220972429461
182,5,0.3936356719876862,0.19278600094945933
182,8,0.4058243640858558,0.18158243824459294
182,15,0.522017967884308,0.11106689446575549
182,22,0.9558574353221689,0.05373590064386972
182,26,1.2788386342277844,0.036512567855551806
182,28,1.7463930700725885,0.01800207438156112
182,29,1.6586171025001823,0.005393501028158528
182,30,55.95599895250054,2.7213236039796094e-29
182,31,4.63275119397349,1.7980276528271833e-29
182,32,2.778385964265179,1.0273269830284469e-29
182,34,2.11261787120916,5.918757633464483e-29
182,40,2.789486008745371,2.434334363199986e-29
182,50,3.227123964878782,2.6599814512975794e-29
182,65,4.506589048780292,4.621574482441682e-29
182,80,5.19511986262985,1.0348560851577047e-29
183,1,4.151579678455724,5.457981053377372
183,2,1.9243299208139883,2.722213419931377
183,3,0.9409553794529025,1.211140885473625
183,5,0.2663088227685804,0.2824924730974654
183,8,0.38274213385942113,0.21719121337717068
183,15,0.6364613346250687,0.12138863292217542
183,22,1.0927223384705298,0.05639818552935265
183,26,2.1564816012785064,0.01563635578811499
183,28,3.0203790089566507,0.01234897876042061
183,29,2.223977770401528,0.007385026567160748
183,30,1217.672064809793,5.088224740060117e-28
183,31,4.6644763846296815,8.558935389120577e-30
183,32,4.754356431389639,1.0313046703402546e-29
183,34,2.5175282161149344,2.0958534594272254e-29
183,40,2.8678629314258695,2.217130551978586e-29
183,50,4.004752077936265,1.5988300026325077e-29
183,65,4.666293444252872,1.1713968144949822e-29
183,80,5.090368336948636,1.8010064244745023e-29
184,1,4.150135496117572,4.86621325271461
184,2,2.363659789363806,2.0044494295815447
184,3,0.9569557129302023,0.7107059342081862
184,5,0.2991237861638758,0.25111888541241706
184,8,0.38174824742683466,0.21091600244254122
184,15,0.4319765077677402,0.16970411111605788
184,22,1.4306263114954978,0.06517891891994322
184,26,1.287684963222903,0.05618249596307126
184,28,1.3250481777408778,0.026929860183891964
184,29,8.122116723993406,0.0010126417475951465
184,30,24.66157056795675,2.2142647682213377e-29
184,31,2.2255126940169006,1.0813127252995654e-29
184,32,2.3148042585418027,1.6726419097277968e-29
184,34,2.483485660679201,2.745667358476664e-29
184,40,2.1399997500081493,5.492546768864995e-29
184,50,3.116403587439368,1.463028830393875e-29
184,65,4.187834815163679,2.196053174667212e-29
184,80,4.976295259088051,2.1962996937000935e-29
185,1,4.164100035112453,3.094517115435418
185,2,1.9723428297981345,1.6478684552484693
185,3,0.900825456935874,0.4018794173325372
185,5,0.3130110000092321,0.16264912757996977
185,8,0.356540504096756,0.11299818699693746
185,15,0.47567598466897065,0.04272781790909645
185,22,0.6475593308049343,0.01567117436748483
185,26,0.964123645553488,0.007197972099969472
185,28,1.0216062699984358,0.003116061082210602
185,29,9.989289573855666,0.0004001154116241893
185,30,8.38525928204541,1.6720487233049255e-29
185,31,1.276807412734164,1.3118202186001444e-29
185,32,2.0297201540940986,1.19113117665847e-29
185,34,2.095864142315496,8.392252572200343e-30
185,40,2.9903819678707357,1.2119825781897024e-29
185,50,3.70189372892476,1.8255273645264405e-29
185,65,4.743475342820476,1.7701016686335684e-29
185,80,5.317896254773098,9.413457665912231e-30
186,1,4.1508831531510255,3.9914260458987494
186,2,1.9037719253285343,2.038952722320555
186,3,1.2318594190670487,0.8041700361282011
186,5,0.29493583756349606,0.1717785166080819
186,8,0.2952089820177531,0.1682388786923248
186,15,0.4344901778437595,0.12272487352428786
186,22,0.9202169384949918,0.054048351094598795
186,26,1.7881304002445821,0.03134120989652162
186,28,3.892645219912101,0.011004692391237273
186,29,13.350808950495944,0.007612328753913319
186,30,105.21986978566004,4.6489175518387957e-29
186,31,6.057137474032174,1.0950067291808068e-29
186,32,4.739551688497329,3.510769991903715e-29
186,34,4.540977329583927,9.45115453469037e-30
186,40,4.4062833541797275,1.2602669258487868e-29
186,50,3.9510806236508498,2.591469703409244e-29
186,65,4.697332407989543,1.6399781378709893e-29
186,80,5.1991797012873455,1.2813237599074205e-29
187,1,4.160714539216776,2.7831468838287483
187,2,1.9507330533041058,1.1823543755782686
187,3,0.9879987837622437,0.8345170020958342
187,5,0.29719535995964996,0.1659115423089971
187,8,0.32648210612320516,0.1396292003292903
187,15,0.4202616039367187,0.0885876831270603
187,22,0.5426467116287255,0.058115230169739025
187,26,1.0752564533781275,0.03692372459852337
187,28,1.384013686592686,0.010760837178801375
187,29,2.3017772723931507,0.0033367232746226677
187,30,8.120848289171827,1.0067862981949089e-29
187,31,4.881262600096636,1.7172207681738798e-29
187,32,2.6733300768661534,1.1993972679797801e-29
187,34,1.940580599966486,1.0106150469243506e-29
187,40,2.3327014753801874,1.5179101300891335e-29
187,50,3.1195717236678555,2.2326098929182743e-29
187,65,5.039889606553309,1.831523426419966e-29
187,80,5.411002315330183,1.6246528713268518e-29
188,1,4.2113216023229585,2.831161717348047
188,2,1.9233956038950482,1.4109239426954336
188,3,0.9818428561683162,1.0827385534468796
188,5,0.3093576404268761,0.30370447831092645
188,8,0.32482167399709844,0.2810617225720343
188,15,0.5413067579749058,0.22067431800430418
188,22,1.1323299924198333,0.09367107229554143
188,26,10.935763417755835,0.08151682257690984
188,28,3.7906037284823,0.060759934747908424
188,29,9.94890611651788,5.87140946041322e-05
188,30,9.963642762053578,1.5085834933451143e-29
188,31,10.3866416758087,1.1927515257183478e-29
188,32,5.740605445646082,1.0164493307025477e-29
188,34,4.827982683824783,8.647168659639437e-30
188,40,4.9677464487610825,1.4722630225005635e-29
188,50,5.617979399179929,2.2682627080487708e-29
188,65,5.848803765825917,1.4156355463223938e-29
188,80,6.2178060201885454,5.270679639271586e-30
189,1,4.269788902051418,4.741225542503189
189,2,1.9826753028358328,2.109563519724794
189,3,1.0793053879261094,0.870531988492208
189,5,0.3435442586052735,0.14790332778073298
189,8,0.3540656043519954,0.14347008873532
189,15,0.42243339559055526,0.11840351575383508
189,22,0.8238708220301337,0.022997750445298712
189,26,3.5171224494101914,0.004795609517172908
189,28,6.083034316786386,0.003203639978820584
189,29,7.045606728873506,4.952145406123194e-06
189,30,7.1428054226731446,6.839465134771653e-30
189,31,6.641554041622814,1.1815040948431263e-29
189,32,5.29778755833905,2.2370575071365126e-29
189,34,2.4577999326147073,2.4588321920925915e-29
189,40,2.3144706616645596,1.2780368394689995e-29
189,50,3.456501857230339,1.362284718956275e-29
189,65,4.628052319419647,1.1764812695481645e-29
189,80,5.384576630502095,1.2419731592837005e-29
190,1,4.1504449601670315,3.4559002145845725
190,2,1.9831846198602634,2.0853180570310927
190,3,1.014878933306556,0.8396257049223633
190,5,0.31012309662174614,0.16004613611404303
190,8,0.30381920115743294,0.14633584339792016
190,15,0.5261013760588851,0.09200746892096953
190,22,1.080025122119161,0.05015916425667184
190,26,0.6587189001233914,0.03853750509478382
190,28,4.204119381156076,0.024478665085980244
190,29,8.452128750396756,0.00598488168758664
190,30,10.735969081158533,1.3489444442081526e-29
190,31,5.066939382019042,1.5465089058099877e-29
190,32,3.488283281135069,7.350868868484462e-29
190,34,2.214976294313439,2.4944875751296805e-29
190,40,2.241413875475919,1.3855833354701755e-29
190,50,3.3202641061143257,1.2017314950723774e-29
190,65,5.122113506072137,9.763925557658857e-30
190,80,5.569255160478052,2.499910993853075e-29
191,1,4.208705675746281,4.347098948654472
191,2,2.023501202422441,2.8399028721123427
191,3,1.2083392354457532,0.7975077249228109
191,5,0.27524867932021746,0.1954133062191721
191,8,0.2873652044778407,0.18605709319368513
191,15,0.4312185892438686,0.12656128909949513
191,22,0.47887419236092943,0.10450975940683062
191,26,0.8738705270974754,0.07784618927012522
191,28,1.0028968038388064,0.07378036516621203
191,29,5.489906111795576,0.014787636560727584
191,30,17.775828767369816,2.4419456383402042e-29
191,31,3.8187294689479536,4.555024615190029e-29
191,32,3.7838296463994077,1.785447478430446e-29
191,34,3.3752876280695667,9.562479705242433e-30
191,40,3.6137614106185616,1.036181124959443e-29
191,50,4.681865889623454,1.643717009869693e-29
191,65,5.422937128539034,3.8935421485841964e-29
191,80,5.959995075595679,9.523980365654133e-30
192,1,4.899139365624176,2.2405743835326914
192,2,2.10345424372546,1.3597087096253182
192,3,0.9115049572177271,0.7139453917962163
192,5,0.33757741509805106,0.15602847055728877
192,8,0.36352886582143873,0.12471539566739076
192,15,0.3978934444024955,0.07627430949265318
192,22,0.7185417559384604,0.01012218194875698
192,26,0.6424132214230512,0.0053386774575486405
192,28,6.439380641643337,0.001368861768196107
192,29,5.232944699321397,0.0012276460118693128
192,30,5.165346554614075,8.872619724179879e-30
192,31,2.431159133025731,1.2188607260286426e-29
192,32,2.338993361742227,2.5263028243827084e-29
192,34,1.512985469595894,8.39442255357987e-30
192,40,3.631253559620804,8.161128239649763e-30
192,50,4.861653726370066,1.039970081167586e-29
192,65,6.73659904760078,2.7500611469653105e-30
192,80,6.977869809311961,6.449079235353211e-30
193,1,4.211290197501449,6.190709703715976
193,2,2.1430960729566384,1.8948137819855502
193,3,0.9003642981364439,0.8081812116305908
193,5,0.30475844454909273,0.19895200553963413
193,8,0.43431392156417026,0.14742561856508551
193,15,0.5122432013066569,0.10186745604458322
193,22,0.6091286424085521,0.0696470766197776
193,26,3.0359580307692493,0.014422593574323793
193,28,3.072214775572182,0.009820546302989504
193,29,4.034287971757011,0.0003437295352365394
193,30,4.4349362855702035,1.4523078203701193e-29
193,31,4.18477512430597,1.8211824665719028e-29
193,32,1.2735544109266654,2.3125770721158248e-29
193,34,2.319196146529791,1.0912845485749545e-28
193,40,2.214695995500452,1.5955970082325296e-29
193,50,2.4359869680533377,2.3963730000428172e-29
193,65,3.6928049924932345,3.003316340506844e-29
193,80,4.306109896777843,2.851262245467527e-29
194,1,4.5583872235478795,3.8868418049346847
194,2,2.096748650685537,2.0826625380547483
194,3,1.0203490332191598,0.9822516914707949
194,5,0.27891779740897543,0.18081242571017794
194,8,0.304083415414144,0.17242549349626154
194,15,0.4244427402863645,0.1451016898064366
194,22,1.0898547086671406,0.05038471162146795
194,26,3.649520551124936,0.004234166455600389
194,28,3.9001979200258026,0.0036047060783423717
194,29,3.490224339391079,0.0034755037479106622
194,30,4.778885782058953,9.143005743588412e-30
194,31,4.856918913398104,2.3367564805909583e-29
194,32,4.425296422411945,7.616642064996716e-30
194,34,4.168623043162066,7.737153921383506e-30
194,40,3.159027079350316,1.100607333459085e-29
194,50,4.721712905401409,7.520322456618021e-29
194,65,5.469478902533159,2.4132595537952046e-29
194,80,6.159955182642,7.345162980035891e-30
195,1,4.1758215418268225,3.0021730439358545
195,2,2.140050767879671,1.8386408285731626
195,3,0.9208319001494383,0.6726451122420187
195,5,0.2868173693188071,0.19330104826600678
195,8,0.2971526518093956,0.18787624562118946
195,15,0.38568341909729764,0.13941817350371458
195,22,0.5358471523277526,0.09340386990359503
195,26,1.2020983795460656,0.03455095485878043
195,28,1.20310685469628,0.0289203601718193
195,29,2.3235946309217477,0.0070589160749462265
195,30,1.5816227877267,1.0896233698002557e-28
195,31,1.9162781425893252,1.5403022755758759e-29
195,32,3.0395223988300675,8.261366373179786e-30
195,34,3.2060669261671406,1.182233380315401e-29
195,40,3.8348287550841658,5.908301117819757e-29
195,50,4.443843032574108,8.813928513757446e-29
195,65,5.155043894415546,1.374446324578432e-29
195,80,5.539396962760586,7.026614167234242e-30
196,1,4.186575330225526,3.13625393371563
196,2,1.9121712349301994,1.3028495796684367
196,3,0.9653391087745065,0.5943612159663242
196,5,0.30140250927446216,0.22314248041347845
196,8,0.44432976454243855,0.17358058202926246
196,15,0.4305610210042966,0.13356140590128598
196,22,0.6425054578268921,0.051134907776333956
196,26,2.191030055569223,0.028573474052502497
196,28,3.0714133520049898,0.026145979646458428
196,29,2.052082950910108,0.012884485675798979
196,30,90.15007488280698,5.262773054873228e-29
196,31,25.161886157431553,3.2850612740479007e-29
196,32,2.34957214156258,1.163806082607504e-29
196,34,2.327294284591517,7.889738931110826e-30
196,40,2.480679319494576,9.24798176509048e-30
196,50,3.253336885690594,2.075012329522363e-29
196,65,5.245685718895199,3.60919271578168e-29
196,80,5.7429550518660974,1.5210532477583737e-29
197,1,4.447289519945152,4.025953123900937
197,2,1.906856976195838,1.596528779199414
197,3,0.9587729686010388,1.1344037981102142
197,5,0.34314245765204254,0.1562905247011317
197,8,0.3982414464428661,0.12299097435082383
197,15,0.4679289355388706,0.06687646285605062
197,22,0.7569751928349688,0.045327930968642315
197,26,1.062630032588021,0.021928853588027306
197,28,1.3966902621798305,0.01295848558630552
197,29,1.6618027935457245,0.007505160341171283
197,30,4.110838440791265,7.247171664465468e-30
197,31,2.167910594397573,2.0097181685944508e-29
197,32,2.029558356390389,1.9898220283156341e-29
197,34,2.0264945561923717,2.136724260753715e-29
197,40,2.355488477259029,1.3526602050475237e-29
197,50,2.6143022267684937,4.2011260002358004e-29
197,65,3.946561605508885,2.118142888650267e-29
197,80,4.660432493325121,2.8389337259168564e-29
198,1,4.232774927001408,2.725454276903984
198,2,2.108164141696753,1.2719401625966695
198,3,1.0308419193950873,0.8103766397000339
198,5,0.27719422763858675,0.1627253589715723
198,8,0.37833084788196103,0.11668525878794299
198,15,0.6003466872689232,0.0533565380886569
198,22,0.6410377016203332,0.04253863081321643
198,26,1.5195810239777292,0.03470312246971541
198,28,1.6695597582092585,0.024195794079086345
198,29,1.681712743563374,0.02390123864666622
198,30,5.507992776964332,9.22774666114145e-30
198,31,5.503462988383364,1.497574877782997e-29
198,32,3.1997574882958304,1.4383384085068306e-29
198,34,1.0432216096728428,1.1301896174048729e-29
198,40,2.014028606568149,1.1915728565923828e-29
198,50,3.3789563613486018,1.1831912094744096e-29
198,65,4.587836000256658,7.088166888256858e-30
198,80,5.177783488963666,7.949750908177932e-30
199,1,4.871437726026728,3.8822222308512635
199,2,2.2000499068491544,1.9073226061255384
199,3,0.9412863006968931,1.0704845855317369
199,5,0.26441114072981525,0.2287643496735042
199,8,0.35244916740345,0.18225834625777979
199,15,0.5850868834005123,0.11270903790286316
199,22,1.1314256486712482,0.018720485253704282
199,26,1.0636319825446314,0.014109816244130467
199,28,7.754332582774866,0.0008932753112414876
199,29,93.76316971557208,8.070745451798203e-05
199,30,165.55814643411304,7.410364696326473e-29
199,31,2.210461100091625,2.4787309002780004e-29
199,32,1.962897179536653,1.7612680699553121e-29
199,34,2.0931460918369433,1.1740186471259413e-29
199,40,2.484068227466596,1.5385997535050377e-29
199,50,3.346524766409899,4.891343341611891e-29
199,65,3.6106730173443666,3.010403120725541e-29
199,80,4.394952397991455,1.516002175490894e-29
200,1,4.152550978957335,4.954223336944011
200,2,1.921017338200585,1.9813013386746816
200,3,1.0190047112370333,0.7525049542973068
200,5,0.3112557322809275,0.21555130474596082
200,8,0.3592215720425494,0.18732296041913674
200,15,0.44989389090696374,0.16247995959614406
200,22,1.2609173349422873,0.08958974376925452
200,26,3.0778694110657936,0.05563723478692444
200,28,2.6767723763588043,0.043477980738867335
200,29,3.5823974272075674,0.03108698367900435
200,30,24.9914982334795,2.584053589170057e-29
200,31,23.410190287486984,1.563300447018452e-29
200,32,2.937166795843779,1.323242267123657e-29
200,34,2.181156906528331,1.3132094560666957e-29
200,40,2.745586545786245,1.0362530263440336e-29
200,50,3.9352348627998817,2.152121428682443e-29
200,65,4.6832016308365665,4.396546259832885e-29
200,80,5.268521107476672,1.342768628853151e-29
201,1,4.157592401482572,3.13224973036377
201,2,1.9553978889891248,1.8724499277687363
201,3,0.9334642528572155,0.7554906611824556
201,5,0.27121431690791026,0.148858486493623
201,8,0.2932243794442221,0.13557291176414346
201,15,0.35409596306605384,0.09066766864708102
201,22,1.4482221878348152,0.03792402504069104
201,26,2.2031732102628885,0.027910571269879756
201,28,1.885212279961467,0.024458414465586106
201,29,248.3104720681353,0.008519497803459048
201,30,719.3582815673783,3.170629450100211e-28
201,31,85.61526385029588,3.796796267711144e-29
201,32,6.406085189858037,2.4219493497042797e-29
201,34,3.1073594995418494,9.836214696144784e-29
201,40,3.2981594792564373,3.208478595739287e-29
201,50,3.2762670819463553,2.3683930898107594e-29
201,65,4.5495064961230325,1.6824641524441717e-29
201,80,5.419734449763157,1.1249202730770293e-29
202,1,4.379007722695231,3.810146658057309
202,2,1.9731335913533588,1.3373431729156762
202,3,0.9326883467752395,0.6690171918956647
202,5,0.3051626545235927,0.1665067067065636
202,8,0.31488982686343947,0.16419520749530206
202,15,0.43421774551400427,0.11959974888399601
202,22,0.6544311091264059,0.07108423336155759
202,26,1.348297872006168,0.02954385899587088
202,28,1.4353503025075502,0.012211520279778716
202,29,1.60186242530885,0.010550079401835128
202,30,1.8891794843961771,1.0875495284361395e-29
202,31,2.023025623105715,1.368786658448526e-29
202,32,2.025091882494693,1.595584168699567e-29
202,34,2.4602963899130743,2.0588653328686203e-29
202,40,3.3632520249894604,2.0472378518177066e-29
202,50,4.159937269387665,1.2614481628813442e-29
202,65,5.021935753571121,1.5361936250278498e-29
202,80,5.587333405699333,9.477321502868111e-30
203,1,4.365957566875717,3.911147376152496
203,2,2.1709422641824436,1.5446653369445569
203,3,0.9253350857124394,0.5649341492663116
203,5,0.27249902008065124,0.18153060122426015
203,8,0.3198444075195103,0.15632833169432778
203,15,0.39974896677843386,0.06468404835535282
203,22,0.7183745123992737,0.03578427674095346
203,26,1.2332416518626368,0.026038262053362658
203,28,2.962480450460782,0.009765316380588895
203,29,2.281419605613487,0.009345866820671522
203,30,6.917005874521268,4.216184204494316e-29
203,31,2.4326759667506463,9.457086398919083e-30
203,32,1.5334472808168051,1.2407713789984029e-29
203,34,1.5454995769564974,4.038402895281227e-29
203,40,2.166227282723192,8.883416066150939e-30
203,50,3.7467091110962962,1.5471149317658217e-29
203,65,5.625120667728499,8.293824712509192e-30
203,80,6.156737161891053,1.1972813129475466e-29
204,1,4.317771634402893,4.2786661228131635
204,2,1.9338284765982077,1.4293803690525462
204,3,0.9439256447298592,0.5043451849611315
204,5,0.26940555098335317,0.10297341561802514
204,8,0.2730294329834411,0.101521104049855
204,15,0.43323874804056717,0.05010842031027914
204,22,0.5566742520523069,0.02820009418816046
204,26,0.8824819214133512,0.0084764742720471
204,28,1.06139590974173,0.008093099625354429
204,29,2.7155240576768125,0.006716561756121975
204,30,59.38741185702439,9.510121373774322e-29
204,31,16.331512462788506,9.461503198258211e-30
204,32,2.9558438028859153,1.200475788748637e-29
204,34,3.087069642446042,1.3924730288578966e-29
204,40,2.5771440944783577,7.09738567292399e-30
204,50,3.676683797347708,8.724000424887525e-30
204,65,4.788885707944752,8.23055149406959e-30
204,80,5.353701802890469,1.1262838314776555e-29
205,1,4.150021321847195,2.393832148914319
205,2,1.9954559708734094,1.3054818785688294
205,3,1.0502312934982854,0.7523629165337262
205,5,0.2755002942368221,0.15719973041789673
205,8,0.31132432378318725,0.1521092283993849
205,15,0.41207474062352467,0.10155436978179348
205,22,0.44827830720533124,0.05612323964530529
205,26,0.5803945748168959,0.04464132286047373
205,28,1.7259928187070492,0.002519830314021492
205,29,1.6648402934699755,0.0024478382657466555
205,30,2.7313436942613376,1.3871240794256853e-29
205,31,1.333467445709724,9.056313217025062e-30
205,32,1.4436881657018539,3.272624902420344e-29
205,34,1.9780425439128047,2.1547458292199946e-29
205,40,3.239190851445812,1.8083942917411716e-29
205,50,4.3799728805068465,1.410648671719727e-29
205,65,5.671162455275572,7.391898880019688e-30
205,80,6.028721655204404,1.3835392818225323e-29
206,1,4.23106409063305,4.191588708487112
206,2,2.2994310737801755,1.27779694501078
206,3,1.2125263131247064,0.6510912054348509
206,5,0.35900699591423424,0.23827488575914318
206,8,0.431226904491478,0.15115082524519444
206,15,0.5556112192883425,0.11042431048136253
206,22,1.0556190319590342,0.0640495263094482
206,26,2.8268930391927487,0.013505107268130569
206,28,3.1323956767901566,0.008981430853892235
206,29,3.7841323825641044,0.0028080630996230468
206,30,3.7704691256505423,6.875025505264819e-29
206,31,3.3743426755639474,1.3616376064949607e-29
206,32,3.240689514571395,1.753746671545832e-29
206,34,2.317451363331354,3.564480326192786e-29
206,40,3.0751648694924185,2.0166592201140223e-29
206,50,4.25737918184848,1.5294246232499767e-29
206,65,4.465754726888259,1.2800757573034575e-29
206,80,4.662757596554621,1.5185777858031878e-29
207,1,4.159317496584214,5.71945873817833
207,2,1.922705240676618,2.1888993149432148
207,3,0.9039153446504503,0.8568325106925146
207,5,0.28776374273486294,0.17984292056430454
207,8,0.2916493947246002,0.1765188303168442
207,15,0.3807584142229687,0.13961842580509654
207,22,0.8491862654799812,0.10619528439806897
207,26,1.0620789106272168,0.10173635968521694
207,28,3.5992734333728493,0.07971592610348045
207,29,5.284621119209004,0.050249490101160275
207,30,3.121894344795114,1.2193242231377067e-29
207,31,3.0374919659706148,8.69318554577733e-30
207,32,2.490658416903258,1.6274775685786196e-29
207,34,2.52400573409484,2.909222465167213e-29
207,40,2.0521743352460193,1.7149507387460954e-29
207,50,3.39753644728759,1.83845677421976e-29
207,65,4.320265968937859,8.390686149178908e-30
207,80,5.032901471567769,5.647216918745438e-29
208,1,4.213599847425256,4.451778892388001
208,2,2.1264856541227397,1.5642527241918478
208,3,1.0031148175972082,0.868573206947246
208,5,0.3512898367300839,0.22930376050190224
208,8,0.42303176974879597,0.1903413458883381
208,15,0.7374026557382458,0.12373283545735708
208,22,1.2737958644914789,0.048732368593236965
208,26,1.7789847747522605,0.02306554716413505
208,28,2.799700259406011,0.012817745039775369
208,29,4.076316062182613,0.012367472306769852
208,30,801.8753243440267,2.9500275280849342e-28
208,31,4.117362212506091,1.452654487760109e-29
208,32,3.8432331903262202,2.1465233923107574e-29
208,34,2.8417284906580287,7.397214446666196e-30
208,40,3.1768829895700486,2.1650944927878353e-29
208,50,3.4989316083305875,5.35164059832044e-29
208,65,3.932147077033574,3.0330469210583494e-29
208,80,4.956346218314092,1.7628165176305997e-29
209,1,4.19209141778555,3.6579936105276905
209,2,1.9705383278732378,0.6427147221094672
209,3,0.9121999707682634,0.4015753117908256
209,5,0.3280654041971048,0.19657964548567225
209,8,0.3546507955699417,0.189435310195554
209,15,0.5771541358574582,0.10532660611487296
209,22,1.2893187015007486,0.02918662276713234
209,26,1.4480593489085352,0.016605790102140756
209,28,2.0116476061349626,0.004403223367765064
209,29,1.848866005404984,0.000731652273888346
209,30,3.117046526698688,4.492696386376473e-29
209,31,2.220812219503248,1.2920576094641386e-29
209,32,2.2429705616392055,1.2231613175635741e-29
209,34,2.8235671480047198,1.0986736997949201e-29
209,40,2.883583021245225,5.053866149852248e-29
209,50,3.009383763624174,1.7838733516892333e-29
209,65,3.970181356627933,1.8289349765747097e-29
209,80,4.3654859276934666,6.546528622323762e-29
210,1,4.210230808064571,4.174353906017588
210,2,1.907418225399332,1.1276654737489045
210,3,0.9067964725909201,0.4687118409112247
210,5,0.3092498574571728,0.2003924519308367
210,8,0.3209730763065629,0.19388376743998095
210,15,0.9711981953355598,0.08310037655040553
210,22,1.117289684791448,0.04592658606728403
210,26,2.376816266991113,0.012684647967877861
210,28,1.6223918855116557,0.0031209858223144203
210,29,2.5924484092019235,4.7884248501286576e-05
210,30,2.6053855646425896,1.551021359669687e-29
210,31,2.3699686259644164,1.839833172153349e-29
210,32,2.456423027705373,1.2632559691224757e-29
210,34,2.1787361733236272,9.938517526884041e-30
210,40,2.2894847430946523,9.757942335298294e-30
210,50,2.9321990947619017,1.417710414849147e-29
210,65,4.232634488371743,9.357246190602048e-30
210,80,4.930929824885506,2.0883680117100403e-29
211,1,4.179068904635961,4.433776133239716
211,2,1.9388775814100754,1.5422380874670145
211,3,0.9353838073845293,0.9228199884429988
211,5,0.30415687388159957,0.21701476449406376
211,8,0.31109610192966236,0.20319658997740705
211,15,0.5159212438219494,0.18416755754988678
211,22,1.9142546349229992,0.05707952296846577
211,26,1.8909651144158819,0.03902158028977297
211,28,4.750466091525882,0.01514817255292223
211,29,3.8782360434060736,0.01037155858409403
211,30,16.813840713736642,2.1998665159570988e-29
211,31,2.326754537149274,1.3851211122835226e-29
211,32,2.4254892820695817,2.7182960421070324e-29
211,34,1.9082454819954409,1.1150184252562864e-29
211,40,2.59776911113352,1.6007841795494125e-29
211,50,3.3765876836034034,1.4347022527718275e-29
211,65,4.097374102315821,1.611856992776343e-29
211,80,5.249401582458951,1.9417200020246187e-29
212,1,4.150633051161836,3.244035008336884
212,2,1.9563793502990694,1.815568423438086
212,3,0.9422546179563139,0.8842884946405812
212,5,0.3301345942401991,0.19290898469454165
212,8,0.3688670404989811,0.16436298332590651
212,15,0.4213803985979512,0.14092342810369166
212,22,0.8600364337213546,0.03983973808224671
212,26,2.246416308690189,0.0174927236139439
212,28,1.8141637291280244,0.0064279025129902875
212,29,2.230360534384741,0.0029669905187429306
212,30,18.132824928564098,2.389632245237462e-29
212,31,3.6189146355978394,2.458916419428826e-28
212,32,2.9510438941364336,1.448874529255925e-29
212,34,2.3964368578514406,2.379576323021168e-29
212,40,2.5467240244104956,1.2378953236147846e-29
212,50,3.9911930202016155,1.1737618564666896e-29
212,65,4.4176213935070425,4.1917505732665236e-29
212,80,4.9850967810703555,1.5748457550584054e-29
213,1,4.1502556618517685,5.681796727906953
213,2,2.035596818327632,2.0445805139197306
213,3,0.9806095280029105,0.656703062777573
213,5,0.28250001397581054,0.2546044173832965
213,8,0.3740216721750747,0.2223427999399274
213,15,0.6924732150846261,0.13483423886877283
213,22,1.3134427780337665,0.049998694662417235
213,26,1.385846246001969,0.042343420341838106
213,28,2.586299362306755,0.02496343858072369
213,29,3.096886804684623,0.019490582170670602
213,30,175.08357797891404,4.564351251934048e-29
213,31,10.710792408654932,9.723737819485977e-30
213,32,7.48817151521206,8.772585217617935e-30
213,34,5.332263951162115,6.036699015352165e-29
213,40,4.529953664913666,1.7082341222627098e-28
213,50,4.296262114471516,1.629922215654695e-29
213,65,5.2782164500655036,1.4984043116123798e-29
213,80,5.738556561417771,2.1017416692438654e-29
214,1,4.2225796522508725,3.2885476502953597
214,2,1.9057203885599785,1.0334542414122543
214,3,1.0165697603457249,0.6564276866928788
214,5,0.2669166903956562,0.30031821486538013
214,8,0.28855628390074717,0.2742399354406244
214,15,0.3942057444787116,0.2179495278897416
214,22,0.6212426180061452,0.10405482853723345
214,26,3.519658314176717,0.0202137179779471
214,28,7.271121967764209,0.001937912938050054
214,29,6.909983570498265,0.0018772255377266177
214,30,15.606862057571224,1.2677395340330093e-29
214,31,11.389085500583361,1.682281831076103e-29
214,32,6.269884656063175,1.0954227300487944e-29
214,34,3.5452609376738216,7.286537672528743e-30
214,40,4.581770298295649,1.0186731378116668e-29
214,50,5.160096302877264,1.063395799026931e-29
214,65,5.672984130722388,1.0520328123550462e-29
214,80,6.152270788563129,4.6958306373774763e-29
215,1,4.291537731352412,3.772788594090086
215,2,1.9642530224163686,1.9035571555002604
215,3,0.9835911123271843,0.7550217696441222
215,5,0.2710457011654607,0.24497150210119906
215,8,0.2868341530515405,0.23320951698116463
215,15,0.504468443560996,0.1576355338700025
215,22,0.6428816050947188,0.1163677309736149
215,26,2.493993345040935,0.039924261760765904
215,28,7.774181302698907,0.02007841361879973
215,29,50.93962153213859,0.015310401423503652
215,30,5666.959539480163,2.1610574354756084e-27
215,31,9.4757342797471,2.3634704128729055e-29
215,32,5.852090819316329,7.721823519026183e-30
215,34,4.275471895894083,3.6317697505430834e-29
215,40,3.9786580561061777,1.264242045254002e-29
215,50,4.231728486797597,1.781161642327536e-29
215,65,4.729890743745621,1.3738300269962281e-29
215,80,5.27119639970662,7.782564781565564e-29
216,1,4.177442801812865,3.307423204202884
216,2,1.9667906138321503,1.782804239894748
216,3,0.9217211424511854,0.8411669181819554
216,5,0.31688608443404226,0.1646026163297821
216,8,0.31694764350077437,0.16180868961871606
216,15,0.35347785300192625,0.13445966974456994
216,22,1.595869232741429,0.04456588167375272
216,26,1.8472694963135303,0.028878427184210863
216,28,0.9977819495355064,0.018524894726717978
216,29,1.4079507469912518,0.01746048210985737
216,30,38.88449639175113,1.9168523945826908e-29
216,31,5.400258307627186,1.170351676511828e-29
216,32,5.422790202569974,1.4871286337646405e-29
216,34,2.218727423329992,1.6693883720750786e-29
216,40,2.7531835581521102,1.2810592655283912e-29
216,50,3.40454460489152,1.5010158726169687e-29
216,65,4.543039330210833,1.3713879478267454e-29
216,80,5.1714444612327055,2.1526375779075386e-29
217,1,4.165299386492936,7.288222358416741
217,2,2.3347883145825508,1.4467548970741808
217,3,0.958078808515453,0.8758611461227966
217,5,0.34951569937532356,0.31346100699785906
217,8,0.4012888643296527,0.268471415519105
217,15,0.6238735484518554,0.15164174514936776
217,22,1.0217788127510814,0.10959792408686495
217,26,4.978739519937355,0.0322752491691401
217,28,6.2433924914762615,0.03204992519023286
217,29,14.768368856750783,0.025155443248287702
217,30,130.30553296285353,3.7713919677913805e-29
217,31,7.105076777304675,2.963508010533008e-29
217,32,7.11356493743208,1.0617389856934395e-28
217,34,3.265712017663882,1.5474615991558114e-29
217,40,2.931005686701531,1.1135881012842549e-29
217,50,3.95767153502141,3.563864028610582e-29
217,65,4.379842781052719,1.2684842269448388e-29
217,80,5.081528084896655,5.110349823261237e-29
218,1,4.150057248191445,4.594851703380888
218,2,2.1265793636666186,1.5554786256242317
218,3,1.0767490177079526,0.817026609307858
218,5,0.3313360721978698,0.16677021576176546
218,8,0.32949222388834365,0.1570528598157418
218,15,0.5599143582585293,0.10953274614657346
218,22,0.9310140331472208,0.04882583433737385
218,26,2.14205378865992,0.03479772044395157
218,28,1.8363269438304366,0.032772229627546515
218,29,25.629370997513522,0.00029115090249638676
218,30,17.55139386268407,2.879581119369797e-29
218,31,13.41834063385363,2.6383622456951847e-29
218,32,13.083171071971115,3.3603754064998115e-29
218,34,10.338108510715898,1.8291737918878136e-29
218,40,3.5770550951595284,1.1234617021324801e-29
218,50,4.03069518599327,1.6731272440737823e-29
218,65,4.607890880783681,9.702501231965868e-30
218,80,5.308902451850421,1.2136157667825429e-29
219,1,4.23087342487081,2.9512416063941345
219,2,2.0207781635644824,1.6475848107139712
219,3,0.9768240365566072,0.9154171201255593
219,5,0.27284208953578365,0.16598852345728324
219,8,0.3665335788252358,0.10739800880952674
219,15,0.41644251654933667,0.09282180552645741
219,22,0.7098902614179625,0.03337959013814781
219,26,2.4742831178553493,0.014106926542590404
219,28,3.3688602786379582,0.009875676824136474
219,29,3.725865110302177,0.009815160012384095
219,30,2.363634483253793,4.8352345825654094e-29
219,31,2.9906280037503694,1.8219810855221755e-29
219,32,2.5896808133338585,1.2086442996194313e-29
219,34,3.2067782879167326,1.9781611644790177e-29
219,40,3.9547151575675006,1.0734491533366323e-29
219,50,4.472712651762979,5.4436538273434845e-30
219,65,5.051858163058596,1.8850591430607462e-29
219,80,5.27714817826245,2.0841643486180912e-29
220,1,4.7058635815347,1.977872409991648
220,2,2.0441022377951565,1.1616794147766498
220,3,1.016143788073281,0.4848375925517566
220,5,0.35359560118344446,0.1755451601940563
220,8,0.4121718841715282,0.13379845224745912
220,15,0.524029761581666,0.08715869589268592
220,22,0.8297005190603578,0.050049649847173194
220,26,1.1075422212468782,0.03738770681846616
220,28,5.19664440034381,0.028917615624996274
220,29,5.447116076316761,0.028905713208536615
220,30,54.956926540103204,2.478112034789204e-29
220,31,6.569381160409193,1.8576955304108923e-29
220,32,6.6235310598752815,1.82270009936808e-29
220,34,4.390325732134469,1.2734890768936532e-29
220,40,3.176116335054876,3.4758284868993454e-29
220,50,3.915450662585824,1.583155500791788e-29
220,65,4.55494333058436,2.9245066452058703e-29
220,80,4.938947843987463,3.2147006334129535e-29
221,1,4.167937628328364,4.070164780347426
221,2,2.188176486953929,1.817240981608948
221,3,1.0740825646648493,0.6075415231467264
221,5,0.3053843265621636,0.20607173614335614
221,8,0.3396177008786993,0.1948584606314867
221,15,0.42839276107853763,0.1527345713612063
221,22,2.577573685796282,0.07382404286996162
221,26,1.7630422106973187,0.02549577599111341
221,28,2.215760526117986,0.002911519067067847
221,29,3.703003016935044,0.0010239513284825582
221,30,12.690892972382487,9.932559983589404e-30
221,31,3.538003671385565,1.53231608607315e-29
221,32,3.47553229139856,2.1439041275863907e-29
221,34,2.0657443371775788,1.3609185926490562e-29
221,40,3.3786571688503435,1.6546973784592927e-29
221,50,4.0889703055077105,1.5585138691300017e-29
221,65,5.1144065071319735,1.9013396708572996e-29
221,80,5.4273382616024985,2.637050687403057e-29
222,1,4.157071813702781,2.6367261356205915
222,2,2.012381530196321,1.644395677466323
222,3,1.0237983473265646,0.7896738262078858
222,5,0.30153711693712126,0.15521807578444938
222,8,0.3412404853231038,0.13950068691504292
222,15,0.3982034949335399,0.10529151669422639
222,22,0.7757019755976471,0.08191233737946627
222,26,1.4324938533946112,0.05085290782418992
222,28,9.641316612632625,0.02237860077867517
222,29,14.283495877146178,0.01447468125615755
222,30,18.035389648772835,2.3146596443623555e-29
222,31,15.32166277380343,2.4018452089914695e-29
222,32,5.059598601895969,9.383438837845715e-30
222,34,4.674718748926145,7.390743322053055e-30
222,40,2.9627044180470947,1.0020793254108264e-29
222,50,4.928847880712593,7.881316197487371e-30
222,65,5.7194730044734206,1.313340419302914e-29
222,80,6.219300640357705,2.276942232331476e-29
223,1,4.282621235664724,2.2742693996459753
223,2,2.0227448476086196,1.4421034737420193
223,3,0.9972293077249922,1.134269290796893
223,5,0.3038431022887569,0.2647418461184007
223,8,0.3740629669739461,0.24393648387248806
223,15,0.8516750773622166,0.12277932237000423
223,22,1.4127901557759428,0.06826955216142241
223,26,2.5994720674409098,0.023005229930565082
223,28,3.5726763380341926,0.022803947880318434
223,29,7.51559350081012,0.017779582425700532
223,30,78.27990971905022,3.2307140989238854e-29
223,31,40.53355566685932,3.0339508241789154e-29
223,32,5.443775556516321,9.140514874193672e-30
223,34,5.462558379876586,1.1876876139179057e-29
223,40,4.317436161880691,1.3426659125894502e-29
223,50,4.362778709915726,1.9397041953494933e-29
223,65,5.322889996460688,3.050714118414862e-29
223,80,6.132034833364749,8.451083312234891e-30
224,1,4.320674994944403,3.224379359091378
224,2,1.9029819478377643,1.4722203221419525
224,3,0.9116704148784285,0.8133634618991105
224,5,0.2835805916503632,0.21815922462171497
224,8,0.3147199736664599,0.19250833968781939
224,15,0.8352433254554065,0.09389020767608576
224,22,1.0362793885878854,0.06026598353467626
224,26,2.6763720063350114,0.02075792838796979
224,28,2.783085688236695,0.017078917254505298
224,29,3.481182051427003,0.005603486491945974
224,30,13.720152109530996,3.6045704839151506e-29
224,31,13.845432814414709,2.256933104162589e-29
224,32,12.712376094326006,2.6829179929819354e-29
224,34,3.1994379636016386,1.9557690189922753e-29
224,40,3.697230119922797,1.426020802559178e-29
224,50,4.944612765258332,1.3524958590256028e-29
224,65,5.226970219924951,1.0621683396757082e-29
224,80,5.525550148161512,9.978063288408793e-30
225,1,4.177002738663414,3.684593867083066
225,2,1.9349159752383354,1.767572006331591
225,3,0.9227579159241697,0.682953249045284
225,5,0.31732149149372957,0.24188933216742253
225,8,0.3648114271894915,0.21759959808282414
225,15,0.5150856455484492,0.15654299215881048
225,22,0.7180335687338242,0.10826351767007229
225,26,1.6342177189197664,0.040166373933969816
225,28,2.0266590787281182,0.008385936794949719
225,29,2.324540007906973,0.00805012411562184
225,30,11.148149576370548,1.385611582442693e-29
225,31,9.546390772993167,5.137469484784802e-29
225,32,7.075528229267785,1.1528117510258073e-29
225,34,2.662820975162494,2.314248779307553e-29
225,40,2.2004619302335016,9.840012629995116e-30
225,50,2.910097133065981,8.73735353916861e-30
225,65,4.065616757888561,1.3672003341509994e-29
225,80,4.526509512410333,1.4902261710918632e-29
226,1,4.440145919297882,5.102432512684652
226,2,1.928087615102642,2.147151413474953
226,3,0.9264520947842424,0.9223985254822661
226,5,0.30793478141104264,0.175998163407105
226,8,0.34163590200990346,0.1547925690746541
226,15,0.5179195167089701,0.13318172609347761
226,22,1.3292907708111077,0.058126781041821986
226,26,3.0498956541776563,0.021128880383410046
226,28,3.8047088398841336,0.0050395317938133335
226,29,1.9419768079823443,0.0036441111010755717
226,30,21.97111126846017,2.4415373411919942e-29
226,31,2.6944013190875804,7.327020719959763e-29
226,32,1.7271403841352917,1.6840562545315316e-29
226,34,1.8957221711419356,1.469430621529018e-29
226,40,2.8604686419602,1.4986636701782238e-29
226,50,3.246589856828039,8.417212624279601e-30
226,65,4.263601158303868,1.351851314470881e-29
226,80,4.635936458427244,5.6421273278790704e-30
227,1,4.205826716646597,5.4985643427253
227,2,2.055294171337002,2.9695936330760913
227,3,1.0477877255968737,1.5941817428526648
227,5,0.28310885348962145,0.2052970331479803
227,8,0.3065535954182527,0.19538115030314657
227,15,0.4960151827201059,0.06563981020957978
227,22,0.4738253448011368,0.0576894005854395
227,26,2.1434018330297593,0.011218242803560569
227,28,3.677426100640576,0.00044214292404266256
227,29,3.452749584655949,0.000261661515633389
227,30,6.836722409194697,7.842694882335926e-30
227,31,1.3178308853746357,4.4480456265457995e-29
227,32,1.34969500071743,1.3720119491287267e-29
227,34,1.1795276905971646,1.2490197517642245e-28
227,40,2.5651598436459087,2.72735561656543e-29
227,50,3.5735932933029875,2.610739274479487e-29
227,65,4.845186205369451,7.417449550615224e-30
227,80,5.405991489765549,2.0759162326429288e-29
228,1,4.332733852003823,2.838434878106158
228,2,2.105362771249715,1.495594594853354
228,3,1.001578476899082,0.7705459899859555
228,5,0.28176134883613424,0.19130684687350877
228,8,0.3091889527198446,0.16748330631521663
228,15,0.45492500871003705,0.10471648288187033
228,22,0.6288931937128597,0.07712897372420115
228,26,1.307736414944484,0.026835509976980743
228,28,1.5161267097199695,0.024296605408088236
228,29,14.222291214291864,0.007363105226869891
228,30,41.42850042205946,2.633953150075834e-29
228,31,7.945282897448878,7.847625262993558e-29
228,32,4.75655053765605,2.1831930984518903e-29
228,34,2.4934403434952688,1.0875289851833992e-29
228,40,2.64875682279641,1.7608957234993974e-29
228,50,2.8298101158135074,9.740172421678082e-30
228,65,4.081182643999988,1.2704974657133717e-29
228,80,4.870644552111457,1.607201378124111e-29
229,1,4.402124675968291,3.4368482821652306
229,2,2.308173657149388,1.5629076340540644
229,3,0.9553487753593668,1.0230880432886513
229,5,0.297018046789434,0.2799831951210238
229,8,0.44845445729855915,0.22464346620626
229,15,0.8427613744431623,0.1070206871773304
229,22,0.6683940290091868,0.06394416738469326
229,26,1.1108782087598374,0.048070179157077106
229,28,3.461669580285062,0.023230423572801553
229,29,9.612669390735707,0.006232632984286125
229,30,4.6328139595229265,1.069050329343652e-29
229,31,3.1070310086331134,1.0765178017146894e-29
229,32,2.8075295449078412,1.270661811735293e-29
229,34,2.7479399696172324,2.6447794442698826e-29
229,40,2.9029442925723385,9.646495189183086e-30
229,50,3.2981373127788434,1.2818476128522938e-29
229,65,4.796947320549976,7.8541991038704e-30
229,80,5.901761436353884,1.102363781568366e-29
230,1,4.181045171278477,3.608004194969767
230,2,1.9332949865084672,1.5684579608314624
230,3,0.9624724361192274,0.6373385016946648
230,5,0.3192874868121868,0.20770626692811864
230,8,0.40849923742446176,0.1814448747504932
230,15,0.7755315022643482,0.06430596542468042
230,22,0.9798524089482039,0.019970086638315183
230,26,1.2530170876444213,0.01350649041022145
230,28,1.0748315619155289,0.007317818541970778
230,29,5.2628445519570155,5.817569926974836e-05
230,30,4.014178539758163,5.8351055083066714e-30
230,31,2.07017940838087,9.584249133380491e-30
230,32,1.3589689242238119,2.289093566327263e-28
230,34,1.1680445600017584,3.9950155454940715e-29
230,40,1.292054802345178,1.5309499597659313e-29
230,50,2.409756948705998,6.848093300922508e-30
230,65,3.9233403364380983,1.2012564323527619e-29
230,80,5.218886581754945,4.2562949054694213e-29
231,1,4.59394555015678,3.905920129608336
231,2,2.215727496950668,2.131234635597697
231,3,1.0179975682373834,1.3246922275759234
231,5,0.2628740352926788,0.3323967976315488
231,8,0.2772047042522681,0.32039196024338806
231,15,0.8329731345266831,0.1883549033634039
231,22,2.5841479359721773,0.04689154940371084
231,26,2.8592722635503245,0.024946865224583788
231,28,4.858067147019214,0.012598173723538114
231,29,5.610370395117065,0.011657613505798862
231,30,16.786412927572083,5.335134094743745e-29
231,31,9.141181182197283,2.1739383630924614e-29
231,32,8.563365833698937,1.0513728603607696e-29
231,34,5.89359554177515,2.588901796816728e-29
231,40,3.2944433912915874,7.397060372270645e-29
231,50,3.6953573349437505,1.1135675580315147e-29
231,65,6.043542241383479,3.040206244638285e-29
231,80,6.1224844538109835,1.0698720594532571e-29
232,1,4.163922695467627,3.7340548607991773
232,2,1.9134163937761217,1.6637910696568354
232,3,0.952063535047029,0.9148028484254349
232,5,0.295418857299797,0.18838328956821865
232,8,0.3499211039021273,0.16698116281232311
232,15,0.43113317885797336,0.09955962249238692
232,22,0.4720087566586757,0.05390186630365222
232,26,0.8332194000785741,0.014981730570441986
232,28,1.0108723005656786,0.012546055665187905
232,29,57.481144798135496,1.1930951711307833e-05
232,30,52.18126899819762,5.759424165212031e-29
232,31,1.5749910764386335,2.008208239518051e-29
232,32,1.1515977918849991,1.513750121409257e-29
232,34,2.277577401373626,1.7236199914024304e-29
232,40,2.6029643935514795,9.251551155254078e-30
232,50,3.3832528046369648,2.4063133664624479e-29
232,65,4.377657106942573,1.2234328736857328e-29
232,80,5.63728627942822,2.520854840021638e-29
233,1,4.3578786912648155,4.453368675954423
233,2,1.9002932711781804,1.2305196842418014
233,3,0.9732012587328218,0.5702153112744439
233,5,0.3700387224500604,0.20123572945913598
233,8,0.3641158705377533,0.1875753534139994
233,15,0.4939553009502188,0.11134473828717903
233,22,0.8409138221251762,0.053263155122737244
233,26,1.1866367862227334,0.014764951369524616
233,28,1.18664057750412,0.008153426091596696
233,29,2.0422925073554508,0.004048781842929944
233,30,3.494518538206574,7.178659916577132e-30
233,31,3.1051691468414395,7.755206304728896e-30
233,32,1.9734205994347582,1.2001496646113874e-29
233,34,2.8385996539857725,1.1305388527014551e-29
233,40,3.6803759942114307,2.2012429138906875e-29
233,50,4.802920969713242,2.017822481800432e-29
233,65,4.981510469865596,1.7131249571588165e-29
233,80,5.287641640173487,2.393507216285569e-29
234,1,4.158400521543204,3.445871532552176
234,2,2.033821115488305,1.7344703254809437
234,3,1.0041373388042312,0.7490274605759099
234,5,0.265773250916923,0.2600448099042543
234,8,0.3135497016008072,0.2168545872069131
234,15,0.5212888020455421,0.1387844111697972
234,22,2.149785461448211,0.031054471877327506
234,26,2.7686962750726662,0.02128553785375535
234,28,7.794663768389337,0.001345422641250865
234,29,7.271508845000083,8.128971068660416e-05
234,30,7.3774290415448025,2.190447434575749e-29
234,31,7.5438013166607725,1.9547059056629736e-29
234,32,2.7449057816895426,3.0939910482185395e-29
234,34,2.3858879837038165,1.077958397313091e-29
234,40,3.2209841902059906,1.2110992183218769e-29
234,50,3.4173453454427647,2.3413581692047476e-29
234,65,3.7073698163672506,9.371754862849766e-30
234,80,4.957714229676121,3.3183541830198745e-29
235,1,4.150462128027677,3.3928497255026375
235,2,1.9432447233560874,1.5426595158776808
235,3,0.9545857363271844,0.674509958780598
235,5,0.278961519073265,0.2605047514488272
235,8,0.3223949465223275,0.2375580541438009
235,15,0.4254628924015387,0.19810500328165054
235,22,0.8957382138105396,0.11778622469393304
235,26,2.9495865752809074,0.07752592866769113
235,28,9.03952607583992,0.05356644442399956
235,29,14.709288809875872,0.00415190944457557
235,30,24.009198603695754,3.664916288839284e-29
235,31,10.859924625123794,2.998616429465891e-29
235,32,7.049304542582766,2.2767265281777044e-29
235,34,7.1215472165558005,1.4036793732276378e-29
235,40,3.619457403055935,1.7216581107657482e-29
235,50,3.8199323451284357,1.0024696472128889e-29
235,65,4.728921167682544,4.28126522917505e-29
235,80,5.482392927006409,4.439160669735693e-29
236,1,4.1982488527785575,6.668657078324094
236,2,1.9624605912572706,1.900165034432676
236,3,0.9056811395866582,0.6755034210195657
236,5,0.3011051051020611,0.22503077569656835
236,8,0.3049516609053314,0.22352526775566528
236,15,0.4534342297519125,0.14751325604213805
236,22,0.8288090443471513,0.10249682444086237
236,26,2.1710841289168568,0.07535484133174303
236,28,3.1792496483919033,0.06003106446724725
236,29,4.447097865144677,0.04963679974798123
236,30,3113.566284478238,4.1185315444453145e-27
236,31,89.595673212463,3.5216579158559836e-29
236,32,19.970448914515902,2.0215896007716536e-29
236,34,7.05824932630335,5.550879335020596e-29
236,40,3.5720795897201016,1.0464907563470776e-28
236,50,3.5811728440287682,8.168613587058097e-30
236,65,3.633251719606323,9.616912905237299e-30
236,80,4.365168121816341,1.450610434112466e-29
237,1,4.174278255765968,5.593668396881382
237,2,2.3248042704018865,1.1452381223437809
237,3,1.0760290394607461,0.7170314243339162
237,5,0.33440288301257953,0.16369060272896904
237,8,0.34184495555374095,0.15919263197394978
237,15,0.7277601342251478,0.09232584042902182
237,22,0.6485779186697664,0.08032843120713672
237,26,1.2093236442869064,0.04726052939432963
237,28,3.28551807822295,0.018771922403821178
237,29,4.640872198943416,0.0006083999321215578
237,30,79.06894994303389,6.302773298912391e-29
237,31,5.952526082577872,2.1164743913417795e-29
237,32,3.399833907181669,3.5312645186162523e-28
237,34,3.326679489416534,2.0911182396706253e-29
237,40,3.3664777348039467,1.4332212126445938e-29
237,50,3.0436694854726087,2.3552742970062416e-29
237,65,4.295590067359266,1.8015001045169135e-29
237,80,4.874949940767364,2.0450609090039008e-29
238,1,4.227416523298765,3.5028712418989536
238,2,1.9045962231238636,1.7697643035120358
238,3,0.9223818344555145,0.5283846644609539
238,5,0.299595170621628,0.10642111855072879
238,8,0.31320810895320395,0.10168820222926364
238,15,0.3735900872747333,0.07829171029636255
238,22,1.0998014449932931,0.04003492626543522
238,26,0.7974296028201304,0.01017804369385028
238,28,0.8539952688869419,0.008443972753669699
238,29,3.529652013573188,0.00046448923828105456
238,30,7.656520047467582,2.6261903684466574e-29
238,31,2.4077753151335632,1.4442035071641377e-29
238,32,2.549452912935521,1.5513981999621388e-29
238,34,1.4412141394453846,3.148718273518247e-29
238,40,1.6988950918779517,6.635370486705049e-29
238,50,3.3667839098796346,1.6434807624631813e-29
238,65,4.25609208491851,2.7955900305417737e-29
238,80,5.327996316308266,2.588996809360651e-29
239,1,4.162924222753511,3.774431131943699
239,2,1.9021514528545045,1.627627623125789
239,3,0.9663975588359344,1.0329294234048703
239,5,0.30079488495481366,0.20355771451434573
239,8,0.3756586617623708,0.17073379155607368
239,15,0.5024911278392372,0.1016078791730517
239,22,1.0391286452201276,0.03447431742772097
239,26,1.973494924496327,0.024767386878921712
239,28,0.9008185001880753,0.012445986304067267
239,29,3.526052546617957,0.0013366286873276664
239,30,3.89255744618304,8.289818778224866e-30
239,31,2.827034553454949,1.408414592984238e-29
239,32,2.549750716441241,9.26613686469957e-30
239,34,2.964351496834233,1.1479466914921232e-29
239,40,2.238306816826842,1.6030516410706045e-29
239,50,3.3612027333519103,8.46032777596795e-30
239,65,5.020568508136514,1.4013579856680032e-29
239,80,5.489939611300044,2.7534635228915434e-29
240,1,4.150409634121066,3.9221761340145247
240,2,1.9649592471624489,1.7688325863294425
240,3,1.0140518028759522,0.5244474722859509
240,5,0.28799325802134623,0.2086032090279813
240,8,0.31397171588866213,0.19705990930590322
240,15,0.5716289811837183,0.13659739774362806
240,22,1.761490548936714,0.018004901505075093
240,26,1.8961114245599373,0.005140274129088108
240,28,1.6410297328055203,0.004422413287674474
240,29,1.980511306838292,0.0002693960037510785
240,30,3.760166767005957,1.1805180187116001e-29
240,31,3.9042853560258464,1.606431006146356e-29
240,32,2.3458295307285724,1.3902749008147027e-29
240,34,2.389327027762477,2.4967653082772424e-29
240,40,2.4225193981505906,4.432556013979741e-29
240,50,3.679977950212346,1.5844908122198965e-29
240,65,4.638372665803362,1.9537583481303352e-29
240,80,5.2938062176113325,1.7249039446986887e-29
