n,d,repetitions,running_mean_test_mse
30,22,1,0.6739933373054793
30,22,2,0.6850271548298716
30,22,3,0.6571156295046771
30,22,4,0.7043691366701725
30,22,5,0.8048146147544806
30,22,6,0.8426188372322693
30,22,7,0.8492016385760145
30,22,8,0.8516927773064126
30,22,9,0.8324866293178158
30,22,10,0.8027420788845875
30,22,11,0.7955050766365079
30,22,12,0.831412878515157
30,22,13,0.8836991073008682
30,22,14,0.8679028195750236
30,22,15,0.8581490590877551
30,22,16,0.874845257872281
30,22,17,0.8629466953122334
30,22,18,0.8834685758516845
30,22,19,0.8910710212713593
30,22,20,0.9216297960978309
30,22,21,0.9081862569609388
30,22,22,0.9048824080392436
30,22,23,0.9038067555312047
30,22,24,0.8970382776108575
30,22,25,0.8870310596236369
30,22,26,0.8805299191067948
30,22,27,0.898576269881785
30,22,28,0.9249861098132863
30,22,29,0.9147720265423134
30,22,30,0.9229223457499108
30,22,31,0.919776396655361
30,22,32,0.9194448748466741
30,22,33,0.9317918056280404
30,22,34,0.92376695378604
30,22,35,0.9451300643813018
30,22,36,0.9509143808228586
30,22,37,0.9635410373275196
30,22,38,0.956522698025421
30,22,39,0.9557823608285603
30,22,40,0.9701499552568853
30,22,41,0.9679071265929575
30,22,42,0.9975904357264879
30,22,43,0.9928911851295547
30,22,44,0.9878193213118025
30,22,45,0.9862490778929704
30,22,46,1.0117098227246617
30,22,47,1.1467498201468083
30,22,48,1.134304563683147
30,22,49,1.123827230004304
30,22,50,1.1221341179341144
30,22,51,1.1213051887331358
30,22,52,1.112162012172141
30,22,53,1.124431134414817
30,22,54,1.117097658372693
30,22,55,1.1312217777835685
30,22,56,1.1346422603230986
30,22,57,1.1263289331124968
30,22,58,1.12943475554335
30,22,59,1.1314863571336473
30,22,60,1.1247479909115066
30,22,61,1.1252261155595622
30,22,62,1.1228360204143437
30,22,63,1.115369595532216
30,22,64,1.1114669273416145
30,22,65,1.1113057598239933
30,22,66,1.1077373846039325
30,22,67,1.102729567122284
30,22,68,1.102061220373053
30,22,69,1.0915946467813613
30,22,70,1.0878522883456203
30,22,71,1.0898996091914264
30,22,72,1.1141799187111834
30,22,73,1.109063625038679
30,22,74,1.1022352283975574
30,22,75,1.1062498053867786
30,22,76,1.098963514326031
30,22,77,1.0939941679575926
30,22,78,1.1070242358584226
30,22,79,1.1001228264932512
30,22,80,1.09669668443181
30,22,81,1.095690118940989
30,22,82,1.1034588516925554
30,22,83,1.1094134642009321
30,22,84,1.1034707550776177
30,22,85,1.106340809781398
30,22,86,1.1022947186162215
30,22,87,1.0984732829907784
30,22,88,1.095702735920617
30,22,89,1.096587087050398
30,22,90,1.0925655612545349
30,22,91,1.08678411499131
30,22,92,1.0842340879910217
30,22,93,1.0954125213368129
30,22,94,1.0892771052020183
30,22,95,1.1186431692523757
30,22,96,1.1157925684811876
30,22,97,1.109498988759247
30,22,98,1.1066950455451965
30,22,99,1.1024249576477991
30,22,100,1.0982766402826862
30,22,101,1.0983341475391957
30,22,102,1.0974115041175294
30,22,103,1.0920317637842154
30,22,104,1.0869384563348627
30,22,105,1.0869566976951333
30,22,106,1.0867398710059124
30,22,107,1.0854340103212947
30,22,108,1.0832971404314884
30,22,109,1.0825852223664603
30,22,110,1.0803656220737228
30,22,111,1.076892764476146
30,22,112,1.0813671731139336
30,22,113,1.0769532099310637
30,22,114,1.0743513189011251
30,22,115,1.0741115988535868
30,22,116,1.074952202013369
30,22,117,1.0725089805799448
30,22,118,1.07860096043089
30,22,119,1.0783851413750676
30,22,120,1.0740669042326079
30,22,121,1.0793848972356046
30,22,122,1.0818946050601723
30,22,123,1.0970081905460236
30,22,124,1.0989850955238805
30,22,125,1.0943441658620112
30,22,126,1.0937750179754273
30,22,127,1.090607622621355
30,22,128,1.092858247359407
30,22,129,1.0919494905795566
30,22,130,1.0915247155804004
30,22,131,1.0882599843040297
30,22,132,1.085431358870747
30,22,133,1.082961418615302
30,22,134,1.0807280877854508
30,22,135,1.0808883797092952
30,22,136,1.0788638873582177
30,22,137,1.0769633550715303
30,22,138,1.0757285438458568
30,22,139,1.0757143462495031
30,22,140,1.0764166301796054
30,22,141,1.0747627966682338
30,22,142,1.073341064881114
30,22,143,1.0709706025026295
30,22,144,1.0736356899674473
30,22,145,1.0715244337852239
30,22,146,1.0739427711653753
30,22,147,1.0718068342423444
30,22,148,1.0695207551407926
30,22,149,1.0676603000133962
30,22,150,1.0739161802851165
30,22,151,1.0718442078800419
30,22,152,1.0700098552407575
30,22,153,1.068691524729251
30,22,154,1.0659254175928883
30,22,155,1.0646156587817495
30,22,156,1.066023038403959
30,22,157,1.0644549914729589
30,22,158,1.0623994314485325
30,22,159,1.0587531810758866
30,22,160,1.0578703720917975
30,22,161,1.0544932883264846
30,22,162,1.052580596371551
30,22,163,1.0506724111897388
30,22,164,1.055118688198151
30,22,165,1.0579021463521185
30,22,166,1.055195740088111
30,22,167,1.053879937209655
30,22,168,1.053146088025077
30,22,169,1.0518193501987885
30,22,170,1.0512817654653996
30,22,171,1.0487549806861038
30,22,172,1.0490331677288836
30,22,173,1.0490488597701895
30,22,174,1.0482693096886269
30,22,175,1.0462480130846943
30,22,176,1.0455483050050038
30,22,177,1.0432586207020067
30,22,178,1.0422409626801454
30,22,179,1.0400168276137123
30,22,180,1.0435706576356585
30,22,181,1.0407648516193293
30,22,182,1.0409027433519265
30,22,183,1.0414684783852999
30,22,184,1.0413814174474871
30,22,185,1.0425285339429584
30,22,186,1.0402532371135844
30,22,187,1.0383047192902648
30,22,188,1.040817768430212
30,22,189,1.040832732385604
30,22,190,1.0408541912335312
30,22,191,1.042330808735062
30,22,192,1.0413134221526412
30,22,193,1.0379872192406623
30,22,194,1.0371534993925737
30,22,195,1.03649256839709
30,22,196,1.0361969409442071
30,22,197,1.035448688406066
30,22,198,1.0409695088658837
30,22,199,1.0385452732578477
30,22,200,1.0371436638827969
30,22,201,1.0380710094145602
30,22,202,1.0406278120869121
30,22,203,1.0428208127504988
30,22,204,1.0412240848466248
30,22,205,1.038670532453261
30,22,206,1.041168912493923
30,22,207,1.0389970599797844
30,22,208,1.0392893423625893
30,22,209,1.0413729891156014
30,22,210,1.041355616572124
30,22,211,1.041826076807109
30,22,212,1.0397268471745844
30,22,213,1.046192735925051
30,22,214,1.0483174018682342
30,22,215,1.046123724094901
30,22,216,1.045448200830023
30,22,217,1.0453995956137165
30,22,218,1.0468103149375199
30,22,219,1.0447774586748326
30,22,220,1.051303689964291
30,22,221,1.0540347222516495
30,22,222,1.0519267652136566
30,22,223,1.0513641350405711
30,22,224,1.0501023682009267
30,22,225,1.0478835295846043
30,22,226,1.0457060363883368
30,22,227,1.0464610448566856
30,22,228,1.0450923760876702
30,22,229,1.0437151306963213
30,22,230,1.0417493035961436
30,22,231,1.0431069137845606
30,22,232,1.0438618190302638
30,22,233,1.0449543822670992
30,22,234,1.0448993213728137
30,22,235,1.0431183260673629
30,22,236,1.0410644612202529
30,22,237,1.0394899596370326
30,22,238,1.0388346282418468
30,22,239,1.037797565085411
30,22,240,1.037469941293658
30,22,241,1.0355869207275383
30,22,242,1.0355797963272388
30,22,243,1.034440221153241
30,22,244,1.0336869017279604
30,22,245,1.0326814402346467
30,22,246,1.0316816239502526
30,22,247,1.0381793638855332
30,22,248,1.0360681527718547
30,22,249,1.0350276738364228
30,22,250,1.0362262936332587
30,22,251,1.0361506957986426
30,22,252,1.0354217026131605
30,22,253,1.034353192704988
30,22,254,1.0330456311947773
30,22,255,1.0341486417630268
30,22,256,1.03250506627395
30,22,257,1.0311174050438774
30,22,258,1.0302033648069941
30,22,259,1.0305924316767228
30,22,260,1.0312232847651053
30,22,261,1.0312401362972605
30,22,262,1.0331204519378026
30,22,263,1.0336294931603152
30,22,264,1.0318543854090927
30,22,265,1.030327443788672
30,22,266,1.0294065778491586
30,22,267,1.0272254163154646
30,22,268,1.0257784206763605
30,22,269,1.0253097846324601
30,22,270,1.023594620713985
30,22,271,1.0226410032168551
30,22,272,1.023207478599282
30,22,273,1.0232373735628038
30,22,274,1.0212467822435667
30,22,275,1.0244292103566222
30,22,276,1.0235633304416534
30,22,277,1.0237790387704353
30,22,278,1.0230810239531183
30,22,279,1.0228180172323569
30,22,280,1.0232209854036847
30,22,281,1.0221923416432541
30,22,282,1.0289499941390026
30,22,283,1.0277181851376285
30,22,284,1.0297621848242626
30,22,285,1.0284021497798246
30,22,286,1.0273211946382368
30,22,287,1.0269058549026768
30,22,288,1.0269949150779345
30,22,289,1.0270309699567641
30,22,290,1.0262385853579494
30,22,291,1.0247867192517686
30,22,292,1.0244692931006825
30,22,293,1.0278304339437168
30,22,294,1.026015081201123
30,22,295,1.026502356409939
30,22,296,1.025199923173616
30,22,297,1.0251360530092477
30,22,298,1.0266737516181919
30,22,299,1.0249524198610893
30,22,300,1.0301991561689918
30,22,301,1.0296582454082277
30,22,302,1.02900945681442
30,22,303,1.027902727360803
30,22,304,1.026414861879455
30,22,305,1.0279403762670276
30,22,306,1.0289067337659812
30,22,307,1.033104395580067
30,22,308,1.03189218159024
30,22,309,1.0373910405546471
30,22,310,1.0369159551039855
30,22,311,1.0349967603509107
30,22,312,1.0337722237017404
30,22,313,1.0375562419149909
30,22,314,1.0427603393982605
30,22,315,1.0427022001756954
30,22,316,1.0441209367306334
30,22,317,1.042342010930112
30,22,318,1.0414074663248107
30,22,319,1.040673567509451
30,22,320,1.0413254338180151
30,22,321,1.0409525906417114
30,22,322,1.042240100146305
30,22,323,1.0409809919014965
30,22,324,1.0405011721362603
30,22,325,1.0398869138075326
30,22,326,1.0438233861621964
30,22,327,1.0431680391736322
30,22,328,1.0438014733206404
30,22,329,1.043004230068537
30,22,330,1.043056525012639
30,22,331,1.0431292359312445
30,22,332,1.0442105627303446
30,22,333,1.0430722822731864
30,22,334,1.0442479483942346
30,22,335,1.0460491929121425
30,22,336,1.0446688630256658
30,22,337,1.043522921457831
30,22,338,1.0431550473179276
30,22,339,1.0422224380580167
30,22,340,1.040959124441324
30,22,341,1.0398364041509487
30,22,342,1.0385164416412784
30,22,343,1.0367232186853248
30,22,344,1.041812625657087
30,22,345,1.0406695969593263
30,22,346,1.0452152248657642
30,22,347,1.0445865156088678
30,22,348,1.0442436051589359
30,22,349,1.043290424694715
30,22,350,1.0431055816744088
30,22,351,1.0424074750556735
30,22,352,1.0420102513687455
30,22,353,1.0402300192762952
30,22,354,1.0409340968189957
30,22,355,1.0413746647369622
30,22,356,1.0404108514429586
30,22,357,1.039732602171459
30,22,358,1.0405113399465393
30,22,359,1.041061677509878
30,22,360,1.0397000971294708
30,22,361,1.0393998447564137
30,22,362,1.0426237659100448
30,22,363,1.0418563922746447
30,22,364,1.0426905776750004
30,22,365,1.043532361372182
30,22,366,1.0421476760231452
30,22,367,1.0452729605483022
30,22,368,1.0446961807691033
30,22,369,1.0451515256353419
30,22,370,1.0442541006908608
30,22,371,1.0439629495091776
30,22,372,1.0438861613874677
30,22,373,1.0462191269313055
30,22,374,1.0458426201147606
30,22,375,1.04648167230551
30,22,376,1.0450440970376214
30,22,377,1.0441002948399773
30,22,378,1.0440796125798062
30,22,379,1.045177247003189
30,22,380,1.0443711041300359
30,22,381,1.0435438912517876
30,22,382,1.0446558634555214
30,22,383,1.0446753005712546
30,22,384,1.0446567337582533
30,22,385,1.0433995828382034
30,22,386,1.0418150456231845
30,22,387,1.0412900078164609
30,22,388,1.041497142391683
30,22,389,1.0402556842629
30,22,390,1.0409423107217195
30,22,391,1.043326150983673
30,22,392,1.0431401679569048
30,22,393,1.0449049347541115
30,22,394,1.044592955494078
30,22,395,1.044026777753004
30,22,396,1.0450739867442003
30,22,397,1.0448644893306858
30,22,398,1.04545476755197
30,22,399,1.0444851329701716
30,22,400,1.044076226539695
30,22,401,1.043625637814883
30,22,402,1.042747211324358
30,22,403,1.0439352195137872
30,22,404,1.0433703258833813
30,22,405,1.042046876149489
30,22,406,1.0416796563099424
30,22,407,1.0421928206366762
30,22,408,1.0412117310734978
30,22,409,1.040714587861252
30,22,410,1.041041574793726
30,22,411,1.0404660507547965
30,22,412,1.0418859254212647
30,22,413,1.0407124372172714
30,22,414,1.0394605697082648
30,22,415,1.0397985145736324
30,22,416,1.03835792431632
30,22,417,1.0375959492761342
30,22,418,1.0386166325273092
30,22,419,1.0386585107843063
30,22,420,1.0417741074554263
30,22,421,1.0419207948880764
30,22,422,1.0419695863116938
30,22,423,1.0418156584996974
30,22,424,1.0413402696675758
30,22,425,1.044845047594287
30,22,426,1.0504396988664602
30,22,427,1.0497505878019495
30,22,428,1.050580875557077
30,22,429,1.0499423135034183
30,22,430,1.0511837096982939
30,22,431,1.0527778313945082
30,22,432,1.054686638985193
30,22,433,1.053640537514523
30,22,434,1.0531232811530358
30,22,435,1.0525868192787609
30,22,436,1.0517217684838522
30,22,437,1.05375358908958
30,22,438,1.052814599799716
30,22,439,1.0525169224741204
30,22,440,1.0547430703864464
30,22,441,1.0548226479305847
30,22,442,1.0553402445316509
30,22,443,1.0544598534941372
30,22,444,1.053592160534762
30,22,445,1.0533576260238675
30,22,446,1.052940699421976
30,22,447,1.0523335366101105
30,22,448,1.0525282623048493
30,22,449,1.0555892148189507
30,22,450,1.055499935170894
30,22,451,1.0549998845475583
30,22,452,1.0544191017429434
30,22,453,1.0539309638026655
30,22,454,1.0532374930705135
30,22,455,1.0525326611997021
30,22,456,1.053216718762374
30,22,457,1.0521198128109512
30,22,458,1.0542169227238234
30,22,459,1.053916625255616
30,22,460,1.0538864551616427
30,22,461,1.0536532517910473
30,22,462,1.0524921615423097
30,22,463,1.0526717070539913
30,22,464,1.0535112391500208
30,22,465,1.0547083644145396
30,22,466,1.0539561125353756
30,22,467,1.0534368276955737
30,22,468,1.056113206348958
30,22,469,1.054796245770027
30,22,470,1.0536869001316163
30,22,471,1.052977831267419
30,22,472,1.0523121200694812
30,22,473,1.050994558778765
30,22,474,1.0528714109959274
30,22,475,1.0543229010902553
30,22,476,1.0546908802226074
30,22,477,1.056584958747717
30,22,478,1.0557158810867477
30,22,479,1.054635036537129
30,22,480,1.05388950108476
30,22,481,1.0527464400689568
30,22,482,1.05186181772896
30,22,483,1.0508811778736973
30,22,484,1.051324611724513
30,22,485,1.0513253431179894
30,22,486,1.0509802746598302
30,22,487,1.0504682253796216
30,22,488,1.0498783659371176
30,22,489,1.0497999657396389
30,22,490,1.0512546558691187
30,22,491,1.050978232430878
30,22,492,1.0503952673492232
30,22,493,1.0504377515674337
30,22,494,1.0493449118596747
30,22,495,1.0487386403374717
30,22,496,1.051765554568585
30,22,497,1.0539715381101087
30,22,498,1.0544358226350992
30,22,499,1.0537732274762173
30,22,500,1.05344031483695
30,22,501,1.052846192896399
30,22,502,1.0530186621817568
30,22,503,1.0520265790260863
30,22,504,1.0512394006992285
30,22,505,1.0516070235736457
30,22,506,1.0532749735283775
30,22,507,1.0535229780303694
30,22,508,1.0543324064766368
30,22,509,1.054392594214009
30,22,510,1.053584352589865
30,22,511,1.052479786280818
30,22,512,1.0522268381743436
30,22,513,1.0522998991897443
30,22,514,1.0527675499268814
30,22,515,1.051874009970271
30,22,516,1.0515428022204647
30,22,517,1.0518958108197785
30,22,518,1.0521953122736112
30,22,519,1.0523912077182624
30,22,520,1.0516862357534653
30,22,521,1.0511128378982386
30,22,522,1.0527048723577421
30,22,523,1.0526015244553886
30,22,524,1.0524451604485376
30,22,525,1.0526947763229109
30,22,526,1.055396570354796
30,22,527,1.0560619170421714
30,22,528,1.0552864377900897
30,22,529,1.0552405143238643
30,22,530,1.055721514538195
30,22,531,1.0550458356730457
30,22,532,1.0546081671672913
30,22,533,1.053776656330924
30,22,534,1.0532326751954073
30,22,535,1.0526224366213066
30,22,536,1.0529598603111079
30,22,537,1.052499080342991
30,22,538,1.0519066885510384
30,22,539,1.0514705058448264
30,22,540,1.0516400009975697
30,22,541,1.0511913735413085
30,22,542,1.051686267143966
30,22,543,1.0513777146172283
30,22,544,1.050291217357368
30,22,545,1.0504901047215571
30,22,546,1.0499046786194886
30,22,547,1.0494245997360385
30,22,548,1.0489609081337044
30,22,549,1.048143512964505
30,22,550,1.0472687105076597
30,22,551,1.0470004495955172
30,22,552,1.0467826533652071
30,22,553,1.046162738479528
30,22,554,1.0457428508804882
30,22,555,1.0489760127427614
30,22,556,1.0485774388118707
30,22,557,1.0487894966904905
30,22,558,1.0478863432756982
30,22,559,1.0480412951498748
30,22,560,1.047639794885759
30,22,561,1.047620322237065
30,22,562,1.0488075814151911
30,22,563,1.0483195406314665
30,22,564,1.0474927543508126
30,22,565,1.0508135281976883
30,22,566,1.0507329489826847
30,22,567,1.0510949814808324
30,22,568,1.0508770761892312
30,22,569,1.0549872125001214
30,22,570,1.0550796039731767
30,22,571,1.0543449769235003
30,22,572,1.054885941958061
30,22,573,1.0539174376239333
30,22,574,1.0541472794536029
30,22,575,1.0534319477627805
30,22,576,1.0547016092884476
30,22,577,1.0545653512032678
30,22,578,1.0536607839811651
30,22,579,1.0558625265279344
30,22,580,1.0555745229185578
30,22,581,1.054740457144306
30,22,582,1.0540887857919723
30,22,583,1.0544128390407996
30,22,584,1.0537646899947641
30,22,585,1.0541700742063513
30,22,586,1.053249897777276
30,22,587,1.0528974192668095
30,22,588,1.056546807791595
30,22,589,1.0560941466468163
30,22,590,1.0575312837164383
30,22,591,1.0592545514000944
30,22,592,1.0594263054323634
30,22,593,1.0590740439132413
30,22,594,1.0586157432904795
30,22,595,1.058391625658347
30,22,596,1.0583999753660467
30,22,597,1.057748594927328
30,22,598,1.057449486655011
30,22,599,1.05777822813745
30,22,600,1.057011505947039
30,22,601,1.0568323045827832
30,22,602,1.0566510955534782
30,22,603,1.0564438874500628
30,22,604,1.0564877464191924
30,22,605,1.0567366559632692
30,22,606,1.055779886765453
30,22,607,1.0550654418910437
30,22,608,1.0553094545612192
30,22,609,1.0553469682940746
30,22,610,1.0547339141654168
30,22,611,1.0549729983532223
30,22,612,1.0575967309676837
30,22,613,1.0568976123179292
30,22,614,1.056835452504616
30,22,615,1.0583816590313226
30,22,616,1.0578007290874156
30,22,617,1.0569593346218424
30,22,618,1.056460793878658
30,22,619,1.0578523932236699
30,22,620,1.0570476675119744
30,22,621,1.0564216825753758
30,22,622,1.0579324286565162
30,22,623,1.0571060343988479
30,22,624,1.0574384442814224
30,22,625,1.0575770971094782
30,22,626,1.0569837216714315
30,22,627,1.057914849227319
30,22,628,1.0575141412815046
30,22,629,1.0571341500789586
30,22,630,1.0565508923035936
30,22,631,1.0564264170890447
30,22,632,1.0562598950718054
30,22,633,1.0558633127641528
30,22,634,1.0549917671032973
30,22,635,1.0544790993984563
30,22,636,1.053511352488209
30,22,637,1.0535963974848668
30,22,638,1.0534473548360763
30,22,639,1.0549581934390118
30,22,640,1.0548823368740696
30,22,641,1.054139892697474
30,22,642,1.0540260312936607
30,22,643,1.0536284297083252
30,22,644,1.0566794175882963
30,22,645,1.0562830490905146
30,22,646,1.064096371679996
30,22,647,1.0633272933773878
30,22,648,1.0625900450566983
30,22,649,1.063249590893242
30,22,650,1.062550881662996
30,22,651,1.0619840186490477
30,22,652,1.0614551444439806
30,22,653,1.0610052760459214
30,22,654,1.0600643955379043
30,22,655,1.059653733599682
30,22,656,1.060851183231462
30,22,657,1.0607182738337442
30,22,658,1.0608276799935876
30,22,659,1.0599943835389458
30,22,660,1.0596985857241579
30,22,661,1.0610069984967738
30,22,662,1.0603339171279516
30,22,663,1.0597313755972129
30,22,664,1.0592324408448448
30,22,665,1.0588267039901578
30,22,666,1.0585417003717787
30,22,667,1.0584256492471595
30,22,668,1.0580002152749024
30,22,669,1.057277113559906
30,22,670,1.0571365491378808
30,22,671,1.0576013241801772
30,22,672,1.0570160231122918
30,22,673,1.0566879065881363
30,22,674,1.0563356466968363
30,22,675,1.0562487637399198
30,22,676,1.0559018514400536
30,22,677,1.0554737316054588
30,22,678,1.0555547951131454
30,22,679,1.0575112242597502
30,22,680,1.0572830172466463
30,22,681,1.0569446021225684
30,22,682,1.056833515434149
30,22,683,1.0565322725690112
30,22,684,1.0560681760429675
30,22,685,1.0565241711457942
30,22,686,1.0558122120870197
30,22,687,1.0563936037807775
30,22,688,1.056168678544778
30,22,689,1.055829858430952
30,22,690,1.0552434524372818
30,22,691,1.0548580772770606
30,22,692,1.0541626524338032
30,22,693,1.0558550922519165
30,22,694,1.0562910501134877
30,22,695,1.057760239608364
30,22,696,1.0571472708536336
30,22,697,1.0597933296437965
30,22,698,1.0591739624695087
30,22,699,1.0592302150274342
30,22,700,1.0590585319926984
30,22,701,1.058410628058331
30,22,702,1.0576145615736163
30,22,703,1.0568717531116842
30,22,704,1.0564873986242314
30,22,705,1.0555961259749096
30,22,706,1.0548608497628293
30,22,707,1.0546348402792427
30,22,708,1.053998142612579
30,22,709,1.0538078935237407
30,22,710,1.0537772590632877
30,22,711,1.0570113140532003
30,22,712,1.0572316281376894
30,22,713,1.0569299956344878
30,22,714,1.057777561897835
30,22,715,1.0577715202891798
30,22,716,1.058406983644316
30,22,717,1.0585603664868928
30,22,718,1.057689956659637
30,22,719,1.057783535619851
30,22,720,1.0572065112617
30,22,721,1.0568664440682884
30,22,722,1.0582259659755238
30,22,723,1.0574091946297732
30,22,724,1.0571334745063072
30,22,725,1.0595002567924416
30,22,726,1.0587917560015827
30,22,727,1.0584879277218184
30,22,728,1.0580980998337848
30,22,729,1.0583882079570668
30,22,730,1.0581583345953718
30,22,731,1.0578511156466222
30,22,732,1.0574659443003065
30,22,733,1.058145469685459
30,22,734,1.0578267133575543
30,22,735,1.0572888162644871
30,22,736,1.056574378280955
30,22,737,1.057429666398
30,22,738,1.0581949866284113
30,22,739,1.0580217108966588
30,22,740,1.0577869505705617
30,22,741,1.0573387027653567
30,22,742,1.0570109530377179
30,22,743,1.0565093004884667
30,22,744,1.0556484522699263
30,22,745,1.0551460080961899
30,22,746,1.0549519162601653
30,22,747,1.0551433870047957
30,22,748,1.0548064323335307
30,22,749,1.0551747221099557
30,22,750,1.0552276496463076
30,22,751,1.0547313575579678
30,22,752,1.0546939831182367
30,22,753,1.05432153927279
30,22,754,1.0537459957424455
30,22,755,1.053558190958093
30,22,756,1.0530820760456199
30,22,757,1.0529434986556439
30,22,758,1.0523898289359093
30,22,759,1.0523545974581319
30,22,760,1.0520696454628964
30,22,761,1.051515020536576
30,22,762,1.0509049392885739
30,22,763,1.051243396452731
30,22,764,1.0507401271281946
30,22,765,1.0505818121594874
30,22,766,1.0498006129195014
30,22,767,1.0501999494146217
30,22,768,1.0504598619334888
30,22,769,1.0530593951664686
30,22,770,1.0525915625972169
30,22,771,1.0518719397633163
30,22,772,1.051407285775829
30,22,773,1.0507886688159171
30,22,774,1.0507685468764272
30,22,775,1.0509225737591654
30,22,776,1.0506098200484129
30,22,777,1.0507650265372572
30,22,778,1.0507928618616142
30,22,779,1.0502617588756338
30,22,780,1.0500834445995584
30,22,781,1.0565286844536064
30,22,782,1.0562019292311644
30,22,783,1.0556213835866732
30,22,784,1.0552985447245014
30,22,785,1.0550301594176923
30,22,786,1.0545595738480225
30,22,787,1.0540913474266707
30,22,788,1.0546989913525948
30,22,789,1.0539812962552
30,22,790,1.0534214843164653
30,22,791,1.052962264687066
30,22,792,1.0527456520503653
30,22,793,1.0536114791132787
30,22,794,1.0531686407974212
30,22,795,1.0527716974959596
30,22,796,1.0538112277882323
30,22,797,1.0532667573994876
30,22,798,1.0530616953578424
30,22,799,1.05252792441321
30,22,800,1.0523795836809262
30,22,801,1.0523981460641305
30,22,802,1.052006885041637
30,22,803,1.051663903744028
30,22,804,1.0520830879294787
30,22,805,1.0512605739163237
30,22,806,1.0509931123608651
30,22,807,1.0505963410964985
30,22,808,1.0505100047101938
30,22,809,1.0501198020262665
30,22,810,1.049667606493007
30,22,811,1.050924707659669
30,22,812,1.0510013647475087
30,22,813,1.0512249007104726
30,22,814,1.0509665745634653
30,22,815,1.051156102819205
30,22,816,1.0514354948854732
30,22,817,1.0513717880662923
30,22,818,1.0519919901989285
30,22,819,1.0516402647510035
30,22,820,1.051205706138548
30,22,821,1.050815843628204
30,22,822,1.0512759215203826
30,22,823,1.051027691250351
30,22,824,1.0509394778695234
30,22,825,1.050319290055567
30,22,826,1.0500820617468758
30,22,827,1.0497282434296846
30,22,828,1.0492840925846192
30,22,829,1.0485162580489018
30,22,830,1.0479923019226667
30,22,831,1.0477978643272698
30,22,832,1.0474226756497527
30,22,833,1.0469696407319649
30,22,834,1.046458397100978
30,22,835,1.0468268841172204
30,22,836,1.0473616869486277
30,22,837,1.0467789133811034
30,22,838,1.0476207460468836
30,22,839,1.0470436862341586
30,22,840,1.0475506959014358
30,22,841,1.0479842925488037
30,22,842,1.0477052345708073
30,22,843,1.0481335712368927
30,22,844,1.0481610803087118
30,22,845,1.0488075870753404
30,22,846,1.0488451074695027
30,22,847,1.0483818196365313
30,22,848,1.0483681126444693
30,22,849,1.048543153053296
30,22,850,1.0480398801669377
30,22,851,1.0479954034517098
30,22,852,1.0482241853006464
30,22,853,1.0487467809794737
30,22,854,1.048388714727151
30,22,855,1.0479564010018254
30,22,856,1.048304283624886
30,22,857,1.0480333987617074
30,22,858,1.0476460283561981
30,22,859,1.047860475305733
30,22,860,1.0475302520757235
30,22,861,1.047219942546425
30,22,862,1.0469070067876451
30,22,863,1.0467857124457092
30,22,864,1.047173145383584
30,22,865,1.0468904990797956
30,22,866,1.0468054076176707
30,22,867,1.0474892394881303
30,22,868,1.0467791114191756
30,22,869,1.046040179827935
30,22,870,1.0457859294441452
30,22,871,1.0453588035615637
30,22,872,1.0448569664565275
30,22,873,1.0446936011157812
30,22,874,1.0442380378653844
30,22,875,1.0443508303240752
30,22,876,1.043963179346023
30,22,877,1.044223127061858
30,22,878,1.0438474334219139
30,22,879,1.0434779862281085
30,22,880,1.0431319900365368
30,22,881,1.0429021838478212
30,22,882,1.0427239340615828
30,22,883,1.0422974604813593
30,22,884,1.0420996517263457
30,22,885,1.0419566688469866
30,22,886,1.0417752684595831
30,22,887,1.0419701857185901
30,22,888,1.0416908361340516
30,22,889,1.0416062939276982
30,22,890,1.04131720641044
30,22,891,1.04134942648513
30,22,892,1.042391428951791
30,22,893,1.0423365566134264
30,22,894,1.0417741254481205
30,22,895,1.0418639800635954
30,22,896,1.0414596042170559
30,22,897,1.0420152828492513
30,22,898,1.0420196955085101
30,22,899,1.0420093121996103
30,22,900,1.0415476350073951
30,22,901,1.0411511346463616
30,22,902,1.0407725175019793
30,22,903,1.0408643903790202
30,22,904,1.0414208464856693
30,22,905,1.0414866714663025
30,22,906,1.0411620040974687
30,22,907,1.0409796096146513
30,22,908,1.0423189405946434
30,22,909,1.0422360698418895
30,22,910,1.0427133252299463
30,22,911,1.0425876603353081
30,22,912,1.0420804450108736
30,22,913,1.0418570349270826
30,22,914,1.041696139601305
30,22,915,1.041684472500527
30,22,916,1.0411409084865653
30,22,917,1.0409661171135707
30,22,918,1.0410143226284014
30,22,919,1.0409234228483462
30,22,920,1.0405224815382705
30,22,921,1.0399668344225579
30,22,922,1.0406177869935578
30,22,923,1.0408354475158963
30,22,924,1.0402434385289123
30,22,925,1.0408418594434399
30,22,926,1.0406748136645336
30,22,927,1.0400971374504933
30,22,928,1.0401484522761026
30,22,929,1.0411053470186102
30,22,930,1.0407608862422348
30,22,931,1.0408908162975443
30,22,932,1.0407285176740302
30,22,933,1.0404532516565779
30,22,934,1.0398870310726636
30,22,935,1.039780535198702
30,22,936,1.039317181484051
30,22,937,1.0389197060766144
30,22,938,1.038998902931275
30,22,939,1.0395368428777287
30,22,940,1.0391418617439616
30,22,941,1.03849507460169
30,22,942,1.0396213706185855
30,22,943,1.0390499809174676
30,22,944,1.0398467969920302
30,22,945,1.0397151549082306
30,22,946,1.04015574949105
30,22,947,1.0401260049044248
30,22,948,1.039798284147724
30,22,949,1.0394098920019958
30,22,950,1.0389280893153376
30,22,951,1.0386554818679306
30,22,952,1.0383987805976742
30,22,953,1.0381925819641307
30,22,954,1.0382848831105511
30,22,955,1.0387734784983778
30,22,956,1.03831999386144
30,22,957,1.0391130378112576
30,22,958,1.038684146776127
30,22,959,1.0382311093853938
30,22,960,1.0381737542567324
30,22,961,1.0383271395127944
30,22,962,1.0379894831416343
30,22,963,1.037624029227475
30,22,964,1.0387649941709902
30,22,965,1.0391346594138287
30,22,966,1.0393510504999444
30,22,967,1.0395893695249758
30,22,968,1.0396714776043974
30,22,969,1.0398292389681252
30,22,970,1.0394976314966384
30,22,971,1.0398101587677753
30,22,972,1.0398864963636818
30,22,973,1.0392556476037325
30,22,974,1.0392908152590006
30,22,975,1.0388674146494474
30,22,976,1.039749502255658
30,22,977,1.0399900471106152
30,22,978,1.0401290682068918
30,22,979,1.040200540042666
30,22,980,1.0403135117393492
30,22,981,1.039960186389804
30,22,982,1.039451427556975
30,22,983,1.0393980506780864
30,22,984,1.039128356967984
30,22,985,1.0386488793942126
30,22,986,1.0388916273904247
30,22,987,1.0384110342688369
30,22,988,1.0382460064348633
30,22,989,1.0377957256235681
30,22,990,1.0373350119604619
30,22,991,1.0373300595812962
30,22,992,1.0367121598190332
30,22,993,1.037024916074219
30,22,994,1.037152485310066
30,22,995,1.0374777109171422
30,22,996,1.037755046203931
30,22,997,1.0376330456471592
30,22,998,1.0374015917138917
30,22,999,1.0373441039227886
30,22,1000,1.0373019368726775
30,22,1001,1.0368605301982106
30,22,1002,1.0363430517125833
30,22,1003,1.0360424246592546
30,22,1004,1.0358236779977013
30,22,1005,1.0357772920677226
30,22,1006,1.0358096020590497
30,22,1007,1.0356102674561394
30,22,1008,1.0355671702721283
30,22,1009,1.0351564765930097
30,22,1010,1.0347133572125902
30,22,1011,1.0346754368200122
30,22,1012,1.0341005615261891
30,22,1013,1.0343479922489303
30,22,1014,1.0347283209110343
30,22,1015,1.0345741373071207
30,22,1016,1.035282432742075
30,22,1017,1.0349146445719888
30,22,1018,1.0360293733823327
30,22,1019,1.0360538726731756
30,22,1020,1.0356966149053588
30,22,1021,1.035279583172186
30,22,1022,1.0353597085327713
30,22,1023,1.0360283398476373
30,22,1024,1.0356272874953407
30,22,1025,1.0352572007453222
30,22,1026,1.0354707761666138
30,22,1027,1.03551673375256
30,22,1028,1.03526316401377
30,22,1029,1.0354769744246632
30,22,1030,1.03510251076044
30,22,1031,1.035296952907229
30,22,1032,1.035092641631636
30,22,1033,1.034995483875209
30,22,1034,1.0345724827061606
30,22,1035,1.0342426771056188
30,22,1036,1.0345771486909108
30,22,1037,1.0341738362329735
30,22,1038,1.0341580853964698
30,22,1039,1.0338281659558057
30,22,1040,1.0338658029658152
30,22,1041,1.0336853837925692
30,22,1042,1.034005397930313
30,22,1043,1.0339493741051076
30,22,1044,1.0339558963887137
30,22,1045,1.0335956884866178
30,22,1046,1.0335580828676834
30,22,1047,1.0335654599251085
30,22,1048,1.0333218689441115
30,22,1049,1.0337968964469895
30,22,1050,1.033680605291071
30,22,1051,1.0339235327637535
30,22,1052,1.033467262808089
30,22,1053,1.0333501269977232
30,22,1054,1.0341310925505
30,22,1055,1.0340715679908292
30,22,1056,1.0339246603709036
30,22,1057,1.034182432375558
30,22,1058,1.0336926876025514
30,22,1059,1.0335680044828086
30,22,1060,1.0335318241944271
30,22,1061,1.0336835054764473
30,22,1062,1.0335036486455307
30,22,1063,1.0331766987144533
30,22,1064,1.0330977985529923
30,22,1065,1.0330169194109446
30,22,1066,1.033092233589288
30,22,1067,1.0327034254682301
30,22,1068,1.0326744173273588
30,22,1069,1.0324892387646964
30,22,1070,1.032911455601813
30,22,1071,1.0331614349836
30,22,1072,1.0341416656910816
30,22,1073,1.0343309195898551
30,22,1074,1.0343750171253652
30,22,1075,1.034372183554795
30,22,1076,1.0353637988366071
30,22,1077,1.035522172575374
30,22,1078,1.0353907351111309
30,22,1079,1.035245870578404
30,22,1080,1.03489348304597
30,22,1081,1.035377000506775
30,22,1082,1.0353116112913305
30,22,1083,1.0359341008178153
30,22,1084,1.0355505833860397
30,22,1085,1.0360404057809538
30,22,1086,1.0356140374890683
30,22,1087,1.0356359381303397
30,22,1088,1.035799349242068
30,22,1089,1.0359455228675223
30,22,1090,1.0361052574384264
30,22,1091,1.0358292873117627
30,22,1092,1.0360554145114718
30,22,1093,1.0362612136680895
30,22,1094,1.0359828235847055
30,22,1095,1.0365194009945138
30,22,1096,1.0366547733340272
30,22,1097,1.0364795642849334
30,22,1098,1.0366526871288786
30,22,1099,1.0368111408327862
30,22,1100,1.0368980481855141
30,22,1101,1.036873830235062
30,22,1102,1.0370490977993299
30,22,1103,1.0367450491208159
30,22,1104,1.0365176732335029
30,22,1105,1.0368061028511115
30,22,1106,1.0379835014517107
30,22,1107,1.037672418127077
30,22,1108,1.0375277404147198
30,22,1109,1.0376160735636808
30,22,1110,1.0374807809488469
30,22,1111,1.0371938944961232
30,22,1112,1.0370278149186754
30,22,1113,1.037231117374863
30,22,1114,1.0368658788049734
30,22,1115,1.0367028446953532
30,22,1116,1.0365816230652123
30,22,1117,1.0365426945853713
30,22,1118,1.0362101244907003
30,22,1119,1.0364677800715842
30,22,1120,1.0364346165209948
30,22,1121,1.0360641823371513
30,22,1122,1.0365707676944427
30,22,1123,1.036123387672448
30,22,1124,1.0365465077295872
30,22,1125,1.0367425657285587
30,22,1126,1.0364500733934807
30,22,1127,1.0393435619225222
30,22,1128,1.0399529056962322
30,22,1129,1.0399059217445148
30,22,1130,1.0394291852221018
30,22,1131,1.039518950573674
30,22,1132,1.039999163924004
30,22,1133,1.0402073447826945
30,22,1134,1.0405488200035922
30,22,1135,1.0404149385902308
30,22,1136,1.0399694077916664
30,22,1137,1.039460634774879
30,22,1138,1.039247358790568
30,22,1139,1.039655414926453
30,22,1140,1.039370116522859
30,22,1141,1.0391601800767
30,22,1142,1.0393591478355824
30,22,1143,1.0388283027121392
30,22,1144,1.0401982597620971
30,22,1145,1.0401232611739837
30,22,1146,1.0399872740738731
30,22,1147,1.0396078651055696
30,22,1148,1.0395859699472092
30,22,1149,1.040233272473757
30,22,1150,1.0401666555083762
30,22,1151,1.0403737835595825
30,22,1152,1.039921084524191
30,22,1153,1.0403536213013602
30,22,1154,1.0404336279104769
30,22,1155,1.040010763924365
30,22,1156,1.0396855338651045
30,22,1157,1.039823348786887
30,22,1158,1.0403397240255563
30,22,1159,1.0402055668134775
30,22,1160,1.0412616865623496
30,22,1161,1.0411683874754851
30,22,1162,1.041139486628644
30,22,1163,1.040653769101444
30,22,1164,1.040695742461097
30,22,1165,1.040648135711786
30,22,1166,1.0412693642385458
30,22,1167,1.041121108537632
30,22,1168,1.0411381234662425
30,22,1169,1.041383511948122
30,22,1170,1.041217620984786
30,22,1171,1.0410057266722956
30,22,1172,1.0414744846614257
30,22,1173,1.04100430355409
30,22,1174,1.0407217465761747
30,22,1175,1.0410767014253475
30,22,1176,1.0405606921680932
30,22,1177,1.0402486647497378
30,22,1178,1.039916563583512
30,22,1179,1.0395477005356184
30,22,1180,1.0392374687284263
30,22,1181,1.0391856214072241
30,22,1182,1.0393669421972096
30,22,1183,1.0389085619890297
30,22,1184,1.0391515040720212
30,22,1185,1.039772499784597
30,22,1186,1.0394819447451973
30,22,1187,1.039330539323008
30,22,1188,1.0393213129117476
30,22,1189,1.0391310594076375
30,22,1190,1.0394865776559745
30,22,1191,1.0398773391265117
30,22,1192,1.0403345278466556
30,22,1193,1.04051062512172
30,22,1194,1.040465477009821
30,22,1195,1.0402610036381015
30,22,1196,1.0401531399637995
30,22,1197,1.0409365479710708
30,22,1198,1.0410982954319925
30,22,1199,1.0416398342459128
30,22,1200,1.0419136597685994
30,28,1,2.1628656065792873
30,28,2,1.7502991421439966
30,28,3,7.61269165216633
30,28,4,6.4107659319935495
30,28,5,9.606935481835217
30,28,6,8.24655797631947
30,28,7,7.309254773901579
30,28,8,8.503811313933644
30,28,9,9.012744295155803
30,28,10,8.246257661374397
30,28,11,7.5809551856841475
30,28,12,7.285338149067748
30,28,13,6.844017430031365
30,28,14,6.5021368758268325
30,28,15,6.357180874932012
30,28,16,6.311326781931919
30,28,17,6.041692190572006
30,28,18,6.08940514762709
30,28,19,6.181343737491159
30,28,20,6.391722493735975
30,28,21,6.146563773968498
30,28,22,6.149022819748068
30,28,23,5.9308937945296245
30,28,24,5.856587651900887
30,28,25,5.692960901151293
30,28,26,5.543066023880183
30,28,27,5.5864892953337675
30,28,28,5.511346460949101
30,28,29,5.3517669453292465
30,28,30,5.967485193556434
30,28,31,5.907102218080506
30,28,32,5.846386561338775
30,28,33,5.758423006155559
30,28,34,5.617605206881147
30,28,35,5.653600115767847
30,28,36,6.010220609932649
30,28,37,5.905382246381007
30,28,38,5.832980244060546
30,28,39,5.785684676240676
30,28,40,5.749172637372863
30,28,41,5.641452949412667
30,28,42,5.722529068664053
30,28,43,5.685406911227676
30,28,44,5.705036609378042
30,28,45,5.679593086516602
30,28,46,5.60813880225687
30,28,47,6.138679489310551
30,28,48,6.028006922373027
30,28,49,5.9514677418327055
30,28,50,5.929298260213793
30,28,51,5.910180290445732
30,28,52,5.855171865622908
30,28,53,5.779059437029303
30,28,54,5.694246722409331
30,28,55,5.719633627327458
30,28,56,5.641813271940195
30,28,57,5.580521520954351
30,28,58,5.617836453339935
30,28,59,5.617542981165464
30,28,60,5.647799429037894
30,28,61,5.733386700166082
30,28,62,5.660926664009849
30,28,63,6.408596129121652
30,28,64,6.347007284704001
30,28,65,6.388677603796861
30,28,66,6.31944139895883
30,28,67,6.243885963562747
30,28,68,6.236671594560716
30,28,69,6.168026236675272
30,28,70,6.131240252920617
30,28,71,6.073583848397484
30,28,72,6.041930222699878
30,28,73,6.0201573533303625
30,28,74,5.988674098785859
30,28,75,5.9487679247552165
30,28,76,5.89725151867535
30,28,77,5.846302463874321
30,28,78,6.267781984532099
30,28,79,6.217366454587068
30,28,80,6.1669295017466235
30,28,81,6.12178537804106
30,28,82,6.1167995647157705
30,28,83,6.100027096085348
30,28,84,6.04165578817843
30,28,85,5.996676251617188
30,28,86,5.989471287274709
30,28,87,6.043061138022669
30,28,88,6.035606870876345
30,28,89,6.136617828935092
30,28,90,6.102364148163731
30,28,91,6.048426706905152
30,28,92,6.007312414517235
30,28,93,6.136259085751359
30,28,94,6.118554896502437
30,28,95,6.083794319957005
30,28,96,6.037811259731666
30,28,97,6.1370655906657925
30,28,98,6.380240427216783
30,28,99,6.443434787945186
30,28,100,6.528253782697966
30,28,101,6.484113464927919
30,28,102,6.50037136615422
30,28,103,6.576982433475042
30,28,104,6.538564655230246
30,28,105,6.488154069591484
30,28,106,6.47296334767935
30,28,107,6.431770535225322
30,28,108,6.391159669758413
30,28,109,6.351640940552146
30,28,110,6.368948986784317
30,28,111,6.348934523428638
30,28,112,6.307491735918612
30,28,113,6.2754998521507925
30,28,114,6.227071830670267
30,28,115,6.224100270704631
30,28,116,6.27689964193813
30,28,117,6.249611175661661
30,28,118,6.22651766165507
30,28,119,6.190609504572736
30,28,120,6.15515691234582
30,28,121,6.336674585637983
30,28,122,6.30255377259385
30,28,123,6.284791371609212
30,28,124,6.305619964577112
30,28,125,6.301066351262152
30,28,126,6.280043234427678
30,28,127,6.285431773868668
30,28,128,6.251913323429119
30,28,129,6.23707958983493
30,28,130,6.226775438909224
30,28,131,6.248518124819109
30,28,132,6.212141964168395
30,28,133,6.212514656121781
30,28,134,6.219208940960065
30,28,135,6.1828316281073
30,28,136,6.182671854885378
30,28,137,6.165714206773097
30,28,138,6.162355408951011
30,28,139,6.138485617467689
30,28,140,6.102656437940593
30,28,141,6.076427694660962
30,28,142,6.056904651618094
30,28,143,6.103195839455282
30,28,144,6.231924477716264
30,28,145,6.204544418333685
30,28,146,6.196070887444702
30,28,147,6.180258764846837
30,28,148,6.191253861665459
30,28,149,6.214891643521314
30,28,150,6.2114394162954865
30,28,151,6.177935798105201
30,28,152,6.158938348258762
30,28,153,6.142747263082418
30,28,154,6.119705936133647
30,28,155,6.089067028554689
30,28,156,6.058815334183221
30,28,157,6.099112896101257
30,28,158,6.071096453912455
30,28,159,6.039129860135496
30,28,160,6.054135179681994
30,28,161,6.027607505532942
30,28,162,5.995912869381156
30,28,163,6.0031817375207766
30,28,164,5.99023347221647
30,28,165,5.977968874187224
30,28,166,5.9531236978237
30,28,167,5.9282699162708195
30,28,168,5.932878643033851
30,28,169,5.904647673476271
30,28,170,5.952212440469243
30,28,171,5.946799360837178
30,28,172,6.038587655684497
30,28,173,6.026830133453072
30,28,174,6.012184986554743
30,28,175,5.99387941175859
30,28,176,5.973119713850597
30,28,177,5.956936197656199
30,28,178,5.961827577337731
30,28,179,5.9573951206061
30,28,180,5.967578194287281
30,28,181,5.958002901133004
30,28,182,5.948120905042434
30,28,183,5.950188156584636
30,28,184,6.000721959370541
30,28,185,5.979292473849269
30,28,186,5.9564952500081265
30,28,187,5.940095818444535
30,28,188,5.929355597023486
30,28,189,5.9232067495633025
30,28,190,5.907850558384639
30,28,191,5.968329597561151
30,28,192,5.94290894903341
30,28,193,5.917695885525024
30,28,194,5.899791477683218
30,28,195,6.22061316890813
30,28,196,6.208369116670235
30,28,197,6.186836365738207
30,28,198,6.177274323195017
30,28,199,6.423018433010817
30,28,200,6.412095903202488
30,28,201,6.38987590782843
30,28,202,6.389539890308561
30,28,203,6.386574865044224
30,28,204,6.365871487079461
30,28,205,6.512131622707882
30,28,206,6.49592830762318
30,28,207,6.489093825996913
30,28,208,6.600208437510714
30,28,209,6.590171582923115
30,28,210,6.571442533450168
30,28,211,6.565336377142477
30,28,212,6.54938548625003
30,28,213,6.538118177443839
30,28,214,6.564240826347773
30,28,215,6.551388531318874
30,28,216,6.534224008341581
30,28,217,6.512494143251196
30,28,218,6.581762506935702
30,28,219,6.556397673718399
30,28,220,6.541415979838245
30,28,221,6.527539238829353
30,28,222,6.54433864039762
30,28,223,6.534424626621987
30,28,224,6.563276232925821
30,28,225,6.545284457194321
30,28,226,6.550404322913825
30,28,227,6.56527417819364
30,28,228,6.812869068792149
30,28,229,6.801666758620375
30,28,230,6.774660648369343
30,28,231,6.760422478192452
30,28,232,6.737219210827024
30,28,233,6.7190620130764485
30,28,234,6.705758861183333
30,28,235,6.685512734908326
30,28,236,6.6686218860103645
30,28,237,6.652389293115879
30,28,238,6.634951910483841
30,28,239,6.678766801201288
30,28,240,6.657644440818496
30,28,241,6.636467420787279
30,28,242,6.617286041889384
30,28,243,6.605301688806857
30,28,244,6.605331185832668
30,28,245,6.594467007191225
30,28,246,6.575284003995536
30,28,247,6.58877026077584
30,28,248,6.598901379731
30,28,249,6.592699728496692
30,28,250,6.56929434562904
30,28,251,6.560872326658007
30,28,252,6.5400463921704
30,28,253,6.540146794990645
30,28,254,6.524762611284696
30,28,255,6.507018219298718
30,28,256,6.488717960998928
30,28,257,6.497520920553226
30,28,258,6.478559596560618
30,28,259,6.4628602935366235
30,28,260,6.4446349512581635
30,28,261,6.428439922421352
30,28,262,6.40661823101548
30,28,263,6.430661800077114
30,28,264,6.410560652970747
30,28,265,6.392932470613283
30,28,266,6.374573510222774
30,28,267,6.4322729743424745
30,28,268,6.4232883100639855
30,28,269,6.4060845301925005
30,28,270,6.490806940875415
30,28,271,6.476041444856861
30,28,272,6.4625046072940995
30,28,273,6.442710516776096
30,28,274,6.455603505985436
30,28,275,6.439761998914827
30,28,276,6.457679968465854
30,28,277,6.453737731189301
30,28,278,6.466605897646937
30,28,279,6.465821225745269
30,28,280,6.458908420495973
30,28,281,6.439128699467954
30,28,282,6.427247503004723
30,28,283,6.415333903735405
30,28,284,6.415001280233185
30,28,285,6.396899587323468
30,28,286,6.381665783169233
30,28,287,6.375048502227342
30,28,288,6.356655006796444
30,28,289,6.345484313075686
30,28,290,6.338279552014709
30,28,291,6.320814495607888
30,28,292,6.309854849012617
30,28,293,6.325474492269378
30,28,294,6.306467256663878
30,28,295,6.296326599909841
30,28,296,6.3743037559868165
30,28,297,6.376442023656217
30,28,298,6.382645255307262
30,28,299,6.36682485303857
30,28,300,6.354142280295593
30,28,301,6.349033233324386
30,28,302,6.332331048297664
30,28,303,6.3196587729751466
30,28,304,6.31552208752444
30,28,305,6.307271856074201
30,28,306,6.2920618940170465
30,28,307,6.353147954338186
30,28,308,6.342644704773219
30,28,309,6.37110203903928
30,28,310,6.35783502768943
30,28,311,6.355948085573372
30,28,312,6.3464980526811114
30,28,313,6.351555273694437
30,28,314,6.335070618854908
30,28,315,6.319607029926873
30,28,316,6.316873942131142
30,28,317,6.305060113564447
30,28,318,6.424739123993202
30,28,319,6.408299847130544
30,28,320,6.395038444773936
30,28,321,6.397926414743005
30,28,322,6.386956647623863
30,28,323,6.372585288546308
30,28,324,6.355425021001276
30,28,325,6.343300176030032
30,28,326,6.3309248364065605
30,28,327,6.344084370564866
30,28,328,6.335321945121012
30,28,329,6.320632064541448
30,28,330,6.32485727425898
30,28,331,6.3159608599593335
30,28,332,6.308176204033868
30,28,333,6.299721769476699
30,28,334,6.285269104397904
30,28,335,6.419244534757687
30,28,336,6.406083816229775
30,28,337,6.456902722885323
30,28,338,6.443555075817268
30,28,339,6.484230499104418
30,28,340,6.467284554475624
30,28,341,6.468050879207714
30,28,342,6.455149682347516
30,28,343,6.440829222911488
30,28,344,6.448896758756702
30,28,345,6.4338590290222495
30,28,346,6.431331700426569
30,28,347,6.519258145012696
30,28,348,6.507517846073209
30,28,349,6.496803060470637
30,28,350,6.486229239568869
30,28,351,6.472685010221402
30,28,352,6.4571625125004735
30,28,353,6.478340045404747
30,28,354,6.483337949779416
30,28,355,6.473790761850121
30,28,356,6.459328380619203
30,28,357,6.4436690314501845
30,28,358,6.437013566222195
30,28,359,6.432927770475321
30,28,360,6.418321420390319
30,28,361,6.410550931532129
30,28,362,6.405079038580325
30,28,363,6.390934904046878
30,28,364,6.377326196573605
30,28,365,6.374661205231695
30,28,366,6.360377205680665
30,28,367,6.3525476985366485
30,28,368,6.350921431755944
30,28,369,6.349807230218445
30,28,370,6.342520264594334
30,28,371,6.331621280489758
30,28,372,6.319233748323504
30,28,373,6.3071940670983615
30,28,374,6.3019372049440365
30,28,375,6.293450014512283
30,28,376,6.291839115543085
30,28,377,6.281500401701662
30,28,378,6.411756452879818
30,28,379,6.404461024680743
30,28,380,6.390922718006656
30,28,381,6.377935062268719
30,28,382,6.377077465684442
30,28,383,6.376050755583601
30,28,384,6.3661112043457395
30,28,385,6.360189783425404
30,28,386,6.348096700839142
30,28,387,6.3438391394586695
30,28,388,6.3380637585881106
30,28,389,6.3468387943689635
30,28,390,6.339385999614087
30,28,391,6.330686281385989
30,28,392,6.317468928638081
30,28,393,6.327087199144881
30,28,394,6.319839095213517
30,28,395,6.317992085490738
30,28,396,6.321628996511364
30,28,397,6.3854571856387565
30,28,398,6.4014718513653035
30,28,399,6.3877954113063815
30,28,400,6.3822519140927545
30,28,401,6.369343043128328
30,28,402,6.378007841343778
30,28,403,6.371170274227872
30,28,404,6.406417454093706
30,28,405,6.395867374190823
30,28,406,6.392357755935974
30,28,407,6.382254668155744
30,28,408,6.393470156553121
30,28,409,6.381246187680495
30,28,410,6.371389342498332
30,28,411,6.36421144894649
30,28,412,6.363420996631216
30,28,413,6.352744932592761
30,28,414,6.352036089594169
30,28,415,6.349453343189671
30,28,416,6.3368320221146055
30,28,417,6.32570978569258
30,28,418,6.33548460561933
30,28,419,6.330083619356221
30,28,420,6.32318825602023
30,28,421,6.314577245434971
30,28,422,6.33017817983799
30,28,423,6.33555574567311
30,28,424,6.324295063381056
30,28,425,6.321971535405294
30,28,426,6.315421162114611
30,28,427,6.3424982284126665
30,28,428,6.374099934347135
30,28,429,6.379475060139671
30,28,430,6.372972239437066
30,28,431,6.361780193185327
30,28,432,6.349971280113652
30,28,433,6.340126393996958
30,28,434,6.329089828552267
30,28,435,6.327511750288365
30,28,436,6.3162997611948954
30,28,437,6.307054577526651
30,28,438,6.299229249193042
30,28,439,6.348050683202287
30,28,440,6.39440318089351
30,28,441,6.393165690327956
30,28,442,6.397574036185424
30,28,443,6.385921592889029
30,28,444,6.410160561501451
30,28,445,6.399629879956081
30,28,446,6.389138738991637
30,28,447,6.435008125933639
30,28,448,6.429420509801899
30,28,449,6.421573446599083
30,28,450,6.411379836320271
30,28,451,6.418443749167278
30,28,452,6.406613896273497
30,28,453,6.396651812000476
30,28,454,6.390182830568232
30,28,455,6.382356364924907
30,28,456,6.372338085864396
30,28,457,6.365461886081754
30,28,458,6.363459000682875
30,28,459,6.358937845241561
30,28,460,6.3527296788443035
30,28,461,6.352904157054398
30,28,462,6.342012640378171
30,28,463,6.3412042394524955
30,28,464,6.3318381018681364
30,28,465,6.322519047053729
30,28,466,6.312890686099219
30,28,467,6.309380418706911
30,28,468,6.300133932713164
30,28,469,6.301352531844819
30,28,470,6.289855965936608
30,28,471,6.279491634817891
30,28,472,6.271521814251115
30,28,473,6.2893759254615
30,28,474,6.280984841582566
30,28,475,6.271235778423977
30,28,476,6.291352161830254
30,28,477,6.283971530364017
30,28,478,6.2773748632809605
30,28,479,6.2677868301240425
30,28,480,6.259398309633786
30,28,481,6.248636042206299
30,28,482,6.238453593404022
30,28,483,6.22743344099148
30,28,484,6.219687491897862
30,28,485,6.2089738543555155
30,28,486,6.2055150973537625
30,28,487,6.198224178882571
30,28,488,6.19400684121058
30,28,489,6.183751954899356
30,28,490,6.189158862820975
30,28,491,6.193725490062415
30,28,492,6.182968482524345
30,28,493,6.370827389621208
30,28,494,6.403838138837432
30,28,495,6.397184474032428
30,28,496,6.455863042245344
30,28,497,6.447164657007301
30,28,498,6.439757548697749
30,28,499,6.429418495618783
30,28,500,6.452757513680527
30,28,501,6.451859485150111
30,28,502,6.465754855660177
30,28,503,6.459013762539054
30,28,504,6.470649588925032
30,28,505,6.461130969101785
30,28,506,6.452473953395156
30,28,507,6.448772557417496
30,28,508,6.516699981458802
30,28,509,6.506225924835284
30,28,510,6.496755918572883
30,28,511,6.494312084006912
30,28,512,6.554756332678516
30,28,513,6.586607728172603
30,28,514,6.584411373355639
30,28,515,6.5825707662037205
30,28,516,6.605330369403712
30,28,517,6.5973755703268315
30,28,518,6.591259813007166
30,28,519,6.582759935291396
30,28,520,6.581424168355943
30,28,521,6.570619088685862
30,28,522,6.561385137466816
30,28,523,6.5551154817414385
30,28,524,6.627910545170219
30,28,525,6.619595456027513
30,28,526,6.62606483670765
30,28,527,6.665565429141837
30,28,528,6.655385535505244
30,28,529,6.664171170644548
30,28,530,6.691874578529507
30,28,531,6.6826620199822155
30,28,532,6.681872738552103
30,28,533,6.672625133887702
30,28,534,6.669590978749163
30,28,535,6.6596531211937195
30,28,536,6.649784083705274
30,28,537,6.640354580103785
30,28,538,6.634005125959244
30,28,539,6.627106407259099
30,28,540,6.626086624147722
30,28,541,6.620342233604477
30,28,542,6.612741396430357
30,28,543,6.620626271791545
30,28,544,6.621761646909539
30,28,545,6.624121149335846
30,28,546,6.625862788891213
30,28,547,6.617573101901739
30,28,548,6.622587649719846
30,28,549,6.615022374601823
30,28,550,6.606272318234212
30,28,551,6.598553233984156
30,28,552,6.589777185019543
30,28,553,6.613530285272973
30,28,554,6.6101836294080725
30,28,555,6.6157098010235105
30,28,556,6.605713588866813
30,28,557,6.600803359018096
30,28,558,6.5916341016902935
30,28,559,6.5888992337715
30,28,560,6.5797186490914905
30,28,561,6.793769103401016
30,28,562,6.827935613963272
30,28,563,6.823791335707086
30,28,564,6.814316207287162
30,28,565,6.807583450986802
30,28,566,6.799205051983357
30,28,567,6.791709668316907
30,28,568,6.790968408916734
30,28,569,7.181463962507307
30,28,570,7.182267014597494
30,28,571,7.178277596734433
30,28,572,7.1707804665617925
30,28,573,7.164134017773263
30,28,574,7.155592082889901
30,28,575,7.145545269036545
30,28,576,8.733528846430222
30,28,577,8.725732790009209
30,28,578,8.715051556151252
30,28,579,8.701970812017397
30,28,580,8.710412726412095
30,28,581,8.717084972652659
30,28,582,8.705209221232746
30,28,583,8.694366112495624
30,28,584,8.687027433938995
30,28,585,8.677830020762094
30,28,586,8.665225378715586
30,28,587,8.652614188129009
30,28,588,8.645333104087083
30,28,589,8.633803383032577
30,28,590,8.624719403823791
30,28,591,8.648000104318557
30,28,592,8.635201823566012
30,28,593,8.669901493331125
30,28,594,8.66601278581082
30,28,595,8.653347897334042
30,28,596,8.644078358821572
30,28,597,8.632168249434873
30,28,598,8.624077298320197
30,28,599,8.616960328107819
30,28,600,8.604753219609204
30,28,601,8.594746760056406
30,28,602,8.586522028360209
30,28,603,8.582133189849037
30,28,604,8.57928794046761
30,28,605,8.569184397251133
30,28,606,8.556932318520248
30,28,607,8.551245409217394
30,28,608,8.544270833977029
30,28,609,8.533847878752315
30,28,610,8.532763456947027
30,28,611,8.523935173191814
30,28,612,8.514148947545056
30,28,613,8.514116701539969
30,28,614,8.50214604468699
30,28,615,8.49311121601348
30,28,616,8.48497094472931
30,28,617,8.483195357070981
30,28,618,8.472557427065063
30,28,619,8.465475044367558
30,28,620,8.455234617760247
30,28,621,8.444228217760498
30,28,622,8.442481215413892
30,28,623,8.430546693964528
30,28,624,8.443754004226845
30,28,625,8.435578002163396
30,28,626,8.425293653867854
30,28,627,8.438362521901249
30,28,628,8.427523712973047
30,28,629,8.420090352029845
30,28,630,8.41967276435556
30,28,631,8.412103938572825
30,28,632,8.402365043377367
30,28,633,8.395792991865264
30,28,634,8.399283078726695
30,28,635,8.389582214576993
30,28,636,8.40148760451675
30,28,637,8.39009820414176
30,28,638,8.38553620995071
30,28,639,8.376347811091712
30,28,640,8.367442598834645
30,28,641,8.357059215347155
30,28,642,8.361220357911913
30,28,643,8.355570263460763
30,28,644,8.346480335720516
30,28,645,8.33666198516665
30,28,646,8.337862935361184
30,28,647,8.333993664815639
30,28,648,8.323483770147542
30,28,649,8.317070034583676
30,28,650,8.316134946024452
30,28,651,8.307069523319786
30,28,652,8.298620385475477
30,28,653,8.300272214750647
30,28,654,8.289221272884792
30,28,655,8.30038009383085
30,28,656,8.303803294746546
30,28,657,8.30119010241963
30,28,658,8.291251365751656
30,28,659,8.280322719493105
30,28,660,8.271102507820137
30,28,661,8.276383551526987
30,28,662,8.266785502559745
30,28,663,8.259197170748376
30,28,664,8.248701876225182
30,28,665,8.26786642311907
30,28,666,8.256526357646644
30,28,667,8.248968609968655
30,28,668,8.24144125758293
30,28,669,8.232538992366816
30,28,670,8.231188419631717
30,28,671,8.225328239889526
30,28,672,8.215262852266372
30,28,673,8.2097856948722
30,28,674,8.199682480815145
30,28,675,8.195645324921664
30,28,676,8.187341084628127
30,28,677,8.191188847227371
30,28,678,8.197053278337492
30,28,679,8.191970424796999
30,28,680,8.181604243499592
30,28,681,8.17215924591706
30,28,682,8.319517941321285
30,28,683,8.311305150665373
30,28,684,8.304827765397011
30,28,685,8.295635009532958
30,28,686,8.29838320238302
30,28,687,8.29188113336673
30,28,688,8.283889004181226
30,28,689,8.274238234690012
30,28,690,8.267818899504285
30,28,691,8.265183121796476
30,28,692,8.255078420868953
30,28,693,8.250696871538883
30,28,694,8.242571450220636
30,28,695,8.240612273885397
30,28,696,8.237305729430098
30,28,697,8.26931139066275
30,28,698,8.261725362828752
30,28,699,8.254807509164701
30,28,700,8.252571246350126
30,28,701,8.24291428767041
30,28,702,8.232528743166348
30,28,703,8.224059795301873
30,28,704,8.220897583738223
30,28,705,8.231237240680299
30,28,706,8.223360936922784
30,28,707,8.216762641187833
30,28,708,8.208459927847882
30,28,709,8.20075982623141
30,28,710,8.191745338126747
30,28,711,8.187311438719165
30,28,712,8.18321234488805
30,28,713,8.185838431633968
30,28,714,8.184394553921246
30,28,715,8.175908962144488
30,28,716,8.18432360825495
30,28,717,8.188331508788407
30,28,718,8.178400819465871
30,28,719,8.17249329453637
30,28,720,8.16468050529445
30,28,721,8.186872759500552
30,28,722,8.212044832442375
30,28,723,8.205388610194431
30,28,724,8.199179131603339
30,28,725,8.193209408275527
30,28,726,8.183193702809534
30,28,727,8.207279217531003
30,28,728,8.227639315272553
30,28,729,8.219744059232072
30,28,730,8.213586193159383
30,28,731,8.203831643202681
30,28,732,8.197048864900397
30,28,733,8.197768749785645
30,28,734,8.189118300185203
30,28,735,8.180121803419517
30,28,736,8.17159623709175
30,28,737,8.192761005511956
30,28,738,8.184186246882078
30,28,739,8.178963841260055
30,28,740,8.172121092565964
30,28,741,8.170507420632566
30,28,742,8.16601420235531
30,28,743,8.157786341938182
30,28,744,8.170827327468894
30,28,745,8.167941178939838
30,28,746,8.163188288265474
30,28,747,8.158398211550194
30,28,748,8.16018444887048
30,28,749,8.15130029605406
30,28,750,8.178831477509396
30,28,751,8.16959308667204
30,28,752,8.160850159914204
30,28,753,8.15167410241009
30,28,754,8.14461695566816
30,28,755,8.137561774683283
30,28,756,8.132601861696456
30,28,757,8.124427207837229
30,28,758,8.122406595507762
30,28,759,8.114934779020755
30,28,760,8.111277553044546
30,28,761,8.186120736933608
30,28,762,8.181529037641182
30,28,763,8.173301362558005
30,28,764,8.16620151579471
30,28,765,8.157640453475956
30,28,766,8.150086912909577
30,28,767,8.140799533081406
30,28,768,8.132748000510517
30,28,769,8.123865875319295
30,28,770,8.150870549349577
30,28,771,8.151881183386013
30,28,772,8.147464941968389
30,28,773,8.140039666811855
30,28,774,8.131308358647367
30,28,775,8.124881347452646
30,28,776,8.118513284094279
30,28,777,8.11923944993701
30,28,778,8.117979876221572
30,28,779,8.128486697037651
30,28,780,8.122054462721561
30,28,781,8.121659479011406
30,28,782,8.117250538285083
30,28,783,8.111196088661337
30,28,784,8.107682971338157
30,28,785,8.103729076915855
30,28,786,8.10819290797986
30,28,787,8.100390955376346
30,28,788,8.093919610553067
30,28,789,8.087141335650339
30,28,790,8.086149593495056
30,28,791,8.080051861483236
30,28,792,8.073688065479933
30,28,793,8.099599194793932
30,28,794,8.097810937693271
30,28,795,8.092159386028735
30,28,796,8.090858296499421
30,28,797,8.09312584544221
30,28,798,8.08497649798733
30,28,799,8.076420270181014
30,28,800,8.068291398897168
30,28,801,8.071686134353678
30,28,802,8.063326007738803
30,28,803,8.054976479643832
30,28,804,8.058028489277074
30,28,805,8.053206873906372
30,28,806,8.044527668484424
30,28,807,8.039813295903127
30,28,808,8.031591437834114
30,28,809,8.02457565542768
30,28,810,8.01569777338187
30,28,811,8.009867160384777
30,28,812,8.004894101857127
30,28,813,8.010263810903309
30,28,814,8.008085710194042
30,28,815,8.000892811475719
30,28,816,7.993710320572343
30,28,817,7.986187269050423
30,28,818,7.9802953428742285
30,28,819,7.974155257882876
30,28,820,7.968631077141584
30,28,821,7.961099406056151
30,28,822,7.954259042371516
30,28,823,7.947049079424683
30,28,824,7.947999111946869
30,28,825,7.948831883432141
30,28,826,7.942232404178569
30,28,827,7.935862237586514
30,28,828,7.928496478717873
30,28,829,7.9215382719640415
30,28,830,7.914039857151769
30,28,831,7.9059877779114
30,28,832,7.901304270933928
30,28,833,7.893408538885553
30,28,834,7.89837344381494
30,28,835,7.890932399359171
30,28,836,7.8833458318766345
30,28,837,7.874893054353762
30,28,838,7.909026653525317
30,28,839,7.902945915223446
30,28,840,7.8963322937389355
30,28,841,7.890935134288932
30,28,842,7.886646566607607
30,28,843,7.880808807740115
30,28,844,7.879540404622987
30,28,845,7.872747762277049
30,28,846,7.8774283360290935
30,28,847,7.882367067831534
30,28,848,7.88802424695134
30,28,849,7.881469554666806
30,28,850,7.874038744473469
30,28,851,7.867395340709486
30,28,852,7.862349586754131
30,28,853,7.860867415295111
30,28,854,7.90360747289427
30,28,855,7.897059698262397
30,28,856,7.889971484833861
30,28,857,7.882071180371184
30,28,858,7.886472268862873
30,28,859,7.892518205861755
30,28,860,7.884668182431701
30,28,861,7.884876757087846
30,28,862,7.8770999163864746
30,28,863,7.880012427202002
30,28,864,7.873313632504242
30,28,865,7.866082251020844
30,28,866,7.8581034652965664
30,28,867,7.850414755049174
30,28,868,7.877992465246838
30,28,869,7.874080372527645
30,28,870,7.8671385154580316
30,28,871,7.8844867710386675
30,28,872,7.898883551496342
30,28,873,7.892212709981472
30,28,874,7.901954883453826
30,28,875,7.905990812687135
30,28,876,7.914141927868739
30,28,877,7.907302485294156
30,28,878,7.901502961504198
30,28,879,7.8949123349658095
30,28,880,7.889324853498805
30,28,881,7.881900141514871
30,28,882,7.87798231044562
30,28,883,7.960473213381681
30,28,884,7.952333964815429
30,28,885,7.9458361559770685
30,28,886,7.949038315278593
30,28,887,7.941332963398963
30,28,888,7.936152971771506
30,28,889,7.940767502342699
30,28,890,7.933651898744747
30,28,891,7.9523928468619545
30,28,892,7.946255614895395
30,28,893,7.9405701359124885
30,28,894,7.936828826938712
30,28,895,7.932914717397193
30,28,896,7.927725460940991
30,28,897,7.923387988249697
30,28,898,7.915914680952851
30,28,899,8.017747004981304
30,28,900,8.010677896998994
30,28,901,8.003350414911854
30,28,902,7.995452817906517
30,28,903,7.989228924730846
30,28,904,7.984193589033389
30,28,905,7.977227089910273
30,28,906,7.97121920885808
30,28,907,7.9693213644943945
30,28,908,7.979403852489885
30,28,909,7.974277772904739
30,28,910,7.981164975920218
30,28,911,7.9832715310669045
30,28,912,7.97711684000882
30,28,913,7.972264678817038
30,28,914,7.9649441775134155
30,28,915,7.95848042854395
30,28,916,7.950923060685218
30,28,917,8.012755575888201
30,28,918,8.006097537735295
30,28,919,8.000804570083073
30,28,920,7.993338967208638
30,28,921,7.986207605871538
30,28,922,7.981816236918768
30,28,923,7.978513724386374
30,28,924,7.971288354409359
30,28,925,7.985944070922994
30,28,926,7.978418565396048
30,28,927,7.976032011164524
30,28,928,7.970340844400047
30,28,929,8.061468993437485
30,28,930,8.055380838949898
30,28,931,8.051117028265924
30,28,932,8.043419405089573
30,28,933,8.045996247291828
30,28,934,8.044089753135514
30,28,935,8.037250794511255
30,28,936,8.030467793390889
30,28,937,8.023307189962022
30,28,938,8.016683337162155
30,28,939,8.012302703627226
30,28,940,8.015140193642818
30,28,941,8.009577326005727
30,28,942,8.003079446979493
30,28,943,7.995911892445897
30,28,944,7.994663116255376
30,28,945,7.992296858263749
30,28,946,7.986847049735124
30,28,947,7.980078134223767
30,28,948,7.973530918655258
30,28,949,7.9711668981720605
30,28,950,7.987132729889843
30,28,951,7.981113920085355
30,28,952,7.974193148940181
30,28,953,7.967156743516096
30,28,954,7.961933331163205
30,28,955,7.95906201233631
30,28,956,7.952556053039175
30,28,957,7.947955299218403
30,28,958,7.94586536234002
30,28,959,7.944714889694064
30,28,960,7.94231716221606
30,28,961,7.94693731756527
30,28,962,7.939815405418936
30,28,963,7.933953402850662
30,28,964,7.94171505257113
30,28,965,7.935663890433738
30,28,966,7.933184700447012
30,28,967,7.927517158834188
30,28,968,7.921226269455756
30,28,969,7.916438601136421
30,28,970,7.920411320329852
30,28,971,7.916764188303875
30,28,972,7.916257000696794
30,28,973,7.910042694302573
30,28,974,7.906342904249611
30,28,975,7.899813674611213
30,28,976,7.904923801259604
30,28,977,7.898273911765907
30,28,978,7.89220400612561
30,28,979,7.888411191907165
30,28,980,7.882291484796035
30,28,981,7.876877627874895
30,28,982,7.870693841261413
30,28,983,7.871356112835173
30,28,984,7.864710687409025
30,28,985,7.858956698048422
30,28,986,7.853228645760005
30,28,987,7.846127043352821
30,28,988,7.845119640219817
30,28,989,7.839724732119767
30,28,990,7.889618383693391
30,28,991,7.884475715940899
30,28,992,7.878032442764083
30,28,993,7.875431241851073
30,28,994,7.869338877930661
30,28,995,7.863789252912687
30,28,996,7.872138575598588
30,28,997,7.876557013858779
30,28,998,7.871585222073927
30,28,999,7.87441717376375
30,28,1000,7.885876381814605
30,28,1001,7.879202799294068
30,28,1002,7.872634866282008
30,28,1003,7.874747540899727
30,28,1004,7.8734903587187395
30,28,1005,7.869350482764888
30,28,1006,7.867519148726217
30,28,1007,7.860890922862488
30,28,1008,7.854920892544609
30,28,1009,7.933381603771848
30,28,1010,7.927029992269392
30,28,1011,7.920590420393729
30,28,1012,7.9155917207329285
30,28,1013,7.9113001813439014
30,28,1014,7.904855706287557
30,28,1015,7.898528372120208
30,28,1016,7.8971136760505525
30,28,1017,7.892159299439115
30,28,1018,7.887501693350491
30,28,1019,7.881835780092292
30,28,1020,7.877298410053167
30,28,1021,7.874896325798772
30,28,1022,7.870710784009877
30,28,1023,7.868514956959777
30,28,1024,7.863912625486996
30,28,1025,7.8580095978350535
30,28,1026,7.851838983218916
30,28,1027,7.849366652923346
30,28,1028,7.8530051089357755
30,28,1029,7.8540195142694404
30,28,1030,7.852540381329637
30,28,1031,7.8496347298690345
30,28,1032,7.844877518660222
30,28,1033,7.839816806672191
30,28,1034,7.850580605754044
30,28,1035,7.845496154126062
30,28,1036,7.843592935195266
30,28,1037,7.836906008921503
30,28,1038,7.84772202355929
30,28,1039,7.841236055417509
30,28,1040,7.836150610279995
30,28,1041,7.830021942823582
30,28,1042,7.82779794935299
30,28,1043,7.851444320469267
30,28,1044,7.852780651958874
30,28,1045,7.84957973156523
30,28,1046,7.844207266798498
30,28,1047,7.842322393662996
30,28,1048,7.837599329257188
30,28,1049,7.833222073864004
30,28,1050,7.8281269477481
30,28,1051,7.823636783341913
30,28,1052,7.82027197898523
30,28,1053,7.814371878858695
30,28,1054,7.811481612503891
30,28,1055,7.806618418446921
30,28,1056,7.802535401757802
30,28,1057,7.799200354224299
30,28,1058,7.793164868674022
30,28,1059,7.786875648938084
30,28,1060,7.781359919060898
30,28,1061,7.778668466536173
30,28,1062,7.77354525851979
30,28,1063,7.767358538697882
30,28,1064,7.761068075225221
30,28,1065,7.763319327195572
30,28,1066,7.7623399675853175
30,28,1067,7.756585023542053
30,28,1068,7.755365949530937
30,28,1069,7.749672763113197
30,28,1070,7.745155950628259
30,28,1071,7.740543788123292
30,28,1072,7.735245911530983
30,28,1073,7.729777235673337
30,28,1074,7.724871258692448
30,28,1075,7.719055940011353
30,28,1076,7.7151253270822835
30,28,1077,7.708732761361914
30,28,1078,7.7147627466395265
30,28,1079,7.713395730426501
30,28,1080,7.70879812794131
30,28,1081,7.706044548505774
30,28,1082,7.700275677415534
30,28,1083,7.696978465882134
30,28,1084,7.692300628262272
30,28,1085,7.690777600162007
30,28,1086,7.68472074641487
30,28,1087,7.6787811442083695
30,28,1088,7.672630776524172
30,28,1089,7.667786402996105
30,28,1090,7.662888753229154
30,28,1091,7.6578801418907645
30,28,1092,7.6617801382068365
30,28,1093,7.663188499522916
30,28,1094,7.658260547380643
30,28,1095,7.6521377226412906
30,28,1096,7.651662139102336
30,28,1097,7.64605976369617
30,28,1098,7.642938351155024
30,28,1099,7.639105418184255
30,28,1100,7.6720196600073525
30,28,1101,7.667679893694203
30,28,1102,7.662889171975664
30,28,1103,7.657332692517431
30,28,1104,7.6519535104718726
30,28,1105,7.648155267472198
30,28,1106,7.64256456181107
30,28,1107,7.64024254341724
30,28,1108,7.636248821467571
30,28,1109,7.631060346899143
30,28,1110,7.627578950915566
30,28,1111,7.621802701105629
30,28,1112,7.6169746902084325
30,28,1113,7.612573029568988
30,28,1114,7.607842114844574
30,28,1115,7.604232387697882
30,28,1116,7.600489343912342
30,28,1117,7.594773190252475
30,28,1118,7.589124827997183
30,28,1119,7.601724136233598
30,28,1120,7.5973294369235695
30,28,1121,7.60208723899524
30,28,1122,7.597427534183613
30,28,1123,7.592092759892505
30,28,1124,7.589755489625648
30,28,1125,7.585218469945116
30,28,1126,7.580592492133232
30,28,1127,7.580380977919906
30,28,1128,7.5799752710578225
30,28,1129,7.5756273862597805
30,28,1130,7.597235223911196
30,28,1131,7.593011260421519
30,28,1132,7.592397663350786
30,28,1133,7.588017855461696
30,28,1134,7.584063195908134
30,28,1135,7.582825398730267
30,28,1136,7.577558764770555
30,28,1137,7.579848548246546
30,28,1138,7.57580114540008
30,28,1139,7.5729817574296225
30,28,1140,7.567731528038289
30,28,1141,7.6519315824463
30,28,1142,7.649137739567357
30,28,1143,7.644668470540118
30,28,1144,7.642348721994959
30,28,1145,7.638451237150657
30,28,1146,7.633861171994075
30,28,1147,7.628351020070961
30,28,1148,7.62275520026107
30,28,1149,7.617649640182639
30,28,1150,7.618969430006898
30,28,1151,7.613685060679037
30,28,1152,7.614241925425819
30,28,1153,7.611107713532031
30,28,1154,7.607471957232299
30,28,1155,7.601433936459495
30,28,1156,7.596152106381475
30,28,1157,7.602297101367821
30,28,1158,7.597985013449275
30,28,1159,7.596981811745964
30,28,1160,7.598393682691626
30,28,1161,7.593210494109822
30,28,1162,7.587910371271071
30,28,1163,7.582657047838868
30,28,1164,7.579931832317444
30,28,1165,7.575194797873195
30,28,1166,7.581606926037651
30,28,1167,7.58144895341901
30,28,1168,7.577034304140375
30,28,1169,7.576245793089464
30,28,1170,7.585720391080648
30,28,1171,7.580868387497344
30,28,1172,7.577298955663263
30,28,1173,7.577753361556884
30,28,1174,7.572803163575493
30,28,1175,7.570398376738754
30,28,1176,7.564646497346801
30,28,1177,7.561591216301263
30,28,1178,7.556645597127578
30,28,1179,7.552196368764522
30,28,1180,7.547823829044413
30,28,1181,7.54288136053307
30,28,1182,7.544617260508822
30,28,1183,7.538923227403347
30,28,1184,7.538079997243696
30,28,1185,7.536756214037877
30,28,1186,7.532090152568392
30,28,1187,7.528068173287138
30,28,1188,7.523494995413071
30,28,1189,7.518603110505026
30,28,1190,7.538374309419024
30,28,1191,7.533312987124793
30,28,1192,7.533366183567653
30,28,1193,7.528344117335415
30,28,1194,7.542891085728639
30,28,1195,7.538649613970048
30,28,1196,7.7073299338354415
30,28,1197,7.702988630553474
30,28,1198,7.699430616590276
30,28,1199,7.694451299774543
30,28,1200,7.701923325496311
30,29,1,4.372097152031525
30,29,2,3.031503097195209
30,29,3,6.758697007968341
30,29,4,5.413010804283791
30,29,5,9.64044430541299
30,29,6,8.250236952531763
30,29,7,7.803804031596566
30,29,8,9.707557955517483
30,29,9,9.916822101161646
30,29,10,9.174886528072424
30,29,11,8.436063493432462
30,29,12,10.163743799868046
30,29,13,9.495622597683008
30,29,14,11.393312731420583
30,29,15,12.707282247742278
30,29,16,12.241140877457852
30,29,17,11.636149267217734
30,29,18,39.66627687331749
30,29,19,40.21657892432224
30,29,20,39.51701609884074
30,29,21,38.970349255001615
30,29,22,37.60158599375884
30,29,23,36.017827523036274
30,29,24,34.87338620404227
30,29,25,33.718381792851844
30,29,26,32.49043114907721
30,29,27,31.52563979313521
30,29,28,30.551517001046896
30,29,29,29.531776097066047
30,29,30,32.671393381843515
30,29,31,31.736795901713148
30,29,32,30.953955505208853
30,29,33,30.119007747648315
30,29,34,29.27130073943526
30,29,35,28.621618780765036
30,29,36,29.917244765565393
30,29,37,29.39705765630332
30,29,38,28.724726560292808
30,29,39,28.506522528585993
30,29,40,27.897055490846093
30,29,41,27.316940909460456
30,29,42,26.89995878215206
30,29,43,26.538964664703624
30,29,44,26.077791808319102
30,29,45,25.623740153378538
30,29,46,25.18220689744922
30,29,47,25.6657923973275
30,29,48,25.14807022019816
30,29,49,24.7935465087292
30,29,50,24.43171984434416
30,29,51,24.33930453997482
30,29,52,23.935830096999137
30,29,53,24.16291818904838
30,29,54,23.748814178213724
30,29,55,23.391171816856012
30,29,56,23.002261947198065
30,29,57,22.857919278505495
30,29,58,22.80863073794401
30,29,59,22.51923390481589
30,29,60,22.813594909062584
30,29,61,22.673084171414693
30,29,62,22.34218376510496
30,29,63,22.06223269303873
30,29,64,21.75178708729446
30,29,65,21.602708957859168
30,29,66,21.329719708447524
30,29,67,21.07895015851672
30,29,68,20.880337372613027
30,29,69,20.74148589985175
30,29,70,20.491500486340556
30,29,71,20.23858736833626
30,29,72,20.03387158236303
30,29,73,19.8107135296176
30,29,74,19.592118046782694
30,29,75,19.37564352297627
30,29,76,19.368164213613117
30,29,77,19.165430099108423
30,29,78,19.420729176891367
30,29,79,19.23485308014414
30,29,80,19.02181962504738
30,29,81,18.853715338738795
30,29,82,18.7241294902682
30,29,83,18.53920397256611
30,29,84,18.37669343968001
30,29,85,18.42233356556191
30,29,86,18.27584710823412
30,29,87,18.175685852533952
30,29,88,18.048390448784303
30,29,89,18.035768698258657
30,29,90,17.912811559561497
30,29,91,17.746969650917144
30,29,92,17.661726768300852
30,29,93,17.61993564669158
30,29,94,17.481706436044284
30,29,95,17.580067254834862
30,29,96,17.409787487220868
30,29,97,17.395975579667695
30,29,98,17.526433081040157
30,29,99,17.73385004510933
30,29,100,17.835477627073978
30,29,101,17.777354472610792
30,29,102,17.670664426766432
30,29,103,17.633052581663044
30,29,104,17.492234533272885
30,29,105,17.33967921382486
30,29,106,17.216307356762417
30,29,107,17.10571497614071
30,29,108,17.011050160345427
30,29,109,16.895188589120245
30,29,110,17.499107481023287
30,29,111,17.585485817412202
30,29,112,17.443810694271175
30,29,113,17.321657699028105
30,29,114,17.176473349393532
30,29,115,17.065875247216518
30,29,116,16.977697988678266
30,29,117,16.85879086367495
30,29,118,16.742853016112363
30,29,119,16.61793376715201
30,29,120,16.531814921264388
30,29,121,16.621690244863764
30,29,122,16.507183365681982
30,29,123,16.41434751047925
30,29,124,16.30990912217639
30,29,125,16.926546687129594
30,29,126,16.81711960497638
30,29,127,16.824576239232105
30,29,128,16.743779612995684
30,29,129,16.663642298496583
30,29,130,16.58005905906204
30,29,131,16.782210540455225
30,29,132,16.77575891969024
30,29,133,16.677618248729004
30,29,134,16.611232492384325
30,29,135,16.49863420251835
30,29,136,16.393335283730835
30,29,137,16.30267465854245
30,29,138,16.21449509830558
30,29,139,16.642194690047408
30,29,140,16.533064056287486
30,29,141,16.44386223420493
30,29,142,16.35126837351626
30,29,143,16.3127797764723
30,29,144,16.415972318430377
30,29,145,16.319887732397127
30,29,146,16.238997775746473
30,29,147,16.143957426944652
30,29,148,16.16824006964949
30,29,149,16.119751067904968
30,29,150,16.17350311093494
30,29,151,16.131795617119412
30,29,152,16.06398285841702
30,29,153,15.989184679358539
30,29,154,15.921219501224611
30,29,155,15.852425588655636
30,29,156,15.848011192584549
30,29,157,22.07245562391018
30,29,158,21.989191015523044
30,29,159,21.897572262694293
30,29,160,21.82252587246385
30,29,161,21.69874777527396
30,29,162,21.57368823270938
30,29,163,21.46449957951869
30,29,164,21.421536896171208
30,29,165,21.31124596078279
30,29,166,21.20859671195513
30,29,167,21.13998921643716
30,29,168,21.074064185167007
30,29,169,20.955204314624226
30,29,170,20.915997233091304
30,29,171,20.831104520248175
30,29,172,20.73632099985262
30,29,173,20.662223022337574
30,29,174,20.606488068630785
30,29,175,20.509031684287212
30,29,176,20.40723963979898
30,29,177,21.97503588496385
30,29,178,21.889092614791558
30,29,179,21.79639747924436
30,29,180,21.81138066333532
30,29,181,21.720498173482593
30,29,182,21.674701267586784
30,29,183,21.67228017609854
30,29,184,21.661706926450705
30,29,185,21.596775417386862
30,29,186,21.574237292907657
30,29,187,21.47522111909614
30,29,188,21.381837079708262
30,29,189,21.29372146986716
30,29,190,21.22191427297013
30,29,191,21.238208326055936
30,29,192,21.133272103828393
30,29,193,21.032469957288455
30,29,194,20.940910404000984
30,29,195,24.074207623306023
30,29,196,23.971911494736236
30,29,197,23.8711467746859
30,29,198,23.77230604090917
30,29,199,24.1311357940949
30,29,200,24.035921553664206
30,29,201,23.93143294741408
30,29,202,23.857841076061167
30,29,203,23.77152458579678
30,29,204,23.664680937532083
30,29,205,23.715647661016934
30,29,206,23.642253629378246
30,29,207,23.55805296220742
30,29,208,23.672337783946695
30,29,209,23.585637552836694
30,29,210,23.528724255562256
30,29,211,23.43580370865659
30,29,212,23.339205401709595
30,29,213,23.277360201145168
30,29,214,23.194062007459312
30,29,215,23.10337865073393
30,29,216,23.010171229952796
30,29,217,22.914750039476406
30,29,218,22.96099663889438
30,29,219,22.877236004558743
30,29,220,22.916766195210435
30,29,221,22.94279373575605
30,29,222,22.933834205466486
30,29,223,22.864874141256625
30,29,224,22.788282384066378
30,29,225,22.698321424925233
30,29,226,22.839724757053627
30,29,227,22.794331530785957
30,29,228,22.953980719791918
30,29,229,22.877238362465327
30,29,230,22.78071993554316
30,29,231,22.839090096575664
30,29,232,22.746661748127405
30,29,233,22.674609194463944
30,29,234,22.599660412110257
30,29,235,22.522648798846934
30,29,236,22.52252518566088
30,29,237,22.447401880778774
30,29,238,22.370115716131984
30,29,239,22.400801886811443
30,29,240,22.31523619143597
30,29,241,22.229197460596566
30,29,242,22.146528640038824
30,29,243,22.072862379063054
30,29,244,22.0071644753889
30,29,245,21.928175984551
30,29,246,21.8618722038619
30,29,247,21.832516910771176
30,29,248,21.8534434301457
30,29,249,21.9461907315195
30,29,250,21.861093454249712
30,29,251,21.79134006231934
30,29,252,21.709951062891825
30,29,253,21.649664695750346
30,29,254,21.612090680825453
30,29,255,21.544240223333308
30,29,256,21.468889925806
30,29,257,22.429348442090735
30,29,258,22.349532746949745
30,29,259,22.27232802266962
30,29,260,22.197383795773312
30,29,261,22.128655251785897
30,29,262,22.046924943508305
30,29,263,22.044398362540615
30,29,264,21.965208262351947
30,29,265,21.9192471304474
30,29,266,21.8444370425222
30,29,267,21.811446508501042
30,29,268,21.742679184347143
30,29,269,21.70957616336734
30,29,270,21.741821203998494
30,29,271,21.667931067574344
30,29,272,21.617703584682054
30,29,273,21.551011733133826
30,29,274,21.48927039779872
30,29,275,21.423466223389777
30,29,276,21.454783478583067
30,29,277,21.40593467498711
30,29,278,21.364997114649903
30,29,279,21.635338495452626
30,29,280,21.56956607628001
30,29,281,21.49910591109587
30,29,282,21.450447393216646
30,29,283,21.387080279240422
30,29,284,21.373193966299546
30,29,285,21.308611045822186
30,29,286,21.247411008237933
30,29,287,21.19257058222586
30,29,288,21.125183381196866
30,29,289,21.0669185649897
30,29,290,21.08744400736833
30,29,291,21.020306257491303
30,29,292,20.959578935288086
30,29,293,20.924978487850083
30,29,294,21.002688181238977
30,29,295,20.942813677731408
30,29,296,21.01701618437779
30,29,297,20.988182049613847
30,29,298,21.075978372270335
30,29,299,21.15936351130891
30,29,300,21.096818188754273
30,29,301,21.13086071401435
30,29,302,21.066055789647564
30,29,303,21.01708213404346
30,29,304,20.9692190320072
30,29,305,21.269898658167527
30,29,306,21.227101839948684
30,29,307,21.53482667043601
30,29,308,21.491680083192268
30,29,309,21.557860577013454
30,29,310,21.522064456495233
30,29,311,21.467620394408712
30,29,312,21.409947400603905
30,29,313,21.37226270583346
30,29,314,21.308220930212016
30,29,315,21.245499380861
30,29,316,21.228456634061263
30,29,317,21.168729051792365
30,29,318,78.24791219255961
30,29,319,78.00595176198843
30,29,320,77.76921217755428
30,29,321,77.5840851378621
30,29,322,77.4231351230333
30,29,323,77.19837230189958
30,29,324,76.97016335499514
30,29,325,76.74223738963607
30,29,326,76.52627480983209
30,29,327,76.4130275392961
30,29,328,76.19306212731823
30,29,329,75.96750910115361
30,29,330,75.76034802225105
30,29,331,75.5418126429717
30,29,332,75.32852627852466
30,29,333,75.10770575879357
30,29,334,74.89888913084557
30,29,335,74.86078870306935
30,29,336,74.66668649021395
30,29,337,74.56624052369823
30,29,338,74.35163833488849
30,29,339,74.20362664750542
30,29,340,74.02016040147626
30,29,341,73.85817174232517
30,29,342,73.65180154189143
30,29,343,73.94400626040958
30,29,344,73.90097261422429
30,29,345,73.70296579530758
30,29,346,73.51097105884922
30,29,347,73.7714317851328
30,29,348,73.56653112546711
30,29,349,73.36592275277326
30,29,350,73.16379695394328
30,29,351,72.9662750246124
30,29,352,72.83064432227977
30,29,353,72.6782596552119
30,29,354,72.52842272014823
30,29,355,72.33280269676744
30,29,356,72.13334166068766
30,29,357,71.93493113414726
30,29,358,71.75052628950546
30,29,359,71.58676181470902
30,29,360,71.40029465891865
30,29,361,71.21786348595441
30,29,362,71.03775574275959
30,29,363,70.84688680012596
30,29,364,70.65627767266993
30,29,365,70.47758421621208
30,29,366,70.29680898113553
30,29,367,70.12670636512527
30,29,368,69.95018063376486
30,29,369,69.778453476951
30,29,370,69.6011289074529
30,29,371,69.42176369652027
30,29,372,69.24225269438189
30,29,373,69.06881901986739
30,29,374,68.91322249987176
30,29,375,68.74416403102754
30,29,376,68.57472050757863
30,29,377,68.50614530829645
30,29,378,68.45276789159874
30,29,379,68.28129238872778
30,29,380,68.10504703423814
30,29,381,67.93038337038413
30,29,382,67.7679545306785
30,29,383,67.62653194191087
30,29,384,67.45857342770348
30,29,385,67.5252000213022
30,29,386,67.35479725168423
30,29,387,67.21007479735346
30,29,388,67.05067901382172
30,29,389,66.89845710890712
30,29,390,66.73164794122992
30,29,391,66.5698663074996
30,29,392,66.4042460743351
30,29,393,66.26027897452184
30,29,394,66.10052673273302
30,29,395,66.45898656234174
30,29,396,66.32113826880611
30,29,397,66.21323409184926
30,29,398,66.07836104542332
30,29,399,65.9151214816242
30,29,400,65.76258143764628
30,29,401,65.60600097963803
30,29,402,65.49427988378169
30,29,403,65.34081055101117
30,29,404,65.19416268390728
30,29,405,65.03833638522437
30,29,406,64.88923920148734
30,29,407,64.73825661971938
30,29,408,64.60545073591977
30,29,409,64.45086822683147
30,29,410,64.29896486856639
30,29,411,64.14710089136052
30,29,412,64.01172512396492
30,29,413,63.9464892632275
30,29,414,63.798972466180096
30,29,415,63.672912048909204
30,29,416,63.52296600304986
30,29,417,63.375504249250554
30,29,418,63.252296300642996
30,29,419,63.11045138005946
30,29,420,62.978051310342266
30,29,421,62.84380599231585
30,29,422,62.89871251837564
30,29,423,62.77077027238852
30,29,424,62.628013223644054
30,29,425,62.507395150076654
30,29,426,62.36805564424403
30,29,427,63.319432163788846
30,29,428,63.21865904208664
30,29,429,63.094379470304595
30,29,430,62.95561872427516
30,29,431,62.813392486004986
30,29,432,62.76210685588665
30,29,433,62.631044023750654
30,29,434,62.50042895511712
30,29,435,62.36805974635287
30,29,436,62.24515770393816
30,29,437,62.11161375872078
30,29,438,62.00664697501952
30,29,439,62.04510223893064
30,29,440,61.95514631014136
30,29,441,61.830895210225215
30,29,442,61.710030017197596
30,29,443,61.57643235308353
30,29,444,61.47591791566791
30,29,445,61.341051495811016
30,29,446,61.20731799489911
30,29,447,61.18998500582158
30,29,448,61.06731280723631
30,29,449,60.947383521945135
30,29,450,60.81691950811527
30,29,451,60.71121922298282
30,29,452,60.57902360814188
30,29,453,60.44966228449496
30,29,454,60.32368439409856
30,29,455,60.20510112853803
30,29,456,60.080697774236995
30,29,457,59.964242948705746
30,29,458,59.83973683221879
30,29,459,59.714912549718704
30,29,460,59.603803536915244
30,29,461,59.481048085180646
30,29,462,59.50876594111954
30,29,463,59.412021198266665
30,29,464,59.29139689759107
30,29,465,59.167435494816445
30,29,466,59.043829084822214
30,29,467,58.92755363719687
30,29,468,58.807979577473326
30,29,469,58.69844345783947
30,29,470,58.58002045733636
30,29,471,58.45874082588115
30,29,472,58.34014001533903
30,29,473,58.29514496559855
30,29,474,58.50009917240893
30,29,475,58.48480301474538
30,29,476,58.39621187450103
30,29,477,58.27932111449352
30,29,478,58.17014371838657
30,29,479,58.052874348577156
30,29,480,57.93710674585095
30,29,481,57.81880056841077
30,29,482,57.707271848228864
30,29,483,57.59122885545345
30,29,484,57.477363467795264
30,29,485,57.360788722186996
30,29,486,57.256325718088526
30,29,487,57.17008981729344
30,29,488,57.07043277811137
30,29,489,57.002504780058366
30,29,490,56.984733398960564
30,29,491,56.88159875846436
30,29,492,56.76799411267028
30,29,493,56.88217495302563
30,29,494,56.942767226636256
30,29,495,56.835084547248876
30,29,496,56.81087231340897
30,29,497,56.745471695200926
30,29,498,56.64954864115109
30,29,499,56.53998090672784
30,29,500,56.46203244958584
30,29,501,56.36073129150053
30,29,502,56.31136106279096
30,29,503,56.21265921154536
30,29,504,56.2056576339599
30,29,505,56.103571242884456
30,29,506,56.066707603544856
30,29,507,55.96470894015801
30,29,508,55.90737562996627
30,29,509,55.853458551653276
30,29,510,55.745865405253106
30,29,511,55.694261655628566
30,29,512,55.653639030917915
30,29,513,55.56025753695514
30,29,514,55.46892093738618
30,29,515,55.370836798117466
30,29,516,55.31037337794411
30,29,517,55.2088939494092
30,29,518,55.10953643153524
30,29,519,55.01046274481323
30,29,520,54.91499616267152
30,29,521,54.811174832739546
30,29,522,54.70832952992378
30,29,523,54.62853462243132
30,29,524,54.60153687441152
30,29,525,54.51190076914063
30,29,526,54.435815576756355
30,29,527,54.39997956674871
30,29,528,54.31770803970576
30,29,529,54.235296345880506
30,29,530,54.188502196350676
30,29,531,54.09589984761404
30,29,532,54.05812031639145
30,29,533,53.96638616589068
30,29,534,53.8749984559429
30,29,535,53.7777137839923
30,29,536,55.34960181953706
30,29,537,55.249481813967
30,29,538,55.15251952002194
30,29,539,55.056309464477096
30,29,540,54.965139103136295
30,29,541,54.87014920337697
30,29,542,54.78519596284403
30,29,543,54.712387980169076
30,29,544,54.629678389523185
30,29,545,54.555911282198736
30,29,546,54.46744816048346
30,29,547,54.37224527319149
30,29,548,54.29241031372543
30,29,549,54.22968727547862
30,29,550,54.21488443095762
30,29,551,54.12264880603294
30,29,552,54.03290589569347
30,29,553,53.9691302911702
30,29,554,53.879211215143734
30,29,555,53.888392442214695
30,29,556,53.79352813475806
30,29,557,53.71778650954518
30,29,558,53.62628132726927
30,29,559,53.53968317515958
30,29,560,53.449146205013506
30,29,561,53.610782575174554
30,29,562,53.683959393353135
30,29,563,53.59975897348574
30,29,564,53.507552012406755
30,29,565,53.421686890819
30,29,566,53.41147723125728
30,29,567,53.33290468554475
30,29,568,53.25129890208244
30,29,569,53.352306842659544
30,29,570,53.27714680303829
30,29,571,53.1878331478525
30,29,572,53.10430230741902
30,29,573,53.02001797793263
30,29,574,52.94341059355122
30,29,575,52.85827691021165
30,29,576,54.35400277955693
30,29,577,54.26700984959612
30,29,578,54.17695917866562
30,29,579,54.0860312290142
30,29,580,54.02871928891018
30,29,581,53.94458880190014
30,29,582,54.06678426173308
30,29,583,54.019588771562674
30,29,584,53.95052692315387
30,29,585,53.86813280454358
30,29,586,53.78081666281016
30,29,587,53.691656048649904
30,29,588,53.60782885519374
30,29,589,53.54074107487058
30,29,590,53.46178632973349
30,29,591,53.3848032216337
30,29,592,53.2981496372386
30,29,593,53.292357358714334
30,29,594,53.27634791387404
30,29,595,53.18926593252199
30,29,596,53.114188399465334
30,29,597,53.027913438868566
30,29,598,52.946222933291025
30,29,599,52.86392333216204
30,29,600,52.781482015589184
30,29,601,52.69787052104771
30,29,602,52.61629699158947
30,29,603,52.55581186869963
30,29,604,52.49382006193184
30,29,605,52.41492872467969
30,29,606,52.329997362816734
30,29,607,52.26001251776795
30,29,608,52.19042814129676
30,29,609,52.109093299685696
30,29,610,52.039090039533214
30,29,611,51.96307705125136
30,29,612,51.88249046757535
30,29,613,51.81875454345901
30,29,614,51.7368359681196
30,29,615,51.68583110863734
30,29,616,51.6095468912728
30,29,617,51.536959476316824
30,29,618,51.48181275373218
30,29,619,51.40508502180628
30,29,620,51.32851510460672
30,29,621,51.250641259150136
30,29,622,51.181042186348165
30,29,623,51.10066334377652
30,29,624,51.02327111210104
30,29,625,50.94962854288381
30,29,626,50.87577204915898
30,29,627,50.80023944820671
30,29,628,50.733460575559334
30,29,629,50.68113750419094
30,29,630,50.61580178378415
30,29,631,50.53958592361514
30,29,632,50.46300089363756
30,29,633,50.39562868133834
30,29,634,50.325954786462496
30,29,635,50.255230683308426
30,29,636,50.21539037030615
30,29,637,50.13940085109191
30,29,638,50.069692946199325
30,29,639,50.00405581303655
30,29,640,49.98080540510047
30,29,641,49.90589438099611
30,29,642,49.84570982937196
30,29,643,49.77598999683943
30,29,644,49.70251713650824
30,29,645,49.627883331413464
30,29,646,49.565189772982315
30,29,647,49.498297967416995
30,29,648,49.42502726166033
30,29,649,49.35523227750393
30,29,650,49.31500178248552
30,29,651,49.244096823663
30,29,652,49.19361260813193
30,29,653,49.14281727352411
30,29,654,49.10306216818797
30,29,655,49.04074918696855
30,29,656,48.98462261645978
30,29,657,48.92550582673819
30,29,658,48.85606205118109
30,29,659,49.23554618297137
30,29,660,49.16497562822667
30,29,661,49.123273988151446
30,29,662,49.051961999516145
30,29,663,48.98359045911368
30,29,664,48.92028630854188
30,29,665,48.86799387936554
30,29,666,48.80038081244241
30,29,667,48.732375560301776
30,29,668,48.665325564335326
30,29,669,48.595403362421166
30,29,670,48.533205109763706
30,29,671,48.492461266513715
30,29,672,48.42467635287521
30,29,673,48.35897338257007
30,29,674,48.35442554892789
30,29,675,48.29367440972717
30,29,676,48.22684090590946
30,29,677,48.16231607766508
30,29,678,48.11121513665676
30,29,679,48.047240137543554
30,29,680,47.97827762999497
30,29,681,47.931776526251774
30,29,682,48.30077755540833
30,29,683,48.236797333295996
30,29,684,48.173411024271886
30,29,685,48.11656491338118
30,29,686,48.062151468522316
30,29,687,47.99876361788326
30,29,688,47.93273552864366
30,29,689,47.87242494872861
30,29,690,47.8127722433108
30,29,691,47.75457407253199
30,29,692,47.692371098310076
30,29,693,47.63020044787486
30,29,694,47.56800747743219
30,29,695,47.52327579514984
30,29,696,47.464512387401726
30,29,697,47.462173952893274
30,29,698,47.39766925075568
30,29,699,47.33675726189999
30,29,700,47.280717167922056
30,29,701,47.22686662691554
30,29,702,47.16744099436571
30,29,703,47.1035671506611
30,29,704,47.05212020801828
30,29,705,46.991577605289194
30,29,706,46.92995516874563
30,29,707,46.86734197956357
30,29,708,46.805649621638096
30,29,709,46.759398068034194
30,29,710,46.69616806898064
30,29,711,46.637174405783256
30,29,712,46.58569000618522
30,29,713,46.56078711475648
30,29,714,46.50103926999457
30,29,715,46.438591627019086
30,29,716,46.89977601385391
30,29,717,46.83970516917821
30,29,718,46.77839051329517
30,29,719,46.72045552612626
30,29,720,46.65981106156395
30,29,721,46.621196726353496
30,29,722,46.56714652061541
30,29,723,46.528121946217254
30,29,724,46.54829153043279
30,29,725,46.49034280176064
30,29,726,46.43023292872317
30,29,727,46.46608116614354
30,29,728,46.43337285658099
30,29,729,46.37288725172298
30,29,730,46.32735293492939
30,29,731,46.26750823590357
30,29,732,46.208558207073146
30,29,733,46.20198599144181
30,29,734,46.14316835498263
30,29,735,46.085538975069795
30,29,736,46.02591590316577
30,29,737,46.00548793310583
30,29,738,45.94952995809649
30,29,739,45.89398288124072
30,29,740,45.836176923613124
30,29,741,45.78627582714467
30,29,742,45.72887476413258
30,29,743,45.67144447685578
30,29,744,45.64320162435392
30,29,745,45.6417022779353
30,29,746,45.605778487487704
30,29,747,45.5504459539854
30,29,748,45.501858298423684
30,29,749,45.454725856121456
30,29,750,45.55904050044667
30,29,751,45.503970417194445
30,29,752,45.451397172503576
30,29,753,45.39393799491
30,29,754,45.338340066572414
30,29,755,45.281684717016844
30,29,756,45.2268670229578
30,29,757,45.1712862788188
30,29,758,45.12076978038672
30,29,759,45.06481594685011
30,29,760,45.01352022334775
30,29,761,45.040496770997954
30,29,762,44.988704649821486
30,29,763,44.94031637518891
30,29,764,44.88648126838741
30,29,765,44.829952559908406
30,29,766,44.77644723615074
30,29,767,44.74071888042535
30,29,768,44.686747407818
30,29,769,44.630469293179054
30,29,770,44.60172625855508
30,29,771,44.55796123368514
30,29,772,44.50555433162203
30,29,773,44.45795288089787
30,29,774,44.41416163166452
30,29,775,44.37697290535995
30,29,776,44.32413046531192
30,29,777,44.28411906716279
30,29,778,44.23931327535977
30,29,779,44.20610963339383
30,29,780,44.177624913201704
30,29,781,44.17081491658904
30,29,782,44.12428630806776
30,29,783,44.07628857104938
30,29,784,44.02943051421653
30,29,785,43.97925850279251
30,29,786,43.9621985227956
30,29,787,43.908794178102795
30,29,788,43.8675268082843
30,29,789,44.73635045121761
30,29,790,44.68744931431383
30,29,791,44.654961313290585
30,29,792,44.711865394214904
30,29,793,44.685356784151224
30,29,794,44.63577606687933
30,29,795,44.599214634685616
30,29,796,44.56758783195599
30,29,797,44.583575823511225
30,29,798,44.53224912363064
30,29,799,44.477795447548345
30,29,800,44.42568402358192
30,29,801,44.381172968254184
30,29,802,44.327198153583765
30,29,803,44.27439425836513
30,29,804,44.28631379325858
30,29,805,44.23708345099728
30,29,806,44.18471863873171
30,29,807,44.13410149476922
30,29,808,44.09074913808174
30,29,809,44.041347314212786
30,29,810,44.014787270198056
30,29,811,43.97035429615406
30,29,812,43.92437376170307
30,29,813,43.89630191608494
30,29,814,43.885171466202266
30,29,815,43.8650916858192
30,29,816,43.81395579586437
30,29,817,43.764626157962034
30,29,818,43.71522232359492
30,29,819,43.665832550867016
30,29,820,43.616220188063
30,29,821,43.56524891846697
30,29,822,43.51517109046454
30,29,823,43.464835107767584
30,29,824,43.44092549851
30,29,825,43.39440948977094
30,29,826,43.34466660379791
30,29,827,43.30090714345593
30,29,828,43.25291866571203
30,29,829,43.202810680027106
30,29,830,43.15406573472828
30,29,831,43.10329789472341
30,29,832,43.05918258726341
30,29,833,43.01493104043325
30,29,834,42.983190799765026
30,29,835,42.93396503810937
30,29,836,42.984270099658886
30,29,837,42.934323173372995
30,29,838,42.92203578829876
30,29,839,42.876565358465946
30,29,840,42.8325038009474
30,29,841,42.78508806860402
30,29,842,42.74241732762572
30,29,843,42.69854731300015
30,29,844,42.65763246109437
30,29,845,42.611325392882904
30,29,846,42.58414177918755
30,29,847,42.5442408413877
30,29,848,42.535467509210704
30,29,849,42.48896096238738
30,29,850,42.449358239384544
30,29,851,42.41476191790425
30,29,852,42.39712669321112
30,29,853,42.35267096604652
30,29,854,42.341458957146905
30,29,855,42.29663807855461
30,29,856,42.31894708268376
30,29,857,42.271398387384316
30,29,858,42.23387899009386
30,29,859,42.19458831229373
30,29,860,42.14669324309507
30,29,861,42.106815266428235
30,29,862,42.05989576351947
30,29,863,42.03980485293304
30,29,864,41.99351045289107
30,29,865,41.95644686092822
30,29,866,41.90954757251351
30,29,867,41.862728093125284
30,29,868,41.853321216239785
30,29,869,41.81389425550101
30,29,870,41.76853830392973
30,29,871,41.76653640052411
30,29,872,41.746346881677965
30,29,873,41.70136206747412
30,29,874,41.71023038452323
30,29,875,41.67616593571366
30,29,876,41.63916026108327
30,29,877,41.59414966383188
30,29,878,41.54997021288019
30,29,879,41.505114357339615
30,29,880,41.46734695426217
30,29,881,41.42219345929105
30,29,882,41.377442346435295
30,29,883,41.60725829780689
30,29,884,41.599306046423536
30,29,885,41.55477878359939
30,29,886,41.51880020219317
30,29,887,41.473223474650425
30,29,888,41.43206435524367
30,29,889,41.39658447198675
30,29,890,41.351905519005825
30,29,891,41.332380006903186
30,29,892,41.28981849961608
30,29,893,41.277255819401155
30,29,894,41.23520690494456
30,29,895,41.19460868020791
30,29,896,41.21418493275034
30,29,897,41.173563117899874
30,29,898,41.12965617139484
30,29,899,41.181708074433715
30,29,900,41.21205314271275
30,29,901,41.171060887677704
30,29,902,41.18323401432162
30,29,903,41.14096505508055
30,29,904,41.099990346246315
30,29,905,41.06129559663641
30,29,906,41.018797204075824
30,29,907,40.97907005544731
30,29,908,40.948136976527486
30,29,909,42.057756912248315
30,29,910,42.04822365847255
30,29,911,42.007623269066535
30,29,912,41.96430024644123
30,29,913,41.94054347857254
30,29,914,41.895909109827514
30,29,915,41.85470494646038
30,29,916,41.81080550194182
30,29,917,41.84384244127978
30,29,918,41.80258225810291
30,29,919,41.9378474365721
30,29,920,41.89357539284784
30,29,921,41.84962229961566
30,29,922,41.80923819595683
30,29,923,41.80283651101937
30,29,924,41.7616396466363
30,29,925,41.73989263885084
30,29,926,41.69638235276435
30,29,927,41.657330899811186
30,29,928,41.61587622038814
30,29,929,41.66704771922989
30,29,930,41.62498765218302
30,29,931,41.58707174780025
30,29,932,41.54461787440814
30,29,933,41.510343110924246
30,29,934,41.469979699413685
30,29,935,41.42733983339276
30,29,936,41.387514667241646
30,29,937,41.34457011290915
30,29,938,41.360144770966585
30,29,939,41.3331144483205
30,29,940,41.30663395394193
30,29,941,41.26597652146922
30,29,942,41.22406815223028
30,29,943,41.25704143337112
30,29,944,41.22057896611665
30,29,945,41.18918206104083
30,29,946,41.149789271657035
30,29,947,41.10806733443991
30,29,948,41.0673205016599
30,29,949,41.0298798754274
30,29,950,41.02258762409134
30,29,951,40.98270584329626
30,29,952,40.94086840797559
30,29,953,40.900759692827016
30,29,954,40.86442374126088
30,29,955,40.83066216779593
30,29,956,40.790165515425315
30,29,957,40.75165733967955
30,29,958,40.71523963185537
30,29,959,40.68007105946647
30,29,960,40.64236731205622
30,29,961,40.66375277064578
30,29,962,40.62262079898837
30,29,963,40.587494368606365
30,29,964,40.56087166156708
30,29,965,40.520070821447995
30,29,966,40.483118875683765
30,29,967,40.44499584285217
30,29,968,40.40776096759617
30,29,969,40.370081425055744
30,29,970,40.33310746244875
30,29,971,40.296207794800814
30,29,972,40.26535569315705
30,29,973,40.26718066736013
30,29,974,40.23211436787555
30,29,975,40.192572739332284
30,29,976,40.16791142000652
30,29,977,40.13435075614837
30,29,978,40.09950088298341
30,29,979,40.06278348326886
30,29,980,40.02470275664753
30,29,981,39.99334000406318
30,29,982,39.955379993831286
30,29,983,39.91977003830992
30,29,984,39.94859361113497
30,29,985,39.911356883123744
30,29,986,39.87305663830881
30,29,987,39.83437463641113
30,29,988,39.79779988367988
30,29,989,40.085537936835195
30,29,990,40.09785421306646
30,29,991,40.06004093203087
30,29,992,40.021840479871784
30,29,993,39.98737393477409
30,29,994,39.953933920418145
30,29,995,39.915899303747295
30,29,996,39.88953770878498
30,29,997,39.85515392378382
30,29,998,39.81869532743788
30,29,999,39.83765665887409
30,29,1000,39.872066675132004
30,29,1001,39.8333520685562
30,29,1002,39.80428446855426
30,29,1003,39.88804901199702
30,29,1004,39.86386357848069
30,29,1005,39.82586957201279
30,29,1006,39.78969949272231
30,29,1007,39.8537407219447
30,29,1008,39.82298519958451
30,29,1009,39.789704937264695
30,29,1010,39.75688013674906
30,29,1011,39.718977567011166
30,29,1012,39.682770490996795
30,29,1013,39.647047460245446
30,29,1014,39.62055439870503
30,29,1015,39.58347301192924
30,29,1016,39.55678480394209
30,29,1017,39.533443823648994
30,29,1018,39.497426447129634
30,29,1019,39.460703461937875
30,29,1020,39.42768656237621
30,29,1021,39.39284333102759
30,29,1022,39.36221761801571
30,29,1023,39.33276019869506
30,29,1024,39.29947007833592
30,29,1025,39.263493768390795
30,29,1026,39.22790920809056
30,29,1027,39.199725480665904
30,29,1028,39.1731547491922
30,29,1029,39.14008474325708
30,29,1030,39.10703986692405
30,29,1031,39.075652642877294
30,29,1032,39.041439136993496
30,29,1033,39.01149307777899
30,29,1034,38.98824305547308
30,29,1035,38.97963714395485
30,29,1036,38.94760932904926
30,29,1037,38.91271613416687
30,29,1038,38.89947693545841
30,29,1039,38.86328692443532
30,29,1040,38.83258002814821
30,29,1041,38.79701191143956
30,29,1042,38.76255771058669
30,29,1043,38.77349602784909
30,29,1044,38.742654637684325
30,29,1045,38.717488608008374
30,29,1046,38.68685908699531
30,29,1047,38.65591830960013
30,29,1048,38.62309911532076
30,29,1049,38.589044918712894
30,29,1050,38.554603783811984
30,29,1051,38.522028418421954
30,29,1052,38.48920081135846
30,29,1053,38.455837687017244
30,29,1054,38.424379653677335
30,29,1055,38.39134555621537
30,29,1056,38.371412829491256
30,29,1057,38.35039227289801
30,29,1058,38.316244794102104
30,29,1059,38.28193780978877
30,29,1060,38.247529152989046
30,29,1061,38.21590414600008
30,29,1062,38.18568753720559
30,29,1063,38.167314350182735
30,29,1064,38.13282607021979
30,29,1065,38.1064516923113
30,29,1066,38.08052575017863
30,29,1067,38.04567403319052
30,29,1068,38.018698313878915
30,29,1069,37.984928322131175
30,29,1070,39.26747092322859
30,29,1071,39.251006125186976
30,29,1072,39.21583427965363
30,29,1073,39.183131188501214
30,29,1074,39.1496218799411
30,29,1075,39.11448988935676
30,29,1076,39.08218009047822
30,29,1077,39.04764100784157
30,29,1078,39.02924708183614
30,29,1079,39.00106982421657
30,29,1080,38.96901011053001
30,29,1081,38.937887191562886
30,29,1082,38.90385327487441
30,29,1083,38.874542460189794
30,29,1084,38.84288941437221
30,29,1085,38.812832622728614
30,29,1086,38.78110423494144
30,29,1087,38.76525154031851
30,29,1088,38.73072006159148
30,29,1089,38.69758634681216
30,29,1090,38.66467601143823
30,29,1091,38.633501009724164
30,29,1092,38.60532961460538
30,29,1093,38.57575968137104
30,29,1094,38.54276556866522
30,29,1095,38.50886023671887
30,29,1096,38.48369753936263
30,29,1097,38.450536338379315
30,29,1098,38.421884819797576
30,29,1099,38.39004989597185
30,29,1100,38.620154723263134
30,29,1101,38.622336607223914
30,29,1102,38.59199890799537
30,29,1103,38.55835018777355
30,29,1104,38.52595534592672
30,29,1105,38.533111332310924
30,29,1106,38.49986854095262
30,29,1107,38.47253138623837
30,29,1108,38.44354583191048
30,29,1109,38.412508207088884
30,29,1110,38.39658248777782
30,29,1111,38.36539791645328
30,29,1112,38.33400572435751
30,29,1113,38.30211254217833
30,29,1114,38.26893303841782
30,29,1115,38.23794010716376
30,29,1116,38.20805119561682
30,29,1117,38.1750146406037
30,29,1118,38.142002579823206
30,29,1119,38.13828862789578
30,29,1120,38.10768744258519
30,29,1121,38.08279075065005
30,29,1122,38.054169188902804
30,29,1123,38.023644489948786
30,29,1124,38.000332741269624
30,29,1125,37.96898169940724
30,29,1126,37.94973362726038
30,29,1127,37.922709856020376
30,29,1128,37.890439526926635
30,29,1129,37.86264765536546
30,29,1130,37.85344676466196
30,29,1131,37.82458747899326
30,29,1132,37.80021741177804
30,29,1133,37.7844455181877
30,29,1134,37.75433819910824
30,29,1135,37.72660170104809
30,29,1136,37.69485953225325
30,29,1137,37.7497137216991
30,29,1138,37.72057571044417
30,29,1139,37.69305973258885
30,29,1140,37.66280484713661
30,29,1141,37.815952204549
30,29,1142,37.790425582667126
30,29,1143,37.76029904142912
30,29,1144,37.8381973601468
30,29,1145,37.808132058797106
30,29,1146,37.848916955078224
30,29,1147,37.816945930222296
30,29,1148,37.79200230707326
30,29,1149,37.76082144740335
30,29,1150,37.735458896514196
30,29,1151,37.704084668818304
30,29,1152,37.6797685046858
30,29,1153,37.64988487106879
30,29,1154,37.63301749374458
30,29,1155,37.601650226761095
30,29,1156,37.57035738479732
30,29,1157,37.63526898703926
30,29,1158,37.606778243680886
30,29,1159,37.57632022244363
30,29,1160,37.71799038398144
30,29,1161,37.71755672498413
30,29,1162,38.29835303087981
30,29,1163,38.26630340044565
30,29,1164,38.64548055324906
30,29,1165,38.61436041353486
30,29,1166,38.59420869437244
30,29,1167,38.56342456948295
30,29,1168,38.53752236648105
30,29,1169,38.51107455357831
30,29,1170,38.48851003075657
30,29,1171,38.64975386879784
30,29,1172,38.64441936356434
30,29,1173,38.632280479291225
30,29,1174,38.60110805884067
30,29,1175,38.57158487085321
30,29,1176,38.545521412948936
30,29,1177,38.515734401248025
30,29,1178,38.4844997838391
30,29,1179,38.45540049006418
30,29,1180,38.427506604413885
30,29,1181,38.39687699074094
30,29,1182,38.37232270568391
30,29,1183,38.34114766386204
30,29,1184,38.405745227241496
30,29,1185,38.39678906190941
30,29,1186,38.36892383992523
30,29,1187,38.35056904450707
30,29,1188,38.319840648510926
30,29,1189,38.288716495237374
30,29,1190,38.286037943340794
30,29,1191,38.2643934761129
30,29,1192,38.2389883148993
30,29,1193,38.20820298270365
30,29,1194,38.20765223408862
30,29,1195,38.18310927346664
30,29,1196,38.369443581497144
30,29,1197,38.33963981226005
30,29,1198,38.32449217981786
30,29,1199,38.30161710985251
30,29,1200,38.283642292158284
30,30,1,11.892344452747949
30,30,2,8.877891836414316
30,30,3,90.44455496532187
30,30,4,3344.8821078553938
30,30,5,2687.8042177663856
30,30,6,2566.085403934714
30,30,7,2203.9965870496326
30,30,8,1930.4475425209546
30,30,9,1716.4042773315139
30,30,10,1545.1442699377508
30,30,11,1405.2461970097254
30,30,12,1306.0235288034394
30,30,13,1205.6757344403634
30,30,14,1167.2059021859043
30,30,15,1091.4468092478912
30,30,16,1048.7995176879049
30,30,17,987.2653661739275
30,30,18,963.6057471659458
30,30,19,915.6594440590965
30,30,20,988.2269173928686
30,30,21,942.539926509621
30,30,22,1414.6321373737003
30,30,23,1353.1677556369616
30,30,24,1299.0437408810158
30,30,25,1247.3365499463328
30,30,26,1199.4341227846737
30,30,27,1155.2028439731243
30,30,28,1114.118273302744
30,30,29,1075.9066518465188
30,30,30,1104.7443340511572
30,30,31,1069.225000652342
30,30,32,1036.0293250893258
30,30,33,1004.7169519330595
30,30,34,979.3524050742188
30,30,35,951.5439711168797
30,30,36,925.9906930319236
30,30,37,901.165766324119
30,30,38,877.650531234527
30,30,39,871.0415584073186
30,30,40,849.409213765859
30,30,41,828.8303004965154
30,30,42,809.3381968750493
30,30,43,790.7992338324632
30,30,44,773.0306307632992
30,30,45,755.9499295339406
30,30,46,743.7071059582764
30,30,47,728.6143882096693
30,30,48,715.6474493014265
30,30,49,701.201949838643
30,30,50,687.4115311207021
30,30,51,674.3593150549854
30,30,52,661.483370327818
30,30,53,649.0873493691906
30,30,54,648.2301597839758
30,30,55,636.5636342441315
30,30,56,625.3107294685572
30,30,57,615.2933299662362
30,30,58,604.9465681143765
30,30,59,594.9059317638822
30,30,60,586.235417337873
30,30,61,577.0209600542639
30,30,62,569.002106202914
30,30,63,2526.502585624179
30,30,64,2487.2131228744543
30,30,65,2449.398326902928
30,30,66,2412.9065634386416
30,30,67,2376.9531512803937
30,30,68,2342.2861945873833
30,30,69,2314.2982816733584
30,30,70,2281.440347418708
30,30,71,2249.392015284625
30,30,72,2218.5503567603946
30,30,73,2188.247287818293
30,30,74,2158.7169285143973
30,30,75,2129.9607616369935
30,30,76,2105.5411316026666
30,30,77,2078.5008102768543
30,30,78,4063.532885834597
30,30,79,4012.1541572425726
30,30,80,3962.0395313089234
30,30,81,3913.218267606838
30,30,82,3865.700650225708
30,30,83,3821.1916103883573
30,30,84,3777.889278326107
30,30,85,3779.0448100784834
30,30,86,3735.1380718809196
30,30,87,3692.3856817641067
30,30,88,3650.508410371424
30,30,89,3609.674622114889
30,30,90,3569.674348283629
30,30,91,3530.658633153095
30,30,92,3492.5598829581936
30,30,93,3496.168082243149
30,30,94,3459.437492162487
30,30,95,3423.3405934245334
30,30,96,3387.693790467352
30,30,97,3352.958147736713
30,30,98,3494.1945367135345
30,30,99,3459.1193142250836
30,30,100,3424.780316950822
30,30,101,3441.1136078532377
30,30,102,3407.4363595450686
30,30,103,3374.694593006109
30,30,104,3342.27789422342
30,30,105,3310.4957534963123
30,30,106,3280.344942682617
30,30,107,3249.759942484177
30,30,108,3219.7294307726456
30,30,109,3194.269547067758
30,30,110,3165.983483091972
30,30,111,3137.549691713442
30,30,112,3109.7337306736395
30,30,113,3082.28561593464
30,30,114,5724.976478210516
30,30,115,5675.720051944033
30,30,116,5693.871799631013
30,30,117,5645.238521030511
30,30,118,5597.424726801332
30,30,119,5550.4079447599
30,30,120,5504.186257605452
30,30,121,5458.921594601454
30,30,122,5414.197296152815
30,30,123,5371.139768909029
30,30,124,5344.550134122994
30,30,125,5302.386708169445
30,30,126,5260.3327348517305
30,30,127,5219.201296829939
30,30,128,5180.726728420894
30,30,129,5140.610168604458
30,30,130,5101.433622540448
30,30,131,5062.542034311675
30,30,132,5025.356144622528
30,30,133,4987.599687010794
30,30,134,4950.4512723049675
30,30,135,4913.791677663377
30,30,136,4877.83174126389
30,30,137,4842.381523987805
30,30,138,4807.319775620979
30,30,139,4773.26377927376
30,30,140,4739.224361731534
30,30,141,4708.423836198398
30,30,142,4675.309385569353
30,30,143,4642.7884785475335
30,30,144,4610.654636199674
30,30,145,4578.871616845578
30,30,146,4547.6132258779735
30,30,147,4516.734009435027
30,30,148,4486.375185879357
30,30,149,4456.345191242243
30,30,150,4426.800425683724
30,30,151,4397.654161932456
30,30,152,4368.896952322289
30,30,153,4340.770511141313
30,30,154,4312.60894039858
30,30,155,4285.113396638047
30,30,156,4257.744158772184
30,30,157,4245.332362783349
30,30,158,4218.537727702338
30,30,159,4192.042051395495
30,30,160,4165.889297522739
30,30,161,4140.030609233824
30,30,162,4114.7984265638925
30,30,163,4089.7961298858795
30,30,164,4064.9228168767595
30,30,165,4040.325008014538
30,30,166,4016.027476269418
30,30,167,3992.736812967145
30,30,168,3970.410173375956
30,30,169,3946.9880372252755
30,30,170,3924.2195536429076
30,30,171,3901.3328276421835
30,30,172,3885.8505362803294
30,30,173,3863.5330828655246
30,30,174,3933.1891621382124
30,30,175,3910.762912846238
30,30,176,3888.581193671418
30,30,177,3875.3516036270134
30,30,178,3853.618153257318
30,30,179,3832.122808015822
30,30,180,3812.2051989196293
30,30,181,3815.3004127018003
30,30,182,3803.828371282404
30,30,183,3783.1138773056828
30,30,184,3762.8208289199442
30,30,185,3742.5351355671883
30,30,186,3723.2625008364025
30,30,187,3703.3873967763643
30,30,188,3683.95296689846
30,30,189,3664.5922610829693
30,30,190,3645.3639277011935
30,30,191,3626.7594763101292
30,30,192,3607.9214494047505
30,30,193,3589.290480269838
30,30,194,3570.8621979367704
30,30,195,3557.717501171973
30,30,196,3539.6032699774482
30,30,197,3521.6543173717323
30,30,198,3503.891889255669
30,30,199,3932.4329568130443
30,30,200,3912.796530474934
30,30,201,3893.436091184402
30,30,202,3874.2145166405803
30,30,203,3855.179379737879
30,30,204,3836.293443089188
30,30,205,3869.1137214970854
30,30,206,3850.394216021739
30,30,207,3831.914148936421
30,30,208,3813.718867657441
30,30,209,3795.504064188337
30,30,210,3777.467872789792
30,30,211,3760.377656536999
30,30,212,3742.6870693206524
30,30,213,3725.170392694468
30,30,214,3708.0960004049375
30,30,215,3690.865057309117
30,30,216,3673.8340924377526
30,30,217,3656.9149262403403
30,30,218,3640.269811511319
30,30,219,3624.38870394372
30,30,220,3608.0591483981493
30,30,221,3591.841494823708
30,30,222,3575.719224343019
30,30,223,3559.9237795922713
30,30,224,3544.1616016624407
30,30,225,3528.5331799738597
30,30,226,3513.286528353332
30,30,227,3511.172036667801
30,30,228,3495.998317938535
30,30,229,3480.844436659113
30,30,230,3465.7236469733352
30,30,231,3450.9518033849067
30,30,232,3436.3091190483624
30,30,233,3421.8644695507637
30,30,234,3407.278150873282
30,30,235,3392.798469455434
30,30,236,3378.5319158623465
30,30,237,3364.350546911131
30,30,238,3350.2479230162935
30,30,239,3397.6636212085286
30,30,240,3383.9636859330712
30,30,241,3369.9291394064344
30,30,242,3356.0235565049866
30,30,243,3342.2504275305837
30,30,244,3328.572267743293
30,30,245,3315.020502188344
30,30,246,3301.563952313163
30,30,247,3288.3683569799014
30,30,248,3275.174845876111
30,30,249,3262.103700744145
30,30,250,3249.0652993119043
30,30,251,3236.590381402108
30,30,252,3223.9305747024273
30,30,253,3211.242069385253
30,30,254,3199.8637751740744
30,30,255,3187.356465019548
30,30,256,3174.9202840826542
30,30,257,4082.119952323293
30,30,258,4066.5611327022393
30,30,259,4050.9343816646847
30,30,260,4035.3650244747682
30,30,261,4020.0837159379566
30,30,262,4006.3364776732988
30,30,263,3991.183828140015
30,30,264,3976.160694460269
30,30,265,3961.2233620128636
30,30,266,3946.3382464197853
30,30,267,3931.6182405236873
30,30,268,3927.619507636609
30,30,269,3913.065725734377
30,30,270,3898.6111362946885
30,30,271,3884.2853883317803
30,30,272,3870.02183762879
30,30,273,3855.8644563940675
30,30,274,3841.828049529975
30,30,275,3827.875665070168
30,30,276,3819.6166975722754
30,30,277,4983.38980647437
30,30,278,4965.500489638501
30,30,279,4948.050659371775
30,30,280,4930.388085343818
30,30,281,4912.878520226674
30,30,282,4895.511586713587
30,30,283,4878.238570062474
30,30,284,4861.186695256343
30,30,285,4844.1377093608935
30,30,286,4827.243812504927
30,30,287,4811.205735300258
30,30,288,4794.520863889487
30,30,289,4777.967628869349
30,30,290,4761.582375041735
30,30,291,4745.224752841395
30,30,292,4728.995881524089
30,30,293,4714.666475651287
30,30,294,4703.616396228858
30,30,295,4687.690946194768
30,30,296,4671.997089402033
30,30,297,4656.305400212188
30,30,298,4641.057926728325
30,30,299,4626.700722938402
30,30,300,4611.314248696284
30,30,301,4596.675859157062
30,30,302,4581.505163409429
30,30,303,4566.476420205594
30,30,304,4554.867383354006
30,30,305,4540.931956063067
30,30,306,4526.0985775319605
30,30,307,4532.213522314274
30,30,308,4517.796007634125
30,30,309,4503.358424441952
30,30,310,4488.845998488481
30,30,311,4474.4961824813445
30,30,312,4460.163278751565
30,30,313,4445.965314059374
30,30,314,4431.966793587549
30,30,315,4417.904687975627
30,30,316,4403.935609237053
30,30,317,4390.05523392297
30,30,318,5922.595773260039
30,30,319,5904.107793321906
30,30,320,5885.675272426416
30,30,321,5868.858157123982
30,30,322,5862.823351874211
30,30,323,5844.684898310174
30,30,324,5826.6627177165865
30,30,325,5808.744365978412
30,30,326,5790.949856639067
30,30,327,5773.636494298598
30,30,328,5756.047843994986
30,30,329,5743.5292267035165
30,30,330,5825.292132231729
30,30,331,5807.705607854825
30,30,332,5790.237635208844
30,30,333,5773.274424319528
30,30,334,5756.02845104175
30,30,335,5739.011997089289
30,30,336,5721.946268535168
30,30,337,5705.068578268025
30,30,338,5688.428731791164
30,30,339,5671.7784684434355
30,30,340,5655.122370897053
30,30,341,5638.551974364895
30,30,342,5623.68131267772
30,30,343,5607.974946163006
30,30,344,5591.834885085549
30,30,345,5579.620965599464
30,30,346,5563.519011289706
30,30,347,5547.857001954568
30,30,348,5532.175258282138
30,30,349,5516.330708756831
30,30,350,5500.595424933827
30,30,351,5484.929635332622
30,30,352,5469.412842341292
30,30,353,5453.997408671914
30,30,354,5438.646394992425
30,30,355,5423.334167305373
30,30,356,5481.054520669224
30,30,357,5465.717832832157
30,30,358,5450.467905538527
30,30,359,5435.362111027261
30,30,360,5420.853319370443
30,30,361,5405.848164302216
30,30,362,5390.963053762196
30,30,363,5376.1217832267575
30,30,364,5361.366099291448
30,30,365,5907.3173305192195
30,30,366,5891.5049775023
30,30,367,5876.99260809092
30,30,368,5861.100869966415
30,30,369,5854.938775774131
30,30,370,5839.156822026534
30,30,371,5823.463457032236
30,30,372,5807.819646438934
30,30,373,5792.309419779435
30,30,374,5776.936155527448
30,30,375,5761.758695392571
30,30,376,5746.769724120448
30,30,377,5731.595329642905
30,30,378,5716.52039608539
30,30,379,5701.957651620236
30,30,380,5687.016236383777
30,30,381,5672.094372048622
30,30,382,5657.263966157483
30,30,383,5642.524245879661
30,30,384,5627.8396978259625
30,30,385,5613.472538811484
30,30,386,5598.935306065151
30,30,387,5584.502023805458
30,30,388,5570.131697899477
30,30,389,5555.866542844843
30,30,390,5541.626443171103
30,30,391,5527.471819981342
30,30,392,5513.377530259661
30,30,393,5499.393367512261
30,30,394,5485.444443923405
30,30,395,5471.583753898744
30,30,396,5457.923816398748
30,30,397,5444.232510889347
30,30,398,5430.587976182153
30,30,399,5416.980798622209
30,30,400,5403.453213164172
30,30,401,5389.986861766252
30,30,402,5497.564285416303
30,30,403,5489.030254522882
30,30,404,5475.686163461296
30,30,405,5462.206729057703
30,30,406,5448.791287507835
30,30,407,5435.413738274295
30,30,408,5574.727626378969
30,30,409,5561.10781346634
30,30,410,5547.549594472299
30,30,411,5534.2394101174195
30,30,412,5521.321983009251
30,30,413,5854.553243249519
30,30,414,5840.428524846499
30,30,415,5826.414129213273
30,30,416,5812.413202615715
30,30,417,5798.483859991844
30,30,418,5784.642738068373
30,30,419,5770.845247855982
30,30,420,5757.114053570855
30,30,421,5743.507025254199
30,30,422,5730.243085935716
30,30,423,5716.7356779644415
30,30,424,5703.262035969792
30,30,425,5689.9335024282655
30,30,426,5676.587339095943
30,30,427,5664.701095129823
30,30,428,5651.531677733087
30,30,429,5638.389227389179
30,30,430,5625.322843205129
30,30,431,5612.32256811283
30,30,432,5599.379685934198
30,30,433,5586.466911760337
30,30,434,5573.598996440806
30,30,435,5560.799217872418
30,30,436,5548.292768451597
30,30,437,5535.602441889609
30,30,438,5523.001797500905
30,30,439,5511.690531365375
30,30,440,5499.179061183467
30,30,441,5486.719651727991
30,30,442,5482.953758653138
30,30,443,5470.5808429378785
30,30,444,5458.298259378055
30,30,445,5446.035877430339
30,30,446,5433.8690512462745
30,30,447,5422.617464844802
30,30,448,5410.567187879797
30,30,449,5398.52727822524
30,30,450,5386.538239389495
30,30,451,5374.625152899416
30,30,452,5362.964591563333
30,30,453,5351.241653619644
30,30,454,5340.234254867523
30,30,455,5328.526959924282
30,30,456,5316.848751828114
30,30,457,5305.2249529436385
30,30,458,5293.650311806279
30,30,459,5282.121165951103
30,30,460,8595.86087555868
30,30,461,8577.22607811471
30,30,462,8558.914886642086
30,30,463,8540.521028796078
30,30,464,8522.13944768035
30,30,465,8503.815500676877
30,30,466,8485.576736941106
30,30,467,8467.910288410845
30,30,468,8449.824574850394
30,30,469,8431.850824675526
30,30,470,8414.04778772594
30,30,471,8396.290816837765
30,30,472,8378.583459700985
30,30,473,8360.948288620253
30,30,474,8343.409958738705
30,30,475,8325.921345108669
30,30,476,8308.466558540526
30,30,477,8291.055836223586
30,30,478,8273.966347818683
30,30,479,8256.715801717222
30,30,480,8239.525185579998
30,30,481,8222.420020980704
30,30,482,8205.37087944458
30,30,483,8188.434903935798
30,30,484,8172.358555733342
30,30,485,8155.518359548359
30,30,486,8138.774199393055
30,30,487,8122.091376389905
30,30,488,8105.464800945403
30,30,489,8089.189522161823
30,30,490,8073.972129924389
30,30,491,8060.289220696309
30,30,492,8043.908831604718
30,30,493,8027.992634636862
30,30,494,8011.968604599444
30,30,495,7996.4220132111095
30,30,496,7980.696379500569
30,30,497,7964.709139005226
30,30,498,7948.836144453483
30,30,499,7932.911076951158
30,30,500,7917.079858076649
30,30,501,7901.287647974639
30,30,502,7885.619417297434
30,30,503,7869.959170246899
30,30,504,7854.452259003699
30,30,505,7838.906403189378
30,30,506,7823.459443038993
30,30,507,7808.066194129041
30,30,508,7792.79199370526
30,30,509,7777.52390522279
30,30,510,7762.2754868184775
30,30,511,7747.090659261864
30,30,512,7732.265235680235
30,30,513,7717.530520547809
30,30,514,7702.549801224808
30,30,515,7688.160997564733
30,30,516,7673.310017221145
30,30,517,7658.473438383626
30,30,518,7643.695440387991
30,30,519,7628.972596760665
30,30,520,7614.419056291205
30,30,521,7599.939696148174
30,30,522,7608.849854970327
30,30,523,7594.314579039065
30,30,524,7581.975076031618
30,30,525,7567.5471777898865
30,30,526,7553.186487067116
30,30,527,7538.938509238318
30,30,528,7524.685594361896
30,30,529,7510.49060228159
30,30,530,7496.56458724054
30,30,531,7482.457076862296
30,30,532,7468.987801124478
30,30,533,7455.306520919391
30,30,534,7441.35770731928
30,30,535,7427.457264343712
30,30,536,7423.498694967457
30,30,537,7409.678405331687
30,30,538,7395.917326499984
30,30,539,7382.249385080417
30,30,540,7368.6452541555545
30,30,541,7355.207609850072
30,30,542,7341.650156133375
30,30,543,7328.16153121542
30,30,544,7314.738925507179
30,30,545,7301.683631883862
30,30,546,7288.351900459241
30,30,547,7275.039923839306
30,30,548,7261.998925173106
30,30,549,7249.016507578333
30,30,550,7235.984830548419
30,30,551,7222.863468052867
30,30,552,7209.805318246488
30,30,553,7196.909902575241
30,30,554,7183.933638494091
30,30,555,7172.201426284806
30,30,556,7159.304631392719
30,30,557,7146.608706170762
30,30,558,7133.805159286089
30,30,559,7121.054884966706
30,30,560,7108.3504101555745
30,30,561,7095.926392116186
30,30,562,7083.482858617175
30,30,563,7070.912216996584
30,30,564,7058.380624376569
30,30,565,7045.896957454213
30,30,566,7033.554252401316
30,30,567,7021.1700281006415
30,30,568,7008.853118795586
30,30,569,6996.756296821828
30,30,570,6984.498895242882
30,30,571,6972.270759779568
30,30,572,6960.118056897598
30,30,573,6947.9816757608505
30,30,574,7867.754817253519
30,30,575,7854.137223430297
30,30,576,7842.136365620328
30,30,577,7828.559240463882
30,30,578,7815.100402946283
30,30,579,7801.681145416029
30,30,580,7788.286772098751
30,30,581,7774.985218046542
30,30,582,7762.2720144650675
30,30,583,7748.976994304159
30,30,584,7735.7383952915625
30,30,585,7722.534844124841
30,30,586,7712.166271961479
30,30,587,7699.390133017751
30,30,588,7686.515734570833
30,30,589,7673.540897377662
30,30,590,7660.54722478078
30,30,591,7652.180324517052
30,30,592,7639.266859956874
30,30,593,7626.526340470122
30,30,594,7624.352220543918
30,30,595,7611.571854901644
30,30,596,7598.873460794074
30,30,597,7586.23329495111
30,30,598,7573.789313101234
30,30,599,7562.559363872335
30,30,600,7550.144394957336
30,30,601,7537.606503138897
30,30,602,7525.495299644836
30,30,603,7513.071990261133
30,30,604,7500.675258314011
30,30,605,7488.289849955715
30,30,606,7478.409777557466
30,30,607,7466.106504608904
30,30,608,7453.853887791051
30,30,609,7441.61805391701
30,30,610,7429.432903456027
30,30,611,7417.714135101283
30,30,612,7405.6371240684975
30,30,613,7393.681402506187
30,30,614,7381.644894964062
30,30,615,7369.684598179437
30,30,616,7357.732766775286
30,30,617,7345.83551099755
30,30,618,7333.9707900248395
30,30,619,7322.130443437052
30,30,620,7310.341942696858
30,30,621,7298.583574333644
30,30,622,7287.030618060239
30,30,623,7275.340269619983
30,30,624,7263.751193060884
30,30,625,7252.137009949598
30,30,626,7240.568023134538
30,30,627,7229.031372790657
30,30,628,7217.525818266527
30,30,629,7206.152076789112
30,30,630,7194.72558613012
30,30,631,7183.3306150468
30,30,632,7171.972336506974
30,30,633,7160.652529833469
30,30,634,7149.3683728525875
30,30,635,7138.117471730932
30,30,636,7126.921085830533
30,30,637,7115.844837038592
30,30,638,7104.769116707262
30,30,639,7093.654461447183
30,30,640,7082.601089535294
30,30,641,7071.576448141354
30,30,642,7060.577998408219
30,30,643,7049.648001500679
30,30,644,7038.705463083133
30,30,645,7027.892821383812
30,30,646,7017.025661435035
30,30,647,7006.188722328277
30,30,648,6995.379709742245
30,30,649,6984.62483885016
30,30,650,6973.895421964611
30,30,651,6963.186397229536
30,30,652,6952.54861707883
30,30,653,6941.935436764765
30,30,654,6931.380629641119
30,30,655,6920.819437084323
30,30,656,6910.290690528424
30,30,657,6899.8403470481035
30,30,658,6889.402181833779
30,30,659,6879.524372368033
30,30,660,6940.9521095701775
30,30,661,6930.472743692066
30,30,662,6920.006827667245
30,30,663,6909.577402310387
30,30,664,6899.1793951633
30,30,665,6888.8963267372765
30,30,666,6878.581250121606
30,30,667,6868.719698814013
30,30,668,6858.447370053432
30,30,669,6848.200598281966
30,30,670,6837.991942028273
30,30,671,6827.815543967626
30,30,672,6817.664114339118
30,30,673,6807.54209680353
30,30,674,6797.509772354992
30,30,675,6787.4614127095265
30,30,676,6777.616443986135
30,30,677,6767.691580965006
30,30,678,6758.19170480566
30,30,679,6748.246149430658
30,30,680,6738.324977600508
30,30,681,6728.617568994232
30,30,682,6722.039948442115
30,30,683,9992.481874263225
30,30,684,9977.952235390778
30,30,685,9963.400258616884
30,30,686,9948.938147121962
30,30,687,9934.463043737747
30,30,688,9920.042390185989
30,30,689,9905.75062312272
30,30,690,9891.449763998111
30,30,691,9877.202806134706
30,30,692,9863.1217159154
30,30,693,9848.922299456919
30,30,694,9834.746835505073
30,30,695,9820.643818355355
30,30,696,9806.567939814846
30,30,697,9792.551257646202
30,30,698,9778.528419875222
30,30,699,9765.680046725314
30,30,700,9751.738143636445
30,30,701,9737.8475582633
30,30,702,9723.978777661781
30,30,703,9710.149001449607
30,30,704,9696.390031541543
30,30,705,9682.70554554963
30,30,706,9669.01051821114
30,30,707,9655.337740039511
30,30,708,9645.637266321977
30,30,709,9634.73963502088
30,30,710,9621.263902722087
30,30,711,9607.7409277029
30,30,712,9594.261298471167
30,30,713,9580.823966562564
30,30,714,9567.440934929271
30,30,715,9554.067576005275
30,30,716,9541.187765970428
30,30,717,9527.886224022483
30,30,718,9514.667973338124
30,30,719,9501.441960699121
30,30,720,9488.52703359305
30,30,721,9475.38297157737
30,30,722,9467.788764282988
30,30,723,9455.049257052977
30,30,724,9442.01107293765
30,30,725,9429.00758792679
30,30,726,9416.069982853724
30,30,727,9403.186661416534
30,30,728,9390.906099553597
30,30,729,9378.035069393623
30,30,730,9365.210053893594
30,30,731,9352.404247999295
30,30,732,9339.68824196629
30,30,733,9326.993955137554
30,30,734,9314.29135464502
30,30,735,9301.660544644676
30,30,736,9289.025784117213
30,30,737,9276.455236157146
30,30,738,9263.913494256207
30,30,739,9251.38587707346
30,30,740,9238.902541636344
30,30,741,9226.444112104384
30,30,742,9214.015857277358
30,30,743,9201.630823499747
30,30,744,9189.431730669834
30,30,745,9177.20240308189
30,30,746,9164.932356494312
30,30,747,9152.763665502804
30,30,748,9140.540295373154
30,30,749,9128.545050978784
30,30,750,9116.511566260397
30,30,751,9104.37865715529
30,30,752,9092.282489872854
30,30,753,9080.235192121097
30,30,754,9068.218647222297
30,30,755,9056.77759360638
30,30,756,9044.808780351057
30,30,757,9032.864502663186
30,30,758,9020.97241521083
30,30,759,9009.097729738844
30,30,760,8997.46554482828
30,30,761,8985.716330850379
30,30,762,8973.950407640466
30,30,763,8962.198788992871
30,30,764,8956.225912232434
30,30,765,8944.657306980924
30,30,766,8932.985239145888
30,30,767,8921.487592239282
30,30,768,8911.85299073416
30,30,769,8900.316836791999
30,30,770,8888.786130386323
30,30,771,8880.08907412761
30,30,772,8868.603489255911
30,30,773,8857.136756878259
30,30,774,11243.430196416042
30,30,775,11229.586783927929
30,30,776,11215.190003732414
30,30,777,11200.77512124692
30,30,778,11186.388456578872
30,30,779,11172.866239255858
30,30,780,11158.564405009318
30,30,781,11518.213535682224
30,30,782,11503.509803790284
30,30,783,11489.148680473487
30,30,784,11474.503368476082
30,30,785,11459.893632905992
30,30,786,11445.643621962896
30,30,787,11431.103355824638
30,30,788,11416.60906376247
30,30,789,11402.344527833324
30,30,790,11387.91817106944
30,30,791,11373.63952906741
30,30,792,11359.396582604226
30,30,793,11345.085914247276
30,30,794,11330.817025002883
30,30,795,11316.590735715954
30,30,796,11302.398153039429
30,30,797,11288.288831171485
30,30,798,11274.152224443867
30,30,799,11260.04401628904
30,30,800,11245.99295845533
30,30,801,11231.958898881376
30,30,802,11217.95638038618
30,30,803,11204.005877419195
30,30,804,11190.154992961454
30,30,805,11178.886755552376
30,30,806,11165.019583677224
30,30,807,11151.190565283665
30,30,808,11137.417687425537
30,30,809,11123.674512321257
30,30,810,11112.870934000162
30,30,811,11099.190529685777
30,30,812,11085.526610822548
30,30,813,11071.938451812743
30,30,814,11058.367020356745
30,30,815,11044.82783963475
30,30,816,11031.295412912303
30,30,817,11018.597525139263
30,30,818,11005.130613934793
30,30,819,10991.697992473531
30,30,820,10978.314081800574
30,30,821,10964.946963616027
30,30,822,10951.610372914445
30,30,823,10938.306126363446
30,30,824,10925.061076864464
30,30,825,10911.961094582584
30,30,826,10898.753196198862
30,30,827,10886.606862555649
30,30,828,10873.542655020203
30,30,829,10860.42830364131
30,30,830,10847.345960985007
30,30,831,10834.306895204378
30,30,832,10821.298279747238
30,30,833,10808.31917133817
30,30,834,10795.371582736367
30,30,835,10782.449977065675
30,30,836,10770.410076291013
30,30,837,10757.54561759052
30,30,838,10744.750961544103
30,30,839,10731.970446699203
30,30,840,10719.922932989086
30,30,841,10707.179947653987
30,30,842,10751.36502582744
30,30,843,10738.62662590902
30,30,844,10759.501355392344
30,30,845,10746.806789559088
30,30,846,10734.139462573701
30,30,847,10721.479921003898
30,30,848,10708.89334583124
30,30,849,10696.374590761508
30,30,850,10683.793086317108
30,30,851,10671.275406048604
30,30,852,10658.771679531254
30,30,853,10646.289343970282
30,30,854,10633.845490836888
30,30,855,10621.415415987447
30,30,856,10609.169484779795
30,30,857,10596.79631911367
30,30,858,10584.626984342589
30,30,859,10572.314411148025
30,30,860,10560.02935178119
30,30,861,10547.831398058623
30,30,862,10535.59720297684
30,30,863,10523.41826886275
30,30,864,10511.241251597952
30,30,865,10499.151034872439
30,30,866,10487.029441472649
30,30,867,10519.297771761312
30,30,868,10507.212340429203
30,30,869,10495.136048698725
30,30,870,10483.099171882304
30,30,871,10472.330319478366
30,30,872,10463.921697603026
30,30,873,10451.961727186384
30,30,874,10440.047087972896
30,30,875,10428.142745800531
30,30,876,10416.248193493922
30,30,877,10404.391613108202
30,30,878,10392.54493926756
30,30,879,10380.724977748743
30,30,880,10368.962898629523
30,30,881,10357.194731133754
30,30,882,10345.524210424232
30,30,883,10339.146818267696
30,30,884,10327.473665011177
30,30,885,10315.808319516971
30,30,886,10304.353605105327
30,30,887,10292.743248704897
30,30,888,10281.176227824308
30,30,889,10269.628662848081
30,30,890,10258.093333678025
30,30,891,10246.605495322196
30,30,892,10235.127894277275
30,30,893,10224.271821508228
30,30,894,10212.840585620188
30,30,895,10201.438174398672
30,30,896,10193.601208629727
30,30,897,10182.241164286623
30,30,898,10171.335817981306
30,30,899,10162.968571224917
30,30,900,10151.999270853084
30,30,901,10140.737048655023
30,30,902,10129.562111197883
30,30,903,10118.348245371835
30,30,904,10107.160178951062
30,30,905,10096.018807954542
30,30,906,10084.929410318908
30,30,907,10073.832882447974
30,30,908,10062.7469293491
30,30,909,57745.155146350924
30,30,910,57681.921738240875
30,30,911,57618.60916907296
30,30,912,57555.4334906977
30,30,913,57492.436226813574
30,30,914,57429.537145045615
30,30,915,57366.775653746925
30,30,916,57322.55466878665
30,30,917,57260.18068023597
30,30,918,57197.8114626546
30,30,919,57135.7741566032
30,30,920,57073.67412245598
30,30,921,57011.79449939034
30,30,922,56950.00108378053
30,30,923,56888.3343404871
30,30,924,56826.780166661425
30,30,925,56765.3581937437
30,30,926,56704.08731604073
30,30,927,56642.927943371564
30,30,928,56581.89784340648
30,30,929,56521.00567418304
30,30,930,56460.23395487753
30,30,931,56402.86847972324
30,30,932,56342.3542331752
30,30,933,56282.32975324154
30,30,934,56222.07174483734
30,30,935,56161.94300872064
30,30,936,56101.94965337721
30,30,937,56043.154243908466
30,30,938,55983.491663063614
30,30,939,55923.89014662629
30,30,940,55864.45490588521
30,30,941,55805.09275751501
30,30,942,55745.85371941044
30,30,943,55686.81055455078
30,30,944,55627.82879337923
30,30,945,55568.97660720028
30,30,946,55510.2480848442
30,30,947,55451.634443487674
30,30,948,55393.143578124254
30,30,949,55335.010282831274
30,30,950,55276.95295103289
30,30,951,55218.8316839947
30,30,952,55160.83052558816
30,30,953,55102.9735625876
30,30,954,55045.21760343954
30,30,955,54987.59327455204
30,30,956,54930.077086854195
30,30,957,54872.68328453001
30,30,958,54815.42700337486
30,30,959,54758.27882996354
30,30,960,54701.246495032115
30,30,961,54644.38733473111
30,30,962,54587.58599902315
30,30,963,54535.34135120697
30,30,964,54478.78851161273
30,30,965,54422.340723238485
30,30,966,54366.00507014613
30,30,967,54309.787036033194
30,30,968,54253.6855232755
30,30,969,54197.7030826156
30,30,970,54141.835072675094
30,30,971,54086.0810728435
30,30,972,54030.44782636454
30,30,973,53974.94443856735
30,30,974,53919.53441173707
30,30,975,53864.234011736415
30,30,976,53809.09139573759
30,30,977,53754.02063540359
30,30,978,53699.09442301156
30,30,979,53644.24699769038
30,30,980,53589.510432287956
30,30,981,53534.963255572235
30,30,982,53480.4535061917
30,30,983,53426.09422456857
30,30,984,53376.88280992553
30,30,985,53322.69789445874
30,30,986,53268.6202496149
30,30,987,53214.66268386885
30,30,988,53160.816381823744
30,30,989,53107.278136566216
30,30,990,53053.66120976046
30,30,991,53000.1277809131
30,30,992,52946.81438680901
30,30,993,52893.50198351508
30,30,994,52840.29238390419
30,30,995,52787.18903259211
30,30,996,52734.19919657149
30,30,997,52681.3144594296
30,30,998,52628.53138033
30,30,999,52581.20489302277
30,30,1000,52528.646835276275
30,30,1001,52476.179484638764
30,30,1002,52425.92657172173
30,30,1003,52373.78085190008
30,30,1004,52321.69908512548
30,30,1005,52269.64569066545
30,30,1006,52217.716361909035
30,30,1007,52166.1027883472
30,30,1008,52114.35978151392
30,30,1009,52158.59523335801
30,30,1010,52106.95936273921
30,30,1011,52055.422182889684
30,30,1012,52004.05312148766
30,30,1013,51952.79584297055
30,30,1014,51901.84334053825
30,30,1015,51850.72666324723
30,30,1016,51799.711822896796
30,30,1017,51748.78803110461
30,30,1018,51697.95709936337
30,30,1019,51647.225381459924
30,30,1020,51596.823340186864
30,30,1021,51546.498925816435
30,30,1022,51496.06701502594
30,30,1023,51450.260160352285
30,30,1024,51400.17534069261
30,30,1025,51350.030158084286
30,30,1026,51299.983227583994
30,30,1027,51250.07125684874
30,30,1028,51200.22801752722
30,30,1029,51150.47587072315
30,30,1030,51100.87392925026
30,30,1031,51051.32049178828
30,30,1032,51001.85685864156
30,30,1033,50952.54470233088
30,30,1034,50903.37374349729
30,30,1035,50854.21795351361
30,30,1036,50805.146631484204
30,30,1037,50756.15725757667
30,30,1038,50707.66724847692
30,30,1039,50658.869799612825
30,30,1040,50610.18042550003
30,30,1041,50561.56558622605
30,30,1042,50513.04481009101
30,30,1043,50474.83261693635
30,30,1044,50426.629191549415
30,30,1045,50378.4658067537
30,30,1046,50330.30845561598
30,30,1047,50282.460527601135
30,30,1048,50234.54233040094
30,30,1049,50186.77774291683
30,30,1050,50138.98400122043
30,30,1051,50091.28519015548
30,30,1052,50043.675061482456
30,30,1053,49996.156331652644
30,30,1054,49948.75496689679
30,30,1055,49901.53340440743
30,30,1056,49854.31035236991
30,30,1057,49807.1487826891
30,30,1058,49760.18780123305
30,30,1059,49713.218243501855
30,30,1060,49666.320709071224
30,30,1061,49619.51366389511
30,30,1062,49572.80640529155
30,30,1063,49526.18567580039
30,30,1064,49479.64228801496
30,30,1065,49433.20893894492
30,30,1066,49386.8488206579
30,30,1067,49340.56464621739
30,30,1068,49294.37662143952
30,30,1069,49248.27139296306
30,30,1070,49204.23280778535
30,30,1071,49158.48566344075
30,30,1072,49112.63624016549
30,30,1073,49066.90317249095
30,30,1074,49021.223973612185
30,30,1075,49115.37773673054
30,30,1076,49069.7338871595
30,30,1077,49024.174497161715
30,30,1078,48978.71570821599
30,30,1079,48933.33151919619
30,30,1080,48888.05402930602
30,30,1081,48842.837469809965
30,30,1082,48797.7428972562
30,30,1083,48752.711792210575
30,30,1084,48707.73828571387
30,30,1085,48663.44728306598
30,30,1086,48618.64335999307
30,30,1087,48573.93092725846
30,30,1088,48529.69623573249
30,30,1089,48485.13530536518
30,30,1090,48440.67719138357
30,30,1091,48396.282266475035
30,30,1092,48351.970542748495
30,30,1093,48307.806758638784
30,30,1094,48263.68437089449
30,30,1095,48242.27085040793
30,30,1096,48198.3791462991
30,30,1097,48154.45721769788
30,30,1098,48110.64682205598
30,30,1099,48066.87360390241
30,30,1100,48023.44373050307
30,30,1101,47981.38488052613
30,30,1102,47937.858144752536
30,30,1103,47894.40034296638
30,30,1104,47851.019821381116
30,30,1105,47808.46690721439
30,30,1106,47766.19148244144
30,30,1107,47723.07611791054
30,30,1108,47680.011933393645
30,30,1109,47637.07616293004
30,30,1110,47594.174837019986
30,30,1111,47551.35718616626
30,30,1112,47509.79532684073
30,30,1113,47467.111338384144
30,30,1114,47424.504968449604
30,30,1115,47381.97535696424
30,30,1116,47339.52277932646
30,30,1117,47297.14305116552
30,30,1118,47254.85483565193
30,30,1119,47212.752955353484
30,30,1120,47170.6032401001
30,30,1121,47128.53088419681
30,30,1122,47086.56174267691
30,30,1123,47044.64781370797
30,30,1124,47002.82789419729
30,30,1125,46967.957620261725
30,30,1126,46926.26242260469
30,30,1127,46884.63119410021
30,30,1128,46843.07732730529
30,30,1129,46801.61754674266
30,30,1130,46760.2654206656
30,30,1131,46718.92590738936
30,30,1132,46677.66371390354
30,30,1133,46636.48355413266
30,30,1134,46595.47072316429
30,30,1135,46554.44546860058
30,30,1136,46513.46657235844
30,30,1137,46472.67500867632
30,30,1138,46431.842260909805
30,30,1139,46391.08184798283
30,30,1140,46350.392036699224
30,30,1141,46309.95305659999
30,30,1142,46269.40453245444
30,30,1143,46228.932238850175
30,30,1144,46188.68800279425
30,30,1145,46148.3528786708
30,30,1146,46108.118012565916
30,30,1147,46067.92252783945
30,30,1148,46027.79995037233
30,30,1149,45987.74386448452
30,30,1150,45947.77324613867
30,30,1151,45907.85682200786
30,30,1152,45868.01418906634
30,30,1153,45828.23540817299
30,30,1154,45788.54947975113
30,30,1155,45748.90806626521
30,30,1156,45709.334116695885
30,30,1157,45669.965520381505
30,30,1158,45630.531935786035
30,30,1159,45591.22443656582
30,30,1160,45552.28250344517
30,30,1161,45513.07618712589
30,30,1162,45473.91110667795
30,30,1163,45434.81300971132
30,30,1164,45396.11176716538
30,30,1165,45357.147770704694
30,30,1166,45318.26092204577
30,30,1167,45279.43740398876
30,30,1168,45240.67380385784
30,30,1169,45222.31000449888
30,30,1170,45183.665574746985
30,30,1171,45145.367426594865
30,30,1172,45107.791250339
30,30,1173,45069.395386134565
30,30,1174,45031.007831233605
30,30,1175,44993.094306983425
30,30,1176,44954.83874124072
30,30,1177,44916.73335906709
30,30,1178,44878.60801295502
30,30,1179,44840.548954121376
30,30,1180,44802.55511272131
30,30,1181,44764.6211786487
30,30,1182,44726.95204410975
30,30,1183,44690.60341568369
30,30,1184,44652.94689759006
30,30,1185,44615.3667777411
30,30,1186,44586.53852513558
30,30,1187,44548.991562995645
30,30,1188,44511.75916770934
30,30,1189,44474.328661588326
30,30,1190,44437.20046074575
30,30,1191,44399.895125673174
30,30,1192,44362.657323995234
30,30,1193,44325.47404107357
30,30,1194,44288.46014091108
30,30,1195,44251.40809812262
30,30,1196,44214.66898644305
30,30,1197,44177.76729271542
30,30,1198,44141.66184225108
30,30,1199,44104.85661145029
30,30,1200,44068.12833247488
30,31,1,4.946962290988759
30,31,2,3.1680783795630036
30,31,3,4.162682458440213
30,31,4,3.804971125051448
30,31,5,4.727353635167665
30,31,6,4.204543433822126
30,31,7,7.678213024856703
30,31,8,7.669070061363621
30,31,9,7.2444806420562236
30,31,10,6.966650167100515
30,31,11,6.605397390287721
30,31,12,7.924776896689839
30,31,13,7.4265082206609385
30,31,14,9.145799605971598
30,31,15,10.415744743409029
30,31,16,20.345819598919967
30,31,17,19.30744668562972
30,31,18,33.37815300776437
30,31,19,32.675588934756604
30,31,20,67.52982182035962
30,31,21,64.48853142537519
30,31,22,62.83005916437528
30,31,23,60.14435738452398
30,31,24,58.40447902840032
30,31,25,56.11750737772435
30,31,26,54.03924818095769
30,31,27,52.2320909848005
30,31,28,50.47042340370648
30,31,29,48.87143278339669
30,31,30,88.78117145486125
30,31,31,85.99388555685421
30,31,32,83.52724443009893
30,31,33,81.09258410689661
30,31,34,79.24010065458243
30,31,35,77.1475715732677
30,31,36,75.70813833094016
30,31,37,73.78017484053748
30,31,38,71.9035218820364
30,31,39,70.15359837320851
30,31,40,68.54926893858276
30,31,41,66.94925337787647
30,31,42,65.50784266910021
30,31,43,64.25832421471308
30,31,44,62.96749817640486
30,31,45,61.62240200690226
30,31,46,60.56175117834143
30,31,47,59.845468437922776
30,31,48,58.69693463072712
30,31,49,57.61209265276163
30,31,50,56.69526385332765
30,31,51,55.793934126556906
30,31,52,54.740787814132275
30,31,53,53.813072390132966
30,31,54,52.94881470820406
30,31,55,52.088292977905006
30,31,56,51.18346297159045
30,31,57,51.140857640249166
30,31,58,50.4162924285353
30,31,59,49.74834497844926
30,31,60,49.066493010682535
30,31,61,48.644203647306256
30,31,62,47.891424542414
30,31,63,47.1900708989072
30,31,64,46.6535802608726
30,31,65,45.96782029885168
30,31,66,45.8764787855504
30,31,67,45.251068410783205
30,31,68,44.70222325058188
30,31,69,44.089308076471795
30,31,70,43.528498032286095
30,31,71,43.00349368806072
30,31,72,42.47255336909701
30,31,73,41.92236797740797
30,31,74,41.384597599769336
30,31,75,40.857878471243765
30,31,76,40.370540984404634
30,31,77,40.00141425915724
30,31,78,41.61587018062613
30,31,79,41.13941383703816
30,31,80,40.66090194976077
30,31,81,40.26033199901436
30,31,82,39.85367737887706
30,31,83,39.52772285189684
30,31,84,39.55268079628204
30,31,85,39.57342042226276
30,31,86,39.15067714905742
30,31,87,38.72588677278453
30,31,88,38.34255564769631
30,31,89,37.95386565374326
30,31,90,37.64101595621998
30,31,91,37.33498596123065
30,31,92,36.988545993387156
30,31,93,37.36358216397196
30,31,94,37.386216241934825
30,31,95,37.06415311924277
30,31,96,36.69128723071256
30,31,97,36.50372671006407
30,31,98,36.20289368593604
30,31,99,35.90902865463723
30,31,100,35.79809037105585
30,31,101,35.598285480065265
30,31,102,35.27946151668837
30,31,103,35.12467079896284
30,31,104,34.8102724734271
30,31,105,34.5278047617631
30,31,106,34.407729714750126
30,31,107,34.11732732705156
30,31,108,33.83691807535958
30,31,109,33.611787373993465
30,31,110,34.05889731708376
30,31,111,33.81973324448999
30,31,112,33.58707277530593
30,31,113,33.30534200011636
30,31,114,33.02455877091919
30,31,115,33.12202016683985
30,31,116,32.92775190424828
30,31,117,32.67235470358768
30,31,118,32.41719539512761
30,31,119,32.165990811047145
30,31,120,31.913302968433165
30,31,121,31.751920024601866
30,31,122,31.514193986988555
30,31,123,31.343611489636928
30,31,124,31.12214257253189
30,31,125,31.04942660617234
30,31,126,30.819815513594538
30,31,127,30.865588335951234
30,31,128,30.72158114430178
30,31,129,30.522966873868548
30,31,130,30.522917072541265
30,31,131,30.33390235079308
30,31,132,30.251632549485567
30,31,133,30.040829570684014
30,31,134,29.85705389359022
30,31,135,29.648410507351954
30,31,136,29.53705120686743
30,31,137,29.33617753285618
30,31,138,29.148587087268773
30,31,139,28.974017562666425
30,31,140,28.782323274975038
30,31,141,31.269523240392214
30,31,142,31.080122406475816
30,31,143,30.89721074630417
30,31,144,30.702661436099625
30,31,145,30.506550094416795
30,31,146,30.3670655032987
30,31,147,30.176188235872218
30,31,148,30.010987880321224
30,31,149,29.886439237989386
30,31,150,29.745078660556057
30,31,151,29.708358955956466
30,31,152,29.6738949165688
30,31,153,29.90678239702047
30,31,154,29.735848222490876
30,31,155,29.79664423267416
30,31,156,29.645787928076736
30,31,157,29.712939389543294
30,31,158,29.54872136940005
30,31,159,29.37152533737085
30,31,160,29.21375007498972
30,31,161,29.04860242890542
30,31,162,29.192422781253562
30,31,163,29.059579388373155
30,31,164,28.9280598866504
30,31,165,28.78829320696658
30,31,166,28.651407612497426
30,31,167,28.593598889678116
30,31,168,28.69089381796935
30,31,169,28.574178188343204
30,31,170,28.423346741780502
30,31,171,28.27828254832263
30,31,172,28.13505907929442
30,31,173,27.9945124193628
30,31,174,27.892658097193685
30,31,175,27.756024949387715
30,31,176,27.626955978716897
30,31,177,27.64300710436596
30,31,178,27.525589193437288
30,31,179,27.4020374106463
30,31,180,27.28057333871224
30,31,181,27.178338857968072
30,31,182,27.06530952639573
30,31,183,26.986856723957626
30,31,184,27.064702395366893
30,31,185,26.97407643114302
30,31,186,26.87961197634192
30,31,187,26.744436926386726
30,31,188,26.774203519660126
30,31,189,26.677442669986924
30,31,190,26.569363456965394
30,31,191,26.446627017207337
30,31,192,26.322507853474587
30,31,193,26.226620795797373
30,31,194,26.119600035454315
30,31,195,26.124619308270148
30,31,196,26.00202631457452
30,31,197,25.88832888729547
30,31,198,25.78073175252801
30,31,199,26.839878247866466
30,31,200,26.721669942667678
30,31,201,26.601980381022926
30,31,202,26.498294936525955
30,31,203,26.392074618208518
30,31,204,26.2698720255056
30,31,205,26.186312164059576
30,31,206,26.075244774917866
30,31,207,26.029914086004602
30,31,208,26.12949006732723
30,31,209,26.03330752922034
30,31,210,25.946981315399643
30,31,211,25.86918592330371
30,31,212,25.791607213602102
30,31,213,25.71752275515238
30,31,214,25.834472937603298
30,31,215,25.735338245074313
30,31,216,25.67283847110769
30,31,217,25.565232946427102
30,31,218,25.576485559849733
30,31,219,25.473646412758807
30,31,220,25.43439461550886
30,31,221,25.401404990729645
30,31,222,25.333379290256428
30,31,223,25.260204813600787
30,31,224,25.16485576116467
30,31,225,25.10231245887042
30,31,226,25.357540334745767
30,31,227,26.42108009435192
30,31,228,26.493537474987562
30,31,229,26.399530413693885
30,31,230,26.29271332037413
30,31,231,26.28971632943522
30,31,232,26.184290480193443
30,31,233,26.115792899215123
30,31,234,26.023902962450396
30,31,235,25.924462982647945
30,31,236,25.860060806971543
30,31,237,25.78826821718173
30,31,238,25.712603278584726
30,31,239,25.85767914844504
30,31,240,25.98558978815959
30,31,241,25.886413020605225
30,31,242,25.79836011492231
30,31,243,25.727789288410285
30,31,244,25.640650072251397
30,31,245,25.567644515638815
30,31,246,25.474964347905626
30,31,247,25.428803641687903
30,31,248,25.391822512432185
30,31,249,25.372178565070705
30,31,250,25.281247311661105
30,31,251,25.19699025567388
30,31,252,25.102111988833485
30,31,253,25.032095074711954
30,31,254,24.963075245002447
30,31,255,24.9085261692543
30,31,256,24.815279341507047
30,31,257,24.838305327706205
30,31,258,24.761873452503647
30,31,259,24.677463501353692
30,31,260,24.590376500916015
30,31,261,24.52598446707952
30,31,262,24.443485218354404
30,31,263,24.418915623612094
30,31,264,24.33319005609271
30,31,265,24.28477880515124
30,31,266,24.20052071671792
30,31,267,24.12934899477601
30,31,268,24.0590128476912
30,31,269,23.987808456820865
30,31,270,23.937704878671184
30,31,271,23.885317254882416
30,31,272,23.81343220229935
30,31,273,23.729116443049122
30,31,274,23.67059394424063
30,31,275,23.60099089655283
30,31,276,23.59756340664769
30,31,277,23.60093734470378
30,31,278,23.54823206812764
30,31,279,23.497186924541026
30,31,280,23.421887674633183
30,31,281,23.342596762276084
30,31,282,23.288954481028966
30,31,283,23.225435848011948
30,31,284,23.273743807700484
30,31,285,23.19925907233908
30,31,286,23.141555693331778
30,31,287,23.20011182547806
30,31,288,23.140222675988596
30,31,289,23.07215975814595
30,31,290,23.019916984781997
30,31,291,22.946606483786272
30,31,292,22.87932889371731
30,31,293,22.895967877942603
30,31,294,22.827926870931943
30,31,295,22.761012745457684
30,31,296,22.827748534522872
30,31,297,22.78959732463728
30,31,298,22.739605948985318
30,31,299,23.007944706632152
30,31,300,22.941567584673273
30,31,301,22.918649090031046
30,31,302,22.87208463413039
30,31,303,22.817561928210942
30,31,304,22.854535509439682
30,31,305,22.79692140906683
30,31,306,22.72805708029131
30,31,307,22.69569899856965
30,31,308,22.704312395059702
30,31,309,22.696718309500028
30,31,310,22.633325448853668
30,31,311,22.588966128407655
30,31,312,22.52282535727968
30,31,313,22.489626306434985
30,31,314,22.42174320705949
30,31,315,22.358138740727068
30,31,316,22.298053104311894
30,31,317,22.235329720649936
30,31,318,24.09878357234945
30,31,319,24.100149425464988
30,31,320,24.040394131855425
30,31,321,24.00976127069706
30,31,322,24.691413030441428
30,31,323,24.62549363083398
30,31,324,24.55368276154721
30,31,325,24.487580190338534
30,31,326,24.432553520287975
30,31,327,24.705752568969366
30,31,328,24.641283425583886
30,31,329,24.581318703817185
30,31,330,24.52125597081392
30,31,331,24.45716299865283
30,31,332,24.405277782850614
30,31,333,24.344256246699903
30,31,334,24.285488693713287
30,31,335,24.354163418887172
30,31,336,24.294176749333833
30,31,337,24.238914046652212
30,31,338,24.216785141646042
30,31,339,24.269463410369156
30,31,340,24.22048088570002
30,31,341,24.162944397638682
30,31,342,24.829661657700118
30,31,343,24.773980299073774
30,31,344,24.76089552700843
30,31,345,24.98033353914083
30,31,346,24.916822432803695
30,31,347,25.022035190055004
30,31,348,25.00831387929932
30,31,349,24.944063327688543
30,31,350,24.881218725377646
30,31,351,24.81522873884198
30,31,352,24.761265797538123
30,31,353,24.701164928317333
30,31,354,24.63922160788423
30,31,355,24.574743518891154
30,31,356,24.604285772456617
30,31,357,24.542324422511136
30,31,358,24.481241970880408
30,31,359,24.42732314090499
30,31,360,24.637932417534763
30,31,361,24.57981730253355
30,31,362,24.527881960794296
30,31,363,24.46793465453635
30,31,364,24.41197870561801
30,31,365,24.351497988806216
30,31,366,24.30658445744586
30,31,367,25.653025319747847
30,31,368,25.649080045755557
30,31,369,25.58951123465657
30,31,370,25.529238695808875
30,31,371,25.46930175252002
30,31,372,25.40763653704355
30,31,373,25.389422380523328
30,31,374,25.42904698013106
30,31,375,25.421305774966406
30,31,376,25.57247148346826
30,31,377,25.522612985241803
30,31,378,25.509869493917655
30,31,379,25.96294410124603
30,31,380,25.899550831855375
30,31,381,25.83624382845115
30,31,382,25.783144846529453
30,31,383,25.741170032257912
30,31,384,25.68048363723844
30,31,385,25.782003716677576
30,31,386,25.720466648949724
30,31,387,25.68164091143735
30,31,388,25.63724262571922
30,31,389,25.598959013414312
30,31,390,25.536985681716178
30,31,391,25.479318087481673
30,31,392,25.421475824059687
30,31,393,25.377827965636335
30,31,394,25.321392458579606
30,31,395,25.281387151708323
30,31,396,25.279869508925014
30,31,397,25.250618380362702
30,31,398,25.198999676014882
30,31,399,25.141421977709825
30,31,400,25.08822031177556
30,31,401,25.034628921007634
30,31,402,25.021286487806243
30,31,403,24.96763321241074
30,31,404,25.11188474530165
30,31,405,25.064218929268375
30,31,406,25.015787945487972
30,31,407,24.96463452621159
30,31,408,25.320869725766038
30,31,409,25.262758947927946
30,31,410,25.20743728819262
30,31,411,25.200919716866874
30,31,412,25.19029666006241
30,31,413,25.38937272056986
30,31,414,25.344461019956242
30,31,415,25.34343038876001
30,31,416,25.2871660536545
30,31,417,25.234362964297276
30,31,418,25.186130132899876
30,31,419,25.131398791197217
30,31,420,25.08197733455899
30,31,421,25.091199168944808
30,31,422,25.06817103570468
30,31,423,25.03343799717491
30,31,424,24.982847940671782
30,31,425,25.006688013101503
30,31,426,24.95780561489814
30,31,427,24.910732331044493
30,31,428,24.90930913672396
30,31,429,24.88517164098032
30,31,430,24.831736605926917
30,31,431,24.778323252580332
30,31,432,24.742511527847576
30,31,433,24.699990950563713
30,31,434,24.646704666600325
30,31,435,24.601170128172512
30,31,436,24.563148683455733
30,31,437,24.51296132061696
30,31,438,24.482116585948635
30,31,439,25.072519394835275
30,31,440,25.028015824335316
30,31,441,24.980797929757795
30,31,442,25.01112292615204
30,31,443,24.95946503500453
30,31,444,24.926434565747947
30,31,445,24.87371809915601
30,31,446,24.822933000563534
30,31,447,25.303338063034815
30,31,448,25.251871144522024
30,31,449,25.203715295384637
30,31,450,25.155706966781924
30,31,451,25.129159769285664
30,31,452,25.07825625582484
30,31,453,25.033787449485445
30,31,454,25.002152659920068
30,31,455,24.95314612847908
30,31,456,24.904461688031034
30,31,457,24.858159301168904
30,31,458,24.81077970744371
30,31,459,24.76033418385655
30,31,460,26.144513682017692
30,31,461,26.099138873637447
30,31,462,26.048690568808457
30,31,463,26.00108667084292
30,31,464,25.965873617905242
30,31,465,25.913174359764046
30,31,466,25.8639531292371
30,31,467,26.083185826544824
30,31,468,26.032718778813116
30,31,469,25.986016228893654
30,31,470,25.94010046545151
30,31,471,25.935381129530523
30,31,472,25.91956267178221
30,31,473,25.90744623626193
30,31,474,25.91824671228322
30,31,475,25.87366517911311
30,31,476,25.831373758611214
30,31,477,25.781651902549786
30,31,478,25.88863045981395
30,31,479,25.85288041316392
30,31,480,25.807775817155605
30,31,481,25.770604811348328
30,31,482,25.72571943743533
30,31,483,25.681416393753256
30,31,484,25.632594963519985
30,31,485,25.58515746565765
30,31,486,25.569350803280877
30,31,487,25.52546170617295
30,31,488,25.481774311868996
30,31,489,25.464994613718854
30,31,490,25.435233703782934
30,31,491,25.552837580393078
30,31,492,25.50303939878496
30,31,493,25.83028995928495
30,31,494,25.82246377891601
30,31,495,25.779340939519418
30,31,496,25.73503938747427
30,31,497,25.744337152579465
30,31,498,25.731757936549332
30,31,499,25.685294145285308
30,31,500,25.660304628342267
30,31,501,25.619371607994317
30,31,502,25.6004122682517
30,31,503,25.565943607554782
30,31,504,25.54649851678454
30,31,505,25.50089357701839
30,31,506,25.465474970691467
30,31,507,25.44928075195854
30,31,508,25.48181839136986
30,31,509,25.452783338409716
30,31,510,25.404523445011797
30,31,511,25.360879038250207
30,31,512,25.336132251851026
30,31,513,25.312676871849376
30,31,514,25.292230230705478
30,31,515,25.378306649737258
30,31,516,25.3711721154656
30,31,517,25.325939875148062
30,31,518,25.282370077394255
30,31,519,25.237874934592288
30,31,520,25.283826515566556
30,31,521,25.237600773920605
30,31,522,25.1946806033072
30,31,523,25.151130615315907
30,31,524,25.107283813837828
30,31,525,25.073500768658782
30,31,526,25.04242372864994
30,31,527,25.03911204983784
30,31,528,25.000934184486123
30,31,529,24.969533501271126
30,31,530,25.030246296022924
30,31,531,24.988063281524127
30,31,532,24.94593766399641
30,31,533,24.904744526306978
30,31,534,24.870388364825338
30,31,535,24.82957758540528
30,31,536,29.525166363247678
30,31,537,29.473284491370148
30,31,538,29.42760747740928
30,31,539,29.411532077869236
30,31,540,29.367273818592604
30,31,541,29.392531543874018
30,31,542,29.352160994512005
30,31,543,29.31896071535571
30,31,544,29.27428546269893
30,31,545,29.584727084111318
30,31,546,29.540747583303702
30,31,547,29.491708946348115
30,31,548,29.52800666262498
30,31,549,29.577983936947046
30,31,550,29.564384924633348
30,31,551,29.52050137179099
30,31,552,29.476853904416682
30,31,553,29.430005864303705
30,31,554,29.38427610769069
30,31,555,29.441899401686562
30,31,556,29.391558954213348
30,31,557,29.344741167010756
30,31,558,29.2963473232421
30,31,559,29.25025094685073
30,31,560,29.209834842328945
30,31,561,29.239774980594344
30,31,562,29.244555553613562
30,31,563,29.203480945850902
30,31,564,29.155147762586537
30,31,565,29.11084025586369
30,31,566,29.08079322597339
30,31,567,29.04331965534655
30,31,568,29.01658744628667
30,31,569,29.085921263020026
30,31,570,29.051054587966487
30,31,571,29.004121914721154
30,31,572,28.970486044983332
30,31,573,28.930065169184907
30,31,574,28.88564184747828
30,31,575,28.877552506102226
30,31,576,29.864732097540582
30,31,577,29.827178778909374
30,31,578,29.843077300542436
30,31,579,29.815275777709783
30,31,580,29.806883375399405
30,31,581,29.759760512129578
30,31,582,30.09373112647659
30,31,583,30.056455751900334
30,31,584,30.015807337077597
30,31,585,29.976285246751363
30,31,586,29.968898525021615
30,31,587,30.09591726028821
30,31,588,30.11621840863598
30,31,589,30.072163095522434
30,31,590,30.03427778826302
30,31,591,30.01870929260072
30,31,592,29.980535357677642
30,31,593,29.975270928924157
30,31,594,29.93861840981034
30,31,595,29.893004252771423
30,31,596,29.84822532235533
30,31,597,29.827545752819457
30,31,598,29.930694644298928
30,31,599,29.897678067684986
30,31,600,29.917914583917092
30,31,601,29.875975136597063
30,31,602,29.833438118642917
30,31,603,29.798422953882366
30,31,604,29.76584864544137
30,31,605,29.72192431700075
30,31,606,29.831284380970647
30,31,607,29.793778907013408
30,31,608,29.75695343827653
30,31,609,29.712143891126924
30,31,610,29.676312326747485
30,31,611,29.688189765341946
30,31,612,29.66837252531419
30,31,613,29.689176115764678
30,31,614,29.645037377693683
30,31,615,29.630829667105687
30,31,616,29.588557555645455
30,31,617,29.543327599731388
30,31,618,29.516193408668894
30,31,619,29.476681457316346
30,31,620,29.43531789397274
30,31,621,29.400030461254197
30,31,622,29.364799071375895
30,31,623,29.323947179112945
30,31,624,29.280890314704173
30,31,625,29.241959796376936
30,31,626,29.198257596576752
30,31,627,29.15722356269405
30,31,628,29.11626973028976
30,31,629,29.112797396033926
30,31,630,29.071567756389506
30,31,631,29.032887110051057
30,31,632,28.988863633649554
30,31,633,28.95136498577758
30,31,634,28.913310895814224
30,31,635,28.871420259978976
30,31,636,28.84860511014178
30,31,637,28.84937058950752
30,31,638,28.808101499772377
30,31,639,28.76813541146837
30,31,640,28.733487505847627
30,31,641,28.709093752518093
30,31,642,28.677216102656377
30,31,643,28.654313935967938
30,31,644,28.613985855910727
30,31,645,28.64674051935513
30,31,646,28.61218918353611
30,31,647,28.576867884609918
30,31,648,28.539966380361854
30,31,649,28.506069652773224
30,31,650,28.472130838419197
30,31,651,28.431255068479548
30,31,652,28.403543564526746
30,31,653,28.377672219169323
30,31,654,28.388245482302814
30,31,655,28.349833254250104
30,31,656,28.32644993176446
30,31,657,28.2935152810452
30,31,658,28.280609838828468
30,31,659,28.28715041238682
30,31,660,28.253563841885708
30,31,661,28.225744039614636
30,31,662,28.18598142010842
30,31,663,28.149075382172057
30,31,664,28.112883745421613
30,31,665,28.092223771281517
30,31,666,28.06678386437408
30,31,667,28.11221801671801
30,31,668,28.080203712342545
30,31,669,28.040952590388486
30,31,670,28.005341016585536
30,31,671,27.978742039365756
30,31,672,27.94617608328911
30,31,673,27.912934057143925
30,31,674,27.881537211769317
30,31,675,27.86027656037194
30,31,676,27.834068236456986
30,31,677,27.815299591999743
30,31,678,27.78106656250773
30,31,679,27.747805056425104
30,31,680,27.709698341009748
30,31,681,27.673115025845746
30,31,682,27.642627668549267
30,31,683,27.605189645566384
30,31,684,27.568920769649935
30,31,685,27.54223362862885
30,31,686,27.55883386845123
30,31,687,27.52507526420786
30,31,688,27.488056248442287
30,31,689,27.53196215135726
30,31,690,27.543069704791428
30,31,691,27.505756019486775
30,31,692,27.490620075083932
30,31,693,27.48066320501124
30,31,694,27.444602766948655
30,31,695,27.416296283446947
30,31,696,27.380329813144304
30,31,697,27.394100100691574
30,31,698,27.3615849436947
30,31,699,27.344227729148443
30,31,700,27.312188172230215
30,31,701,27.288184535133592
30,31,702,27.251074102019547
30,31,703,27.214626692382698
30,31,704,27.189602225990075
30,31,705,27.154312884594013
30,31,706,27.13500687887921
30,31,707,27.099960225394597
30,31,708,27.070948140610902
30,31,709,27.06091185559021
30,31,710,27.081458982518537
30,31,711,27.05207241103905
30,31,712,27.021209384017485
30,31,713,26.988870561948296
30,31,714,26.97070897662749
30,31,715,26.93535971734662
30,31,716,27.082216538705055
30,31,717,27.048292852379397
30,31,718,27.061482776527356
30,31,719,27.03116501190205
30,31,720,27.187747440085932
30,31,721,27.16578615344638
30,31,722,27.13401349632841
30,31,723,27.103370621665288
30,31,724,27.07459407464082
30,31,725,27.05215389624177
30,31,726,27.04694288866726
30,31,727,27.03785305383784
30,31,728,27.07037268440636
30,31,729,27.03701352565748
30,31,730,27.011766253683422
30,31,731,26.977768821295726
30,31,732,26.94468277632378
30,31,733,26.923820514159573
30,31,734,26.891709095359797
30,31,735,26.85986227408119
30,31,736,26.825785502069415
30,31,737,26.8219943595223
30,31,738,26.792266106078102
30,31,739,26.765575394218796
30,31,740,26.731796279576233
30,31,741,26.703551625666627
30,31,742,26.672561288281255
30,31,743,26.64068793656195
30,31,744,26.611961073258566
30,31,745,26.609073972035617
30,31,746,26.595713604819966
30,31,747,26.567833000730662
30,31,748,26.53595894294854
30,31,749,26.538614252637014
30,31,750,26.532112348380387
30,31,751,26.500982896157193
30,31,752,26.46987809175745
30,31,753,26.457603300638283
30,31,754,26.42775599858193
30,31,755,26.41083271934902
30,31,756,26.380489008180216
30,31,757,26.350129303387735
30,31,758,26.324784662601317
30,31,759,26.29439263606028
30,31,760,26.28619045942398
30,31,761,26.302017012619938
30,31,762,26.279292855833376
30,31,763,26.25363711031422
30,31,764,26.221928355945437
30,31,765,26.20012043906391
30,31,766,26.170914686983235
30,31,767,26.150542284346873
30,31,768,26.7550347804506
30,31,769,26.7231864530531
30,31,770,26.698474723639958
30,31,771,26.669470605902447
30,31,772,26.64690542600576
30,31,773,26.61903285205819
30,31,774,26.58991238020934
30,31,775,26.8369871995643
30,31,776,26.813855718107536
30,31,777,26.795243774010405
30,31,778,26.765426027711055
30,31,779,26.76465500325497
30,31,780,26.75249164692453
30,31,781,26.743248317142545
30,31,782,26.733902951024493
30,31,783,26.710142277949544
30,31,784,26.6837755427518
30,31,785,26.657147327900752
30,31,786,26.71419463910272
30,31,787,26.682588908653535
30,31,788,26.654368322946652
30,31,789,26.743650089454093
30,31,790,26.716853262444875
30,31,791,26.713276328981944
30,31,792,26.69514656398381
30,31,793,26.67051307197932
30,31,794,26.64440739210898
30,31,795,26.632488111779793
30,31,796,26.617210895680394
30,31,797,26.624742472496663
30,31,798,26.601158312667444
30,31,799,26.570966505560122
30,31,800,26.553067400177
30,31,801,26.52413063502347
30,31,802,26.493344468095387
30,31,803,26.462871937018534
30,31,804,26.452928269990725
30,31,805,26.572266119016398
30,31,806,26.54176436629607
30,31,807,26.514450375717253
30,31,808,26.493081131978194
30,31,809,26.474255203781986
30,31,810,26.46763862286782
30,31,811,26.445803344595912
30,31,812,26.41872284634332
30,31,813,26.417172355899822
30,31,814,26.415168503190465
30,31,815,26.391884721013078
30,31,816,26.362639176110598
30,31,817,26.471571536012547
30,31,818,26.44215310310978
30,31,819,26.414469528387436
30,31,820,26.397683311204634
30,31,821,26.370031610902558
30,31,822,26.340808411978898
30,31,823,26.31072267020012
30,31,824,26.300116886358392
30,31,825,26.30370184910183
30,31,826,26.274599723741442
30,31,827,26.25278281936676
30,31,828,26.30115889041734
30,31,829,26.271588310504747
30,31,830,26.242438146507926
30,31,831,26.2206288441398
30,31,832,26.1921724358556
30,31,833,26.16858554124293
30,31,834,26.14132060798023
30,31,835,26.117573798708168
30,31,836,26.090145334659322
30,31,837,26.061070564384448
30,31,838,26.05239854804381
30,31,839,26.0231638988897
30,31,840,26.06370136428715
30,31,841,26.036361670996502
30,31,842,26.016317394915514
30,31,843,25.988440079254204
30,31,844,25.961340841965402
30,31,845,25.93558838649724
30,31,846,25.92275236573157
30,31,847,25.904614945694206
30,31,848,25.930898461280737
30,31,849,25.906665862570037
30,31,850,25.877557388445673
30,31,851,25.85378068373094
30,31,852,25.82918174456511
30,31,853,25.809351614276288
30,31,854,25.78867814328213
30,31,855,25.760422159196164
30,31,856,25.734432874122156
30,31,857,25.707943944912664
30,31,858,25.69894842360778
30,31,859,25.678226861332092
30,31,860,25.649815072217766
30,31,861,25.645756871407002
30,31,862,25.618477423996083
30,31,863,25.613001531443686
30,31,864,25.585780077144545
30,31,865,25.6140920030543
30,31,866,25.586405198440943
30,31,867,25.577653454509704
30,31,868,25.56041348617223
30,31,869,25.538729787649274
30,31,870,25.51918975517559
30,31,871,25.795352996435625
30,31,872,25.768401033270564
30,31,873,25.748098975312637
30,31,874,25.751916484026562
30,31,875,25.732350112086177
30,31,876,25.711428265220782
30,31,877,25.68753666421987
30,31,878,25.661616538938617
30,31,879,25.63504398468276
30,31,880,25.61092891258278
30,31,881,25.583312218112226
30,31,882,25.581271717421412
30,31,883,25.581456996698353
30,31,884,25.56700845894866
30,31,885,25.542522679276903
30,31,886,25.51891021694377
30,31,887,25.495192891096867
30,31,888,25.471501362652198
30,31,889,25.446149550396573
30,31,890,25.421347522735967
30,31,891,25.401118392667623
30,31,892,25.382264056110696
30,31,893,25.362747760788377
30,31,894,25.339028775663724
30,31,895,25.31285220529454
30,31,896,25.302209897474025
30,31,897,25.278526174868347
30,31,898,25.258178626232205
30,31,899,25.281680872484827
30,31,900,25.258275239247705
30,31,901,25.233042406506794
30,31,902,25.270987778400322
30,31,903,25.245990503543506
30,31,904,25.22292217200132
30,31,905,25.22118277616663
30,31,906,25.217394571861277
30,31,907,25.193562809403673
30,31,908,25.171536597680998
30,31,909,25.1511694531936
30,31,910,25.199214479308804
30,31,911,25.176048767115464
30,31,912,25.150602583736287
30,31,913,25.12783911847976
30,31,914,25.103527619961817
30,31,915,25.07889462942907
30,31,916,25.055884122573108
30,31,917,25.122515308009707
30,31,918,25.099976853454915
30,31,919,25.228632268407225
30,31,920,25.202496314511485
30,31,921,25.178054911151886
30,31,922,25.190800308011667
30,31,923,25.195269125153764
30,31,924,25.181164592860235
30,31,925,25.15830628627741
30,31,926,25.134078510776202
30,31,927,25.115061964117675
30,31,928,25.09280327822846
30,31,929,25.0820195698805
30,31,930,25.057559616310236
30,31,931,25.05476706536569
30,31,932,25.031257227367618
30,31,933,25.039688625578044
30,31,934,25.015411050632782
30,31,935,24.990282059654405
30,31,936,24.969458024063993
30,31,937,25.007514583479992
30,31,938,25.008275648683327
30,31,939,25.00017078296236
30,31,940,24.97533015089066
30,31,941,24.951736328395242
30,31,942,24.926583591103494
30,31,943,24.904116890943158
30,31,944,24.884746261046942
30,31,945,24.867720357698627
30,31,946,24.846343041348675
30,31,947,24.82135149455999
30,31,948,24.797499147190482
30,31,949,24.869322431371362
30,31,950,24.853601674819995
30,31,951,24.830399142238804
30,31,952,24.805246444370212
30,31,953,24.79828578179202
30,31,954,24.775592234706195
30,31,955,24.757092523547648
30,31,956,24.734156573194618
30,31,957,24.712556644952596
30,31,958,24.701740438036094
30,31,959,24.684390211696204
30,31,960,24.665920645709313
30,31,961,24.64812959440214
30,31,962,24.62466509283763
30,31,963,24.60113595712146
30,31,964,24.595004794795905
30,31,965,24.573499561367544
30,31,966,24.55068596408723
30,31,967,24.52837862364944
30,31,968,24.506672498430962
30,31,969,24.485374532775154
30,31,970,24.46606012057828
30,31,971,24.445061095741544
30,31,972,24.424448622039503
30,31,973,24.402137310605866
30,31,974,24.38309087793837
30,31,975,24.359576047122946
30,31,976,24.364284665203822
30,31,977,24.342631559580084
30,31,978,24.31987566701513
30,31,979,24.298689641661415
30,31,980,24.276075814559608
30,31,981,24.25788794720368
30,31,982,24.236452838346526
30,31,983,24.216943448004223
30,31,984,24.22749010230718
30,31,985,24.20474740796363
30,31,986,24.18215063108445
30,31,987,24.16827316529094
30,31,988,24.15851373004651
30,31,989,24.138855794904018
30,31,990,24.11745504437542
30,31,991,24.09517759776097
30,31,992,24.181423971238377
30,31,993,24.15936144103255
30,31,994,24.1383830088473
30,31,995,24.116642058181505
30,31,996,24.097670863229357
30,31,997,24.077603072624495
30,31,998,24.056860992293714
30,31,999,24.045599710739754
30,31,1000,24.044695871343833
30,31,1001,24.02189652307634
30,31,1002,26.063091527936763
30,31,1003,26.04658517376474
30,31,1004,26.085198446175525
30,31,1005,26.062842107457573
30,31,1006,26.056110120418126
30,31,1007,26.062994358517408
30,31,1008,26.043842893859868
30,31,1009,26.110799849481424
30,31,1010,26.088093193110375
30,31,1011,26.064292044024718
30,31,1012,26.04282921206926
30,31,1013,26.037508215289623
30,31,1014,26.112538133917866
30,31,1015,26.091340746671506
30,31,1016,26.08429600150499
30,31,1017,26.061253247325794
30,31,1018,26.038223046059116
30,31,1019,26.01454442574608
30,31,1020,25.99461417790663
30,31,1021,26.17926674490764
30,31,1022,26.156308992168405
30,31,1023,26.139488198716492
30,31,1024,26.140975405271472
30,31,1025,26.116999023404816
30,31,1026,26.093374612319824
30,31,1027,26.103795545930065
30,31,1028,26.080748860848573
30,31,1029,26.06093904120668
30,31,1030,26.044200621442382
30,31,1031,26.022058429195276
30,31,1032,25.999434940596082
30,31,1033,25.976770794942876
30,31,1034,25.956832126138412
30,31,1035,25.95597039892612
30,31,1036,25.940908675962337
30,31,1037,25.91875452459172
30,31,1038,26.1714443776731
30,31,1039,26.15290210334312
30,31,1040,26.13950534493639
30,31,1041,26.11634740196042
30,31,1042,26.094372068747507
30,31,1043,26.154129014724663
30,31,1044,26.223160156888095
30,31,1045,26.289407969466073
30,31,1046,26.266356688107393
30,31,1047,26.304433031734472
30,31,1048,26.289346879279194
30,31,1049,26.26757164716113
30,31,1050,26.244378619133535
30,31,1051,26.225524889771016
30,31,1052,26.204855261256043
30,31,1053,26.182960179389497
30,31,1054,26.162194001724938
30,31,1055,26.15554596252038
30,31,1056,26.141327548348087
30,31,1057,26.12090679164295
30,31,1058,26.09712811539811
30,31,1059,26.091303542577684
30,31,1060,26.068408975333686
30,31,1061,26.045576619893797
30,31,1062,26.02366858530145
30,31,1063,26.013325886294663
30,31,1064,25.991961201042034
30,31,1065,25.98685077300906
30,31,1066,25.971182373946476
30,31,1067,25.948049036448207
30,31,1068,25.93617723183668
30,31,1069,25.918079352594386
30,31,1070,25.91766638332267
30,31,1071,25.97653712476604
30,31,1072,25.956003908903785
30,31,1073,25.939528614081638
30,31,1074,25.920122070584792
30,31,1075,25.920091736223796
30,31,1076,25.89835805049084
30,31,1077,25.875449603924054
30,31,1078,25.854255082517135
30,31,1079,25.833493061642727
30,31,1080,25.813340644050463
30,31,1081,25.795584775907987
30,31,1082,25.804970906106146
30,31,1083,25.78764700056489
30,31,1084,25.765077916742694
30,31,1085,25.743693361777428
30,31,1086,25.723194532694485
30,31,1087,25.706144920724604
30,31,1088,25.6840917619451
30,31,1089,25.663115669882856
30,31,1090,25.648015472979992
30,31,1091,25.629888332321848
30,31,1092,25.612567644490372
30,31,1093,25.59475842238844
30,31,1094,25.575789253249017
30,31,1095,25.635520700181523
30,31,1096,25.678283776778212
30,31,1097,25.66679015920925
30,31,1098,25.649757044001934
30,31,1099,25.62987911467623
30,31,1100,25.772847212384207
30,31,1101,26.827255631514927
30,31,1102,26.808551745627618
30,31,1103,26.78674293035787
30,31,1104,26.763921806667998
30,31,1105,26.749442750957964
30,31,1106,26.735377588634442
30,31,1107,26.722782943124038
30,31,1108,26.70329795885458
30,31,1109,26.681567178047224
30,31,1110,26.673568804959718
30,31,1111,26.651662604018536
30,31,1112,26.645757203354275
30,31,1113,26.62410760756549
30,31,1114,26.602882949940806
30,31,1115,26.581710018314013
30,31,1116,26.561705450541453
30,31,1117,26.539197063533877
30,31,1118,26.52592398161758
30,31,1119,26.510142524782417
30,31,1120,26.48972279552574
30,31,1121,26.469752571251448
30,31,1122,26.465466944621266
30,31,1123,26.45734348312627
30,31,1124,26.44306122503776
30,31,1125,26.42318776502846
30,31,1126,26.40844152572849
30,31,1127,26.38976980656029
30,31,1128,26.368244667343006
30,31,1129,26.35966885688891
30,31,1130,26.34297046482188
30,31,1131,26.322882310019267
30,31,1132,26.30848907925265
30,31,1133,26.300586327066704
30,31,1134,26.28509103681908
30,31,1135,26.265133774748694
30,31,1136,26.243411913187778
30,31,1137,26.221974765212806
30,31,1138,26.20090485792889
30,31,1139,26.182927009457664
30,31,1140,26.16387518730856
30,31,1141,26.21343737157597
30,31,1142,26.193479338054143
30,31,1143,26.177341034955045
30,31,1144,26.17885968445857
30,31,1145,26.15860393235182
30,31,1146,26.138348240374896
30,31,1147,26.118519642831615
30,31,1148,26.099204836911863
30,31,1149,26.079861818072743
30,31,1150,26.06978332594608
30,31,1151,26.049494573533167
30,31,1152,26.03452675212856
30,31,1153,26.01499198305877
30,31,1154,25.99724311557483
30,31,1155,25.977000565740514
30,31,1156,25.955864876060453
30,31,1157,25.954353488311057
30,31,1158,25.936949483592365
30,31,1159,25.916578239471164
30,31,1160,25.898146964201263
30,31,1161,25.893803002858895
30,31,1162,25.874334543349004
30,31,1163,25.854099594374137
30,31,1164,25.8362680792324
30,31,1165,25.815702186114457
30,31,1166,25.80558856802363
30,31,1167,25.790257034044405
30,31,1168,25.771041754474027
30,31,1169,25.800690685029927
30,31,1170,25.78575710762742
30,31,1171,25.766365905107584
30,31,1172,25.81832008469761
30,31,1173,25.817733328804508
30,31,1174,25.79768328852459
30,31,1175,25.931920862398265
30,31,1176,25.912781202997028
30,31,1177,25.89819551850906
30,31,1178,25.878290225546227
30,31,1179,25.85881434119227
30,31,1180,25.8398224238703
30,31,1181,25.820893236801318
30,31,1182,25.803934731227145
30,31,1183,25.785517140647187
30,31,1184,25.77299743041452
30,31,1185,25.75465879648834
30,31,1186,25.773820299394735
30,31,1187,25.754052612170163
30,31,1188,25.761722842493135
30,31,1189,25.742838372709294
30,31,1190,25.73019764934648
30,31,1191,25.71005867208198
30,31,1192,25.696363059897976
30,31,1193,25.67733557043065
30,31,1194,25.680206014833452
30,31,1195,25.662803748248113
30,31,1196,25.649633480581645
30,31,1197,25.629996708634252
30,31,1198,25.61355960668774
30,31,1199,25.60248959200865
30,31,1200,25.606807381684952
30,32,1,3.344048919047176
30,32,2,2.312189470813647
30,32,3,2.926566524658002
30,32,4,2.8400395452926928
30,32,5,2.6130867200794747
30,32,6,2.36454715474965
30,32,7,3.8973018443773246
30,32,8,4.184139413001504
30,32,9,4.135080019115124
30,32,10,4.0667681045471
30,32,11,3.8030320137204723
30,32,12,5.315161192074145
30,32,13,5.015884608154147
30,32,14,5.703537856412665
30,32,15,5.637728995844252
30,32,16,15.838382445690966
30,32,17,15.052847530535603
30,32,18,14.388156253727626
30,32,19,14.488349740239064
30,32,20,14.166264381160406
30,32,21,13.627443061436065
30,32,22,13.563360578472823
30,32,23,13.020280177763187
30,32,24,12.939389298458751
30,32,25,12.471844326972963
30,32,26,12.070690423470166
30,32,27,11.76580990772833
30,32,28,11.413164954362967
30,32,29,11.093981427777496
30,32,30,11.519834437353175
30,32,31,11.224557248941496
30,32,32,10.976559595756106
30,32,33,10.748167259686689
30,32,34,10.519159606398807
30,32,35,10.32546985186598
30,32,36,10.512580758016375
30,32,37,10.271966418455008
30,32,38,10.052845125304604
30,32,39,9.872335177133815
30,32,40,9.765131006526367
30,32,41,9.581429541460194
30,32,42,9.48044174919643
30,32,43,9.366738951960814
30,32,44,9.317634373794379
30,32,45,9.168045091865004
30,32,46,9.224436108168163
30,32,47,9.544254178377976
30,32,48,9.42494765552651
30,32,49,9.337930791206672
30,32,50,9.370926225801439
30,32,51,9.35289482499737
30,32,52,9.189635260983831
30,32,53,9.119645517613135
30,32,54,8.98248169956407
30,32,55,8.912093885124682
30,32,56,8.780822195084014
30,32,57,8.698076785715688
30,32,58,8.663901811787824
30,32,59,8.564021347317842
30,32,60,8.478057605684846
30,32,61,8.377689782973095
30,32,62,8.273014470715676
30,32,63,8.171602414710643
30,32,64,8.110516485746583
30,32,65,8.00871258594327
30,32,66,8.018007402793183
30,32,67,7.9306331074055745
30,32,68,7.9223055461656084
30,32,69,7.8202795222947925
30,32,70,7.766990300348672
30,32,71,7.706122712547276
30,32,72,7.636308829555351
30,32,73,7.564267680107125
30,32,74,7.48416689494932
30,32,75,7.41089583624878
30,32,76,7.354583061043861
30,32,77,7.313038137848611
30,32,78,8.455444633652201
30,32,79,8.383479356513808
30,32,80,8.307158883675232
30,32,81,8.267897692632774
30,32,82,8.214875433814196
30,32,83,8.173309743085257
30,32,84,8.39918304403098
30,32,85,8.407960588719552
30,32,86,8.34674704072887
30,32,87,8.266473442924354
30,32,88,8.208768488913698
30,32,89,8.144482876866089
30,32,90,8.146445685582751
30,32,91,8.148126859365052
30,32,92,8.116587879494174
30,32,93,8.71567500572184
30,32,94,8.998857843611486
30,32,95,8.932420607529174
30,32,96,8.854654872863438
30,32,97,8.862172073050191
30,32,98,8.793616035619937
30,32,99,8.751383221825687
30,32,100,8.702345371753518
30,32,101,8.753145790768276
30,32,102,8.687820980695127
30,32,103,8.662678623393278
30,32,104,8.602453496101646
30,32,105,8.563967167563158
30,32,106,8.52061617625304
30,32,107,8.472257711554288
30,32,108,8.419262147729214
30,32,109,8.41971252016113
30,32,110,9.07990525485068
30,32,111,9.043362016858854
30,32,112,8.974320774323466
30,32,113,8.913865024191006
30,32,114,8.849890297281089
30,32,115,8.821131661252577
30,32,116,8.807726873914556
30,32,117,8.748599140935507
30,32,118,8.693970845360495
30,32,119,8.643980510781953
30,32,120,8.592311688449124
30,32,121,8.58769697218893
30,32,122,8.545186099142777
30,32,123,8.508988266265854
30,32,124,8.458817961734027
30,32,125,8.483865110951136
30,32,126,8.438078771741145
30,32,127,8.429197215639611
30,32,128,8.41785292155731
30,32,129,8.366682988371764
30,32,130,8.327881708267997
30,32,131,8.305566768071131
30,32,132,8.388226061982392
30,32,133,8.341911041808643
30,32,134,8.304063672922133
30,32,135,8.255005433978456
30,32,136,8.225174429251103
30,32,137,8.180121830014354
30,32,138,8.137380180213356
30,32,139,8.10384545991543
30,32,140,8.05619013028293
30,32,141,8.03681038718704
30,32,142,8.011415917461715
30,32,143,7.985255075564367
30,32,144,7.947625291087268
30,32,145,7.904111683963408
30,32,146,7.91977678632676
30,32,147,7.881290359184498
30,32,148,7.851156442113256
30,32,149,7.875782938262684
30,32,150,7.882005842605051
30,32,151,7.983761891199401
30,32,152,7.970670832898002
30,32,153,7.95003084447312
30,32,154,7.922839248432539
30,32,155,8.045286397093541
30,32,156,8.031409204100992
30,32,157,8.07819719909958
30,32,158,8.039256902979663
30,32,159,7.99649714343579
30,32,160,7.970629920046802
30,32,161,7.933180836768926
30,32,162,7.924445727858305
30,32,163,7.911389987881475
30,32,164,7.889643126406391
30,32,165,7.877574572374497
30,32,166,7.85547538795005
30,32,167,7.828836109100576
30,32,168,7.85077501082496
30,32,169,7.849894341461107
30,32,170,7.819885755805207
30,32,171,7.792776160013679
30,32,172,7.77004919118252
30,32,173,7.74617167955443
30,32,174,7.744725714146518
30,32,175,7.720714561076053
30,32,176,7.686152230240911
30,32,177,7.8160734285029
30,32,178,7.8098858631311865
30,32,179,7.792756101010567
30,32,180,7.778774044574073
30,32,181,7.784401337586106
30,32,182,7.784383833191487
30,32,183,7.786881572721068
30,32,184,7.763211448113048
30,32,185,7.7502166622027735
30,32,186,7.726258506795836
30,32,187,7.693212866033234
30,32,188,7.804499343101694
30,32,189,7.788790695093151
30,32,190,7.779938283836399
30,32,191,7.74738136098467
30,32,192,7.7142019096005825
30,32,193,7.685212719751468
30,32,194,7.669887107271656
30,32,195,7.654297880326831
30,32,196,7.626059977346229
30,32,197,7.605925843158243
30,32,198,7.58667731536435
30,32,199,7.55971751891019
30,32,200,7.530315394704694
30,32,201,7.506770948443136
30,32,202,7.4974247616953695
30,32,203,7.486076279669168
30,32,204,7.45694035570721
30,32,205,7.449878797831254
30,32,206,7.428979705592016
30,32,207,7.437276171726924
30,32,208,7.502720411209567
30,32,209,7.489693280986459
30,32,210,7.489826356402187
30,32,211,7.487767121013625
30,32,212,7.477444779985841
30,32,213,7.478073669208812
30,32,214,7.532596490578616
30,32,215,7.518032922937454
30,32,216,7.4939411461355965
30,32,217,7.469709533564604
30,32,218,7.544980718596337
30,32,219,7.526456956919795
30,32,220,7.541097182250686
30,32,221,7.564553844458425
30,32,222,7.577735507195679
30,32,223,7.577599530738629
30,32,224,7.56433758840491
30,32,225,7.5589439348080605
30,32,226,7.579512591009664
30,32,227,7.668056980955905
30,32,228,7.684492733455174
30,32,229,7.670423168279954
30,32,230,7.64185603105523
30,32,231,7.674531581816308
30,32,232,7.64954134035754
30,32,233,7.661046725472391
30,32,234,7.641138450891604
30,32,235,7.617905345181206
30,32,236,7.60162867427541
30,32,237,7.581458407219036
30,32,238,7.576978635391146
30,32,239,7.565751673935902
30,32,240,7.578911334008445
30,32,241,7.556386569696566
30,32,242,7.533618629502886
30,32,243,7.517062477219797
30,32,244,7.504737185120713
30,32,245,7.49188652904742
30,32,246,7.472209287824095
30,32,247,7.487873958761767
30,32,248,7.52256165074428
30,32,249,7.521472785149641
30,32,250,7.501257149697773
30,32,251,7.487271606420704
30,32,252,7.462294972074357
30,32,253,7.460971050810518
30,32,254,7.4582208078362635
30,32,255,7.444412069254763
30,32,256,7.421218351660273
30,32,257,7.412420413969616
30,32,258,7.393381568637784
30,32,259,7.375916839524831
30,32,260,7.355755878854138
30,32,261,7.35636919478068
30,32,262,7.33639417269066
30,32,263,7.317058305076843
30,32,264,7.294298163254659
30,32,265,7.284268327788922
30,32,266,7.263310632420828
30,32,267,7.25298162710308
30,32,268,7.245750806145291
30,32,269,7.235857120016448
30,32,270,7.228254850229102
30,32,271,7.224746989465469
30,32,272,7.213669525097338
30,32,273,7.1903463941338375
30,32,274,7.1771409470454
30,32,275,7.167370004680816
30,32,276,7.2182234074224425
30,32,277,7.260066929166683
30,32,278,7.260311427970129
30,32,279,7.268536839699645
30,32,280,7.251191992156839
30,32,281,7.229433605226551
30,32,282,7.213503582807826
30,32,283,7.202713837775751
30,32,284,7.195062826296579
30,32,285,7.176761563524967
30,32,286,7.174179265282811
30,32,287,7.189583980460571
30,32,288,7.183730636613627
30,32,289,7.168812310655809
30,32,290,7.173166559559571
30,32,291,7.154839188929373
30,32,292,7.142255500201306
30,32,293,7.148821970505072
30,32,294,7.130148875812232
30,32,295,7.116126125478124
30,32,296,7.201659465626933
30,32,297,7.202742733583875
30,32,298,7.2031094144792265
30,32,299,7.465699887921344
30,32,300,7.4509102290000735
30,32,301,7.460972511645051
30,32,302,7.4657386508744406
30,32,303,7.461917814475326
30,32,304,7.458010759083228
30,32,305,7.447169693457369
30,32,306,7.429390412806461
30,32,307,7.436030333653825
30,32,308,7.437810061457616
30,32,309,7.446430742860525
30,32,310,7.4295912418982635
30,32,311,7.420566873308371
30,32,312,7.405257566787575
30,32,313,7.418515132828499
30,32,314,7.3986010180387245
30,32,315,7.381989642761026
30,32,316,7.366629889442669
30,32,317,7.347802951374289
30,32,318,7.365279844590279
30,32,319,7.375960951174792
30,32,320,7.365508796059734
30,32,321,7.386528562588101
30,32,322,7.42858438727047
30,32,323,7.409745266821536
30,32,324,7.3912906371714175
30,32,325,7.377946101040566
30,32,326,7.369612367172406
30,32,327,7.508176239484833
30,32,328,7.495575534360408
30,32,329,7.486146380083992
30,32,330,7.4752695626817545
30,32,331,7.461427085161661
30,32,332,7.457852233885827
30,32,333,7.447202319778526
30,32,334,7.432857819975648
30,32,335,7.43387519972604
30,32,336,7.423819391481785
30,32,337,7.4187554911686595
30,32,338,7.409516001548836
30,32,339,7.4325414477802685
30,32,340,7.423616326536567
30,32,341,7.410172606396247
30,32,342,8.03872097958921
30,32,343,8.024875224550792
30,32,344,8.006415890208284
30,32,345,8.003742921659628
30,32,346,7.989307707444576
30,32,347,7.980015635637402
30,32,348,8.013191319797137
30,32,349,7.99845412201106
30,32,350,7.981370147787846
30,32,351,7.963136280694152
30,32,352,7.957327842158417
30,32,353,7.943970731209144
30,32,354,7.927839617839099
30,32,355,7.910395489856796
30,32,356,7.898658969723716
30,32,357,7.881711744132177
30,32,358,7.8672640382984325
30,32,359,7.856918944068434
30,32,360,7.864340636671315
30,32,361,7.8526944109493915
30,32,362,7.846990849550861
30,32,363,7.832961153586737
30,32,364,7.818757106874476
30,32,365,7.801329858935651
30,32,366,7.787439444019038
30,32,367,7.809492577749935
30,32,368,7.800905252197927
30,32,369,7.786002593231646
30,32,370,7.773731892182693
30,32,371,7.7645495760167105
30,32,372,7.7504975102427505
30,32,373,7.779622539199615
30,32,374,7.798849795679591
30,32,375,7.78298971929894
30,32,376,7.77563716570714
30,32,377,7.760576432623519
30,32,378,7.789642880697553
30,32,379,7.779137024771814
30,32,380,7.765524572797885
30,32,381,7.7502113649736755
30,32,382,7.74340969852049
30,32,383,7.734172499583788
30,32,384,7.723308830322285
30,32,385,7.865083337326962
30,32,386,7.847233828295994
30,32,387,7.8455873259966635
30,32,388,7.842321108263098
30,32,389,7.830475924614522
30,32,390,7.8144960625654445
30,32,391,7.7992118769078855
30,32,392,7.784694076778435
30,32,393,7.786525538368104
30,32,394,7.774853702894196
30,32,395,7.775107740302643
30,32,396,7.804838123171498
30,32,397,7.803504807642356
30,32,398,7.78998454687068
30,32,399,7.7743103057609515
30,32,400,7.764146815057622
30,32,401,7.754636005739416
30,32,402,7.7850421086259765
30,32,403,7.773630493776645
30,32,404,7.774355772804512
30,32,405,7.761489662706199
30,32,406,7.756220323770127
30,32,407,7.741562162988527
30,32,408,7.778178496517775
30,32,409,7.762991328722061
30,32,410,7.750824674119516
30,32,411,7.760108937726208
30,32,412,7.763963827974455
30,32,413,7.7760259763725434
30,32,414,7.771312871869057
30,32,415,7.779671097275952
30,32,416,7.765872698854821
30,32,417,7.753518538746352
30,32,418,7.745681203157336
30,32,419,7.732419958536219
30,32,420,7.7229652581717305
30,32,421,7.769166320996415
30,32,422,7.786931775638572
30,32,423,7.788983667228306
30,32,424,7.778230089117503
30,32,425,7.775765660689232
30,32,426,7.763497340289379
30,32,427,7.756771590774314
30,32,428,7.755760801255948
30,32,429,7.747735934958131
30,32,430,7.734072835986871
30,32,431,7.720516214883205
30,32,432,7.70818147037735
30,32,433,7.69799657219673
30,32,434,7.683922691707169
30,32,435,7.6709744464830925
30,32,436,7.666718112189083
30,32,437,7.655179713982551
30,32,438,7.655398467391008
30,32,439,7.7663357166575615
30,32,440,7.761360099901107
30,32,441,7.751345425125388
30,32,442,7.820773716453867
30,32,443,7.808061173516528
30,32,444,7.8008564068518575
30,32,445,7.787866969651489
30,32,446,7.776315398866337
30,32,447,7.763720526771203
30,32,448,7.7506506020685695
30,32,449,7.741222742660147
30,32,450,7.731442891216189
30,32,451,7.73164198316269
30,32,452,7.724177595308046
30,32,453,7.711733657044775
30,32,454,7.720231201448916
30,32,455,7.710624623570383
30,32,456,7.701157516588798
30,32,457,7.692242201152874
30,32,458,7.682337668623854
30,32,459,7.670580665793847
30,32,460,7.736860520521616
30,32,461,7.724603630115725
30,32,462,7.713725947951008
30,32,463,7.706485821138285
30,32,464,7.710433869702643
30,32,465,7.696957181441727
30,32,466,7.685869433256158
30,32,467,7.745013099134423
30,32,468,7.734502462702088
30,32,469,7.726605752453919
30,32,470,7.7157393642163195
30,32,471,7.742817933446595
30,32,472,7.765512737103808
30,32,473,7.783126078380034
30,32,474,7.779041890000453
30,32,475,7.772527197773866
30,32,476,7.76222000787286
30,32,477,7.750379120177513
30,32,478,7.745935950217984
30,32,479,7.747401099534131
30,32,480,7.737154389919349
30,32,481,7.7342350277445036
30,32,482,7.72407145163036
30,32,483,7.712532905091249
30,32,484,7.7014675945728355
30,32,485,7.6891862751793445
30,32,486,7.678924263880371
30,32,487,7.672678436183427
30,32,488,7.665462021128426
30,32,489,7.683533933487378
30,32,490,7.683657874773994
30,32,491,7.682002122135164
30,32,492,7.668855607793055
30,32,493,7.681807448952694
30,32,494,7.697979932443589
30,32,495,7.691839914035352
30,32,496,7.684301041166948
30,32,497,7.675650180383725
30,32,498,7.68981358684842
30,32,499,7.680827806773763
30,32,500,7.679810489814275
30,32,501,7.668143511118477
30,32,502,7.681514364067512
30,32,503,7.680648984563726
30,32,504,7.691272128281967
30,32,505,7.682723062240426
30,32,506,7.673260406215629
30,32,507,7.66450425416223
30,32,508,7.729420848304565
30,32,509,7.72751040605445
30,32,510,7.713773805780912
30,32,511,7.705089562552223
30,32,512,7.695054576709899
30,32,513,7.701151217259605
30,32,514,7.705484844149035
30,32,515,7.700658179930698
30,32,516,7.7153010088604725
30,32,517,7.703781027715629
30,32,518,7.696328855788484
30,32,519,7.685540170657801
30,32,520,7.764498435636124
30,32,521,7.751667527381856
30,32,522,7.74070484874088
30,32,523,7.73009881184697
30,32,524,7.719710745107064
30,32,525,7.715325828768435
30,32,526,7.7130860169408635
30,32,527,7.7154155579026735
30,32,528,7.708744708295325
30,32,529,7.707721704746148
30,32,530,7.705045497686038
30,32,531,7.696124106495591
30,32,532,7.686192403498796
30,32,533,7.675510197284284
30,32,534,7.67357859263719
30,32,535,7.664480827262287
30,32,536,7.662197594022592
30,32,537,7.651046804011506
30,32,538,7.642302788940324
30,32,539,7.651424710127739
30,32,540,7.647335050631333
30,32,541,7.6367852865829855
30,32,542,7.633576992424727
30,32,543,7.62675665753344
30,32,544,7.62128803391664
30,32,545,7.614388322692334
30,32,546,7.607362259025242
30,32,547,7.597427704325198
30,32,548,7.589714068181171
30,32,549,7.578301544844839
30,32,550,7.569449289806648
30,32,551,7.558573430799668
30,32,552,7.547144370358911
30,32,553,7.537098295237372
30,32,554,7.526822088192045
30,32,555,7.615734456231536
30,32,556,7.605331603589526
30,32,557,7.594892051050063
30,32,558,7.585328093805317
30,32,559,7.5776140621807135
30,32,560,7.575250380039422
30,32,561,7.568051729301647
30,32,562,7.57976796333715
30,32,563,7.576469629328927
30,32,564,7.565770880349101
30,32,565,7.560097750945691
30,32,566,7.566937903391989
30,32,567,7.56428690254899
30,32,568,7.565208900902312
30,32,569,7.5740507086662925
30,32,570,7.576587901676801
30,32,571,7.566706981475962
30,32,572,7.571051550504976
30,32,573,7.565806696695052
30,32,574,7.556701381571788
30,32,575,7.564959811639957
30,32,576,7.665152297162673
30,32,577,7.65741517986442
30,32,578,7.660411314444496
30,32,579,7.652135629023593
30,32,580,7.661962377248024
30,32,581,7.652945493783891
30,32,582,7.649515034582454
30,32,583,7.649602231685665
30,32,584,7.64408802523944
30,32,585,7.638354359617074
30,32,586,7.635311444207091
30,32,587,7.793319338226961
30,32,588,7.836256899870886
30,32,589,7.828113942569158
30,32,590,7.827589724233191
30,32,591,7.829206520506221
30,32,592,7.827246445058609
30,32,593,7.844389902042277
30,32,594,7.842355531063978
30,32,595,7.833692484954319
30,32,596,7.825238532186525
30,32,597,7.834697473468099
30,32,598,7.91357805781097
30,32,599,7.911644346093991
30,32,600,7.964985728498303
30,32,601,7.955542211180048
30,32,602,7.948789267725079
30,32,603,7.949976804525407
30,32,604,7.948449012282191
30,32,605,7.9389264516203015
30,32,606,7.930694005677306
30,32,607,7.927118749962763
30,32,608,7.921360984584857
30,32,609,7.912186548534082
30,32,610,7.903122493210281
30,32,611,7.894346451641395
30,32,612,7.896744241999041
30,32,613,7.921225505747327
30,32,614,7.911169879545762
30,32,615,7.905121594938253
30,32,616,7.89696502855482
30,32,617,7.88629696542641
30,32,618,7.875913681946167
30,32,619,7.870437125738546
30,32,620,7.86335191849388
30,32,621,7.859723004219592
30,32,622,7.857547094010705
30,32,623,7.853324250762363
30,32,624,7.844198153890312
30,32,625,7.839589481372597
30,32,626,7.830219519760411
30,32,627,7.822053371698191
30,32,628,7.81255586612981
30,32,629,7.83996050308968
30,32,630,7.830466855834543
30,32,631,7.82550631770633
30,32,632,7.815016183025062
30,32,633,7.811328900071477
30,32,634,7.805942660977236
30,32,635,7.7968714561943
30,32,636,7.79964566148012
30,32,637,7.79209214112655
30,32,638,7.785021461318627
30,32,639,7.778730667706299
30,32,640,7.77618770194846
30,32,641,7.771670323109358
30,32,642,7.769345424173942
30,32,643,7.772104123141345
30,32,644,7.763351301421564
30,32,645,7.756248781900277
30,32,646,7.751490611136707
30,32,647,7.743527152024917
30,32,648,7.7388326420049145
30,32,649,7.736117356339392
30,32,650,7.731119153685957
30,32,651,7.723281059921223
30,32,652,7.718062812796796
30,32,653,7.711008282653798
30,32,654,7.750897031875813
30,32,655,7.744028923366235
30,32,656,7.752707221738536
30,32,657,7.750084770949721
30,32,658,7.750390177668227
30,32,659,7.7876660026908855
30,32,660,7.780795968796268
30,32,661,7.782953826572651
30,32,662,7.773763668567567
30,32,663,7.766040580993446
30,32,664,7.760509189220256
30,32,665,7.751658253445104
30,32,666,7.756512624207521
30,32,667,7.820978842818323
30,32,668,7.815917232833643
30,32,669,7.8087088659307335
30,32,670,7.8019963370101175
30,32,671,7.805948861269224
30,32,672,7.8034060319273415
30,32,673,7.800436730860187
30,32,674,7.794343603302472
30,32,675,7.797002590954358
30,32,676,7.791006615063897
30,32,677,7.785965896154605
30,32,678,7.78029529782569
30,32,679,7.774449413658481
30,32,680,7.764750385589655
30,32,681,7.757506554450748
30,32,682,7.7500813146573275
30,32,683,7.742570814886428
30,32,684,7.736367809034733
30,32,685,7.737667581345324
30,32,686,7.760168873917997
30,32,687,7.753205385874497
30,32,688,7.744667874542341
30,32,689,7.756197022759628
30,32,690,7.749470500747068
30,32,691,7.740976734460218
30,32,692,7.754400081448592
30,32,693,7.747901496091709
30,32,694,7.739384786149113
30,32,695,7.733818034749295
30,32,696,7.725989168597704
30,32,697,7.738746476357482
30,32,698,7.7317612645133265
30,32,699,7.726873564815853
30,32,700,7.721116977116828
30,32,701,7.715989513288086
30,32,702,7.707836159811009
30,32,703,7.6991013099088805
30,32,704,7.699093625751701
30,32,705,7.691849431196818
30,32,706,7.694004016505296
30,32,707,7.686266123673355
30,32,708,7.680717949695253
30,32,709,7.67758604731005
30,32,710,7.709294732897489
30,32,711,7.705178887776257
30,32,712,7.702596114899035
30,32,713,7.696088909058323
30,32,714,7.702778993803314
30,32,715,7.694282393798209
30,32,716,7.691630050138954
30,32,717,7.685086351713655
30,32,718,7.678595726886987
30,32,719,7.672415753389683
30,32,720,7.703226757075918
30,32,721,7.698632423227794
30,32,722,7.69342951045095
30,32,723,7.687407193730537
30,32,724,7.68488654156488
30,32,725,7.680396814326549
30,32,726,7.699129643574935
30,32,727,7.698953071029874
30,32,728,7.701935822302789
30,32,729,7.694482983169618
30,32,730,7.692486556869108
30,32,731,7.685084541957401
30,32,732,7.678828786596602
30,32,733,7.675143349792973
30,32,734,7.669160928390171
30,32,735,7.66342911015745
30,32,736,7.6558413315537335
30,32,737,7.678477435519639
30,32,738,7.674177147171935
30,32,739,7.668579575045792
30,32,740,7.66086473505422
30,32,741,7.65851422434404
30,32,742,7.651294947429255
30,32,743,7.64478483624436
30,32,744,7.640731116433248
30,32,745,7.660434000951759
30,32,746,7.669765486389309
30,32,747,7.667308790942132
30,32,748,7.660230478599985
30,32,749,7.688028992901776
30,32,750,7.6803301991618875
30,32,751,7.6754218744379665
30,32,752,7.66951552057408
30,32,753,7.667893611984824
30,32,754,7.660707040346175
30,32,755,7.654475090859157
30,32,756,7.6481049851786995
30,32,757,7.641839578767674
30,32,758,7.638516081005385
30,32,759,7.632696959411719
30,32,760,7.645848681686849
30,32,761,7.638254913645636
30,32,762,7.639145381500923
30,32,763,7.636168342093412
30,32,764,7.629343394433052
30,32,765,7.6226687926050944
30,32,766,7.617742413212144
30,32,767,7.616966244706957
30,32,768,8.18561538541609
30,32,769,8.176630060677306
30,32,770,8.175663219492302
30,32,771,8.169744131136369
30,32,772,8.169427807779336
30,32,773,8.163611005096806
30,32,774,8.157617545611439
30,32,775,8.293221657858682
30,32,776,8.289682294940821
30,32,777,8.291432078826404
30,32,778,8.285419065635107
30,32,779,8.288383740890204
30,32,780,8.29301484662665
30,32,781,8.29969737367434
30,32,782,8.298360255099848
30,32,783,8.297904423158627
30,32,784,8.291816632525762
30,32,785,8.28773987279491
30,32,786,8.354972421798267
30,32,787,8.346879174545016
30,32,788,8.341361627759744
30,32,789,8.410074563970513
30,32,790,8.405927251703739
30,32,791,8.400329279899386
30,32,792,8.394325452908014
30,32,793,8.389529513289933
30,32,794,8.386351056689687
30,32,795,8.396575864789295
30,32,796,8.404503112863436
30,32,797,8.403195019625091
30,32,798,8.402354773222202
30,32,799,8.39502087668735
30,32,800,8.395867761568745
30,32,801,8.38961436728288
30,32,802,8.381149482178008
30,32,803,8.373037613197654
30,32,804,8.368127409697955
30,32,805,8.389684624173995
30,32,806,8.382031908636971
30,32,807,8.37427839149048
30,32,808,8.37536754581971
30,32,809,8.37006438976955
30,32,810,8.384537412411865
30,32,811,8.384864268801927
30,32,812,8.379383006848098
30,32,813,8.372937104886036
30,32,814,8.365288893063168
30,32,815,8.363305497138077
30,32,816,8.356488848667675
30,32,817,8.352896515750702
30,32,818,8.345292028605936
30,32,819,8.339459338894487
30,32,820,8.342399652965893
30,32,821,8.334723049845225
30,32,822,8.327699596384862
30,32,823,8.31923228200425
30,32,824,8.330192458489918
30,32,825,8.341065104977652
30,32,826,8.333584658323366
30,32,827,8.332033151385435
30,32,828,8.402228347029126
30,32,829,8.394385188845355
30,32,830,8.387061820971157
30,32,831,8.379894194695288
30,32,832,8.373075147509052
30,32,833,8.365514848247983
30,32,834,8.35904718500703
30,32,835,8.352612408969565
30,32,836,8.346333034266078
30,32,837,8.339304424443881
30,32,838,8.350376948117118
30,32,839,8.342268351820778
30,32,840,8.360908814531403
30,32,841,8.35429796345598
30,32,842,8.35169547903769
30,32,843,8.344578365246662
30,32,844,8.33722777727492
30,32,845,8.330174894261445
30,32,846,8.334320582592138
30,32,847,8.326458338715012
30,32,848,8.321622856662422
30,32,849,8.316707561611837
30,32,850,8.308594634892025
30,32,851,8.303498387533603
30,32,852,8.299628643600009
30,32,853,8.29281363205636
30,32,854,8.290562906394245
30,32,855,8.282622243622122
30,32,856,8.275566796142966
30,32,857,8.269092442416495
30,32,858,8.281728666244243
30,32,859,8.278776201693216
30,32,860,8.27097788480778
30,32,861,8.271659416484122
30,32,862,8.264575681234543
30,32,863,8.274817411832851
30,32,864,8.266812956927552
30,32,865,8.2627158182117
30,32,866,8.255648215005353
30,32,867,8.255923370736605
30,32,868,8.254498344314367
30,32,869,8.249753849347984
30,32,870,8.25070173134025
30,32,871,8.25506694295177
30,32,872,8.248344549237025
30,32,873,8.242024769108795
30,32,874,8.253822114572085
30,32,875,8.248980025616957
30,32,876,8.246654513105515
30,32,877,8.241723654467949
30,32,878,8.235816680518559
30,32,879,8.228969440319228
30,32,880,8.224612518945188
30,32,881,8.21688535369963
30,32,882,8.215711474558313
30,32,883,8.228691521151495
30,32,884,8.221074728458264
30,32,885,8.214933928682493
30,32,886,8.210844690119979
30,32,887,8.203130394244855
30,32,888,8.198017886629485
30,32,889,8.191473613986117
30,32,890,8.184617150758983
30,32,891,8.183201055857438
30,32,892,8.176174019181488
30,32,893,8.173364614203766
30,32,894,8.168862612155666
30,32,895,8.161572968336422
30,32,896,8.165118224585447
30,32,897,8.159924321670836
30,32,898,8.157568960226795
30,32,899,8.158329107382274
30,32,900,8.151683068480057
30,32,901,8.146387493014684
30,32,902,8.143959235578356
30,32,903,8.138190843931671
30,32,904,8.132756923932813
30,32,905,8.13426666231762
30,32,906,8.14168141810376
30,32,907,8.135581839461095
30,32,908,8.131766383740628
30,32,909,8.130301599066284
30,32,910,8.167803017298732
30,32,911,8.16357283006092
30,32,912,8.157077394997627
30,32,913,8.15300538989044
30,32,914,8.147131099471268
30,32,915,8.141040959673425
30,32,916,8.134434785187576
30,32,917,8.219496004084066
30,32,918,8.215290108900662
30,32,919,8.22563738878144
30,32,920,8.218050634337976
30,32,921,8.212182047713103
30,32,922,8.205987988917036
30,32,923,8.213154593433272
30,32,924,8.207767428148172
30,32,925,8.203254238277204
30,32,926,8.196822482390301
30,32,927,8.19067538243807
30,32,928,8.184380626157836
30,32,929,8.185782046209608
30,32,930,8.179467394345888
30,32,931,8.194789762184756
30,32,932,8.187176299365875
30,32,933,8.187994636838878
30,32,934,8.181456652802966
30,32,935,8.174216082613249
30,32,936,8.16994298982049
30,32,937,8.17836721604065
30,32,938,8.179759141130942
30,32,939,8.188271374027115
30,32,940,8.181678968721044
30,32,941,8.17599972025144
30,32,942,8.168483317878295
30,32,943,8.162673454348964
30,32,944,8.158340619618441
30,32,945,8.158809949031795
30,32,946,8.15237716919073
30,32,947,8.146338933563136
30,32,948,8.13983519387612
30,32,949,8.136618980104682
30,32,950,8.135233503533758
30,32,951,8.128337410576666
30,32,952,8.121660801882852
30,32,953,8.125365576023341
30,32,954,8.119868206510802
30,32,955,8.117095721348592
30,32,956,8.111108010253298
30,32,957,8.107541355834025
30,32,958,8.108726387439281
30,32,959,8.105072002326784
30,32,960,8.10345341473823
30,32,961,8.10017042594769
30,32,962,8.093418049239611
30,32,963,8.088022794279306
30,32,964,8.0873947146173
30,32,965,8.081998373952398
30,32,966,8.076202651001104
30,32,967,8.070861020036666
30,32,968,8.066033169866563
30,32,969,8.061449649078051
30,32,970,8.057044259049805
30,32,971,8.051754157526686
30,32,972,8.047762983649461
30,32,973,8.041927554202072
30,32,974,8.038010775907148
30,32,975,8.03137460409789
30,32,976,8.05059766557417
30,32,977,8.046661024263202
30,32,978,8.040178346548425
30,32,979,8.034215024391315
30,32,980,8.028251540520683
30,32,981,8.026516034994136
30,32,982,8.02144087053888
30,32,983,8.017739980480705
30,32,984,8.029922851345276
30,32,985,8.02350545355214
30,32,986,8.01740408870577
30,32,987,8.013293816750409
30,32,988,8.019154848810448
30,32,989,8.016424745668727
30,32,990,8.010787323245307
30,32,991,8.004762498047349
30,32,992,8.106295644339848
30,32,993,8.100288887564476
30,32,994,8.09461306850314
30,32,995,8.08915001914895
30,32,996,8.086378482904212
30,32,997,8.080531031822117
30,32,998,8.07584818831104
30,32,999,8.076336368116845
30,32,1000,8.088906056633999
30,32,1001,8.081819595699644
30,32,1002,8.129285555827957
30,32,1003,8.127927701159445
30,32,1004,8.131245056817644
30,32,1005,8.126558145903239
30,32,1006,8.138087579983855
30,32,1007,8.159303709642462
30,32,1008,8.157783702319431
30,32,1009,8.173519739115399
30,32,1010,8.16840953022308
30,32,1011,8.162511775319116
30,32,1012,8.157697337591202
30,32,1013,8.156200611469343
30,32,1014,8.150162635444067
30,32,1015,8.145554630505394
30,32,1016,8.14587071305718
30,32,1017,8.140355947477795
30,32,1018,8.135181649944462
30,32,1019,8.129426881367518
30,32,1020,8.127184321188052
30,32,1021,8.15767452595834
30,32,1022,8.152216290523155
30,32,1023,8.15230811320911
30,32,1024,8.156547519438252
30,32,1025,8.150271998318557
30,32,1026,8.144282332630848
30,32,1027,8.171731644364392
30,32,1028,8.166290737635478
30,32,1029,8.163595760445444
30,32,1030,8.159721104204003
30,32,1031,8.154286454343612
30,32,1032,8.149078037000539
30,32,1033,8.143049074459318
30,32,1034,8.140710476448408
30,32,1035,8.137196306323064
30,32,1036,8.13467645090544
30,32,1037,8.128091189494848
30,32,1038,8.142396082713459
30,32,1039,8.136723199502043
30,32,1040,8.135082589228096
30,32,1041,8.129270799217288
30,32,1042,8.125345390301021
30,32,1043,8.181533183856411
30,32,1044,8.202371546431666
30,32,1045,8.198991822288356
30,32,1046,8.193260459422314
30,32,1047,8.247265966808566
30,32,1048,8.249016377288791
30,32,1049,8.243143123186377
30,32,1050,8.237015265175888
30,32,1051,8.233021569031557
30,32,1052,8.228719442091839
30,32,1053,8.222278757750333
30,32,1054,8.218593677605838
30,32,1055,8.221450872712705
30,32,1056,8.222459865900671
30,32,1057,8.219108392797468
30,32,1058,8.212263319631344
30,32,1059,8.210565130558882
30,32,1060,8.204357202273348
30,32,1061,8.19841611603334
30,32,1062,8.192614488338924
30,32,1063,8.198624808705437
30,32,1064,8.194084436420148
30,32,1065,8.195094919043582
30,32,1066,8.19642468291744
30,32,1067,8.189756749430531
30,32,1068,8.186710040578108
30,32,1069,8.181571021907695
30,32,1070,8.197639002964873
30,32,1071,8.194650775689455
30,32,1072,8.19066215261918
30,32,1073,8.188768706480973
30,32,1074,8.184777169261476
30,32,1075,8.186782455894983
30,32,1076,8.182054877046575
30,32,1077,8.175708282317986
30,32,1078,8.169754686701705
30,32,1079,8.163627070742985
30,32,1080,8.159123327053162
30,32,1081,8.155319005736233
30,32,1082,8.17599161519337
30,32,1083,8.172634137864923
30,32,1084,8.166339669107415
30,32,1085,8.161113877505189
30,32,1086,8.156944304547752
30,32,1087,8.153123254757297
30,32,1088,8.147048523894307
30,32,1089,8.142230162842978
30,32,1090,8.140407502954808
30,32,1091,8.134353909793388
30,32,1092,8.132804855285121
30,32,1093,8.129773581398473
30,32,1094,8.126391586056709
30,32,1095,8.148072538309055
30,32,1096,8.150557495863795
30,32,1097,8.151076610378626
30,32,1098,8.149811045857339
30,32,1099,8.145883854397832
30,32,1100,8.143507599457877
30,32,1101,8.96479986939297
30,32,1102,8.962019959988444
30,32,1103,8.956062647444057
30,32,1104,8.949698796059703
30,32,1105,8.950029225819883
30,32,1106,8.948183935960188
30,32,1107,8.95122086681681
30,32,1108,8.94470212430498
30,32,1109,8.939019287654402
30,32,1110,8.935232142280205
30,32,1111,8.929133463665659
30,32,1112,8.929617714085646
30,32,1113,8.922849409333063
30,32,1114,8.917248622440928
30,32,1115,8.911352555821052
30,32,1116,8.907160566876462
30,32,1117,8.900603913676182
30,32,1118,8.894328542529362
30,32,1119,8.894414139765992
30,32,1120,8.889614169289047
30,32,1121,8.8842200718093
30,32,1122,8.879465234245915
30,32,1123,8.879172379047143
30,32,1124,8.873952827525386
30,32,1125,8.868464041125174
30,32,1126,8.862560136719402
30,32,1127,8.859764720933304
30,32,1128,8.85375129350964
30,32,1129,8.850534540860018
30,32,1130,8.848679503575605
30,32,1131,8.84439541079837
30,32,1132,8.845105994692943
30,32,1133,8.85124746873685
30,32,1134,8.846484448377645
30,32,1135,8.840274699872833
30,32,1136,8.834321797250672
30,32,1137,8.827657353834098
30,32,1138,8.822088686325882
30,32,1139,8.819550325774554
30,32,1140,8.814554126556125
30,32,1141,8.81427829303494
30,32,1142,8.809398446507442
30,32,1143,8.80332596534506
30,32,1144,8.808477428099964
30,32,1145,8.803337995396129
30,32,1146,8.797604483699086
30,32,1147,8.792608797029901
30,32,1148,8.787215726373056
30,32,1149,8.782344550122707
30,32,1150,8.780640338842453
30,32,1151,8.775002590164368
30,32,1152,8.774886565307842
30,32,1153,8.770183271948087
30,32,1154,8.765070363876825
30,32,1155,8.75850913533331
30,32,1156,8.75246903774701
30,32,1157,8.75014666471649
30,32,1158,8.74758997079478
30,32,1159,8.741311137751406
30,32,1160,8.738064211663206
30,32,1161,8.734536508162806
30,32,1162,8.729609719764063
30,32,1163,8.724246578562683
30,32,1164,8.720308923250927
30,32,1165,8.714437260326239
30,32,1166,8.710680859847368
30,32,1167,8.706089777323669
30,32,1168,8.701922749983916
30,32,1169,8.709472830511874
30,32,1170,8.70580112068965
30,32,1171,8.701091856898852
30,32,1172,8.743363742485124
30,32,1173,8.757360498046141
30,32,1174,8.75196885238126
30,32,1175,8.897068947550363
30,32,1176,8.892520793539779
30,32,1177,8.89048545346805
30,32,1178,8.884646749252699
30,32,1179,8.87983960851846
30,32,1180,8.875201379705954
30,32,1181,8.870628222330597
30,32,1182,8.86773295466427
30,32,1183,8.863669218897575
30,32,1184,8.858937948092132
30,32,1185,8.853736497032276
30,32,1186,8.85216692569904
30,32,1187,8.846040559656153
30,32,1188,8.843772044282876
30,32,1189,8.838536576550894
30,32,1190,8.838394006011201
30,32,1191,8.83249528703968
30,32,1192,8.832745649988517
30,32,1193,8.827418446286211
30,32,1194,8.843350945437829
30,32,1195,8.840065125802932
30,32,1196,8.835989006790506
30,32,1197,8.830631373565915
30,32,1198,8.825594537639105
30,32,1199,8.822071047887372
30,32,1200,8.839911018748902
30,38,1,3.84587030111496
30,38,2,2.86072269507586
30,38,3,3.197703905784401
30,38,4,2.958020598611913
30,38,5,2.909026967582339
30,38,6,3.066410209207641
30,38,7,3.236572670091769
30,38,8,3.3269569414284175
30,38,9,3.2553602000210686
30,38,10,3.1981502203471375
30,38,11,3.103616306933242
30,38,12,3.100010354714596
30,38,13,3.0149407095368423
30,38,14,2.9589168883819386
30,38,15,2.893653407018698
30,38,16,2.8744519484008055
30,38,17,2.882885959754612
30,38,18,2.8958608083777153
30,38,19,2.9044307613593943
30,38,20,2.839234543332304
30,38,21,2.847144766699471
30,38,22,2.817789531048289
30,38,23,2.7544243801174355
30,38,24,2.78336231381029
30,38,25,2.775049644050613
30,38,26,2.752096019251921
30,38,27,2.7589348279697696
30,38,28,2.7464054495888908
30,38,29,2.7409964978829287
30,38,30,2.8472948847798176
30,38,31,2.8600142471428813
30,38,32,2.847492982204741
30,38,33,2.8465198524792044
30,38,34,2.831162339629077
30,38,35,2.8446075198189176
30,38,36,2.903608888435828
30,38,37,2.8786411670255383
30,38,38,2.868743419982725
30,38,39,2.911686025256766
30,38,40,2.9083762035246243
30,38,41,2.927828908612666
30,38,42,2.947430914660292
30,38,43,2.959364301731588
30,38,44,2.9525466204080746
30,38,45,2.9475250308208136
30,38,46,2.925822597193898
30,38,47,2.957395749039192
30,38,48,2.9520871382067413
30,38,49,2.9499071857615986
30,38,50,3.0607353018347836
30,38,51,3.049633712202917
30,38,52,3.0379225724801677
30,38,53,3.0617598977111316
30,38,54,3.0353462756173055
30,38,55,3.0502904770124473
30,38,56,3.0511082597000536
30,38,57,3.083402169133283
30,38,58,3.0602777440787854
30,38,59,3.057560732126277
30,38,60,3.0692345629437723
30,38,61,3.063404418832289
30,38,62,3.0526267634970474
30,38,63,3.0499024537203825
30,38,64,3.0442274787363806
30,38,65,3.0204620314501405
30,38,66,3.033494879564163
30,38,67,3.0138022619806226
30,38,68,3.0274273462401022
30,38,69,3.017719511037874
30,38,70,3.032052871550422
30,38,71,3.037146929865703
30,38,72,3.039827036237744
30,38,73,3.0258998814312643
30,38,74,3.011487078074146
30,38,75,3.0035787549950568
30,38,76,3.0066769869749876
30,38,77,2.9917844703926617
30,38,78,3.0268993983668073
30,38,79,3.0111726481621783
30,38,80,2.996378761106275
30,38,81,2.9999281847893213
30,38,82,3.0171623631037123
30,38,83,3.016893803875965
30,38,84,3.019818041722221
30,38,85,2.998982752022373
30,38,86,3.0019877358943203
30,38,87,3.004966747833811
30,38,88,3.0007635624077453
30,38,89,3.0085599327815573
30,38,90,3.003521889758467
30,38,91,3.0186172829887354
30,38,92,3.01270854029214
30,38,93,3.0313567476305794
30,38,94,3.0430423295144715
30,38,95,3.0396170070151207
30,38,96,3.0330799037764122
30,38,97,3.0347356454045613
30,38,98,3.031016811711598
30,38,99,3.0421666381522514
30,38,100,3.0385475102159387
30,38,101,3.0342342951469883
30,38,102,3.0338908301310665
30,38,103,3.031315499833928
30,38,104,3.030590253755377
30,38,105,3.0308624723986126
30,38,106,3.0290704204851555
30,38,107,3.0269951996594813
30,38,108,3.0228582569435245
30,38,109,3.0187959407991447
30,38,110,3.046102075503929
30,38,111,3.054401487776624
30,38,112,3.0432836890490544
30,38,113,3.02994878504007
30,38,114,3.0306112191637915
30,38,115,3.0262246635670293
30,38,116,3.0333788023630364
30,38,117,3.0184764577186303
30,38,118,3.010870212315336
30,38,119,3.0120498252672108
30,38,120,3.007201205574599
30,38,121,3.009812799561467
30,38,122,3.0169127451049333
30,38,123,3.0130203810211014
30,38,124,3.0047923749938854
30,38,125,2.99738081131706
30,38,126,2.994301143380832
30,38,127,2.9904242130571834
30,38,128,2.9970502498012745
30,38,129,2.9923852971629774
30,38,130,3.0002134605840984
30,38,131,2.9960184400933034
30,38,132,2.999350456231518
30,38,133,2.991096393794219
30,38,134,2.9924515553511215
30,38,135,2.999226677525874
30,38,136,2.994732372896432
30,38,137,2.9849675535140165
30,38,138,2.976799870446662
30,38,139,2.9720450890941157
30,38,140,2.9648392168068898
30,38,141,2.9715089728179165
30,38,142,2.9739134097769613
30,38,143,2.965255298611303
30,38,144,2.961896957472268
30,38,145,2.9661809645630646
30,38,146,2.97329258740129
30,38,147,2.9699157486820176
30,38,148,2.9612626021863164
30,38,149,2.969431650716063
30,38,150,2.9830165334634313
30,38,151,2.982409176929445
30,38,152,2.982910717590843
30,38,153,2.9821067161753434
30,38,154,2.9812031217225674
30,38,155,2.9746247237977297
30,38,156,2.9688497125104965
30,38,157,2.972595685590221
30,38,158,2.973785288229588
30,38,159,2.9691773747316232
30,38,160,2.968402357745909
30,38,161,2.9568785180721493
30,38,162,2.9550737925183768
30,38,163,2.957798085644071
30,38,164,2.95687684793786
30,38,165,2.969980380494362
30,38,166,2.96430078577146
30,38,167,2.961475126209148
30,38,168,2.962961491843054
30,38,169,2.9609895808785187
30,38,170,2.9676574154696658
30,38,171,2.9696350789588735
30,38,172,2.9659868730624606
30,38,173,2.970676677150049
30,38,174,2.9758456930122805
30,38,175,2.977080992641849
30,38,176,2.971854119096766
30,38,177,2.9696926534041226
30,38,178,2.967309244865038
30,38,179,2.972668183188418
30,38,180,2.9762947328885754
30,38,181,2.981825064847849
30,38,182,2.9880175762608268
30,38,183,2.9862668156966623
30,38,184,2.9813118622472046
30,38,185,2.98134054293892
30,38,186,2.9758283105677616
30,38,187,2.973776008116855
30,38,188,2.9819522170992605
30,38,189,2.988402313443637
30,38,190,2.98702288494553
30,38,191,2.9813516206611195
30,38,192,2.9778889254416416
30,38,193,2.9746930642220497
30,38,194,2.977902897823759
30,38,195,2.9917504762449374
30,38,196,2.9898527872940193
30,38,197,2.985266750393567
30,38,198,2.987073465753697
30,38,199,2.9834620224772954
30,38,200,2.983817141768384
30,38,201,2.9952091699900594
30,38,202,2.9971720250947604
30,38,203,3.0022161327182713
30,38,204,3.0000761643019063
30,38,205,2.996357717162389
30,38,206,2.9906075009146713
30,38,207,3.0065123674233853
30,38,208,3.0040786741110663
30,38,209,3.004173107505126
30,38,210,3.009151723993089
30,38,211,3.016479872910071
30,38,212,3.009155860035045
30,38,213,3.013572052497902
30,38,214,3.0067981442923886
30,38,215,3.004303267383593
30,38,216,3.0096931275463588
30,38,217,3.0054802889141197
30,38,218,3.024638713113265
30,38,219,3.0246000787525995
30,38,220,3.0257989304346165
30,38,221,3.024983799500143
30,38,222,3.025419863184611
30,38,223,3.021549249053927
30,38,224,3.0239663697629986
30,38,225,3.02201713560712
30,38,226,3.021734110196433
30,38,227,3.0225396797481756
30,38,228,3.017167069043548
30,38,229,3.0115784512704944
30,38,230,3.0028089942101013
30,38,231,3.00888030427349
30,38,232,3.0063124689718843
30,38,233,3.012680601362083
30,38,234,3.009275268156535
30,38,235,3.006451892679085
30,38,236,2.9995607819542096
30,38,237,2.9979751057083823
30,38,238,3.000732097534608
30,38,239,2.998429344426755
30,38,240,2.9978660052344046
30,38,241,2.9955707152342184
30,38,242,2.9970682571263936
30,38,243,2.9989189935065896
30,38,244,3.008052325677739
30,38,245,3.009847599113383
30,38,246,3.0102297124663404
30,38,247,3.013088348217043
30,38,248,3.0091920278869755
30,38,249,3.0144640394853357
30,38,250,3.011757148414676
30,38,251,3.0106240371459987
30,38,252,3.0082607202318323
30,38,253,3.008340168328491
30,38,254,3.007651338991771
30,38,255,3.0066683291366383
30,38,256,3.0014488606079164
30,38,257,3.004416616698022
30,38,258,3.002211995286242
30,38,259,3.001392074385268
30,38,260,2.996895603191154
30,38,261,2.994215151305229
30,38,262,2.9930853980762726
30,38,263,2.9903433950154032
30,38,264,2.985684398188827
30,38,265,2.983407270501574
30,38,266,2.9809307099360804
30,38,267,2.9823088829964477
30,38,268,2.987411771967493
30,38,269,2.985437334722098
30,38,270,2.986292077516079
30,38,271,2.98825074275805
30,38,272,2.987298506517026
30,38,273,2.980907279561515
30,38,274,2.981238339657286
30,38,275,2.9759521907481963
30,38,276,2.984275494508992
30,38,277,2.9862124355864745
30,38,278,2.9851957491409045
30,38,279,2.985917937473704
30,38,280,2.9878013992279766
30,38,281,2.9804316180735864
30,38,282,2.98029155833872
30,38,283,2.978653503332225
30,38,284,2.983191012499783
30,38,285,2.9807976633999322
30,38,286,2.984303763042636
30,38,287,2.9881998145860935
30,38,288,2.9862853847104387
30,38,289,2.9816830457115673
30,38,290,2.9830049622703916
30,38,291,2.977792501435928
30,38,292,2.9774077743350102
30,38,293,2.982752945294247
30,38,294,2.9784245281871677
30,38,295,2.9783753704351588
30,38,296,2.9787609106611765
30,38,297,2.9806403943429554
30,38,298,2.984690768485855
30,38,299,2.9838934776526385
30,38,300,2.98664260605806
30,38,301,2.984970483195156
30,38,302,2.9830495180909935
30,38,303,2.982130681460818
30,38,304,2.980372884748426
30,38,305,2.9768736790196813
30,38,306,2.975875459180242
30,38,307,2.9728187612412187
30,38,308,2.97066578916023
30,38,309,2.971487049080684
30,38,310,2.97279079514561
30,38,311,2.970134649160277
30,38,312,2.9725814850253562
30,38,313,2.9740458789186404
30,38,314,2.9713898516309407
30,38,315,2.9702096266356395
30,38,316,2.969082514427942
30,38,317,2.9665772171648173
30,38,318,2.9651207388368213
30,38,319,2.962610822953747
30,38,320,2.9605095718619436
30,38,321,2.9588170667830553
30,38,322,2.964762657031768
30,38,323,2.9652104096954077
30,38,324,2.9611331367688427
30,38,325,2.9614953897758274
30,38,326,2.9584849389196304
30,38,327,2.9576476528513513
30,38,328,2.955125821208947
30,38,329,2.9535187802865597
30,38,330,2.9533772338915867
30,38,331,2.9494704391631488
30,38,332,2.950689143032852
30,38,333,2.948822430463712
30,38,334,2.949211478065815
30,38,335,2.948098696742626
30,38,336,2.9448827283357146
30,38,337,2.9471350275148067
30,38,338,2.9480833792441197
30,38,339,2.9530295664151947
30,38,340,2.9519382239777516
30,38,341,2.953031160547505
30,38,342,2.960802046890299
30,38,343,2.9603330599984887
30,38,344,2.9591154077649535
30,38,345,2.957461803524245
30,38,346,2.9615991325387085
30,38,347,2.9684986826920743
30,38,348,2.9716458442814835
30,38,349,2.970418419862285
30,38,350,2.969577524906938
30,38,351,2.9702285163456446
30,38,352,2.9688271053584376
30,38,353,2.967055532948887
30,38,354,2.965259903932105
30,38,355,2.9625866564749614
30,38,356,2.9620918568435894
30,38,357,2.9594341670029864
30,38,358,2.95673335272588
30,38,359,2.960063292306964
30,38,360,2.9592593748863387
30,38,361,2.9591110726080374
30,38,362,2.9596263641321454
30,38,363,2.95794728873549
30,38,364,2.9548503985558097
30,38,365,2.9530617698575723
30,38,366,2.9554444759464813
30,38,367,2.9599853015035746
30,38,368,2.9590884654206175
30,38,369,2.958036773757303
30,38,370,2.958618319434219
30,38,371,2.9621812491217585
30,38,372,2.961201642148001
30,38,373,2.9598767642537354
30,38,374,2.961202317620149
30,38,375,2.961984502224187
30,38,376,2.9616059007698774
30,38,377,2.9631727975120596
30,38,378,2.9637598218568226
30,38,379,2.9643151271417674
30,38,380,2.963121865975412
30,38,381,2.9620973123810668
30,38,382,2.9619900620596877
30,38,383,2.9606439323393587
30,38,384,2.96194224300943
30,38,385,2.962545989253103
30,38,386,2.9631761213239693
30,38,387,2.960939949548925
30,38,388,2.960569620919392
30,38,389,2.9586930374857525
30,38,390,2.9592743047704695
30,38,391,2.9602525104423965
30,38,392,2.9600090638118117
30,38,393,2.9643785591067946
30,38,394,2.960804508737186
30,38,395,2.961392769960359
30,38,396,2.9630038743067737
30,38,397,2.9645203010519676
30,38,398,2.964859223038528
30,38,399,2.96355647466584
30,38,400,2.965041480313314
30,38,401,2.9665911944752814
30,38,402,2.9664367206189604
30,38,403,2.9674592313745536
30,38,404,2.9733271669200247
30,38,405,2.9744383340967793
30,38,406,2.9786233371231616
30,38,407,2.97663094896945
30,38,408,2.975548560750829
30,38,409,2.974876029733147
30,38,410,2.973794752989303
30,38,411,2.9769692914664923
30,38,412,2.9808365211717254
30,38,413,2.980010574118558
30,38,414,2.978879954874094
30,38,415,2.9817824000092146
30,38,416,2.9810080749138432
30,38,417,2.9774598677787636
30,38,418,2.975880294240071
30,38,419,2.9782310322591963
30,38,420,2.9848967448295927
30,38,421,2.9833466510685644
30,38,422,2.9926755334662047
30,38,423,2.9925251861137654
30,38,424,2.991459529731729
30,38,425,2.989098966441294
30,38,426,2.9908105879764295
30,38,427,2.9913954567816394
30,38,428,2.993591412327452
30,38,429,2.9978560377241226
30,38,430,2.997541996188787
30,38,431,2.996901769596698
30,38,432,2.992943308464421
30,38,433,2.9923880075406104
30,38,434,2.994932781388211
30,38,435,2.995664511972411
30,38,436,2.9953741396262394
30,38,437,2.9948296838641855
30,38,438,3.0001593672953244
30,38,439,2.9986286003529172
30,38,440,2.999190226903242
30,38,441,2.9996428057134668
30,38,442,3.003665512358382
30,38,443,3.00474224696388
30,38,444,3.0084859583798247
30,38,445,3.007368424690642
30,38,446,3.009504796271433
30,38,447,3.0093572813443714
30,38,448,3.0084566546845934
30,38,449,3.0094104466550617
30,38,450,3.0122479327734264
30,38,451,3.0125017972330013
30,38,452,3.0150389988584156
30,38,453,3.014455761772394
30,38,454,3.013429533487139
30,38,455,3.016168918169633
30,38,456,3.0157770117554943
30,38,457,3.016596999146806
30,38,458,3.01441048679495
30,38,459,3.0136396644649324
30,38,460,3.014280117543853
30,38,461,3.0105632447645374
30,38,462,3.0086119625788523
30,38,463,3.0113789922024363
30,38,464,3.013795603011479
30,38,465,3.0098185254006125
30,38,466,3.0092426050624437
30,38,467,3.0134350395455707
30,38,468,3.0177117781999847
30,38,469,3.0160467686229864
30,38,470,3.0155677558440734
30,38,471,3.0162342275708856
30,38,472,3.0149319486393664
30,38,473,3.012841159438592
30,38,474,3.0134512803994715
30,38,475,3.0135500883633726
30,38,476,3.015263378387646
30,38,477,3.0147149083266456
30,38,478,3.011155395950212
30,38,479,3.0110685627609683
30,38,480,3.0100171071372768
30,38,481,3.0077676111355798
30,38,482,3.0048304155762775
30,38,483,3.0047925319094184
30,38,484,3.002892664289897
30,38,485,3.002012416612077
30,38,486,2.999805179727881
30,38,487,2.9989155518944695
30,38,488,2.9981218415912188
30,38,489,2.9999904281917824
30,38,490,3.000672253215297
30,38,491,3.001896501019965
30,38,492,3.0004415085814258
30,38,493,3.008248168584841
30,38,494,3.005771615838277
30,38,495,3.007271279918159
30,38,496,3.006284838812168
30,38,497,3.0038637976313125
30,38,498,3.0062262057774545
30,38,499,3.007649306989369
30,38,500,3.00864188181436
30,38,501,3.006863887494735
30,38,502,3.005532463536276
30,38,503,3.006808661151944
30,38,504,3.004737481637381
30,38,505,3.0052947357881576
30,38,506,3.0045125102710126
30,38,507,3.0042313304036563
30,38,508,3.006132563825021
30,38,509,3.006209514780215
30,38,510,3.0022278880005464
30,38,511,3.003847363948983
30,38,512,3.001599328576436
30,38,513,3.0070031336098855
30,38,514,3.009320296029421
30,38,515,3.01039811926299
30,38,516,3.0118684143737107
30,38,517,3.010913075541331
30,38,518,3.012767811041812
30,38,519,3.012487817536119
30,38,520,3.015658133565887
30,38,521,3.0137948410979503
30,38,522,3.010709729267231
30,38,523,3.0075068910061113
30,38,524,3.0097024019065666
30,38,525,3.0116254352421232
30,38,526,3.0093431204387393
30,38,527,3.0103882606795955
30,38,528,3.0112115837707845
30,38,529,3.0134713042025036
30,38,530,3.013720858359473
30,38,531,3.012867164964757
30,38,532,3.011827585061113
30,38,533,3.0093448165949788
30,38,534,3.0077821912187717
30,38,535,3.0094000033752826
30,38,536,3.0089185423271707
30,38,537,3.008043334605076
30,38,538,3.008381340141756
30,38,539,3.0065191470910695
30,38,540,3.0092533522460134
30,38,541,3.007168235119741
30,38,542,3.0059868723782786
30,38,543,3.004691876219302
30,38,544,3.002041747241467
30,38,545,3.0029415719085595
30,38,546,3.004262104119038
30,38,547,3.0031227061676127
30,38,548,3.0021175389371493
30,38,549,3.0005008986503054
30,38,550,2.999405229944376
30,38,551,2.9981424523046574
30,38,552,2.9966781244656144
30,38,553,2.9952643211459558
30,38,554,2.995474588393131
30,38,555,2.9966969306674476
30,38,556,2.9958904175509935
30,38,557,2.994948932812559
30,38,558,2.9928664297632177
30,38,559,2.992766060392114
30,38,560,2.993251957469483
30,38,561,2.9920267145285715
30,38,562,2.990532800203983
30,38,563,2.9927610109327616
30,38,564,2.990709570985508
30,38,565,2.99250535656508
30,38,566,2.9956155510016864
30,38,567,2.994853092664827
30,38,568,2.9939398703967273
30,38,569,2.997578987972574
30,38,570,2.995948525735449
30,38,571,2.995745526429654
30,38,572,2.994331132257662
30,38,573,2.9947344438514447
30,38,574,2.994258446148995
30,38,575,2.993881930391865
30,38,576,2.9932759109507696
30,38,577,2.9940159142965532
30,38,578,2.9917959842589172
30,38,579,2.99074162759642
30,38,580,2.9944244745234005
30,38,581,2.9942419310764445
30,38,582,2.9921189342482815
30,38,583,2.9945264479827696
30,38,584,2.9937139284117142
30,38,585,2.9959736711662477
30,38,586,2.996237956795039
30,38,587,2.993036665874255
30,38,588,2.992206300908943
30,38,589,2.9912833102429746
30,38,590,2.9935072221671812
30,38,591,2.9970202917129383
30,38,592,2.995986148712531
30,38,593,2.9959110074123623
30,38,594,2.995550542184875
30,38,595,2.9931320893243782
30,38,596,2.992183152174425
30,38,597,2.9945530879098703
30,38,598,2.994441187155799
30,38,599,2.9950503425641712
30,38,600,2.993477364233804
30,38,601,2.9920651087065315
30,38,602,2.99507094401488
30,38,603,2.9938707573145753
30,38,604,2.993984033610194
30,38,605,2.9951612731030344
30,38,606,2.9947142821997286
30,38,607,2.9934038709276893
30,38,608,2.991494065140918
30,38,609,2.9898504786629267
30,38,610,2.9893265578849872
30,38,611,2.989188094272293
30,38,612,2.9902285113827687
30,38,613,2.9902676815783744
30,38,614,2.9888815736141154
30,38,615,2.988206680598807
30,38,616,2.9892534200714604
30,38,617,2.989400916293985
30,38,618,2.987299285651414
30,38,619,2.9870104622017775
30,38,620,2.986023553132568
30,38,621,2.9852014109370693
30,38,622,2.9846772504448205
30,38,623,2.98483998200694
30,38,624,2.9836891788111464
30,38,625,2.9829939460315558
30,38,626,2.982162496600516
30,38,627,2.9819707681030145
30,38,628,2.9797573537670123
30,38,629,2.9805154516321837
30,38,630,2.978643682621159
30,38,631,2.9812213207220077
30,38,632,2.9807300106916337
30,38,633,2.980820257669789
30,38,634,2.9801104595034817
30,38,635,2.97919194490984
30,38,636,2.9797483873075725
30,38,637,2.978447901410912
30,38,638,2.9796488209471064
30,38,639,2.9804472267628204
30,38,640,2.9792695948538372
30,38,641,2.9813270816002775
30,38,642,2.982840170168852
30,38,643,2.9821820381460147
30,38,644,2.9810603153092066
30,38,645,2.9793995656246626
30,38,646,2.979705855758212
30,38,647,2.979288893599304
30,38,648,2.981665629733931
30,38,649,2.980933917352215
30,38,650,2.981118062379407
30,38,651,2.97971562152342
30,38,652,2.9789390032047995
30,38,653,2.9764945960360754
30,38,654,2.977605262212165
30,38,655,2.9770655217173534
30,38,656,2.979386101749831
30,38,657,2.978759458447829
30,38,658,2.9781978312090613
30,38,659,2.976352482256735
30,38,660,2.975190092356853
30,38,661,2.97637338618238
30,38,662,2.976214305445377
30,38,663,2.974853300842623
30,38,664,2.9740573380301156
30,38,665,2.973311335238935
30,38,666,2.973306131289713
30,38,667,2.9723727565019806
30,38,668,2.9704953434135666
30,38,669,2.9707382979179626
30,38,670,2.9724206743320187
30,38,671,2.9774563369196465
30,38,672,2.9781572491592776
30,38,673,2.978562629811229
30,38,674,2.9779330985609174
30,38,675,2.9797562647278237
30,38,676,2.9794191417752316
30,38,677,2.981573289047942
30,38,678,2.9808020039370158
30,38,679,2.981015199517899
30,38,680,2.9789101759003516
30,38,681,2.978620476112547
30,38,682,2.9789613047350647
30,38,683,2.9795774538593527
30,38,684,2.9799537647545358
30,38,685,2.979150747867632
30,38,686,2.980404253287483
30,38,687,2.9791311203885398
30,38,688,2.9784796813197327
30,38,689,2.987069196341639
30,38,690,2.987546439859864
30,38,691,2.9883774584415215
30,38,692,2.986893041456234
30,38,693,2.986821181024689
30,38,694,2.9854977146616486
30,38,695,2.985078936878617
30,38,696,2.98398533392675
30,38,697,2.9865365047453287
30,38,698,2.9856001683307976
30,38,699,2.9857259024355254
30,38,700,2.9864523947582535
30,38,701,2.9847359279495933
30,38,702,2.98397585607513
30,38,703,2.9819769650402668
30,38,704,2.9837693684801008
30,38,705,2.984191588201467
30,38,706,2.984225225449734
30,38,707,2.9832661666675837
30,38,708,2.983787350578061
30,38,709,2.982055513214088
30,38,710,2.9828349718300364
30,38,711,2.9814713549541976
30,38,712,2.9816019189458256
30,38,713,2.980189561883226
30,38,714,2.980851758813899
30,38,715,2.9790818273331845
30,38,716,2.9819524380649143
30,38,717,2.982759857564679
30,38,718,2.9821182998918103
30,38,719,2.9845859295439086
30,38,720,2.986670287863346
30,38,721,2.987141402962637
30,38,722,2.987536599590742
30,38,723,2.9881300358650607
30,38,724,2.986893219875493
30,38,725,2.987778464936209
30,38,726,2.987178307025766
30,38,727,2.986737782349545
30,38,728,2.985241790807124
30,38,729,2.984477611012588
30,38,730,2.98549933939638
30,38,731,2.9849905965623607
30,38,732,2.9851817346433944
30,38,733,2.9879435633959703
30,38,734,2.9873515637646757
30,38,735,2.9885843954151947
30,38,736,2.9889254433236023
30,38,737,2.993361817068825
30,38,738,2.992691625885872
30,38,739,2.9933903576914833
30,38,740,2.9921852344006648
30,38,741,2.994878971353885
30,38,742,2.99489047621314
30,38,743,2.9940028424089067
30,38,744,2.99402842200755
30,38,745,2.9926763108126773
30,38,746,2.995777137415582
30,38,747,2.996552237729689
30,38,748,2.9947066342766218
30,38,749,2.998532385075697
30,38,750,2.99707454143347
30,38,751,2.9978563909592553
30,38,752,2.9987701331923984
30,38,753,2.9983159826374153
30,38,754,2.9972080687733906
30,38,755,2.996278032580977
30,38,756,2.996402517555273
30,38,757,2.997329198690152
30,38,758,2.999779435333196
30,38,759,3.000390888535409
30,38,760,3.0029795172941465
30,38,761,3.0031118255292886
30,38,762,3.0021567675124627
30,38,763,3.0034518523141163
30,38,764,3.003120430136776
30,38,765,3.0013876977503364
30,38,766,3.0012414176280107
30,38,767,3.0027346549040015
30,38,768,3.0022420121823394
30,38,769,3.0010026755005392
30,38,770,3.0019241964532792
30,38,771,3.0014995605230435
30,38,772,3.0010902300882334
30,38,773,3.0020450726772
30,38,774,3.003118496918703
30,38,775,3.0032059491641396
30,38,776,3.002860461399504
30,38,777,3.003884259645863
30,38,778,3.003520344153637
30,38,779,3.0033823996368634
30,38,780,3.003214635970925
30,38,781,3.0080959292287726
30,38,782,3.010080514266341
30,38,783,3.0098549266153323
30,38,784,3.0103298117586443
30,38,785,3.01040279549953
30,38,786,3.010373385945205
30,38,787,3.0114325626600364
30,38,788,3.0123271338184527
30,38,789,3.0123043368713986
30,38,790,3.0123089194343105
30,38,791,3.0108656441259005
30,38,792,3.0114323292713645
30,38,793,3.0107583225984205
30,38,794,3.013800385940002
30,38,795,3.0140280591596635
30,38,796,3.013984298715836
30,38,797,3.013698299715154
30,38,798,3.013345352764692
30,38,799,3.013287244893731
30,38,800,3.013548965466674
30,38,801,3.0153275792673466
30,38,802,3.014648187602144
30,38,803,3.012455889567579
30,38,804,3.0124015744563253
30,38,805,3.011601058115662
30,38,806,3.011929517406949
30,38,807,3.0108477229231823
30,38,808,3.009452907727076
30,38,809,3.0088851272441985
30,38,810,3.0113197208182343
30,38,811,3.011144514685457
30,38,812,3.012365983235134
30,38,813,3.012043544053895
30,38,814,3.0118840820522883
30,38,815,3.011944571173373
30,38,816,3.011826121724718
30,38,817,3.010815826661517
30,38,818,3.011507727034242
30,38,819,3.0110316034318108
30,38,820,3.011495944749234
30,38,821,3.0105575609485298
30,38,822,3.0092664823123636
30,38,823,3.0084507143789407
30,38,824,3.010359183227965
30,38,825,3.0096035340599347
30,38,826,3.0083415700657357
30,38,827,3.0088404447484414
30,38,828,3.0095207734292493
30,38,829,3.0089081199738836
30,38,830,3.0081705847943714
30,38,831,3.007329641046431
30,38,832,3.008031883736872
30,38,833,3.0090691438022548
30,38,834,3.0074598769218586
30,38,835,3.006744475124653
30,38,836,3.0077276177457426
30,38,837,3.0075990016399587
30,38,838,3.0078883495324913
30,38,839,3.006688040310716
30,38,840,3.0094818317322063
30,38,841,3.0092772325965265
30,38,842,3.0100326210548958
30,38,843,3.0093676860531864
30,38,844,3.0103824699451462
30,38,845,3.009064911343242
30,38,846,3.010020378639114
30,38,847,3.0086050291688835
30,38,848,3.009450807984535
30,38,849,3.0090085175123598
30,38,850,3.0069075518603063
30,38,851,3.0068957539138514
30,38,852,3.0064260274113064
30,38,853,3.005841215455391
30,38,854,3.0054406279210277
30,38,855,3.005512549665814
30,38,856,3.0043181033296884
30,38,857,3.0023924594219356
30,38,858,3.003864115888211
30,38,859,3.003096263903576
30,38,860,3.002167525537364
30,38,861,3.0010892993575
30,38,862,3.001543096687817
30,38,863,3.0034327494588218
30,38,864,3.003710732898953
30,38,865,3.0047467127906593
30,38,866,3.0043532578919536
30,38,867,3.0042014837342337
30,38,868,3.002347577246602
30,38,869,3.0005846657190967
30,38,870,2.9998115141627992
30,38,871,2.999501131807045
30,38,872,2.9992545450425787
30,38,873,3.0006709584637745
30,38,874,3.0059294367275275
30,38,875,3.0053960196798815
30,38,876,3.006457697245439
30,38,877,3.0064904948297486
30,38,878,3.005795321532606
30,38,879,3.004313970938155
30,38,880,3.003567388157242
30,38,881,3.0026407746537
30,38,882,3.001231371275192
30,38,883,3.0052809211319653
30,38,884,3.0039732063599334
30,38,885,3.0051062001875994
30,38,886,3.0055708884124868
30,38,887,3.0039006620595474
30,38,888,3.003918155143597
30,38,889,3.0041233036515074
30,38,890,3.0038972386371086
30,38,891,3.003282758955236
30,38,892,3.002249904768416
30,38,893,3.000376794850948
30,38,894,3.0001844435538128
30,38,895,2.9988066525976333
30,38,896,2.9984250550602427
30,38,897,2.999718324782456
30,38,898,2.9993454244015347
30,38,899,3.0000143557443857
30,38,900,2.9991653739516844
30,38,901,2.999595175998126
30,38,902,2.998555387751858
30,38,903,2.9974194622874597
30,38,904,2.9955634928283525
30,38,905,2.994329725908896
30,38,906,2.995769001954132
30,38,907,2.9943638688820635
30,38,908,2.995865523823231
30,38,909,2.997855675921046
30,38,910,2.998400885588947
30,38,911,2.9988782201250164
30,38,912,2.997475983129786
30,38,913,2.9972153235136965
30,38,914,2.996119978568862
30,38,915,2.995126783671964
30,38,916,2.994104829291284
30,38,917,2.99301966818973
30,38,918,2.9927484517935956
30,38,919,2.9906931278703524
30,38,920,2.9892566365095887
30,38,921,2.989498780786916
30,38,922,2.989177860428835
30,38,923,2.9903853530114635
30,38,924,2.990345962241093
30,38,925,2.9906322099026714
30,38,926,2.9894326640272815
30,38,927,2.9896095535846343
30,38,928,2.989079773975235
30,38,929,2.992435390010098
30,38,930,2.992001383820546
30,38,931,2.9935294430310098
30,38,932,2.993643615487816
30,38,933,2.9940469742878726
30,38,934,2.995134770328544
30,38,935,2.9949922508703413
30,38,936,2.993862981093803
30,38,937,2.9939988349895383
30,38,938,2.9940350479262725
30,38,939,2.995057383491918
30,38,940,2.993667808553192
30,38,941,2.993793213183068
30,38,942,2.9917588932659465
30,38,943,2.990996988830312
30,38,944,2.9902295758443396
30,38,945,2.990788659015846
30,38,946,2.990151969551823
30,38,947,2.9899538588721746
30,38,948,2.9897205388273185
30,38,949,2.9893936978619284
30,38,950,2.989330614217623
30,38,951,2.9873264009285307
30,38,952,2.9862963190929706
30,38,953,2.9853900152885338
30,38,954,2.9857951536173237
30,38,955,2.9859020862718166
30,38,956,2.9864464796336083
30,38,957,2.985701048726768
30,38,958,2.9855162898522476
30,38,959,2.9842321597020374
30,38,960,2.984034577528673
30,38,961,2.9865353452305565
30,38,962,2.986028947582356
30,38,963,2.985978219959156
30,38,964,2.987097464686828
30,38,965,2.986268969465486
30,38,966,2.985926637322067
30,38,967,2.985430777612323
30,38,968,2.9854914931956715
30,38,969,2.9863775927467584
30,38,970,2.985327700757899
30,38,971,2.9840573726134476
30,38,972,2.984701520104446
30,38,973,2.9838356237315695
30,38,974,2.9856757293134137
30,38,975,2.9844356019609712
30,38,976,2.9852780296241255
30,38,977,2.9845710501617453
30,38,978,2.9851265261753857
30,38,979,2.984242904526378
30,38,980,2.9837225452157834
30,38,981,2.983435760179277
30,38,982,2.9832967900637213
30,38,983,2.984246253181091
30,38,984,2.98382212003229
30,38,985,2.983693612147355
30,38,986,2.9823418528669503
30,38,987,2.9820598567974557
30,38,988,2.986929769447799
30,38,989,2.9874488606021403
30,38,990,2.986598852644436
30,38,991,2.9864687332312507
30,38,992,2.9867832491940747
30,38,993,2.9855885699572493
30,38,994,2.9845358934833217
30,38,995,2.9847875925287197
30,38,996,2.9850964044482473
30,38,997,2.9842226189811774
30,38,998,2.984535997704588
30,38,999,2.9847728015999575
30,38,1000,2.9844454012166888
30,38,1001,2.982553008789036
30,38,1002,2.9815769931842357
30,38,1003,2.983063551433437
30,38,1004,2.9846994284510067
30,38,1005,2.985826995735275
30,38,1006,2.9868884421042265
30,38,1007,2.987014046081716
30,38,1008,2.9858042085492484
30,38,1009,2.9877818326716055
30,38,1010,2.988558613301266
30,38,1011,2.988084357705734
30,38,1012,2.9878772837421206
30,38,1013,2.9889085036623553
30,38,1014,2.9877238754691597
30,38,1015,2.986701871082343
30,38,1016,2.9872281538929037
30,38,1017,2.9853993095622995
30,38,1018,2.9843521133365534
30,38,1019,2.983362131062821
30,38,1020,2.9832831057870117
30,38,1021,2.9826389697446585
30,38,1022,2.9824161519724925
30,38,1023,2.982647834866045
30,38,1024,2.9849211675693486
30,38,1025,2.98445948251678
30,38,1026,2.9835709262037002
30,38,1027,2.9846247979592286
30,38,1028,2.984094697382154
30,38,1029,2.985469167471789
30,38,1030,2.9857133865726655
30,38,1031,2.9859032835885264
30,38,1032,2.9870384173986007
30,38,1033,2.986331534428541
30,38,1034,2.9849862903167868
30,38,1035,2.983690901672828
30,38,1036,2.983126444851516
30,38,1037,2.9826402697671384
30,38,1038,2.982826659819251
30,38,1039,2.982560283336789
30,38,1040,2.982721813918197
30,38,1041,2.983505751588856
30,38,1042,2.9842662773360535
30,38,1043,2.985868477060937
30,38,1044,2.9860152524387638
30,38,1045,2.9859811996001135
30,38,1046,2.9857918563872365
30,38,1047,2.9841065157175257
30,38,1048,2.9846033183761005
30,38,1049,2.983886766739065
30,38,1050,2.9824810774762462
30,38,1051,2.98335214334621
30,38,1052,2.98323070536611
30,38,1053,2.9829734905241088
30,38,1054,2.9819895615619036
30,38,1055,2.981289494961389
30,38,1056,2.981677278460245
30,38,1057,2.9809394653407044
30,38,1058,2.979339203531716
30,38,1059,2.978588787532625
30,38,1060,2.9774156499564746
30,38,1061,2.9760477048466973
30,38,1062,2.9760644855465404
30,38,1063,2.976029100043298
30,38,1064,2.9755527818439327
30,38,1065,2.9780696428808704
30,38,1066,2.97772161381075
30,38,1067,2.9766757579731817
30,38,1068,2.977288878385486
30,38,1069,2.976583761544221
30,38,1070,2.9780316302760217
30,38,1071,2.9781118153780115
30,38,1072,2.9777927210949025
30,38,1073,2.979289087372728
30,38,1074,2.9795357163476885
30,38,1075,2.981768573165692
30,38,1076,2.9828078401639297
30,38,1077,2.9824478508711136
30,38,1078,2.981985972864078
30,38,1079,2.980763445626487
30,38,1080,2.9800662961829976
30,38,1081,2.980126848762517
30,38,1082,2.9804638651539883
30,38,1083,2.9801842046427747
30,38,1084,2.9804041800888346
30,38,1085,2.980113909789038
30,38,1086,2.9808969154961282
30,38,1087,2.9803562279802875
30,38,1088,2.9805858092672213
30,38,1089,2.980067083210306
30,38,1090,2.9800459386341496
30,38,1091,2.9792044802365303
30,38,1092,2.9806678265251736
30,38,1093,2.9806958460680173
30,38,1094,2.9806506509118376
30,38,1095,2.9824824106306416
30,38,1096,2.9844088878356465
30,38,1097,2.9850584198772885
30,38,1098,2.9850969903571305
30,38,1099,2.984693133372796
30,38,1100,2.9837631931485182
30,38,1101,2.983609000126455
30,38,1102,2.9835643883677725
30,38,1103,2.9834375240675612
30,38,1104,2.983397621846778
30,38,1105,2.983526845973371
30,38,1106,2.983082628929638
30,38,1107,2.983294901557671
30,38,1108,2.982565591330305
30,38,1109,2.9815271765488194
30,38,1110,2.981688868794778
30,38,1111,2.9810471838608983
30,38,1112,2.980990160673208
30,38,1113,2.9797941554773795
30,38,1114,2.979081069042662
30,38,1115,2.978876926049624
30,38,1116,2.9782626236011427
30,38,1117,2.9770444162222263
30,38,1118,2.976597947579218
30,38,1119,2.9809594970006885
30,38,1120,2.9799202035118126
30,38,1121,2.981344507393326
30,38,1122,2.980995748994771
30,38,1123,2.979644758529522
30,38,1124,2.9792078019689394
30,38,1125,2.9794997618674843
30,38,1126,2.9786493031519568
30,38,1127,2.9792678684332228
30,38,1128,2.9797913608012885
30,38,1129,2.9798360021481054
30,38,1130,2.9815013993655404
30,38,1131,2.9812996863524877
30,38,1132,2.9809414568743575
30,38,1133,2.9831655499888856
30,38,1134,2.9824032216110727
30,38,1135,2.981234774036965
30,38,1136,2.9808436987060984
30,38,1137,2.9798705966534103
30,38,1138,2.9791822874132508
30,38,1139,2.9803340763276527
30,38,1140,2.9810214150877883
30,38,1141,2.980032990266064
30,38,1142,2.979890839939245
30,38,1143,2.9798282037933377
30,38,1144,2.9793257187742523
30,38,1145,2.9791492542586875
30,38,1146,2.978774429972513
30,38,1147,2.9777016583454126
30,38,1148,2.9777901810334653
30,38,1149,2.977684167642363
30,38,1150,2.9775074636436574
30,38,1151,2.976185596476021
30,38,1152,2.9760868222800045
30,38,1153,2.97579424326493
30,38,1154,2.975264921511943
30,38,1155,2.973645197150388
30,38,1156,2.9729038802028405
30,38,1157,2.9730242213977505
30,38,1158,2.9752815130284134
30,38,1159,2.974393355583386
30,38,1160,2.9742409510248478
30,38,1161,2.9734629659939213
30,38,1162,2.973012677624014
30,38,1163,2.973120491888798
30,38,1164,2.974484255689808
30,38,1165,2.9737316701330867
30,38,1166,2.972603202010451
30,38,1167,2.972325839068295
30,38,1168,2.9720708616042626
30,38,1169,2.9720735012462525
30,38,1170,2.9719204601172975
30,38,1171,2.9720256925108135
30,38,1172,2.974536123523633
30,38,1173,2.974443929665113
30,38,1174,2.9736088386913906
30,38,1175,2.9753392468374553
30,38,1176,2.973810903374991
30,38,1177,2.974002516023814
30,38,1178,2.972529294229378
30,38,1179,2.9723848424863895
30,38,1180,2.971685598155405
30,38,1181,2.972250119360687
30,38,1182,2.9728625620225237
30,38,1183,2.9736482244554088
30,38,1184,2.9746250305992064
30,38,1185,2.974439273880456
30,38,1186,2.9737836289451285
30,38,1187,2.9733846459000053
30,38,1188,2.973626382511353
30,38,1189,2.97382530135433
30,38,1190,2.974369767013616
30,38,1191,2.973620836283484
30,38,1192,2.973832056479614
30,38,1193,2.9728524587479255
30,38,1194,2.973141863984777
30,38,1195,2.973346171797092
30,38,1196,2.9731136385605796
30,38,1197,2.972789717985437
30,38,1198,2.9722785183436504
30,38,1199,2.972953201247379
30,38,1200,2.974949764335214
60,52,1,0.8544529310298619
60,52,2,1.424571506300083
60,52,3,2.0827364905311954
60,52,4,1.9418001570167798
60,52,5,1.999699941925336
60,52,6,1.953646860719351
60,52,7,2.3972050445280346
60,52,8,2.217028388956669
60,52,9,2.1431307602366694
60,52,10,2.0874968122789372
60,52,11,2.436762421171355
60,52,12,2.3903354886240784
60,52,13,2.2988899555259215
60,52,14,2.224792867606603
60,52,15,2.168304149989417
60,52,16,2.13675368610214
60,52,17,2.2140572570164387
60,52,18,2.2487407306443146
60,52,19,2.1966311103901988
60,52,20,2.1596197605839564
60,52,21,2.163964009182563
60,52,22,2.1372859472479364
60,52,23,2.0932160949025542
60,52,24,2.130318529411068
60,52,25,2.10201193188631
60,52,26,2.0846647460765944
60,52,27,2.0631143900616595
60,52,28,2.2957268917483296
60,52,29,2.2727353684539704
60,52,30,2.255847283389706
60,52,31,2.2564459442037825
60,52,32,2.2273396936079353
60,52,33,2.1938914418807083
60,52,34,2.1752344840699553
60,52,35,2.176495489705585
60,52,36,2.1726305502985888
60,52,37,2.1630001137144776
60,52,38,2.135447027423523
60,52,39,2.100899576947271
60,52,40,2.086318903072805
60,52,41,2.1068035035822774
60,52,42,2.0965698465390683
60,52,43,2.0690284503191076
60,52,44,2.038013603395498
60,52,45,2.018361689154093
60,52,46,1.994225073832763
60,52,47,1.972757425379193
60,52,48,1.9611123232883367
60,52,49,1.938992051598245
60,52,50,1.9629070559845132
60,52,51,1.9862169706228903
60,52,52,1.9879900521165177
60,52,53,1.9805141736989589
60,52,54,1.997025157419848
60,52,55,1.9941974059643541
60,52,56,1.9782204022327163
60,52,57,1.9715136795511212
60,52,58,1.9617078478746302
60,52,59,1.9447972240589562
60,52,60,1.9311642947177958
60,52,61,1.931916238293135
60,52,62,1.977750061749447
60,52,63,2.0107011218964628
60,52,64,2.0186927159082746
60,52,65,2.002922095620306
60,52,66,1.990180811494658
60,52,67,2.0064472886935163
60,52,68,2.035932324655902
60,52,69,2.047006318167591
60,52,70,2.041959463019366
60,52,71,2.0341571558769203
60,52,72,2.0272695454387306
60,52,73,2.0387033901107205
60,52,74,2.032153076802159
60,52,75,2.041937571394214
60,52,76,2.0849345309656337
60,52,77,2.080625489088677
60,52,78,2.1079947853112437
60,52,79,2.1281952097842187
60,52,80,2.144900805572901
60,52,81,2.1528865255197127
60,52,82,2.147028513462332
60,52,83,2.1666532481151117
60,52,84,2.1597095632372594
60,52,85,2.179453519107268
60,52,86,2.1752911051520694
60,52,87,2.1746956484536355
60,52,88,2.17409613097413
60,52,89,2.1644767253219266
60,52,90,2.1560839890199603
60,52,91,2.1508880782320396
60,52,92,2.14898585802301
60,52,93,2.1337624859481834
60,52,94,2.134407388785471
60,52,95,2.1253375087491473
60,52,96,2.1423712763440186
60,52,97,2.14395128722358
60,52,98,2.137542166854601
60,52,99,2.1263312818139743
60,52,100,2.1500532308638904
60,52,101,2.1597951043276264
60,52,102,2.1577780985617743
60,52,103,2.15391322128648
60,52,104,2.1563622873591437
60,52,105,2.1483330899604303
60,52,106,2.1440066882864963
60,52,107,2.1332110195201786
60,52,108,2.1322926868687935
60,52,109,2.125149206165513
60,52,110,2.115326706807948
60,52,111,2.1074820857769976
60,52,112,2.128548138630811
60,52,113,2.115768536917135
60,52,114,2.10856916546504
60,52,115,2.12045004075692
60,52,116,2.114536215449161
60,52,117,2.1119704111840116
60,52,118,2.107378116266482
60,52,119,2.0996200074658695
60,52,120,2.0924061699162184
60,52,121,2.0920868676458815
60,52,122,2.090491701960065
60,52,123,2.095560224740623
60,52,124,2.1052285575416163
60,52,125,2.095430455172478
60,52,126,2.108692689503645
60,52,127,2.112246831258576
60,52,128,2.109151226506552
60,52,129,2.11594175165619
60,52,130,2.108204394370345
60,52,131,2.113305666338399
60,52,132,2.129921896453781
60,52,133,2.1229514181255165
60,52,134,2.121017377280873
60,52,135,2.1149737045107213
60,52,136,2.121610215005928
60,52,137,2.114378599076362
60,52,138,2.1054188472210296
60,52,139,2.09739817024629
60,52,140,2.099934764149691
60,52,141,2.0988221626721835
60,52,142,2.0955196363373805
60,52,143,2.119736613821484
60,52,144,2.1133035980707584
60,52,145,2.1207712960746803
60,52,146,2.14344488123926
60,52,147,2.1443159521546082
60,52,148,2.1438692375774524
60,52,149,2.15129865312002
60,52,150,2.1568572681891505
60,52,151,2.158176012341299
60,52,152,2.153362320094691
60,52,153,2.1576851142059
60,52,154,2.157793552774145
60,52,155,2.1551739305424302
60,52,156,2.1634746082753717
60,52,157,2.1651657796510797
60,52,158,2.17367524918811
60,52,159,2.175471311968375
60,52,160,2.16946693089971
60,52,161,2.1660008724318054
60,52,162,2.1675517340772075
60,52,163,2.1645592261793976
60,52,164,2.1613209392626245
60,52,165,2.175964926469893
60,52,166,2.1767876593345865
60,52,167,2.172338402367342
60,52,168,2.235934959904395
60,52,169,2.236262779816008
60,52,170,2.233760863543183
60,52,171,2.231911986384216
60,52,172,2.2278756520510394
60,52,173,2.2232696196689896
60,52,174,2.218247329368268
60,52,175,2.2275049750147975
60,52,176,2.2315836369266218
60,52,177,2.2279219456883648
60,52,178,2.2209133518689863
60,52,179,2.221301794298261
60,52,180,2.2179779287950043
60,52,181,2.212939440872905
60,52,182,2.218186072670146
60,52,183,2.211915353628243
60,52,184,2.212993005564175
60,52,185,2.2080596266094865
60,52,186,2.20641688482778
60,52,187,2.2038431953800095
60,52,188,2.2017577493993072
60,52,189,2.1986088178419347
60,52,190,2.1972024561172905
60,52,191,2.1921984055967725
60,52,192,2.1894270520670522
60,52,193,2.1936975003986716
60,52,194,2.192193357517725
60,52,195,2.1876166905610894
60,52,196,2.1830791859529985
60,52,197,2.1851879850316647
60,52,198,2.1785563506153482
60,52,199,2.183594355876298
60,52,200,2.181344968157915
60,52,201,2.1779148796732555
60,52,202,2.173311655561358
60,52,203,2.1687871447728937
60,52,204,2.166763388298977
60,52,205,2.1680097360486528
60,52,206,2.1628905236669
60,52,207,2.1613714647981137
60,52,208,2.160214416693935
60,52,209,2.1596164958939332
60,52,210,2.1570191617291847
60,52,211,2.154041967255528
60,52,212,2.2293686158081876
60,52,213,2.2271458436986484
60,52,214,2.2238158340815914
60,52,215,2.2300613160038143
60,52,216,2.252034895808206
60,52,217,2.2611016946801805
60,52,218,2.2577601585070552
60,52,219,2.259716020527381
60,52,220,2.263254942780112
60,52,221,2.266145195151477
60,52,222,2.2722577564358635
60,52,223,2.2732042628356073
60,52,224,2.2715270766086184
60,52,225,2.2706043736840593
60,52,226,2.2667166774639864
60,52,227,2.2618420314235936
60,52,228,2.2627710060745585
60,52,229,2.260316657047251
60,52,230,2.259241796965936
60,52,231,2.2535713210512758
60,52,232,2.2479763212375863
60,52,233,2.251791904427747
60,52,234,2.2463077332120585
60,52,235,2.249175229808878
60,52,236,2.2480201995393796
60,52,237,2.2433961676121448
60,52,238,2.2442091431097704
60,52,239,2.239597262861384
60,52,240,2.235014359758197
60,52,241,2.2321007697656112
60,52,242,2.2282608370709482
60,52,243,2.2275925899216547
60,52,244,2.224819754761701
60,52,245,2.2224418772282952
60,52,246,2.221211058150306
60,52,247,2.223725049820104
60,52,248,2.2197224058525222
60,52,249,2.217420879587449
60,52,250,2.2127774751490032
60,52,251,2.209452820271043
60,52,252,2.206317277502778
60,52,253,2.208158482765537
60,52,254,2.2155884777671693
60,52,255,2.2262606089832384
60,52,256,2.2223968562974785
60,52,257,2.2193009671508777
60,52,258,2.214739667856828
60,52,259,2.2140239563574537
60,52,260,2.2169808688994994
60,52,261,2.2127797072737296
60,52,262,2.2270207336622665
60,52,263,2.2264012122321635
60,52,264,2.23023495232657
60,52,265,2.229903410807734
60,52,266,2.2433139890097933
60,52,267,2.2394173048435118
60,52,268,2.2407269350713217
60,52,269,2.238880233120705
60,52,270,2.2354567423578446
60,52,271,2.233331250806164
60,52,272,2.2290649505206996
60,52,273,2.2246783298189667
60,52,274,2.2215686609992593
60,52,275,2.2238695670003272
60,52,276,2.2235626753902102
60,52,277,2.2199731541417655
60,52,278,2.2171055095661427
60,52,279,2.213914654359923
60,52,280,2.2109501846602795
60,52,281,2.2124610115937537
60,52,282,2.2125100027691285
60,52,283,2.209487519397358
60,52,284,2.2041943376028317
60,52,285,2.2014210174701105
60,52,286,2.2099677215243823
60,52,287,2.207573944462207
60,52,288,2.206318145074409
60,52,289,2.2039253480301904
60,52,290,2.202370970260449
60,52,291,2.19898085377939
60,52,292,2.195129302857782
60,52,293,2.1931097018594663
60,52,294,2.2027484617799593
60,52,295,2.1995030966407723
60,52,296,2.2014749049387854
60,52,297,2.2001650647806317
60,52,298,2.1986799987381573
60,52,299,2.198159966005597
60,52,300,2.2104700944833784
60,52,301,2.208411390033061
60,52,302,2.205376257664392
60,52,303,2.217112614591711
60,52,304,2.2139897926078627
60,52,305,2.2182587077873044
60,52,306,2.2235749856134737
60,52,307,2.2203986954449926
60,52,308,2.2213651460905655
60,52,309,2.2281756778656776
60,52,310,2.22394314037588
60,52,311,2.2202069343482735
60,52,312,2.221637353935915
60,52,313,2.2237633747522594
60,52,314,2.222559886324949
60,52,315,2.2189755099841877
60,52,316,2.2189521112982376
60,52,317,2.2142889067377642
60,52,318,2.2129701942828772
60,52,319,2.2096260818052227
60,52,320,2.208696820538902
60,52,321,2.210227122984362
60,52,322,2.2101566800530246
60,52,323,2.2074141408280323
60,52,324,2.2085179638606034
60,52,325,2.20787466409515
60,52,326,2.204300564243542
60,52,327,2.206699298631508
60,52,328,2.205303377904947
60,52,329,2.2098465526937754
60,52,330,2.22051711572289
60,52,331,2.221775765131668
60,52,332,2.2223372669840598
60,52,333,2.219877809016564
60,52,334,2.220538256339562
60,52,335,2.2305433652987565
60,52,336,2.2281744996484703
60,52,337,2.2237733931270127
60,52,338,2.220944539880607
60,52,339,2.22399533910303
60,52,340,2.234112044659917
60,52,341,2.232615136480731
60,52,342,2.232453390947901
60,52,343,2.229692674957784
60,52,344,2.2268028005416336
60,52,345,2.2237266407770453
60,52,346,2.2231475767092452
60,52,347,2.2312737603096378
60,52,348,2.2272463954125272
60,52,349,2.2267151897661166
60,52,350,2.230835275081096
60,52,351,2.2288012590788813
60,52,352,2.2252848064086113
60,52,353,2.2298164277659076
60,52,354,2.2311563971913877
60,52,355,2.230890980516427
60,52,356,2.236915757477616
60,52,357,2.236621926864849
60,52,358,2.235540051675114
60,52,359,2.2346189843243316
60,52,360,2.234240760060551
60,52,361,2.2363799539212836
60,52,362,2.234124595851206
60,52,363,2.234841171549816
60,52,364,2.230990786489762
60,52,365,2.228130462563415
60,52,366,2.226304913857328
60,52,367,2.227274096324836
60,52,368,2.2272663217756032
60,52,369,2.2232051040364915
60,52,370,2.2252498812537413
60,52,371,2.223002417743596
60,52,372,2.221192094684285
60,52,373,2.2228600461672126
60,52,374,2.219811372773068
60,52,375,2.2175819788129125
60,52,376,2.2214156137944165
60,52,377,2.2217903430857073
60,52,378,2.2201779721220554
60,52,379,2.219227258648054
60,52,380,2.2183490678112534
60,52,381,2.221061673379317
60,52,382,2.21750572062626
60,52,383,2.2145754535467077
60,52,384,2.2201835451206793
60,52,385,2.224558582034479
60,52,386,2.222661355901642
60,52,387,2.2227360623027206
60,52,388,2.2232264500114467
60,52,389,2.2203584073861937
60,52,390,2.219344965093308
60,52,391,2.2184169872760795
60,52,392,2.217156682778656
60,52,393,2.2267429512240255
60,52,394,2.227437962370298
60,52,395,2.225810583294919
60,52,396,2.223349805384107
60,52,397,2.224121622870422
60,52,398,2.2260861049778335
60,52,399,2.225484487050272
60,52,400,2.225073512256596
60,52,401,2.2235220694975353
60,52,402,2.2201983871610036
60,52,403,2.21806147786063
60,52,404,2.216938144478372
60,52,405,2.2145771273659554
60,52,406,2.216937576283412
60,52,407,2.216005147091932
60,52,408,2.216782950984105
60,52,409,2.2148073029820843
60,52,410,2.2113640559597414
60,52,411,2.2095012433939014
60,52,412,2.2092031733391257
60,52,413,2.2100259608068726
60,52,414,2.2101591221788586
60,52,415,2.2072076928469753
60,52,416,2.2041509086579443
60,52,417,2.2013059968187783
60,52,418,2.1995321636058227
60,52,419,2.1981301792778134
60,52,420,2.2054357349180025
60,52,421,2.205621562612051
60,52,422,2.203209975706359
60,52,423,2.2060426790506145
60,52,424,2.203011824149085
60,52,425,2.2022662481386233
60,52,426,2.205522599574906
60,52,427,2.2053884623531284
60,52,428,2.204880419361986
60,52,429,2.2068616004569552
60,52,430,2.2080970564637177
60,52,431,2.206744845144959
60,52,432,2.2071507476122316
60,52,433,2.211245289582479
60,52,434,2.2099102958183443
60,52,435,2.219482125221551
60,52,436,2.2254178475597803
60,52,437,2.2257163335053023
60,52,438,2.226329686646999
60,52,439,2.2239856966328397
60,52,440,2.221751935250535
60,52,441,2.219986121173686
60,52,442,2.218708505427875
60,52,443,2.2181287975065196
60,52,444,2.216559860243819
60,52,445,2.2200514139548146
60,52,446,2.2199849690151647
60,52,447,2.218612109759206
60,52,448,2.216870796389062
60,52,449,2.2175308275632384
60,52,450,2.2151476676160717
60,52,451,2.2150079593431693
60,52,452,2.213542989596202
60,52,453,2.21171561921857
60,52,454,2.2117155948720186
60,52,455,2.2098240787855574
60,52,456,2.2070465623327657
60,52,457,2.206554024812917
60,52,458,2.205579719946239
60,52,459,2.209603485051283
60,52,460,2.210203206505318
60,52,461,2.211546378419948
60,52,462,2.211419149912019
60,52,463,2.2117610655201396
60,52,464,2.211031534680178
60,52,465,2.2106960072482686
60,52,466,2.2176640414797344
60,52,467,2.218933081028529
60,52,468,2.217701529697873
60,52,469,2.2168923756724785
60,52,470,2.215912298006267
60,52,471,2.214417517656619
60,52,472,2.2126984735399966
60,52,473,2.21135553262538
60,52,474,2.2096019448926323
60,52,475,2.2128849121828074
60,52,476,2.213091899536327
60,52,477,2.2139121585199577
60,52,478,2.211651921737273
60,52,479,2.2131842111379507
60,52,480,2.2111557146948044
60,52,481,2.211185019560583
60,52,482,2.216050494450128
60,52,483,2.217426261361818
60,52,484,2.217831941991675
60,52,485,2.2158674489254633
60,52,486,2.2159313726158714
60,52,487,2.2143975484682303
60,52,488,2.2139550885565016
60,52,489,2.2144483352815008
60,52,490,2.21733762362628
60,52,491,2.21794758110196
60,52,492,2.2171498987590064
60,52,493,2.2176705508213477
60,52,494,2.2171257003718594
60,52,495,2.2167106744879703
60,52,496,2.215658671031558
60,52,497,2.213731860150334
60,52,498,2.2118485575826923
60,52,499,2.2099438422321454
60,52,500,2.208249374462966
60,52,501,2.2074779449505755
60,52,502,2.215509435099464
60,52,503,2.2171937363823107
60,52,504,2.2147783953835094
60,52,505,2.2135725780088826
60,52,506,2.212671856707054
60,52,507,2.2127332531596733
60,52,508,2.2249719017733227
60,52,509,2.228396979073859
60,52,510,2.2268556689786787
60,52,511,2.228843287343324
60,52,512,2.235073072172667
60,52,513,2.2341281743858987
60,52,514,2.233702072748233
60,52,515,2.232233637620428
60,52,516,2.230711177814411
60,52,517,2.2304052161758503
60,52,518,2.229936753546527
60,52,519,2.228072112989136
60,52,520,2.2285860837994567
60,52,521,2.229294240074811
60,52,522,2.2305843798100033
60,52,523,2.2275851165177403
60,52,524,2.226161552444358
60,52,525,2.224658516575087
60,52,526,2.2222433949921014
60,52,527,2.223228962157311
60,52,528,2.2220970324241773
60,52,529,2.22369652173503
60,52,530,2.223458895189862
60,52,531,2.2238930482812664
60,52,532,2.223723442013709
60,52,533,2.2223940797338915
60,52,534,2.2226734869616247
60,52,535,2.221726906884419
60,52,536,2.2212052643169935
60,52,537,2.224468850043828
60,52,538,2.222032289620868
60,52,539,2.234387348645337
60,52,540,2.233915570141463
60,52,541,2.2335216525420662
60,52,542,2.233907489186078
60,52,543,2.2361969504026993
60,52,544,2.235437541426928
60,52,545,2.235530933182502
60,52,546,2.2343011034424665
60,52,547,2.2325539222880924
60,52,548,2.230263067000393
60,52,549,2.229367688471994
60,52,550,2.2272287273581224
60,52,551,2.226661799991953
60,52,552,2.2270535401714913
60,52,553,2.2254569405638085
60,52,554,2.2232511983885357
60,52,555,2.2214870253306223
60,52,556,2.220397873114259
60,52,557,2.2210985681496553
60,52,558,2.2269901025478087
60,52,559,2.228078453745957
60,52,560,2.2303980126858645
60,52,561,2.230814991036648
60,52,562,2.230629518835694
60,52,563,2.23091426491702
60,52,564,2.2309252643096986
60,52,565,2.2290236594410153
60,52,566,2.2269224711530806
60,52,567,2.2251661638960862
60,52,568,2.2225181560679412
60,52,569,2.2202200040951556
60,52,570,2.2184634400559617
60,52,571,2.216346904615827
60,52,572,2.2145267961200736
60,52,573,2.215667506975473
60,52,574,2.213541312590165
60,52,575,2.211546154554975
60,52,576,2.2121980798681338
60,52,577,2.210356243344214
60,52,578,2.2095753819699553
60,52,579,2.2083856864602613
60,52,580,2.2088529805449104
60,52,581,2.211203167572662
60,52,582,2.21679328087509
60,52,583,2.215000643680663
60,52,584,2.2155375106726427
60,52,585,2.2175488361275812
60,52,586,2.2160577402393025
60,52,587,2.2150429849184046
60,52,588,2.213356848125025
60,52,589,2.213484237282799
60,52,590,2.2124392059353415
60,52,591,2.2111453467690856
60,52,592,2.2098610322406436
60,52,593,2.2077048230035423
60,52,594,2.209003622656201
60,52,595,2.2086068254372675
60,52,596,2.2069608820318836
60,52,597,2.210910157641526
60,52,598,2.209530584891112
60,52,599,2.207780117925973
60,52,600,2.2063358792139125
60,52,601,2.2043910528725217
60,52,602,2.202276455044836
60,52,603,2.2040770871312083
60,52,604,2.20510240372996
60,52,605,2.203852086383844
60,52,606,2.2043024514770044
60,52,607,2.201705393687132
60,52,608,2.2029270967548458
60,52,609,2.2018950107956385
60,52,610,2.200233234936494
60,52,611,2.199352662770848
60,52,612,2.1985453898205973
60,52,613,2.1977841214695477
60,52,614,2.197110204147263
60,52,615,2.1968084646041355
60,52,616,2.196621508475919
60,52,617,2.195062411942215
60,52,618,2.1930132215262033
60,52,619,2.1915530782063697
60,52,620,2.1907021238476774
60,52,621,2.1907178140143397
60,52,622,2.1965912457375842
60,52,623,2.1977773890317525
60,52,624,2.1964139617046183
60,52,625,2.1965533897849228
60,52,626,2.1973351986837173
60,52,627,2.1976805037948286
60,52,628,2.196038355047108
60,52,629,2.196696107248035
60,52,630,2.198338723682846
60,52,631,2.196746652670217
60,52,632,2.1957326137630835
60,52,633,2.193957863857229
60,52,634,2.1936618536906543
60,52,635,2.1941298824985385
60,52,636,2.1936042522111605
60,52,637,2.193329368811848
60,52,638,2.2015960085033033
60,52,639,2.202516474661913
60,52,640,2.200834562499222
60,52,641,2.199320335701538
60,52,642,2.198312378069485
60,52,643,2.197266864298633
60,52,644,2.1993909007614825
60,52,645,2.1984271901361665
60,52,646,2.1993146484612227
60,52,647,2.198552034789459
60,52,648,2.1990530014852836
60,52,649,2.198137168917267
60,52,650,2.1967836095040276
60,52,651,2.196347104797636
60,52,652,2.1954642230377654
60,52,653,2.1960098187786827
60,52,654,2.1944291842499064
60,52,655,2.1932530594548245
60,52,656,2.1921310378684695
60,52,657,2.1917842972406287
60,52,658,2.191391844126565
60,52,659,2.192381808941309
60,52,660,2.190774703730995
60,52,661,2.188935528289837
60,52,662,2.1873022472487667
60,52,663,2.18705675542626
60,52,664,2.185222571442932
60,52,665,2.185387547399939
60,52,666,2.1836009689758993
60,52,667,2.1892787452197866
60,52,668,2.1879314252175552
60,52,669,2.1883371590877614
60,52,670,2.1874296907208373
60,52,671,2.1857074034623656
60,52,672,2.1847016078822947
60,52,673,2.183820173901575
60,52,674,2.1829637123007872
60,52,675,2.182214820259532
60,52,676,2.1869191212504275
60,52,677,2.191810947480918
60,52,678,2.191340500632245
60,52,679,2.191592632695414
60,52,680,2.189631655865673
60,52,681,2.1887975230724233
60,52,682,2.1905441001797583
60,52,683,2.190333291849732
60,52,684,2.1889204411826597
60,52,685,2.1887240525779625
60,52,686,2.1903397996908502
60,52,687,2.1898572552572655
60,52,688,2.1979546467140665
60,52,689,2.2003817400755694
60,52,690,2.2007241427594413
60,52,691,2.200924699462505
60,52,692,2.2000235075391994
60,52,693,2.1987249375339037
60,52,694,2.197735776171497
60,52,695,2.1963749183328387
60,52,696,2.195938103885576
60,52,697,2.198911524470594
60,52,698,2.1984839558944294
60,52,699,2.1976140358211618
60,52,700,2.197325589371299
60,52,701,2.199734368439008
60,52,702,2.1996432761213347
60,52,703,2.197909311874892
60,52,704,2.1985531830933005
60,52,705,2.1967081283627
60,52,706,2.1961879003010463
60,52,707,2.196106271597678
60,52,708,2.194821303750835
60,52,709,2.193873415065154
60,52,710,2.1945287910422913
60,52,711,2.1935456491689744
60,52,712,2.1935352350495454
60,52,713,2.1944418815224562
60,52,714,2.193217735945247
60,52,715,2.1931951318112044
60,52,716,2.1964708141630602
60,52,717,2.19617931743388
60,52,718,2.195905455407977
60,52,719,2.194341203726206
60,52,720,2.1929464620003
60,52,721,2.1914182045706534
60,52,722,2.190417027650295
60,52,723,2.1888645404742233
60,52,724,2.1902761497083385
60,52,725,2.194290477153366
60,52,726,2.1929356307302976
60,52,727,2.1922685545458562
60,52,728,2.1911392009597837
60,52,729,2.189760088527296
60,52,730,2.1887165031638802
60,52,731,2.1878890660432466
60,52,732,2.188974636830625
60,52,733,2.190190682925165
60,52,734,2.1908062562516117
60,52,735,2.190531731812463
60,52,736,2.1901988780266364
60,52,737,2.1886052893710173
60,52,738,2.1900490331303675
60,52,739,2.191591360574701
60,52,740,2.1906880522631083
60,52,741,2.191130397833022
60,52,742,2.1899159172333857
60,52,743,2.1920609614259585
60,52,744,2.1957851054842576
60,52,745,2.1946176917022493
60,52,746,2.194292859240083
60,52,747,2.1951352616499027
60,52,748,2.2004362913208517
60,52,749,2.199038989285987
60,52,750,2.201026956431919
60,52,751,2.199960940541946
60,52,752,2.199050137088195
60,52,753,2.199623641464098
60,52,754,2.1984968234779854
60,52,755,2.1976504070262273
60,52,756,2.1968215551411916
60,52,757,2.1970400513439263
60,52,758,2.1983312029569095
60,52,759,2.197313238515487
60,52,760,2.1972394965564637
60,52,761,2.1959145646075076
60,52,762,2.197133985009131
60,52,763,2.1957542659326794
60,52,764,2.1949340727708626
60,52,765,2.194714826445436
60,52,766,2.1933090817693017
60,52,767,2.1936376668270126
60,52,768,2.196166958572996
60,52,769,2.197413429362792
60,52,770,2.196031129147043
60,52,771,2.1946773849440624
60,52,772,2.1949416912726085
60,52,773,2.1966556112733535
60,52,774,2.1952097498595706
60,52,775,2.194477322389987
60,52,776,2.1934831357423152
60,52,777,2.1928614354373392
60,52,778,2.191635945638333
60,52,779,2.190736594041719
60,52,780,2.189088556929736
60,52,781,2.1878108758508032
60,52,782,2.186840861354005
60,52,783,2.1860627092986284
60,52,784,2.184688696262384
60,52,785,2.184312186854546
60,52,786,2.1837279131319156
60,52,787,2.1844767118625383
60,52,788,2.1830340999519398
60,52,789,2.1826559690466802
60,52,790,2.1832876216490695
60,52,791,2.1835921071364024
60,52,792,2.1847916464932116
60,52,793,2.1830223148608052
60,52,794,2.183366987602891
60,52,795,2.183211422838182
60,52,796,2.182245364652821
60,52,797,2.1816615036705214
60,52,798,2.1811920197679675
60,52,799,2.1848691498472284
60,52,800,2.184842487650996
60,52,801,2.1856503423282394
60,52,802,2.1845251095455174
60,52,803,2.1827942843327617
60,52,804,2.1823526433064804
60,52,805,2.1811756989711837
60,52,806,2.1803209749705292
60,52,807,2.1914192305880245
60,52,808,2.1910197980067667
60,52,809,2.189619389673951
60,52,810,2.18779073585933
60,52,811,2.1865322153356823
60,52,812,2.1855857109115298
60,52,813,2.1846890206743277
60,52,814,2.1833071904458214
60,52,815,2.183433483759363
60,52,816,2.1824917577210012
60,52,817,2.1819472735496035
60,52,818,2.1819060543632784
60,52,819,2.1820269282497304
60,52,820,2.1815870086133753
60,52,821,2.1805708856570094
60,52,822,2.180225662654578
60,52,823,2.1823528216336032
60,52,824,2.181576213694187
60,52,825,2.180821946739334
60,52,826,2.1800079985895677
60,52,827,2.180833317486455
60,52,828,2.1800174269492807
60,52,829,2.1810400598937743
60,52,830,2.1811499715779576
60,52,831,2.180769954547522
60,52,832,2.1797241074177287
60,52,833,2.1819691092112006
60,52,834,2.1803356394077986
60,52,835,2.1802447274616377
60,52,836,2.1796952638935934
60,52,837,2.1798842838315595
60,52,838,2.1785132894445614
60,52,839,2.1774620202607395
60,52,840,2.176151293868357
60,52,841,2.174825732310812
60,52,842,2.1743326071010745
60,52,843,2.1739706944932373
60,52,844,2.172700507429965
60,52,845,2.1733450279427204
60,52,846,2.172102596226367
60,52,847,2.17966344373448
60,52,848,2.178060267159959
60,52,849,2.1800885070052547
60,52,850,2.180074659697218
60,52,851,2.180119638636369
60,52,852,2.179226467979854
60,52,853,2.1788915755117406
60,52,854,2.1783057739395573
60,52,855,2.178689660567349
60,52,856,2.1781269130450873
60,52,857,2.177863078639493
60,52,858,2.1772365099768254
60,52,859,2.1764391586742553
60,52,860,2.1751709696549395
60,52,861,2.1738446289466533
60,52,862,2.173604272019043
60,52,863,2.172777014776715
60,52,864,2.1724880511760154
60,52,865,2.171557566562958
60,52,866,2.1708436297580347
60,52,867,2.1718046855086737
60,52,868,2.1707032471271166
60,52,869,2.1713395407648783
60,52,870,2.1718395397376584
60,52,871,2.1715805581152825
60,52,872,2.1704859991504812
60,52,873,2.169079013016625
60,52,874,2.167937637256246
60,52,875,2.1671146839721334
60,52,876,2.166172548182463
60,52,877,2.1658446823792032
60,52,878,2.1660519516434484
60,52,879,2.166455881130883
60,52,880,2.1666112097810424
60,52,881,2.1663730557857943
60,52,882,2.165537743154956
60,52,883,2.164943712205239
60,52,884,2.163712017519271
60,52,885,2.1644383381614776
60,52,886,2.1634516992269557
60,52,887,2.1633230012253235
60,52,888,2.162930006242077
60,52,889,2.1631252546211295
60,52,890,2.1620717884575726
60,52,891,2.1608775672577654
60,52,892,2.1600857343507727
60,52,893,2.1616506725140696
60,52,894,2.1627644106686366
60,52,895,2.1626022175704662
60,52,896,2.1635614490805386
60,52,897,2.162916613549255
60,52,898,2.161663804118927
60,52,899,2.160616288945101
60,52,900,2.159288703355084
60,52,901,2.158235091017569
60,52,902,2.1580808333731736
60,52,903,2.1571602125866702
60,52,904,2.156328836776831
60,52,905,2.1578131010708326
60,52,906,2.1598075717774043
60,52,907,2.159336953656397
60,52,908,2.158103687027352
60,52,909,2.157019178161427
60,52,910,2.1561646133760286
60,52,911,2.1571361812106944
60,52,912,2.1566352222382883
60,52,913,2.159447902687817
60,52,914,2.1583811303405795
60,52,915,2.1580559905638665
60,52,916,2.158990683831122
60,52,917,2.1591438781420895
60,52,918,2.1584809829775766
60,52,919,2.158185213586427
60,52,920,2.15798234478223
60,52,921,2.161915201905471
60,52,922,2.1615358081261653
60,52,923,2.161229118688681
60,52,924,2.161680928172978
60,52,925,2.1614564681073327
60,52,926,2.160836951336452
60,52,927,2.159969167788894
60,52,928,2.1595801841769187
60,52,929,2.160235691865607
60,52,930,2.159855827310788
60,52,931,2.1590464033054286
60,52,932,2.1639728893839747
60,52,933,2.163555497732272
60,52,934,2.162198301710346
60,52,935,2.16692516089704
60,52,936,2.165543557405446
60,52,937,2.1652465456694627
60,52,938,2.167367115714098
60,52,939,2.1663497016751947
60,52,940,2.169080823006379
60,52,941,2.16991836728371
60,52,942,2.168552497898973
60,52,943,2.1698859803490698
60,52,944,2.169392345428667
60,52,945,2.172030281110203
60,52,946,2.1715916789262084
60,52,947,2.170874510983687
60,52,948,2.176919593125632
60,52,949,2.1762092632968124
60,52,950,2.1809168856336214
60,52,951,2.180599522332648
60,52,952,2.181658815049506
60,52,953,2.182170823959157
60,52,954,2.181463945810228
60,52,955,2.180271234509779
60,52,956,2.180135624306029
60,52,957,2.180106087953614
60,52,958,2.180402383356797
60,52,959,2.1796978161023355
60,52,960,2.1796605971118113
60,52,961,2.18023601919707
60,52,962,2.179348750078714
60,52,963,2.181663295071021
60,52,964,2.1810606964420503
60,52,965,2.1803937723641047
60,52,966,2.1792407151410838
60,52,967,2.178502032348475
60,52,968,2.1771196687304357
60,52,969,2.1761198025606974
60,52,970,2.1763524547320485
60,52,971,2.175979613934772
60,52,972,2.174798768404203
60,52,973,2.173708078149021
60,52,974,2.1737089947178303
60,52,975,2.1734088789430692
60,52,976,2.172547357389609
60,52,977,2.1718801027987946
60,52,978,2.1722407088048956
60,52,979,2.1717302950493056
60,52,980,2.1713121347272524
60,52,981,2.1707053518155943
60,52,982,2.1697600060213342
60,52,983,2.1687078779582754
60,52,984,2.16820334591466
60,52,985,2.1690986436547117
60,52,986,2.171448214011857
60,52,987,2.1706655736378453
60,52,988,2.1698828930009793
60,52,989,2.1692294384823634
60,52,990,2.168463270350475
60,52,991,2.1678513469335026
60,52,992,2.16682060763556
60,52,993,2.168274159243392
60,52,994,2.16904395612061
60,52,995,2.16777530513164
60,52,996,2.1667665101248135
60,52,997,2.1669747627277527
60,52,998,2.1658828553789586
60,52,999,2.1651253692136865
60,52,1000,2.16464541783179
60,52,1001,2.16412656709214
60,52,1002,2.1638782473461227
60,52,1003,2.1634567403022418
60,52,1004,2.163391390402481
60,52,1005,2.161907300824931
60,52,1006,2.164056896193812
60,52,1007,2.1632787210048026
60,52,1008,2.1645091648587096
60,52,1009,2.1632166905898322
60,52,1010,2.162319183050457
60,52,1011,2.163602212060289
60,52,1012,2.1682236129018606
60,52,1013,2.1678927830919688
60,52,1014,2.16766847067976
60,52,1015,2.1675688320548656
60,52,1016,2.166685323458398
60,52,1017,2.1656581191270132
60,52,1018,2.1646240563043704
60,52,1019,2.16415576902066
60,52,1020,2.163328543713264
60,52,1021,2.1624343106358577
60,52,1022,2.1624186376452186
60,52,1023,2.1624831750846516
60,52,1024,2.161897551119971
60,52,1025,2.162643841307929
60,52,1026,2.161954263757081
60,52,1027,2.1614039735775465
60,52,1028,2.1621417317959444
60,52,1029,2.1614819354494235
60,52,1030,2.160883118246721
60,52,1031,2.1612518243519654
60,52,1032,2.1612164489614702
60,52,1033,2.1603537517608262
60,52,1034,2.160247158330669
60,52,1035,2.159261342054714
60,52,1036,2.159357919297033
60,52,1037,2.160471403589437
60,52,1038,2.159917270012193
60,52,1039,2.161237601175658
60,52,1040,2.1610480748823906
60,52,1041,2.160474049901417
60,52,1042,2.159673492876602
60,52,1043,2.158878977517575
60,52,1044,2.157771367822224
60,52,1045,2.157537298503792
60,52,1046,2.158285454730118
60,52,1047,2.158310647301615
60,52,1048,2.1576131960530525
60,52,1049,2.1589192901466965
60,52,1050,2.1581784836852473
60,52,1051,2.157822642608967
60,52,1052,2.1576007512863624
60,52,1053,2.159421019395752
60,52,1054,2.1601888939474096
60,52,1055,2.159476406643481
60,52,1056,2.158623419947699
60,52,1057,2.1575598318431695
60,52,1058,2.1564552746221053
60,52,1059,2.1573240273911556
60,52,1060,2.156223002310273
60,52,1061,2.1560973949613804
60,52,1062,2.155593258760989
60,52,1063,2.1553118973943888
60,52,1064,2.156641331920893
60,52,1065,2.1555564302168184
60,52,1066,2.1553619293461783
60,52,1067,2.1573100321232155
60,52,1068,2.1567889470968242
60,52,1069,2.156144258253247
60,52,1070,2.155918727012717
60,52,1071,2.1562416469657157
60,52,1072,2.155543761173369
60,52,1073,2.1560596541869566
60,52,1074,2.1557716582471187
60,52,1075,2.1550137284073534
60,52,1076,2.1561308280993
60,52,1077,2.1575134347677953
60,52,1078,2.1590181258783763
60,52,1079,2.1584265102502127
60,52,1080,2.158373315433347
60,52,1081,2.159351727405884
60,52,1082,2.1596241417224564
60,52,1083,2.1590857097384455
60,52,1084,2.1583185665234184
60,52,1085,2.158132147013935
60,52,1086,2.159621226319439
60,52,1087,2.158957446001656
60,52,1088,2.1576747703283568
60,52,1089,2.156583913952972
60,52,1090,2.1556680720357977
60,52,1091,2.154680367947614
60,52,1092,2.154351500293585
60,52,1093,2.153507480530545
60,52,1094,2.1538198556711365
60,52,1095,2.1541271578412418
60,52,1096,2.153115280643829
60,52,1097,2.1521531066235817
60,52,1098,2.1512728643517973
60,52,1099,2.1508916526877733
60,52,1100,2.151518274738192
60,52,1101,2.151355593849851
60,52,1102,2.1512437717825317
60,52,1103,2.1504270067872633
60,52,1104,2.149797483258671
60,52,1105,2.1490633955209426
60,52,1106,2.1510307444377834
60,52,1107,2.1504139207542488
60,52,1108,2.1514595420196794
60,52,1109,2.151222149122245
60,52,1110,2.150514979053055
60,52,1111,2.150129618093933
60,52,1112,2.1495986384719115
60,52,1113,2.148981493151833
60,52,1114,2.148754857277754
60,52,1115,2.148677408208055
60,52,1116,2.1489072197620773
60,52,1117,2.148499536556334
60,52,1118,2.1478241007355448
60,52,1119,2.1474133429646947
60,52,1120,2.146581152228101
60,52,1121,2.146486749855845
60,52,1122,2.1466064441084436
60,52,1123,2.1465357502729976
60,52,1124,2.145801412106468
60,52,1125,2.14643536859888
60,52,1126,2.1455552405511042
60,52,1127,2.145840949427903
60,52,1128,2.145011627310067
60,52,1129,2.1445081713527725
60,52,1130,2.143431814470035
60,52,1131,2.1447491536895975
60,52,1132,2.144849348268982
60,52,1133,2.1444157522390457
60,52,1134,2.1439679243061693
60,52,1135,2.1430858770555306
60,52,1136,2.1428571151822107
60,52,1137,2.1420931577287536
60,52,1138,2.141227588089157
60,52,1139,2.140962746319646
60,52,1140,2.140214903755333
60,52,1141,2.140053982832484
60,52,1142,2.140229248654755
60,52,1143,2.1406857455848156
60,52,1144,2.143026659483298
60,52,1145,2.1432449734658086
60,52,1146,2.142625263856826
60,52,1147,2.141895454605076
60,52,1148,2.1414322810192647
60,52,1149,2.1407938211115227
60,52,1150,2.140244582716404
60,52,1151,2.1393113803526105
60,52,1152,2.1385788557377015
60,52,1153,2.138345097694033
60,52,1154,2.137535082874615
60,52,1155,2.138503139345285
60,52,1156,2.1377037732737847
60,52,1157,2.1372408401615246
60,52,1158,2.13806739505491
60,52,1159,2.137819572406429
60,52,1160,2.137680678063677
60,52,1161,2.1373243953762655
60,52,1162,2.1365490264285976
60,52,1163,2.13661550510958
60,52,1164,2.1367673478750753
60,52,1165,2.136573469245902
60,52,1166,2.1363720845251963
60,52,1167,2.1357896291544205
60,52,1168,2.1346550338150627
60,52,1169,2.1341795683250533
60,52,1170,2.133604271307092
60,52,1171,2.1332752963642907
60,52,1172,2.1322647944662707
60,52,1173,2.133008360060996
60,52,1174,2.13250953586795
60,52,1175,2.13179511303714
60,52,1176,2.1311516000976782
60,52,1177,2.1302263672811956
60,52,1178,2.130190810561653
60,52,1179,2.1294594692027675
60,52,1180,2.1296915320420764
60,52,1181,2.1299080400045693
60,52,1182,2.129271060860414
60,52,1183,2.128449953219873
60,52,1184,2.127616297534472
60,52,1185,2.1267157610811904
60,52,1186,2.1269884514288164
60,52,1187,2.129073788434046
60,52,1188,2.1288366300303645
60,52,1189,2.1281349291161744
60,52,1190,2.128124019049836
60,52,1191,2.127030421071737
60,52,1192,2.126420952192238
60,52,1193,2.125459186709654
60,52,1194,2.125146631574279
60,52,1195,2.1250251098611304
60,52,1196,2.125135325826759
60,52,1197,2.125011502062541
60,52,1198,2.124276399224554
60,52,1199,2.1254279885899683
60,52,1200,2.1294948134368306
60,58,1,1.3348898750776483
60,58,2,4.312224095108347
60,58,3,4.78654370184384
60,58,4,5.390520992700968
60,58,5,5.675499608074529
60,58,6,6.0997449278374605
60,58,7,7.6606068405080565
60,58,8,6.975462392632045
60,58,9,6.813129644346921
60,58,10,6.889636191846414
60,58,11,6.788446992301521
60,58,12,7.134562054766373
60,58,13,6.8288970310895065
60,58,14,6.602303967035679
60,58,15,7.062928086252339
60,58,16,6.949258298328242
60,58,17,7.35501437306459
60,58,18,7.599014303082301
60,58,19,7.396614150035136
60,58,20,7.392698081220952
60,58,21,7.176196228797757
60,58,22,6.9370694594000275
60,58,23,6.724409047460656
60,58,24,6.708556951428058
60,58,25,6.762564238298357
60,58,26,6.818027058358855
60,58,27,6.811984148338818
60,58,28,6.844285898062639
60,58,29,6.786412279676733
60,58,30,6.6881930128161535
60,58,31,6.632892128481435
60,58,32,6.546596071702446
60,58,33,6.564044077372292
60,58,34,6.557680810413055
60,58,35,6.510076420495778
60,58,36,6.813135567851613
60,58,37,6.677028738075184
60,58,38,6.6933667740864395
60,58,39,6.7396767087859075
60,58,40,9.047640235379674
60,58,41,9.085718467880133
60,58,42,8.969585420186917
60,58,43,8.994049816526
60,58,44,8.818802994892382
60,58,45,8.705168509643173
60,58,46,9.852418462095285
60,58,47,10.159262288816668
60,58,48,10.800305017714075
60,58,49,22.49059666079271
60,58,50,22.112860709314397
60,58,51,21.81302748638556
60,58,52,22.53746315361048
60,58,53,22.293826509317736
60,58,54,21.948073649641103
60,58,55,21.880183082531072
60,58,56,21.560395079923385
60,58,57,21.231317011794744
60,58,58,20.932000510995287
60,58,59,20.83354186132815
60,58,60,20.723854206944875
60,58,61,20.503330093046806
60,58,62,20.72570854105857
60,58,63,22.486033874449404
60,58,64,22.19929948838552
60,58,65,22.473064381026976
60,58,66,22.171086735903767
60,58,67,21.884927693011196
60,58,68,21.717927180711424
60,58,69,21.50025472810541
60,58,70,21.22227170769051
60,58,71,20.960593550705944
60,58,72,20.737638558618116
60,58,73,20.608979315118617
60,58,74,20.412931251448367
60,58,75,20.230636367543394
60,58,76,20.123354538115702
60,58,77,19.980822303797343
60,58,78,19.796450392128648
60,58,79,26.263599813274745
60,58,80,26.15426425669012
60,58,81,25.86575039163826
60,58,82,25.653486252806406
60,58,83,25.38783671745179
60,58,84,25.316949917390865
60,58,85,25.204971028630492
60,58,86,25.4660624263679
60,58,87,25.343322580417574
60,58,88,25.115132198912214
60,58,89,24.870801945329603
60,58,90,24.82397417252469
60,58,91,24.600305858101244
60,58,92,24.509585791056658
60,58,93,24.31314914148073
60,58,94,24.16973045789294
60,58,95,24.230613394582285
60,58,96,24.1916268318254
60,58,97,24.231969744174506
60,58,98,24.03034980909486
60,58,99,24.11581679202159
60,58,100,23.997932942716922
60,58,101,23.89931192298855
60,58,102,23.71834417738899
60,58,103,23.853931377999977
60,58,104,23.747524718249863
60,58,105,23.556101437360997
60,58,106,23.36321104801517
60,58,107,23.247859142098786
60,58,108,23.146388023566697
60,58,109,22.961816363049625
60,58,110,22.878400659706706
60,58,111,22.69761986970974
60,58,112,22.56612823745817
60,58,113,22.405001777590595
60,58,114,22.256708577837298
60,58,115,22.108549222850694
60,58,116,21.959277106295897
60,58,117,23.97527788677137
60,58,118,23.78604578866978
60,58,119,23.62013910120056
60,58,120,23.48798357322885
60,58,121,23.397870598860806
60,58,122,23.244343871714165
60,58,123,23.15410202575755
60,58,124,23.172992507413916
60,58,125,23.044826118997236
60,58,126,22.93759739288893
60,58,127,22.87652710356174
60,58,128,22.726694976103293
60,58,129,22.831916611331287
60,58,130,22.769558541138736
60,58,131,22.62521367077518
60,58,132,22.5298267466271
60,58,133,22.387197665865518
60,58,134,22.240548171712806
60,58,135,22.095044026758305
60,58,136,21.963313310389374
60,58,137,21.83967653251907
60,58,138,21.6934084055688
60,58,139,21.584283511616704
60,58,140,21.445937802283783
60,58,141,21.549738732720883
60,58,142,21.452805872019646
60,58,143,21.391222477946776
60,58,144,21.44851780107041
60,58,145,21.34509315159812
60,58,146,21.43106186595382
60,58,147,21.406126467836216
60,58,148,21.312178140083216
60,58,149,21.297801657651206
60,58,150,21.186675444361825
60,58,151,21.11064460741518
60,58,152,20.986600926113418
60,58,153,20.893198726018372
60,58,154,20.857921596502614
60,58,155,20.738477861676788
60,58,156,20.65534866282629
60,58,157,20.61014674580383
60,58,158,20.49592919069478
60,58,159,20.39269212449226
60,58,160,20.307442368576137
60,58,161,20.24993144124844
60,58,162,20.153812269541653
60,58,163,20.05234051511172
60,58,164,20.101279064906226
60,58,165,20.01780696419587
60,58,166,19.909198707447548
60,58,167,19.804294044242017
60,58,168,19.87287288079539
60,58,169,20.277384131139222
60,58,170,20.21156184540346
60,58,171,20.158461454803902
60,58,172,20.05542701147367
60,58,173,19.95434138529475
60,58,174,19.858624102678196
60,58,175,19.80408942709989
60,58,176,19.71755672036555
60,58,177,19.637387092120424
60,58,178,19.545126747336685
60,58,179,19.49199328243099
60,58,180,19.436069326023635
60,58,181,19.369641855585495
60,58,182,19.27552625174818
60,58,183,21.759470219245628
60,58,184,21.784501458792366
60,58,185,21.68289268819624
60,58,186,21.64246468265938
60,58,187,21.551822786064115
60,58,188,21.450582286303153
60,58,189,21.366538134560678
60,58,190,21.301003793367755
60,58,191,21.20168628151369
60,58,192,21.129804257051813
60,58,193,21.03271660851446
60,58,194,20.950806172946614
60,58,195,20.853059102102304
60,58,196,20.75532838191135
60,58,197,20.688222661733906
60,58,198,20.70678089577392
60,58,199,20.626743471026053
60,58,200,20.562255189869088
60,58,201,20.5304773556979
60,58,202,20.441060217698
60,58,203,20.353877547289002
60,58,204,20.34054313973671
60,58,205,20.363079586103275
60,58,206,20.271451976002403
60,58,207,20.199836457775007
60,58,208,20.11128993743679
60,58,209,20.057348875797427
60,58,210,20.029761372079996
60,58,211,19.961239539139463
60,58,212,19.991242899666275
60,58,213,19.921448644892347
60,58,214,19.85298503521575
60,58,215,19.802577240815054
60,58,216,19.730304773940848
60,58,217,19.681869376369033
60,58,218,19.638019085321865
60,58,219,19.565545427977806
60,58,220,19.485230183988428
60,58,221,19.411545800185863
60,58,222,19.341227744607743
60,58,223,19.291589373129057
60,58,224,19.229760705456407
60,58,225,19.160163162360575
60,58,226,19.082915137072483
60,58,227,19.118733900536295
60,58,228,19.191742319602326
60,58,229,19.181666061154825
60,58,230,19.122012049842304
60,58,231,19.05484434375743
60,58,232,19.011366039743415
60,58,233,18.954223789478416
60,58,234,18.887954219569288
60,58,235,18.850082984455014
60,58,236,18.796098884119296
60,58,237,18.744048325485043
60,58,238,18.699711670580758
60,58,239,18.64600134979998
60,58,240,18.580271529142
60,58,241,18.66046402523874
60,58,242,18.64172239942239
60,58,243,18.58516335302307
60,58,244,21.4014363481511
60,58,245,21.32154063066173
60,58,246,21.301744654422098
60,58,247,21.23047917711965
60,58,248,21.166443430506202
60,58,249,21.091377636162214
60,58,250,21.01396837397399
60,58,251,21.01069906473839
60,58,252,20.962062769892288
60,58,253,20.902694610729704
60,58,254,20.856438034783135
60,58,255,20.798030256489987
60,58,256,20.83616775833786
60,58,257,20.767943643600276
60,58,258,20.715729605291145
60,58,259,20.6833179813428
60,58,260,20.686861367898928
60,58,261,20.62170346449054
60,58,262,20.64705930219666
60,58,263,20.781997781314907
60,58,264,20.764132108379567
60,58,265,23.35589223479754
60,58,266,23.39568714174816
60,58,267,23.35167706317058
60,58,268,24.275589447916115
60,58,269,24.213611001124974
60,58,270,24.13288230718224
60,58,271,24.05906002246249
60,58,272,23.97615146902381
60,58,273,23.896684507148983
60,58,274,23.866798345211638
60,58,275,23.796832119542096
60,58,276,23.747303682634026
60,58,277,23.67045349310641
60,58,278,23.634701529246353
60,58,279,23.676371199795494
60,58,280,23.647867627515947
60,58,281,23.60447497549426
60,58,282,23.6702780507449
60,58,283,23.600299484246946
60,58,284,23.58908447912404
60,58,285,23.522832368772537
60,58,286,23.45888206100495
60,58,287,23.39773939966885
60,58,288,23.38405920256453
60,58,289,23.31291957103418
60,58,290,23.24386345502718
60,58,291,23.207211153817727
60,58,292,23.261121445466358
60,58,293,23.204377300506916
60,58,294,23.498786724187372
60,58,295,23.456814639061015
60,58,296,23.65842185143874
60,58,297,23.590596234903863
60,58,298,23.560916984626974
60,58,299,23.526374254074906
60,58,300,23.481655938731684
60,58,301,23.450223679734666
60,58,302,23.38734953306124
60,58,303,23.358394294683645
60,58,304,23.305309096004894
60,58,305,23.262215186215787
60,58,306,23.251158678057823
60,58,307,23.186873674812045
60,58,308,23.267206952621677
60,58,309,23.223188709396478
60,58,310,23.1702681663619
60,58,311,23.160687338407236
60,58,312,23.10950801846894
60,58,313,23.102457236426183
60,58,314,23.383578684951182
60,58,315,23.313693631553278
60,58,316,23.250649234939676
60,58,317,23.19543707885406
60,58,318,23.137179734633673
60,58,319,23.0747440477399
60,58,320,23.199267212546964
60,58,321,23.202835093741403
60,58,322,23.161200968916017
60,58,323,23.111216837470977
60,58,324,23.052865652709958
60,58,325,22.99143255989817
60,58,326,22.93956913167795
60,58,327,22.883043169699526
60,58,328,22.838200388490964
60,58,329,22.778904598261192
60,58,330,22.778545993756488
60,58,331,22.721725232693515
60,58,332,22.680860738530317
60,58,333,22.633467717805576
60,58,334,22.596478573959075
60,58,335,22.577589832000804
60,58,336,22.54703666799667
60,58,337,22.492901900454076
60,58,338,22.43965158489109
60,58,339,22.383938975941174
60,58,340,22.34482518630095
60,58,341,22.287794796551342
60,58,342,22.25787107845352
60,58,343,22.198601498471188
60,58,344,22.186792010165515
60,58,345,22.152672893547987
60,58,346,22.0994720332385
60,58,347,22.107832197522207
60,58,348,22.049708229300894
60,58,349,21.999561070771907
60,58,350,22.038118996411146
60,58,351,22.011279022945534
60,58,352,21.983675721284264
60,58,353,21.939386081242642
60,58,354,21.89637262193956
60,58,355,21.85756082054996
60,58,356,21.81212130137344
60,58,357,21.762381761809827
60,58,358,21.735344869958944
60,58,359,21.713509433919743
60,58,360,21.685010922945693
60,58,361,21.634682449464478
60,58,362,21.582598560071343
60,58,363,21.54921176585237
60,58,364,21.514074824779943
60,58,365,21.46872556313806
60,58,366,21.422121818846165
60,58,367,21.412011179353396
60,58,368,21.410693240930517
60,58,369,21.355810171092028
60,58,370,21.31662133043523
60,58,371,21.27357021865769
60,58,372,21.224155621561927
60,58,373,21.17645688954586
60,58,374,21.125375172543404
60,58,375,21.192196249823763
60,58,376,21.18141876951021
60,58,377,21.136298212398593
60,58,378,21.274626100981518
60,58,379,21.244984398597133
60,58,380,21.219157980251545
60,58,381,21.183279371815864
60,58,382,21.18631955921971
60,58,383,21.137813725512068
60,58,384,21.16231715987539
60,58,385,21.121699334989543
60,58,386,21.07439120044967
60,58,387,21.032394172521048
60,58,388,20.99067723050917
60,58,389,20.953393421832143
60,58,390,20.920511574952837
60,58,391,20.889391022001742
60,58,392,20.85156372132793
60,58,393,20.842507214028533
60,58,394,20.939965732876807
60,58,395,20.906379670653305
60,58,396,20.869545680722425
60,58,397,20.85765434557206
60,58,398,20.816164928524458
60,58,399,20.79342121945445
60,58,400,20.75449263891072
60,58,401,20.715144473153718
60,58,402,20.6716581498536
60,58,403,20.630793414817006
60,58,404,20.60014928897313
60,58,405,20.558688746835774
60,58,406,20.531343332117835
60,58,407,20.485144343465073
60,58,408,20.506615201052494
60,58,409,20.483100139737225
60,58,410,20.43955341489013
60,58,411,20.39879028719662
60,58,412,20.377835845000117
60,58,413,20.351031507371978
60,58,414,20.311227512426733
60,58,415,20.27868006330809
60,58,416,20.236058584612348
60,58,417,20.205689662262305
60,58,418,20.178906901041458
60,58,419,20.15303932026616
60,58,420,20.11848790227516
60,58,421,20.081589264479963
60,58,422,20.066332091147668
60,58,423,20.03640813163098
60,58,424,19.996441407670016
60,58,425,19.967450856124277
60,58,426,19.946853792221706
60,58,427,19.959314859709043
60,58,428,19.930445120189024
60,58,429,20.032130054942947
60,58,430,19.993764299840848
60,58,431,19.991795840398385
60,58,432,19.96036085687966
60,58,433,19.947618983445196
60,58,434,19.911642502629448
60,58,435,19.898456511613247
60,58,436,19.901897026751875
60,58,437,19.916593370065986
60,58,438,19.88537307489554
60,58,439,19.974821413811366
60,58,440,19.943200524460078
60,58,441,19.919600544935545
60,58,442,19.937941209767118
60,58,443,19.8994247226169
60,58,444,19.86294449978373
60,58,445,19.838869202227603
60,58,446,19.81679248500149
60,58,447,19.790842109561282
60,58,448,19.7702375518867
60,58,449,19.739381325466006
60,58,450,19.74027463762585
60,58,451,19.711411111446946
60,58,452,19.752414363847294
60,58,453,19.71364612644597
60,58,454,19.68167691224309
60,58,455,19.651867970030516
60,58,456,19.61994252927042
60,58,457,19.584650915486677
60,58,458,19.54808382934624
60,58,459,19.608014810352245
60,58,460,19.58694033774647
60,58,461,19.560188921564993
60,58,462,19.537678682717168
60,58,463,19.51378202717739
60,58,464,19.493144509418105
60,58,465,19.504412208605203
60,58,466,19.481148107333624
60,58,467,19.463831359500794
60,58,468,19.426965292349866
60,58,469,19.39632274660176
60,58,470,19.3604782235149
60,58,471,19.325510520980586
60,58,472,19.297453750226097
60,58,473,19.272159209367814
60,58,474,19.241190720242486
60,58,475,19.24554761835201
60,58,476,19.218044459802663
60,58,477,19.307828230986722
60,58,478,19.27513055471381
60,58,479,19.2729920105683
60,58,480,19.254185025499208
60,58,481,19.21802099781978
60,58,482,19.188800104578817
60,58,483,19.193220621004244
60,58,484,19.184468565857536
60,58,485,19.154146281750126
60,58,486,19.207479945901113
60,58,487,19.18278678391221
60,58,488,19.14952501858445
60,58,489,19.160590181422556
60,58,490,19.15493016493255
60,58,491,19.123677168577213
60,58,492,19.188441247814588
60,58,493,19.156231298311486
60,58,494,19.145373926682204
60,58,495,19.11714546466
60,58,496,19.150562180314566
60,58,497,19.25551454534411
60,58,498,19.24298102800482
60,58,499,19.20947618255889
60,58,500,19.18489313542852
60,58,501,19.15988863497818
60,58,502,19.257510057006954
60,58,503,19.235484454373797
60,58,504,19.215596693631955
60,58,505,19.184410154966464
60,58,506,19.155418663674066
60,58,507,19.132573885542154
60,58,508,19.113145899700736
60,58,509,19.087481653858593
60,58,510,19.064329028420072
60,58,511,19.046166603384993
60,58,512,19.01545683101055
60,58,513,18.987514221179385
60,58,514,18.963344170438596
60,58,515,18.934884989326083
60,58,516,18.924303436961097
60,58,517,18.906802637097496
60,58,518,18.878343670731805
60,58,519,18.84801997530991
60,58,520,18.819004956349435
60,58,521,18.802310225712127
60,58,522,18.78765949262842
60,58,523,18.75554897553536
60,58,524,18.724930656986476
60,58,525,18.694107074760186
60,58,526,18.66143826734965
60,58,527,18.653081375046945
60,58,528,18.624689299975728
60,58,529,18.617230889531026
60,58,530,18.589431650538522
60,58,531,18.594204938545047
60,58,532,18.568455915221787
60,58,533,18.541445384925787
60,58,534,18.524527508537826
60,58,535,18.5025561849851
60,58,536,18.480856124580605
60,58,537,18.68618031894798
60,58,538,18.752602301525084
60,58,539,18.80450663537608
60,58,540,18.793180257462694
60,58,541,18.760848360639894
60,58,542,18.74135767937472
60,58,543,18.71972971586763
60,58,544,18.69106054710115
60,58,545,18.66606204357538
60,58,546,18.648486285868938
60,58,547,18.626448542833018
60,58,548,18.616768720372335
60,58,549,18.58919066924604
60,58,550,18.559206298249624
60,58,551,18.538995286795366
60,58,552,18.515534696339476
60,58,553,18.483814081980217
60,58,554,18.45729349336845
60,58,555,18.469843747099493
60,58,556,18.441277643979568
60,58,557,18.414189514294026
60,58,558,18.40320690981462
60,58,559,18.379576655457054
60,58,560,18.37397416195112
60,58,561,18.36569089117201
60,58,562,18.346681589767922
60,58,563,18.323788492739652
60,58,564,18.302443691360782
60,58,565,18.28123731532837
60,58,566,18.25466721440265
60,58,567,18.227093300101814
60,58,568,18.19729942042511
60,58,569,18.194246085968693
60,58,570,18.16500170151355
60,58,571,18.145376536209916
60,58,572,18.119850530084523
60,58,573,18.092912192766587
60,58,574,18.06485672901507
60,58,575,18.04551835576811
60,58,576,18.039209465364173
60,58,577,18.023305786640552
60,58,578,17.999470830251365
60,58,579,17.977408937131166
60,58,580,17.964841435234987
60,58,581,17.94460488796842
60,58,582,17.922372346221575
60,58,583,17.89499278239193
60,58,584,17.887676432739422
60,58,585,17.872372266664577
60,58,586,17.86029187959031
60,58,587,17.854266497468828
60,58,588,17.851084080289876
60,58,589,17.82712314421507
60,58,590,17.831812396395307
60,58,591,17.81503493776776
60,58,592,17.78864466447118
60,58,593,17.761895593249967
60,58,594,17.735162053503068
60,58,595,17.72131778665982
60,58,596,17.720701797209674
60,58,597,17.694785272184365
60,58,598,17.80104583549507
60,58,599,17.777130736786937
60,58,600,17.766945536776493
60,58,601,17.74329009792603
60,58,602,17.715411909513815
60,58,603,17.70634718122272
60,58,604,17.684273565251424
60,58,605,17.657942486188407
60,58,606,17.820662914752567
60,58,607,17.79339183708746
60,58,608,17.800237236613384
60,58,609,17.788287234408315
60,58,610,17.763792928775125
60,58,611,17.73948827426951
60,58,612,17.718675001674118
60,58,613,17.704420605064673
60,58,614,17.686961409892078
60,58,615,17.671396408895188
60,58,616,17.647659186533353
60,58,617,17.62636957210995
60,58,618,17.60455230530756
60,58,619,17.58285978171266
60,58,620,17.80409797812185
60,58,621,17.787815861723846
60,58,622,17.770259738720654
60,58,623,17.75423563072127
60,58,624,17.730768382894734
60,58,625,17.727531959766573
60,58,626,17.719791806447027
60,58,627,17.716976995677104
60,58,628,17.694291831747524
60,58,629,17.677133794863114
60,58,630,17.658150144472366
60,58,631,17.645837439952967
60,58,632,17.633384013353314
60,58,633,17.635647085488852
60,58,634,17.622122086065254
60,58,635,17.605404251111455
60,58,636,17.597858351409307
60,58,637,17.59014245766476
60,58,638,17.576120379567623
60,58,639,17.559551818320866
60,58,640,17.536209769613514
60,58,641,17.529771858123674
60,58,642,17.506574768854424
60,58,643,17.48501215482598
60,58,644,17.498185730733386
60,58,645,17.488574604976154
60,58,646,17.494412908054315
60,58,647,17.499802515879033
60,58,648,17.478877981281265
60,58,649,17.530438864119755
60,58,650,17.5101684856777
60,58,651,17.505191939040554
60,58,652,17.507739996394715
60,58,653,17.491824326577987
60,58,654,17.48177340055748
60,58,655,17.461214291395287
60,58,656,17.438717720047773
60,58,657,17.414889119002677
60,58,658,17.394370025056052
60,58,659,17.3784656467518
60,58,660,17.361492102811162
60,58,661,17.341925400865257
60,58,662,17.320274307705326
60,58,663,17.29805216864596
60,58,664,17.27665657345176
60,58,665,17.27662569034824
60,58,666,17.256107970041224
60,58,667,17.236648569962487
60,58,668,17.246449501590114
60,58,669,17.228841763819883
60,58,670,17.22312298735209
60,58,671,17.21201455817998
60,58,672,17.198189925062575
60,58,673,17.17732938196918
60,58,674,17.168628043845654
60,58,675,17.152473793215744
60,58,676,17.156815672851867
60,58,677,17.14162074022018
60,58,678,17.137491887991988
60,58,679,17.116796161132104
60,58,680,17.178793938093907
60,58,681,17.162231386410138
60,58,682,17.1403513914676
60,58,683,17.125486332805217
60,58,684,17.102840969616786
60,58,685,17.090618385606184
60,58,686,17.11755397922158
60,58,687,17.14451185561531
60,58,688,17.15178292434893
60,58,689,17.136907385042463
60,58,690,17.117660043306252
60,58,691,17.149038255272806
60,58,692,17.13383106432053
60,58,693,17.12146518958289
60,58,694,17.1153400787196
60,58,695,17.096202751344897
60,58,696,17.218465950883168
60,58,697,17.198506887963884
60,58,698,17.179386110775315
60,58,699,17.16138269944521
60,58,700,17.161855352351356
60,58,701,17.1518289796591
60,58,702,17.130385974962763
60,58,703,17.119520372156828
60,58,704,17.10201272801184
60,58,705,17.083059594311912
60,58,706,17.065844520951064
60,58,707,17.079974458643907
60,58,708,17.097716316119953
60,58,709,17.080117844439076
60,58,710,17.067437390246994
60,58,711,17.04644990612704
60,58,712,17.03598308565042
60,58,713,17.018444798757223
60,58,714,17.000238245778473
60,58,715,16.983570674846508
60,58,716,16.966059550772833
60,58,717,16.946156984369722
60,58,718,16.973459077602875
60,58,719,16.95541030774628
60,58,720,16.94544981952489
60,58,721,16.92349689639316
60,58,722,16.902275944942357
60,58,723,16.88159886063346
60,58,724,16.86423492305944
60,58,725,16.847835206952666
60,58,726,16.84192867543101
60,58,727,16.863822076174657
60,58,728,16.852906178726837
60,58,729,16.83408548824664
60,58,730,16.817485740931406
60,58,731,16.79951523479433
60,58,732,16.779134439897835
60,58,733,16.78907975990852
60,58,734,16.773938302933605
60,58,735,16.756666040909334
60,58,736,16.913514628705542
60,58,737,16.906070872188756
60,58,738,16.9273698581248
60,58,739,16.922382995526707
60,58,740,16.90687777205091
60,58,741,16.893946847835213
60,58,742,16.874199497144883
60,58,743,16.859109614277635
60,58,744,16.84713066130343
60,58,745,16.828399538674603
60,58,746,16.8423439997581
60,58,747,16.823078056072564
60,58,748,16.815775309952976
60,58,749,16.80428705232763
60,58,750,16.815755112222305
60,58,751,16.803574474698
60,58,752,16.784867516294796
60,58,753,16.78727618038528
60,58,754,16.819068056254405
60,58,755,16.83016538189713
60,58,756,16.819495638010277
60,58,757,16.80382592584348
60,58,758,16.788041207281527
60,58,759,16.797395917622314
60,58,760,16.851608821428318
60,58,761,16.83682722668418
60,58,762,16.823715871005046
60,58,763,16.80556654845935
60,58,764,16.790012663718972
60,58,765,16.77471435485767
60,58,766,16.775656216251914
60,58,767,16.757637703212282
60,58,768,16.740617771010797
60,58,769,16.736287732219008
60,58,770,16.717115555637804
60,58,771,16.926561832656333
60,58,772,16.956941684305438
60,58,773,16.940017757143963
60,58,774,16.927427539760167
60,58,775,16.908436311953494
60,58,776,16.892570970704845
60,58,777,16.878100178855245
60,58,778,16.871704978086772
60,58,779,16.857477391965233
60,58,780,16.838522052812948
60,58,781,16.824648937671583
60,58,782,16.816488254336438
60,58,783,16.801895938221023
60,58,784,16.78923378165427
60,58,785,16.781029566003443
60,58,786,16.764866207337068
60,58,787,16.749197734764326
60,58,788,16.731972502642666
60,58,789,16.714598652719204
60,58,790,16.70193492057311
60,58,791,16.688878824307235
60,58,792,16.67951360615421
60,58,793,16.66262779472968
60,58,794,16.774975048733012
60,58,795,16.75758809418495
60,58,796,16.740286225672936
60,58,797,16.74479961009296
60,58,798,16.73336997112038
60,58,799,16.71955708192373
60,58,800,16.725893795257235
60,58,801,16.74972691318453
60,58,802,16.733122440882013
60,58,803,16.71448647984403
60,58,804,16.700521059779778
60,58,805,16.705333907499384
60,58,806,16.686712493974277
60,58,807,16.683153095471052
60,58,808,16.670059823107835
60,58,809,16.65963609769869
60,58,810,16.647737272496464
60,58,811,16.652285005110492
60,58,812,16.664780936675044
60,58,813,16.649157870682526
60,58,814,16.630739751031058
60,58,815,16.619108721305945
60,58,816,16.617693567071946
60,58,817,16.615505054417333
60,58,818,16.607882711135897
60,58,819,16.592527575980213
60,58,820,16.57658459400209
60,58,821,16.559209409510434
60,58,822,16.5499446172597
60,58,823,16.535887189312064
60,58,824,16.52298671682866
60,58,825,16.53959326509578
60,58,826,16.523062662716296
60,58,827,16.510531012974724
60,58,828,16.49474939872748
60,58,829,16.478353489251464
60,58,830,16.46786923216004
60,58,831,16.452308434862505
60,58,832,16.453242022742735
60,58,833,16.43843446152298
60,58,834,16.427645255418494
60,58,835,16.41807957654364
60,58,836,16.402883534715073
60,58,837,16.420007057250597
60,58,838,16.408431213778066
60,58,839,16.41293776891113
60,58,840,16.400440612716014
60,58,841,16.38363757299178
60,58,842,16.36737160927947
60,58,843,16.35142966905085
60,58,844,16.343008117552955
60,58,845,16.386645121655075
60,58,846,16.507330987619174
60,58,847,16.495594135509634
60,58,848,16.480308080781402
60,58,849,16.46438729962686
60,58,850,16.44746504263272
60,58,851,16.43369963538539
60,58,852,16.42527856290848
60,58,853,16.4122407350904
60,58,854,16.396755497516466
60,58,855,16.39749248370617
60,58,856,16.39160365317895
60,58,857,16.381811291741435
60,58,858,16.371947080796126
60,58,859,16.365519059848324
60,58,860,16.347887581294675
60,58,861,16.335310700323326
60,58,862,16.33086080259079
60,58,863,16.315530105787786
60,58,864,16.30851882955075
60,58,865,16.304238296617562
60,58,866,16.28718679249424
60,58,867,16.27469999487811
60,58,868,16.25939927170722
60,58,869,16.24901898057485
60,58,870,16.241774230133153
60,58,871,16.230073261428846
60,58,872,16.21531387316119
60,58,873,16.19876847917594
60,58,874,16.265967635983728
60,58,875,16.25123190886581
60,58,876,16.23599448317674
60,58,877,16.219582239259285
60,58,878,16.217440427547135
60,58,879,16.219829181282538
60,58,880,16.222509919317158
60,58,881,16.21383364765549
60,58,882,16.20445428612201
60,58,883,16.188982666350768
60,58,884,16.172979527154148
60,58,885,16.16450948462924
60,58,886,16.159623900132523
60,58,887,16.191098571174503
60,58,888,16.193578329283525
60,58,889,16.19975936199004
60,58,890,16.189430461134616
60,58,891,16.179208342717125
60,58,892,16.163260447608074
60,58,893,16.14810836306995
60,58,894,16.2311366609062
60,58,895,16.21748227631368
60,58,896,16.20467617298901
60,58,897,16.191340396529554
60,58,898,16.18601740183672
60,58,899,16.181306982314062
60,58,900,16.169539828236903
60,58,901,16.15379711770817
60,58,902,16.14831483489116
60,58,903,16.135608599259633
60,58,904,16.129298585704756
60,58,905,16.12235743928145
60,58,906,16.11375668846384
60,58,907,16.10128390442047
60,58,908,16.08624836952227
60,58,909,16.076590436197403
60,58,910,16.06809429396695
60,58,911,16.053293837982366
60,58,912,16.03825704014289
60,58,913,16.242762280907222
60,58,914,16.22931487636447
60,58,915,16.218555345845566
60,58,916,16.205784210175036
60,58,917,16.190862627596186
60,58,918,16.180424748876497
60,58,919,16.174999661532336
60,58,920,16.160308882423067
60,58,921,16.1639955155147
60,58,922,16.148953940004745
60,58,923,16.15023561583316
60,58,924,16.13748874024763
60,58,925,16.123898292280476
60,58,926,16.124948020766627
60,58,927,16.112205116420924
60,58,928,16.105368612266638
60,58,929,16.156557179082142
60,58,930,16.40223819724312
60,58,931,16.408614468658786
60,58,932,16.39971112797952
60,58,933,16.39921821939786
60,58,934,16.384426299996818
60,58,935,16.376689629850546
60,58,936,16.360289677081738
60,58,937,16.34933048118633
60,58,938,16.33741330113661
60,58,939,16.325661739648538
60,58,940,16.31755523187051
60,58,941,16.316586273779894
60,58,942,16.301045138685748
60,58,943,16.314811008852022
60,58,944,16.30183942349269
60,58,945,16.289165046787424
60,58,946,16.286331182033194
60,58,947,16.27761313662605
60,58,948,16.26771386842928
60,58,949,16.253820130109226
60,58,950,16.24955078647522
60,58,951,16.235144215250568
60,58,952,16.294595886431853
60,58,953,16.28357020023012
60,58,954,16.2830780195602
60,58,955,16.289174884251114
60,58,956,16.28110149431634
60,58,957,16.26926582075018
60,58,958,16.2756617030534
60,58,959,16.277893261330643
60,58,960,16.26518517016206
60,58,961,16.254605097156464
60,58,962,16.24176437999557
60,58,963,16.28044896529616
60,58,964,16.266385079590567
60,58,965,16.25712857763836
60,58,966,16.24728954827552
60,58,967,16.23626831768448
60,58,968,16.22203085351087
60,58,969,16.21035135950948
60,58,970,16.19978560829281
60,58,971,16.186706599568083
60,58,972,16.229273345825128
60,58,973,16.213863363719113
60,58,974,16.20340492884162
60,58,975,16.190030986761027
60,58,976,16.174964506518098
60,58,977,16.16143367068941
60,58,978,16.176469472342873
60,58,979,16.167152041188487
60,58,980,16.15619005172833
60,58,981,16.167363752239808
60,58,982,16.156783015783926
60,58,983,16.146315700428797
60,58,984,16.132863579336714
60,58,985,16.124504327362526
60,58,986,16.128185863513977
60,58,987,16.132035400439143
60,58,988,16.12663002173988
60,58,989,16.111609812972667
60,58,990,16.100880634714304
60,58,991,16.091019793039386
60,58,992,16.076259487809583
60,58,993,16.275540055736684
60,58,994,16.262332542200795
60,58,995,16.248224081744993
60,58,996,16.235254908715323
60,58,997,16.22313187665389
60,58,998,16.208871461610883
60,58,999,16.19941904663107
60,58,1000,16.19573710264766
60,58,1001,16.22208467287497
60,58,1002,16.239738637387873
60,58,1003,16.22846822055789
60,58,1004,16.23007282925829
60,58,1005,16.217716622002115
60,58,1006,16.208534046074167
60,58,1007,16.20179834778474
60,58,1008,16.199624374761846
60,58,1009,16.189314315113325
60,58,1010,16.20729565217566
60,58,1011,16.20229548983423
60,58,1012,16.208431486349845
60,58,1013,16.19542332298341
60,58,1014,16.18381586969432
60,58,1015,16.175379644237687
60,58,1016,16.169660422463856
60,58,1017,16.155768607686205
60,58,1018,16.141395985792727
60,58,1019,16.132190470031603
60,58,1020,16.119766933894713
60,58,1021,16.116841224080503
60,58,1022,16.11166483268736
60,58,1023,16.110412591968863
60,58,1024,16.103183001892813
60,58,1025,16.09592546812028
60,58,1026,16.088744481087534
60,58,1027,16.092851841667013
60,58,1028,16.100363938360747
60,58,1029,16.08796662397564
60,58,1030,16.075802326714737
60,58,1031,16.065104527796787
60,58,1032,16.05490895101176
60,58,1033,16.045583204693575
60,58,1034,16.032018511023526
60,58,1035,16.084871236877493
60,58,1036,16.122610792695934
60,58,1037,16.111944614344957
60,58,1038,16.104002671007017
60,58,1039,16.09458059351592
60,58,1040,16.08665254637883
60,58,1041,16.079660226722808
60,58,1042,16.073539430544578
60,58,1043,16.06079857665386
60,58,1044,16.047311243346048
60,58,1045,16.05095170162406
60,58,1046,16.038418073883474
60,58,1047,16.02999964064389
60,58,1048,16.01986550418825
60,58,1049,16.009354519639412
60,58,1050,16.006289494896347
60,58,1051,15.998532442307418
60,58,1052,15.986198946288958
60,58,1053,15.980347038349578
60,58,1054,15.975127210086503
60,58,1055,15.96551410227217
60,58,1056,15.952320145205803
60,58,1057,15.940038228022953
60,58,1058,15.960914536093009
60,58,1059,16.00540353957397
60,58,1060,15.993881617603042
60,58,1061,16.030445517913734
60,58,1062,16.022623739243926
60,58,1063,16.014220366286008
60,58,1064,16.005506171199656
60,58,1065,16.699544628840812
60,58,1066,16.687708455441708
60,58,1067,16.68618015010849
60,58,1068,16.676819518712826
60,58,1069,16.664260990217336
60,58,1070,16.650870060551792
60,58,1071,16.73056147207355
60,58,1072,16.718462523639065
60,58,1073,16.82249831164063
60,58,1074,16.810662587751267
60,58,1075,16.79933930564209
60,58,1076,16.79031432793071
60,58,1077,16.78448993094708
60,58,1078,16.831553605218314
60,58,1079,16.831374863777686
60,58,1080,16.81867632323808
60,58,1081,16.815054614948213
60,58,1082,16.803093452560258
60,58,1083,16.79183844854709
60,58,1084,16.779460759081253
60,58,1085,16.767494966449185
60,58,1086,16.759242215197986
60,58,1087,16.747568767609497
60,58,1088,16.78212452173644
60,58,1089,16.771128072182734
60,58,1090,16.75761966342447
60,58,1091,16.746998855383094
60,58,1092,16.73340221063829
60,58,1093,16.724397582996076
60,58,1094,16.717658088094936
60,58,1095,16.70945015010471
60,58,1096,16.698370113669156
60,58,1097,16.711155836178087
60,58,1098,16.70155085481653
60,58,1099,16.742647363804743
60,58,1100,16.730618198260025
60,58,1101,16.725878918655585
60,58,1102,16.748861776858984
60,58,1103,16.746951679520123
60,58,1104,16.780093529627592
60,58,1105,16.76811822123309
60,58,1106,16.774966186436515
60,58,1107,16.768207488495854
60,58,1108,16.768301032381824
60,58,1109,16.755814346113564
60,58,1110,16.743094602857433
60,58,1111,16.73550554657005
60,58,1112,16.72655378882503
60,58,1113,16.719450443343725
60,58,1114,16.73072637804723
60,58,1115,16.7181792282428
60,58,1116,16.74164957688757
60,58,1117,16.729494191103505
60,58,1118,16.717112221200576
60,58,1119,16.703883519121753
60,58,1120,16.69895937394332
60,58,1121,16.686053336418905
60,58,1122,16.677344577568842
60,58,1123,16.68675578601174
60,58,1124,16.684263067806565
60,58,1125,16.678248459775315
60,58,1126,16.664405070153766
60,58,1127,16.71915029355114
60,58,1128,16.81271831260862
60,58,1129,16.799526109723367
60,58,1130,16.788520483084053
60,58,1131,16.777048917338057
60,58,1132,16.76544797535711
60,58,1133,16.75460382941322
60,58,1134,16.742556362996126
60,58,1135,16.741454702453623
60,58,1136,16.73371564616208
60,58,1137,16.720823619684534
60,58,1138,16.710670394493924
60,58,1139,16.69882453997978
60,58,1140,16.687658259464122
60,58,1141,16.691435093290362
60,58,1142,16.69203321074365
60,58,1143,16.726456095554845
60,58,1144,16.7162829005839
60,58,1145,16.719897006312433
60,58,1146,16.706612450941837
60,58,1147,16.694300393935166
60,58,1148,16.682058171363565
60,58,1149,16.672082868724985
60,58,1150,16.67050326764436
60,58,1151,16.657666294203523
60,58,1152,16.645166049018254
60,58,1153,16.63405611747447
60,58,1154,16.621170336655783
60,58,1155,16.60975499460825
60,58,1156,16.60169702124722
60,58,1157,16.59081265565948
60,58,1158,16.58107957949637
60,58,1159,16.56971709922618
60,58,1160,16.56004404460267
60,58,1161,16.573207432122484
60,58,1162,16.560661492989347
60,58,1163,16.55166109846986
60,58,1164,16.5439482645259
60,58,1165,16.535652377379005
60,58,1166,16.530126564485013
60,58,1167,16.523509192108502
60,58,1168,16.531279571316553
60,58,1169,16.522843488750382
60,58,1170,16.512639606766243
60,58,1171,16.501174977236428
60,58,1172,16.489470382088417
60,58,1173,16.48107453123312
60,58,1174,16.471586568199317
60,58,1175,16.468142959231606
60,58,1176,16.456893337388642
60,58,1177,16.44780579504702
60,58,1178,16.440441944090004
60,58,1179,16.42778957929812
60,58,1180,16.420457446570524
60,58,1181,16.40895046919386
60,58,1182,16.40993779310863
60,58,1183,16.403554341725105
60,58,1184,16.393931023113346
60,58,1185,16.3852826283307
60,58,1186,16.38438099184319
60,58,1187,16.376873107134863
60,58,1188,16.382944907050206
60,58,1189,16.390947657315145
60,58,1190,16.383097060578812
60,58,1191,16.37321849042755
60,58,1192,16.361455153816728
60,58,1193,16.353291165315625
60,58,1194,16.344104621551832
60,58,1195,16.342057559708202
60,58,1196,16.33365379815976
60,58,1197,16.323280804708766
60,58,1198,16.37811820578259
60,58,1199,16.367474798276092
60,58,1200,16.36601710946312
60,59,1,55.8092719658661
60,59,2,31.6361489519242
60,59,3,27.44500767217804
60,59,4,38.46243248347426
60,59,5,46.450791681824896
60,59,6,40.432796129871456
60,59,7,38.36017795013272
60,59,8,33.81857690752329
60,59,9,30.564110552731968
60,59,10,29.469658653412846
60,59,11,28.190120524563415
60,59,12,33.17576679123331
60,59,13,31.023010955619988
60,59,14,29.09356958062724
60,59,15,52.649948685440584
60,59,16,50.60479022366372
60,59,17,55.164347680433515
60,59,18,53.272913693599385
60,59,19,50.65221401712912
60,59,20,48.436113034000996
60,59,21,46.263208342513025
60,59,22,44.24892757908152
60,59,23,42.40456520745474
60,59,24,40.90785685375932
60,59,25,41.40223106829419
60,59,26,40.10752948262268
60,59,27,38.816874903727246
60,59,28,37.59856635202472
60,59,29,36.49391137478712
60,59,30,35.663167361916656
60,59,31,34.67180131149101
60,59,32,34.274849824525376
60,59,33,34.33934452947668
60,59,34,33.61293551414377
60,59,35,32.84086870958557
60,59,36,33.106743170544206
60,59,37,32.56476130456148
60,59,38,31.963969306130526
60,59,39,31.51291843881505
60,59,40,32.83135230113932
60,59,41,32.320367189419464
60,59,42,31.660452762933957
60,59,43,31.156952715629323
60,59,44,30.49902582884505
60,59,45,30.221234758412997
60,59,46,31.7412106765577
60,59,47,31.300603892586878
60,59,48,31.701046882462492
60,59,49,45.93810820019772
60,59,50,45.14865437302072
60,59,51,44.52269839468962
60,59,52,45.16086040003011
60,59,53,44.800317279375946
60,59,54,44.02956618367566
60,59,55,43.284111259907135
60,59,56,42.59297063218842
60,59,57,42.72121197069731
60,59,58,42.13591345628831
60,59,59,41.834239681875424
60,59,60,41.42320399859114
60,59,61,40.99401308966949
60,59,62,40.77035700088295
60,59,63,40.845522974413214
60,59,64,40.408771393429014
60,59,65,40.46968777592516
60,59,66,40.070011989224234
60,59,67,39.530653371440984
60,59,68,39.27355726157275
60,59,69,38.87841291190212
60,59,70,38.35228598925903
60,59,71,37.851671714853495
60,59,72,37.39913149657505
60,59,73,37.01391796981009
60,59,74,37.375004719681975
60,59,75,37.259724718410986
60,59,76,37.002788521128636
60,59,77,40.74866632259162
60,59,78,40.29853888850697
60,59,79,76.19803737884561
60,59,80,75.48104300650107
60,59,81,74.621283017209
60,59,82,73.8000910935453
60,59,83,72.94721642229852
60,59,84,72.31617085641577
60,59,85,71.58537934965803
60,59,86,71.36744663301862
60,59,87,70.68751956842746
60,59,88,69.94148508686695
60,59,89,69.18993666148508
60,59,90,69.11349652839311
60,59,91,68.45704909963666
60,59,92,67.8922221650703
60,59,93,67.23661167443514
60,59,94,66.61424363989795
60,59,95,66.09899563966069
60,59,96,65.60323529801254
60,59,97,65.19479962462925
60,59,98,64.6042287450197
60,59,99,64.53939238626513
60,59,100,63.995831912063785
60,59,101,63.46104015173873
60,59,102,64.03098668252346
60,59,103,63.71707823349166
60,59,104,63.246009373078444
60,59,105,62.683867479478195
60,59,106,62.35584504034342
60,59,107,61.85495063803069
60,59,108,61.41788596631619
60,59,109,60.882750340505346
60,59,110,60.432806417689214
60,59,111,61.005122032637026
60,59,112,60.521354876781395
60,59,113,61.80071754217778
60,59,114,61.32635483082983
60,59,115,60.965838912832524
60,59,116,60.56007687651755
60,59,117,62.19755297188518
60,59,118,61.68629639288807
60,59,119,61.2676180787431
60,59,120,60.819085889815646
60,59,121,60.49260556968766
60,59,122,60.06834293195286
60,59,123,59.690872631678985
60,59,124,59.36770786434725
60,59,125,59.04470985205771
60,59,126,60.98790753147285
60,59,127,60.62764212291537
60,59,128,63.15639947170726
60,59,129,63.07975869685796
60,59,130,62.97918560261227
60,59,131,62.55563529521115
60,59,132,62.11757981016302
60,59,133,61.73631353580565
60,59,134,61.29665697249872
60,59,135,61.29070854303699
60,59,136,71.36037128753229
60,59,137,70.88707170622729
60,59,138,78.63015433054343
60,59,139,78.0941140073985
60,59,140,77.55106622791838
60,59,141,77.24926002626272
60,59,142,76.83992762646228
60,59,143,76.39709394430001
60,59,144,76.43972263383687
60,59,145,75.9534320446032
60,59,146,75.56497155858881
60,59,147,75.15842542336104
60,59,148,74.69329948087243
60,59,149,74.46625992400303
60,59,150,74.2134384322841
60,59,151,73.99367150047586
60,59,152,73.52513110374186
60,59,153,73.05809795182658
60,59,154,72.72352859918887
60,59,155,72.27779938438181
60,59,156,72.3194808901273
60,59,157,71.9729876152874
60,59,158,71.59729604990814
60,59,159,71.181052221142
60,59,160,70.75893829019013
60,59,161,70.38422569161037
60,59,162,69.97929451789099
60,59,163,69.57753514138439
60,59,164,69.34805225155245
60,59,165,68.96170093003686
60,59,166,68.65340488631497
60,59,167,68.26828870007253
60,59,168,68.14621613469679
60,59,169,67.91110796962694
60,59,170,67.57004044413283
60,59,171,67.21407950158476
60,59,172,66.8456898061564
60,59,173,66.47597184373792
60,59,174,66.15972156969498
60,59,175,65.85390358809575
60,59,176,65.50629405395114
60,59,177,65.18505464076294
60,59,178,64.85492196564518
60,59,179,64.5804035222542
60,59,180,64.24488999704074
60,59,181,63.930406994654234
60,59,182,63.59341848291073
60,59,183,66.15304074080727
60,59,184,65.90397149499093
60,59,185,65.57698830694412
60,59,186,65.29565736235969
60,59,187,64.96623931891072
60,59,188,64.63935359426075
60,59,189,64.32598103475586
60,59,190,64.08091644722148
60,59,191,63.94703611353985
60,59,192,63.6389875590201
60,59,193,63.317799487077835
60,59,194,63.03990251613697
60,59,195,62.733043984128464
60,59,196,62.42270427551296
60,59,197,62.15991295199708
60,59,198,62.15870934561576
60,59,199,61.9689443473755
60,59,200,61.70590858851448
60,59,201,61.43127664444128
60,59,202,61.14700100490262
60,59,203,60.86357380148033
60,59,204,60.65375238079287
60,59,205,60.585267683401405
60,59,206,60.31037797967166
60,59,207,60.13048048354082
60,59,208,59.84964273752245
60,59,209,59.609062344386295
60,59,210,59.34729809467587
60,59,211,59.09823001490825
60,59,212,58.870065588370146
60,59,213,58.62638279465119
60,59,214,58.64715729402586
60,59,215,58.4148577173213
60,59,216,58.17910995786327
60,59,217,57.96270987293899
60,59,218,57.73401380095352
60,59,219,57.53964433118011
60,59,220,57.313408921269264
60,59,221,57.08118504834118
60,59,222,56.841075248697734
60,59,223,56.645136959460565
60,59,224,56.419366094652396
60,59,225,56.190290183124965
60,59,226,55.956980083621175
60,59,227,55.83250082153613
60,59,228,55.7516964619797
60,59,229,55.58851940419133
60,59,230,55.41870662968763
60,59,231,55.50751679382758
60,59,232,55.30521592314614
60,59,233,55.09759605464243
60,59,234,54.877597241566164
60,59,235,54.71770314104867
60,59,236,54.52082619397535
60,59,237,54.31795548211432
60,59,238,54.1270942719007
60,59,239,53.92720706021185
60,59,240,53.714472543805776
60,59,241,53.7505151050358
60,59,242,53.86143565809524
60,59,243,53.65273844472324
60,59,244,53.69504140205328
60,59,245,53.50345407535919
60,59,246,53.45811908670304
60,59,247,53.28728113320337
60,59,248,53.09146089561904
60,59,249,52.887325218565486
60,59,250,52.68301801428048
60,59,251,52.54778811580092
60,59,252,52.376347938923494
60,59,253,52.41567403705067
60,59,254,52.30325571932186
60,59,255,52.133948558744386
60,59,256,54.74422801875036
60,59,257,54.55408887920949
60,59,258,54.41164503804675
60,59,259,54.42019820513593
60,59,260,54.289652418975244
60,59,261,54.09643883770597
60,59,262,53.992416709795485
60,59,263,54.256530935353595
60,59,264,54.113351425033045
60,59,265,57.64808779986009
60,59,266,57.74151028721137
60,59,267,57.56290128319645
60,59,268,59.602594928324216
60,59,269,59.40562450783034
60,59,270,59.19467898517661
60,59,271,58.9901001131649
60,59,272,58.780271985186296
60,59,273,58.57669603445988
60,59,274,58.44799485750714
60,59,275,58.256203565698954
60,59,276,58.06967851536437
60,59,277,57.920512796695824
60,59,278,57.76618169558253
60,59,279,57.662960925684494
60,59,280,57.51127004891935
60,59,281,57.33750425959723
60,59,282,57.383809373014564
60,59,283,57.19039749337219
60,59,284,57.0545031753112
60,59,285,56.87042318879884
60,59,286,56.76997102983729
60,59,287,56.59313142291168
60,59,288,56.45228776600795
60,59,289,56.268122197472145
60,59,290,56.08437658093676
60,59,291,55.93775545863038
60,59,292,56.05863185513571
60,59,293,55.8872796983554
60,59,294,56.14654245463233
60,59,295,56.21577845060649
60,59,296,56.28486322104857
60,59,297,56.107157799895184
60,59,298,55.96074713848499
60,59,299,55.79790874325328
60,59,300,55.65621507479945
60,59,301,55.52633682814867
60,59,302,55.35335503127951
60,59,303,55.27054161856658
60,59,304,55.15789491012847
60,59,305,55.01383460489916
60,59,306,54.87653173032055
60,59,307,54.76456945112365
60,59,308,57.21574700488198
60,59,309,57.05807886225895
60,59,310,56.894800075759136
60,59,311,56.80755461572751
60,59,312,56.651518479098854
60,59,313,56.56494357813064
60,59,314,56.735210756314075
60,59,315,56.55919784456965
60,59,316,56.406992925257015
60,59,317,56.55433807720972
60,59,318,56.390795786073944
60,59,319,56.30727940589365
60,59,320,56.338203897591725
60,59,321,56.272007588055416
60,59,322,56.12761024726987
60,59,323,55.99348532633214
60,59,324,55.83355351009371
60,59,325,55.67094722923546
60,59,326,55.54563743941568
60,59,327,55.3928469314151
60,59,328,55.24825573505052
60,59,329,55.08946409066526
60,59,330,55.0533839474157
60,59,331,54.898948991888
60,59,332,54.76339918255399
60,59,333,54.626866657835585
60,59,334,54.86975625245013
60,59,335,54.76110447691557
60,59,336,54.61527545388857
60,59,337,54.46512961571828
60,59,338,54.31676658315788
60,59,339,54.21309979304523
60,59,340,54.08392057909897
60,59,341,53.93541417018285
60,59,342,53.81981627061486
60,59,343,53.671465355545244
60,59,344,53.555085643500966
60,59,345,53.437504095275074
60,59,346,53.29924136140283
60,59,347,53.2044809492343
60,59,348,53.05651694737587
60,59,349,52.939404596244245
60,59,350,52.84253754614685
60,59,351,52.71927704280817
60,59,352,52.62792729924911
60,59,353,52.49771339333328
60,59,354,52.42351668600403
60,59,355,52.29118445762564
60,59,356,52.17885068941266
60,59,357,52.047017555001325
60,59,358,51.93013939609943
60,59,359,51.82475722175002
60,59,360,51.82854539737764
60,59,361,51.6980873824085
60,59,362,51.67558981013988
60,59,363,51.55484887501237
60,59,364,51.453105471986255
60,59,365,51.33799438323868
60,59,366,51.207694711741134
60,59,367,51.12487582184125
60,59,368,51.092117403589285
60,59,369,50.971346416104126
60,59,370,50.921425945021475
60,59,371,50.820157514712065
60,59,372,50.73759914843495
60,59,373,50.61405496702604
60,59,374,50.5770344923676
60,59,375,50.56671653003356
60,59,376,50.46418092287899
60,59,377,50.640142953376326
60,59,378,50.686980607854125
60,59,379,50.583613746843476
60,59,380,50.4618043978442
60,59,381,50.3445319240553
60,59,382,50.26125836479797
60,59,383,50.13556989579999
60,59,384,50.0830527633025
60,59,385,49.97079205562449
60,59,386,49.8665580930576
60,59,387,49.75358427336353
60,59,388,49.68703091069733
60,59,389,54.52666758108499
60,59,390,54.41318751366921
60,59,391,54.34371589429748
60,59,392,54.23796314794082
60,59,393,54.15059171391298
60,59,394,54.2520159370532
60,59,395,54.13402971200297
60,59,396,54.02269102964271
60,59,397,53.914933427050165
60,59,398,53.79103357060306
60,59,399,53.680945221038215
60,59,400,53.56041588385581
60,59,401,53.45515533566279
60,59,402,53.33139183877932
60,59,403,53.228414618947724
60,59,404,53.38287998305396
60,59,405,53.32011726034823
60,59,406,53.20744797990908
60,59,407,53.08096915268754
60,59,408,53.010058949720964
60,59,409,52.914402866123474
60,59,410,52.79215383613901
60,59,411,52.676503733822855
60,59,412,52.58226477432178
60,59,413,52.47283183134783
60,59,414,52.355416725698724
60,59,415,52.258791723020025
60,59,416,52.138812839760234
60,59,417,52.15852477730186
60,59,418,300.3825197093644
60,59,419,299.68180529173435
60,59,420,299.0122091776683
60,59,421,298.34065658928995
60,59,422,297.7958627992577
60,59,423,297.2409688899934
60,59,424,296.5475569512182
60,59,425,295.86790326345175
60,59,426,295.2153106635788
60,59,427,294.56622006794595
60,59,428,293.90009948012465
60,59,429,293.48181140716423
60,59,430,292.80405560778246
60,59,431,292.13666278454764
60,59,432,291.4854843505629
60,59,433,290.9149454876602
60,59,434,290.3169783649591
60,59,435,289.68176259868017
60,59,436,289.093949675821
60,59,437,288.48514280876674
60,59,438,287.8443199874109
60,59,439,287.3274046885062
60,59,440,286.6859637901352
60,59,441,286.0560607611504
60,59,442,285.5438996481603
60,59,443,284.90586495660926
60,59,444,284.39658119642166
60,59,445,284.0001200996038
60,59,446,283.39351874956657
60,59,447,282.7731996090723
60,59,448,282.1744435255722
60,59,449,281.5769618279006
60,59,450,281.0013480671823
60,59,451,280.39336448241323
60,59,452,280.0285113816339
60,59,453,279.4182735571421
60,59,454,278.8198872058638
60,59,455,278.22745426001626
60,59,456,277.635503149854
60,59,457,277.03311875207305
60,59,458,276.43619491420026
60,59,459,276.23447455167894
60,59,460,275.69086362868575
60,59,461,275.1029791669028
60,59,462,274.53399483078886
60,59,463,273.9503308417101
60,59,464,273.3781939261202
60,59,465,272.8389745035696
60,59,466,272.3371329171344
60,59,467,271.77909567970823
60,59,468,271.22800433402017
60,59,469,270.6885306292841
60,59,470,270.11756781947673
60,59,471,269.5502182381024
60,59,472,269.0315177672072
60,59,473,268.4783378311264
60,59,474,267.96260884225455
60,59,475,267.4423200855268
60,59,476,266.89707217922887
60,59,477,266.47374878494276
60,59,478,265.9244160189618
60,59,479,265.45256642867497
60,59,480,264.92626038089395
60,59,481,264.379459981682
60,59,482,263.8466884834455
60,59,483,263.4303749260326
60,59,484,262.91794793515027
60,59,485,262.43661962230135
60,59,486,261.96190044462224
60,59,487,261.43596608491447
60,59,488,260.9146911015132
60,59,489,261.0016907216759
60,59,490,260.5002506512737
60,59,491,259.9782644351122
60,59,492,259.54298303531647
60,59,493,259.0231304878168
60,59,494,258.535361332507
60,59,495,258.1441763998954
60,59,496,257.6328268791207
60,59,497,257.5433825641495
60,59,498,257.0472191695906
60,59,499,256.54205509703286
60,59,500,256.04122065408853
60,59,501,255.5416479684275
60,59,502,260.164719367393
60,59,503,259.6620251080453
60,59,504,264.48682228939333
60,59,505,263.9723191645146
60,59,506,263.54719255793384
60,59,507,263.0449608714547
60,59,508,262.62389493273974
60,59,509,262.12124489112597
60,59,510,261.64181650518293
60,59,511,261.1796208910117
60,59,512,260.67567694348764
60,59,513,260.1813542440805
60,59,514,259.6953185558406
60,59,515,259.20744270133537
60,59,516,258.7308195121951
60,59,517,258.3541895758134
60,59,518,257.8643323923164
60,59,519,257.37486904491783
60,59,520,256.89311160898006
60,59,521,256.4187480709968
60,59,522,255.9797741554528
60,59,523,255.4984848644338
60,59,524,255.01563629792847
60,59,525,254.5370617300991
60,59,526,254.06234779057525
60,59,527,253.5946505058768
60,59,528,253.12134213037004
60,59,529,252.67611656563733
60,59,530,252.24508768230126
60,59,531,251.77725698075537
60,59,532,251.31111192838765
60,59,533,250.85672515662162
60,59,534,250.4094295090407
60,59,535,249.9560158870804
60,59,536,249.50082975071655
60,59,537,252.9650347816234
60,59,538,252.59802333353866
60,59,539,252.2338040666654
60,59,540,251.80323530714873
60,59,541,251.71389155533558
60,59,542,251.2645458022394
60,59,543,250.80755983937408
60,59,544,250.35553581301016
60,59,545,249.91326450598496
60,59,546,249.47577486673813
60,59,547,249.03132986477706
60,59,548,248.60816320150755
60,59,549,248.16727193486682
60,59,550,247.72062294461747
60,59,551,247.28915417855785
60,59,552,246.854899483843
60,59,553,246.41270352459077
60,59,554,246.4135106203188
60,59,555,245.99408089569974
60,59,556,245.55663321483044
60,59,557,245.16635743340407
60,59,558,244.75772214137064
60,59,559,244.40666462803443
60,59,560,244.25589877261342
60,59,561,243.84609993130772
60,59,562,243.42269812192893
60,59,563,243.01330428558134
60,59,564,242.609573499076
60,59,565,242.1912843260712
60,59,566,241.7692547388321
60,59,567,241.34694857983368
60,59,568,241.34474146053603
60,59,569,240.93464921601947
60,59,570,240.51496287553869
60,59,571,240.10748689969282
60,59,572,239.6939192425882
60,59,573,239.28973898660956
60,59,574,238.8943461415454
60,59,575,238.48709289853855
60,59,576,238.09085512657808
60,59,577,237.69818070102232
60,59,578,237.30175878853498
60,59,579,236.90650329155733
60,59,580,236.51586440827558
60,59,581,236.11977413025727
60,59,582,235.73376775644905
60,59,583,235.33651010935824
60,59,584,234.95509489650067
60,59,585,234.56532588679195
60,59,586,234.184374334979
60,59,587,233.87195416315916
60,59,588,233.50168554676193
60,59,589,233.11321668694285
60,59,590,232.90736943705312
60,59,591,232.59558218361823
60,59,592,232.21471049971868
60,59,593,231.826572601229
60,59,594,231.46036153544662
60,59,595,231.0993091608519
60,59,596,231.68436018893794
60,59,597,231.30036684246792
60,59,598,231.03469601649107
60,59,599,230.66455600459233
60,59,600,230.29681095178424
60,59,601,229.93101531318268
60,59,602,229.55839529335927
60,59,603,229.20623003933682
60,59,604,228.8698648656462
60,59,605,228.49622153082314
60,59,606,228.2797811428955
60,59,607,227.97784749006073
60,59,608,227.69844991652937
60,59,609,227.34076021259366
60,59,610,226.98205401549345
60,59,611,226.6159745800782
60,59,612,226.59380972541706
60,59,613,226.24136753015523
60,59,614,225.88094703190868
60,59,615,225.5268473476881
60,59,616,225.16565466133068
60,59,617,224.81813089706532
60,59,618,224.46088276922
60,59,619,224.10802545239028
60,59,620,224.5875642123262
60,59,621,224.23616373113614
60,59,622,223.88723711584123
60,59,623,223.5406084614755
60,59,624,223.18853531665067
60,59,625,222.843420875123
60,59,626,222.51959822219285
60,59,627,222.21009566786813
60,59,628,221.86273337044162
60,59,629,221.5299484418218
60,59,630,221.18982203688526
60,59,631,220.9323636482456
60,59,632,220.59264568048715
60,59,633,220.2649351952641
60,59,634,219.9312603642791
60,59,635,219.59036138259506
60,59,636,219.2641673613538
60,59,637,219.49411492110525
60,59,638,219.16359769918313
60,59,639,218.84037019712517
60,59,640,218.5045150811728
60,59,641,218.21675130253735
60,59,642,217.8884787712037
60,59,643,217.9647569619796
60,59,644,217.67637228073835
60,59,645,217.3552726567174
60,59,646,217.02532365188463
60,59,647,216.72458188664638
60,59,648,216.40618294048082
60,59,649,216.91248018503924
60,59,650,216.58798192306614
60,59,651,216.2754370139329
60,59,652,215.96722855929693
60,59,653,215.65471035086102
60,59,654,215.38760880245562
60,59,655,215.92231986411156
60,59,656,215.59712557634109
60,59,657,215.3116909724634
60,59,658,215.07149516091562
60,59,659,214.75506016862155
60,59,660,214.44097226272902
60,59,661,214.1193356464
60,59,662,213.80013198662976
60,59,663,213.48087196411194
60,59,664,213.16891322563984
60,59,665,212.8762462836618
60,59,666,212.5776595772895
60,59,667,212.27236177571996
60,59,668,212.16707464438733
60,59,669,211.86285490834197
60,59,670,211.5697733684372
60,59,671,211.2709620444195
60,59,672,211.30922101777577
60,59,673,211.03179191137744
60,59,674,210.82662163411825
60,59,675,210.55868939820212
60,59,676,210.31542139721938
60,59,677,210.01415777527345
60,59,678,209.7254330235351
60,59,679,209.42984244541512
60,59,680,209.198257493465
60,59,681,208.89897110890564
60,59,682,208.5961081115545
60,59,683,208.30355995522163
60,59,684,208.01109961098467
60,59,685,207.72465199616514
60,59,686,207.53512874241545
60,59,687,207.31039341781485
60,59,688,207.02192208278572
60,59,689,207.0070712085239
60,59,690,206.79184770666294
60,59,691,206.533729663759
60,59,692,206.24219346894353
60,59,693,205.95636758501686
60,59,694,205.68574864011774
60,59,695,205.39553929943554
60,59,696,205.25237883425606
60,59,697,206.62183394011183
60,59,698,206.3488942299627
60,59,699,206.66807865842605
60,59,700,206.3895132562491
60,59,701,206.11710984949343
60,59,702,205.82764317676876
60,59,703,205.54782323813106
60,59,704,205.29181139265975
60,59,705,205.02125417120698
60,59,706,204.73732401792412
60,59,707,204.50995410922513
60,59,708,204.25026920505795
60,59,709,204.00669892211354
60,59,710,203.7355218159848
60,59,711,203.45241697980975
60,59,712,203.17995397897343
60,59,713,202.9007384444334
60,59,714,202.62090553939117
60,59,715,202.34538229677457
60,59,716,202.0757657504208
60,59,717,201.79791924499006
60,59,718,201.5349314451769
60,59,719,201.27221788166128
60,59,720,201.017317357182
60,59,721,200.79994147564653
60,59,722,200.68638997693424
60,59,723,200.41532466630395
60,59,724,200.16390853727384
60,59,725,199.90152664975614
60,59,726,199.88961322430896
60,59,727,199.66070483214367
60,59,728,199.40527588803405
60,59,729,199.13587880825398
60,59,730,198.86881597594922
60,59,731,198.6035422976394
60,59,732,198.33485971703362
60,59,733,198.11386830680527
60,59,734,201.36276175029943
60,59,735,201.09373983311568
60,59,736,201.01041695279756
60,59,737,200.7844861235177
60,59,738,200.55247088257488
60,59,739,200.29132201208432
60,59,740,200.02610436118704
60,59,741,199.76909417745088
60,59,742,199.50610866450924
60,59,743,199.24815757353338
60,59,744,198.98551251624968
60,59,745,198.7241382402719
60,59,746,198.4907523617923
60,59,747,198.2283525531275
60,59,748,197.98276817312717
60,59,749,197.72857980635916
60,59,750,197.497672540359
60,59,751,197.24528912994182
60,59,752,196.99100502496066
60,59,753,196.7537337489003
60,59,754,196.5283487554022
60,59,755,196.3380863951623
60,59,756,196.08621024608257
60,59,757,195.83146802297958
60,59,758,195.59389639394263
60,59,759,195.36383768263929
60,59,760,195.1996795066255
60,59,761,194.95562144100677
60,59,762,194.74369729074522
60,59,763,194.52516287915492
60,59,764,194.27971560312818
60,59,765,194.03449888899328
60,59,766,193.7941603359811
60,59,767,193.55135228184315
60,59,768,193.30385358612259
60,59,769,193.0699335395409
60,59,770,192.82192593148628
60,59,771,192.87386911394697
60,59,772,192.67315378618963
60,59,773,192.43997748011077
60,59,774,192.19929391638763
60,59,775,191.96325993595855
60,59,776,191.72442832630117
60,59,777,191.49367855865998
60,59,778,191.26273623977178
60,59,779,191.0235208345527
60,59,780,190.78654233325176
60,59,781,190.54812867021093
60,59,782,190.31661004460025
60,59,783,190.0796392441308
60,59,784,189.86422245620662
60,59,785,189.62564235545574
60,59,786,189.4967522362217
60,59,787,189.26411439665506
60,59,788,189.02959015348964
60,59,789,188.86200753063198
60,59,790,188.63465059251834
60,59,791,188.40491613203963
60,59,792,188.23390997573406
60,59,793,187.99979229649196
60,59,794,187.9044015858219
60,59,795,187.69085365099156
60,59,796,187.45923824359568
60,59,797,190.82260852858357
60,59,798,190.59250075107255
60,59,799,190.35721743287954
60,59,800,190.34916392542462
60,59,801,191.07017912230054
60,59,802,190.83655401857
60,59,803,190.60049931947367
60,59,804,190.37040846687412
60,59,805,190.15900273901372
60,59,806,189.93338790224746
60,59,807,189.73237069431602
60,59,808,189.51247469330568
60,59,809,189.28638066102727
60,59,810,189.0762160015336
60,59,811,188.941829944667
60,59,812,188.78768071899512
60,59,813,188.56707435873844
60,59,814,188.3374307450775
60,59,815,188.1155482411579
60,59,816,187.9067786708564
60,59,817,187.6880281641605
60,59,818,187.51391094140936
60,59,819,187.29262438694278
60,59,820,187.07700063792564
60,59,821,187.3580249842229
60,59,822,187.14781188601742
60,59,823,187.39852937402492
60,59,824,187.20114138042763
60,59,825,186.97957204697224
60,59,826,186.75794127671062
60,59,827,186.55886854870815
60,59,828,186.34152077690723
60,59,829,186.1528890904744
60,59,830,186.0136333361614
60,59,831,185.79468459287904
60,59,832,185.6033995601918
60,59,833,185.40744614883738
60,59,834,185.197796912259
60,59,835,185.0255450602653
60,59,836,184.81015787277224
60,59,837,184.65846482136226
60,59,838,184.44919544448683
60,59,839,184.25183247252062
60,59,840,184.0406786248244
60,59,841,183.82612751644973
60,59,842,183.61087230023554
60,59,843,183.41013945537372
60,59,844,183.20078483860928
60,59,845,183.02208237599461
60,59,846,182.93236180150856
60,59,847,182.72265027127554
60,59,848,182.52187768220594
60,59,849,182.31709808483973
60,59,850,182.10757968193468
60,59,851,181.91866306741883
60,59,852,181.7437726932637
60,59,853,181.53675555092084
60,59,854,181.6293108171134
60,59,855,181.4384129211025
60,59,856,181.2406651635399
60,59,857,181.03921961630698
60,59,858,180.84733226691318
60,59,859,180.64694346653673
60,59,860,180.43889601330184
60,59,861,180.23473901846154
60,59,862,180.0425781170464
60,59,863,179.87089898078435
60,59,864,179.66922987053192
60,59,865,179.4747854294059
60,59,866,179.26965125710703
60,59,867,179.09235024937036
60,59,868,178.88883028874864
60,59,869,178.7832309458822
60,59,870,178.58493502738628
60,59,871,178.39624166687017
60,59,872,178.19555729518015
60,59,873,177.99863169501927
60,59,874,177.9009437770298
60,59,875,177.70553886762724
60,59,876,177.55178096876307
60,59,877,177.35508325023815
60,59,878,177.16550664120902
60,59,879,176.98710244452164
60,59,880,176.81230306288853
60,59,881,176.62701089410916
60,59,882,176.4366384702891
60,59,883,176.2790586466321
60,59,884,176.08428825760018
60,59,885,175.8934767840727
60,59,886,175.86666080206183
60,59,887,175.73949639762847
60,59,888,175.55908524509417
60,59,889,175.3913930077774
60,59,890,175.2051816102753
60,59,891,175.01851326265867
60,59,892,174.8252137787713
60,59,893,174.633465865512
60,59,894,174.53233673635089
60,59,895,174.34790082063958
60,59,896,174.15761710659893
60,59,897,173.98180130560553
60,59,898,173.79580327992727
60,59,899,173.6138545815174
60,59,900,173.4266979168796
60,59,901,173.2373284337414
60,59,902,173.0594844849237
60,59,903,172.87621950475312
60,59,904,172.6986467445186
60,59,905,172.51800748920147
60,59,906,172.4218553136075
60,59,907,172.23480822332647
60,59,908,172.04889637464603
60,59,909,171.86768157255221
60,59,910,171.69731762229472
60,59,911,171.52986655559127
60,59,912,171.35882013499585
60,59,913,171.3742087629822
60,59,914,171.20923924343862
60,59,915,171.03086318231723
60,59,916,170.8543243519892
60,59,917,170.72467412361678
60,59,918,170.54593841879156
60,59,919,170.37112508736513
60,59,920,170.1908070837868
60,59,921,170.03697158028845
60,59,922,169.86977019929384
60,59,923,169.7051910510181
60,59,924,169.53328937175613
60,59,925,169.36208280764185
60,59,926,169.20279813272407
60,59,927,169.0304576961814
60,59,928,168.85444986547319
60,59,929,168.7642897750916
60,59,930,168.7544347851961
60,59,931,168.5836214205307
60,59,932,168.42934636666484
60,59,933,168.26580555307643
60,59,934,168.09308125225706
60,59,935,167.98359674711622
60,59,936,167.80574198445598
60,59,937,167.64600499398549
60,59,938,167.47181892699385
60,59,939,167.29916251186043
60,59,940,167.1383355631651
60,59,941,166.99643132817712
60,59,942,166.8208935539398
60,59,943,166.6656854457883
60,59,944,166.4963516913421
60,59,945,166.3277491704
60,59,946,166.16995591938237
60,59,947,166.00329219074194
60,59,948,165.84985533635333
60,59,949,165.69487477750118
60,59,950,165.54511636190622
60,59,951,165.37356291984247
60,59,952,165.388460835221
60,59,953,165.28898218756626
60,59,954,165.12005437754942
60,59,955,164.96928069682028
60,59,956,164.8062528157658
60,59,957,164.6753895787195
60,59,958,164.5580119711295
60,59,959,164.4064559752514
60,59,960,164.23770901419923
60,59,961,164.0823099004773
60,59,962,163.92403992427975
60,59,963,163.80869368252553
60,59,964,163.7174095123729
60,59,965,163.56026316604397
60,59,966,163.39612484820535
60,59,967,163.30843189191717
60,59,968,163.14852312049297
60,59,969,162.98643340783264
60,59,970,162.82491041362434
60,59,971,162.6662052752457
60,59,972,162.64142305235507
60,59,973,162.47672551308233
60,59,974,162.3166389672534
60,59,975,162.46106624412735
60,59,976,162.29952857565547
60,59,977,162.14141433271027
60,59,978,162.02349850485245
60,59,979,161.86695615100584
60,59,980,161.70623049908806
60,59,981,161.5675968811096
60,59,982,161.40885265624428
60,59,983,161.2506455516216
60,59,984,161.09823147998827
60,59,985,160.94263216155127
60,59,986,160.78810663872568
60,59,987,160.65752619387237
60,59,988,160.50211500572343
60,59,989,160.3482474079272
60,59,990,160.18922929496438
60,59,991,160.03552966761885
60,59,992,159.87554664652657
60,59,993,160.14008981156366
60,59,994,160.10112214709415
60,59,995,159.94303771401243
60,59,996,159.80387458134024
60,59,997,159.69645283970414
60,59,998,159.53868534480438
60,59,999,159.38527990723983
60,59,1000,159.23694657371908
60,59,1001,159.120898947794
60,59,1002,159.01396049649114
60,59,1003,158.86015962518795
60,59,1004,158.7334865593856
60,59,1005,158.59012798963042
60,59,1006,158.43931054858078
60,59,1007,158.33245443319046
60,59,1008,158.18149110196927
60,59,1009,158.04725352208735
60,59,1010,157.9198323600105
60,59,1011,157.77562144388324
60,59,1012,157.64228094421168
60,59,1013,157.52279708961717
60,59,1014,157.39373086910186
60,59,1015,157.24919130689403
60,59,1016,157.19839268201056
60,59,1017,157.04556859261308
60,59,1018,156.89393170655015
60,59,1019,157.0323405849244
60,59,1020,156.95574276595514
60,59,1021,156.8357109427858
60,59,1022,156.6909571830105
60,59,1023,156.55277996395455
60,59,1024,156.4188781517112
60,59,1025,156.2809928369548
60,59,1026,156.13745089115076
60,59,1027,156.64575937008368
60,59,1028,156.50607376891637
60,59,1029,156.35688757538026
60,59,1030,156.24918815785765
60,59,1031,156.10047117585356
60,59,1032,155.9550152697125
60,59,1033,155.98227174435536
60,59,1034,155.83359678477964
60,59,1035,156.0144766948016
60,59,1036,156.23868578734132
60,59,1037,156.09902352339273
60,59,1038,155.9537897966207
60,59,1039,155.81387331895593
60,59,1040,155.67046169732447
60,59,1041,155.55435384371788
60,59,1042,155.410985724275
60,59,1043,155.26499814901996
60,59,1044,155.1181593971166
60,59,1045,154.98939648497677
60,59,1046,154.860340356444
60,59,1047,154.73479522893268
60,59,1048,154.59230528344307
60,59,1049,154.45062674193565
60,59,1050,154.3084976458913
60,59,1051,154.16866075629014
60,59,1052,154.028327777675
60,59,1053,153.90248611055196
60,59,1054,153.7803858753661
60,59,1055,153.89293589064863
60,59,1056,153.76758347899553
60,59,1057,153.71152054766102
60,59,1058,153.6231647279974
60,59,1059,153.6180423823727
60,59,1060,153.47672640056965
60,59,1061,153.40081378964766
60,59,1062,153.2705287615695
60,59,1063,153.17163362551676
60,59,1064,153.08929667229089
60,59,1065,153.44613349222448
60,59,1066,153.30691965476166
60,59,1067,153.18860719343303
60,59,1068,153.0558094861077
60,59,1069,152.98236064815725
60,59,1070,152.84161497008708
60,59,1071,152.79988006792328
60,59,1072,152.66169395609822
60,59,1073,152.65596214431181
60,59,1074,152.5628811139499
60,59,1075,152.42576913681066
60,59,1076,152.29477104961404
60,59,1077,152.16691288928962
60,59,1078,152.2692940759318
60,59,1079,152.13705297066133
60,59,1080,156.184414865651
60,59,1081,156.05128407458008
60,59,1082,155.9117260210537
60,59,1083,155.77381983462118
60,59,1084,155.633329272048
60,59,1085,155.49287696190723
60,59,1086,155.36215705875446
60,59,1087,155.22260673837698
60,59,1088,155.13006581081243
60,59,1089,154.99183135855864
60,59,1090,154.85105838105764
60,59,1091,154.71523641235527
60,59,1092,154.57547932611175
60,59,1093,154.5333676028849
60,59,1094,154.40609490773053
60,59,1095,154.42013029018605
60,59,1096,154.28295562574672
60,59,1097,154.19311399962913
60,59,1098,154.05861030817144
60,59,1099,153.98684907926062
60,59,1100,153.86987120071032
60,59,1101,153.78814700839422
60,59,1102,153.68337360381665
60,59,1103,153.56371927177725
60,59,1104,153.4678971741554
60,59,1105,153.33230122148998
60,59,1106,153.21883021190342
60,59,1107,153.08926925107147
60,59,1108,152.96745315156952
60,59,1109,152.83415485977224
60,59,1110,152.69926298229967
60,59,1111,152.56919481330826
60,59,1112,152.4400950485009
60,59,1113,152.95415340931183
60,59,1114,152.83674693906983
60,59,1115,152.7022204721664
60,59,1116,152.60470621034403
60,59,1117,152.47092704300852
60,59,1118,152.3356747477445
60,59,1119,152.20162469392005
60,59,1120,152.07974749847406
60,59,1121,151.94746926184155
60,59,1122,151.8160890924568
60,59,1123,151.76996468933532
60,59,1124,151.66279110355362
60,59,1125,151.53693786460025
60,59,1126,151.40352974183648
60,59,1127,151.2820332601748
60,59,1128,151.25847912487876
60,59,1129,151.12622418317784
60,59,1130,150.99733559289817
60,59,1131,150.866758547612
60,59,1132,150.73699377482006
60,59,1133,150.6075782267168
60,59,1134,150.47815641030473
60,59,1135,150.3680420989526
60,59,1136,150.2451682239875
60,59,1137,150.1148930178477
60,59,1138,149.9874256077296
60,59,1139,149.86026607265774
60,59,1140,149.73266240826052
60,59,1141,149.6393447367474
60,59,1142,149.52241375566422
60,59,1143,149.45094736539747
60,59,1144,149.32457862780535
60,59,1145,149.26502373471226
60,59,1146,149.13640406160462
60,59,1147,149.0098003424195
60,59,1148,148.89487126845555
60,59,1149,148.79217149573918
60,59,1150,148.68855554015792
60,59,1151,148.56469729185446
60,59,1152,148.43780061620427
60,59,1153,148.32102305665524
60,59,1154,148.20096441842296
60,59,1155,148.0754991242399
60,59,1156,147.9523428430315
60,59,1157,147.8311851780565
60,59,1158,147.70831754929614
60,59,1159,147.5847707545439
60,59,1160,147.4640793416102
60,59,1161,147.35807785268335
60,59,1162,147.23288102700735
60,59,1163,147.11164557313649
60,59,1164,146.99193171480223
60,59,1165,146.88614927683057
60,59,1166,146.77154004518982
60,59,1167,146.6513139844997
60,59,1168,146.53302250082533
60,59,1169,146.42332099080411
60,59,1170,146.3015430808285
60,59,1171,146.1891160443334
60,59,1172,146.0667755178779
60,59,1173,145.94973156020293
60,59,1174,145.8395954462241
60,59,1175,145.73920923444197
60,59,1176,145.6206493403179
60,59,1177,145.4992270975866
60,59,1178,145.38961317800232
60,59,1179,145.4106235171278
60,59,1180,145.30455097678995
60,59,1181,145.18951949923675
60,59,1182,145.07176728708106
60,59,1183,145.76758657078253
60,59,1184,145.6485119443269
60,59,1185,145.5414267094035
60,59,1186,145.42789891639205
60,59,1187,145.32043025392386
60,59,1188,145.22495480708534
60,59,1189,145.1213580621375
60,59,1190,145.02337013630753
60,59,1191,144.90504022186187
60,59,1192,144.83988089698124
60,59,1193,144.72530441420002
60,59,1194,144.6091920423771
60,59,1195,144.49725718836174
60,59,1196,144.3814985276591
60,59,1197,144.2653800091585
60,59,1198,144.19483956510476
60,59,1199,144.07913884344262
60,59,1200,143.9714505310145
60,60,1,5.640558973778434
60,60,2,5.755015496005596
60,60,3,80.15155618600603
60,60,4,72.85600776054602
60,60,5,85.2716808414068
60,60,6,179.6841823471835
60,60,7,168.48906223374416
60,60,8,148.06735021808936
60,60,9,197.28956019699686
60,60,10,179.99855280154105
60,60,11,164.25708927960912
60,60,12,647.0571525810414
60,60,13,598.9197854106211
60,60,14,556.4212318905666
60,60,15,10836.963190895454
60,60,16,10160.438845657249
60,60,17,9564.503816310846
60,60,18,9034.12350830857
60,60,19,8559.160040584162
60,60,20,8136.421748634573
60,60,21,7749.404747136093
60,60,22,7397.244706697375
60,60,23,7075.830157793684
60,60,24,6798.865509838809
60,60,25,6536.046853527911
60,60,26,6284.979729605299
60,60,27,6101.8697926506575
60,60,28,6354.684948087014
60,60,29,6135.940778143643
60,60,30,5932.57494364775
60,60,31,5741.559980416739
60,60,32,5562.474172172142
60,60,33,5397.800544015834
60,60,34,5240.139863629785
60,60,35,5090.644943921708
60,60,36,4950.785789184419
60,60,37,4817.502085539696
60,60,38,4699.778505400014
60,60,39,4579.70866580464
60,60,40,4467.973022017799
60,60,41,4359.290796991586
60,60,42,4255.683142292257
60,60,43,4156.824974328021
60,60,44,4062.525657333485
60,60,45,3972.8135687425265
60,60,46,3909.7494867192004
60,60,47,3826.740635103595
60,60,48,3747.9466621822135
60,60,49,3729.0299228892413
60,60,50,3716.4925456674123
60,60,51,3679.7198914958617
60,60,52,3609.1029215936983
60,60,53,3541.729769677866
60,60,54,3476.327894022138
60,60,55,3415.1545106403055
60,60,56,3355.456362129437
60,60,57,3296.8394143807186
60,60,58,3240.6340523805197
60,60,59,3186.0107491270855
60,60,60,3133.2261356615863
60,60,61,3082.210414961573
60,60,62,3071.0548876833836
60,60,63,3022.7492964561575
60,60,64,2977.7014055531413
60,60,65,2932.8157974346364
60,60,66,2888.744104644223
60,60,67,2845.788887145651
60,60,68,2804.396007596181
60,60,69,2764.7899801997896
60,60,70,2729.058098726218
60,60,71,2691.1000693949472
60,60,72,2653.8460530460816
60,60,73,2619.0422931229323
60,60,74,2584.587142288922
60,60,75,2558.5872550520835
60,60,76,2539.259974548017
60,60,77,2522.0139289855415
60,60,78,2489.753632185309
60,60,79,2490.463867315872
60,60,80,2459.5755284411566
60,60,81,2429.392326056366
60,60,82,2399.8655762801045
60,60,83,2371.008073314847
60,60,84,2344.000122342851
60,60,85,2317.8107026716134
60,60,86,2304.7861975975466
60,60,87,2278.6173193513364
60,60,88,2252.850474536463
60,60,89,2227.5778771721193
60,60,90,2202.8556952208633
60,60,91,2178.71516238646
60,60,92,2155.2578543043173
60,60,93,2329.870015918264
60,60,94,2305.1928512585046
60,60,95,2282.7482669963433
60,60,96,2259.3421293977344
60,60,97,2236.6882984090953
60,60,98,2213.9466100811437
60,60,99,2194.1817234884393
60,60,100,2172.428635335696
60,60,101,2151.1218708781657
60,60,102,2130.600078216743
60,60,103,2110.57881233481
60,60,104,2090.3653163622357
60,60,105,2097.1417694169395
60,60,106,2077.777420084449
60,60,107,2059.3739089304895
60,60,108,2040.3833128111237
60,60,109,3106.6986581648875
60,60,110,3078.7386806225704
60,60,111,3051.0605668139247
60,60,112,3170.5760876805166
60,60,113,3169.3689045456604
60,60,114,3141.7975685869988
60,60,115,3114.8082198930733
60,60,116,3088.1408880278805
60,60,117,3066.8779718199553
60,60,118,3043.9479563793784
60,60,119,3018.4255860451467
60,60,120,3001.2521896057488
60,60,121,2977.1367247592184
60,60,122,2952.9388601829705
60,60,123,2929.014430892296
60,60,124,3133.639218836541
60,60,125,3108.650146798523
60,60,126,3090.0623307452047
60,60,127,3076.9608320676343
60,60,128,3057.0156938347036
60,60,129,3128.9873101122034
60,60,130,3105.492387264886
60,60,131,3082.836849325264
60,60,132,3069.9165069258734
60,60,133,3046.95953617331
60,60,134,3024.3862073450346
60,60,135,3013.496360194944
60,60,136,3003.130376334888
60,60,137,8724.074634165336
60,60,138,8664.441567709078
60,60,139,8603.896454484453
60,60,140,8542.500262399586
60,60,141,8495.954229142179
60,60,142,8436.393652673672
60,60,143,8377.490698849502
60,60,144,8329.576468499754
60,60,145,39150.978126103335
60,60,146,38883.114687513866
60,60,147,38618.79221816837
60,60,148,38364.84546672305
60,60,149,38107.79887359489
60,60,150,37853.94987241431
60,60,151,37605.28363341202
60,60,152,37357.92795144099
60,60,153,37120.70068257431
60,60,154,36879.805582060675
60,60,155,36641.97672009599
60,60,156,36407.23606883384
60,60,157,36175.449456881244
60,60,158,35946.78174372669
60,60,159,35720.84885773819
60,60,160,35498.01631863595
60,60,161,35281.04282185798
60,60,162,35063.822907481
60,60,163,34929.555453651774
60,60,164,34716.76591761515
60,60,165,34525.25185094526
60,60,166,34318.1896699833
60,60,167,34113.03854133679
60,60,168,33910.1951072249
60,60,169,33709.577997065884
60,60,170,33512.66676686198
60,60,171,33316.95854456919
60,60,172,33123.27448873239
60,60,173,32931.88773080562
60,60,174,32743.435047732906
60,60,175,32556.47579233628
60,60,176,32375.730860258565
60,60,177,32192.862478503954
60,60,178,32012.035457741997
60,60,179,31833.277399074614
60,60,180,31656.460377528005
60,60,181,31481.649295607953
60,60,182,31308.857123086476
60,60,183,31140.890793083207
60,60,184,30973.036531540012
60,60,185,30805.67625723867
60,60,186,30641.125965227187
60,60,187,30477.358303920093
60,60,188,30315.284393082005
60,60,189,30154.926602373827
60,60,190,30043.526720291964
60,60,191,29887.112707968678
60,60,192,29733.834852910466
60,60,193,29579.999596169753
60,60,194,29427.601039546298
60,60,195,29276.7035899494
60,60,196,29127.340274541846
60,60,197,28979.590404871426
60,60,198,28833.54040017862
60,60,199,28689.001421607787
60,60,200,28546.027030740068
60,60,201,28406.012306971217
60,60,202,28265.410710379514
60,60,203,206789.27692917085
60,60,204,205776.13158778774
60,60,205,204773.7651741651
60,60,206,203779.77671752838
60,60,207,202795.45549183048
60,60,208,201820.58402876413
60,60,209,200854.9914201535
60,60,210,199899.69433339633
60,60,211,198952.33247759426
60,60,212,198017.37761727683
60,60,213,197090.16788639265
60,60,214,196172.9176766636
60,60,215,195261.20719357175
60,60,216,194357.25238765127
60,60,217,193461.76536528615
60,60,218,192574.92903318317
60,60,219,191695.6265161028
60,60,220,190824.3252224425
60,60,221,189960.88319443405
60,60,222,189105.21947363982
60,60,223,188260.79193330763
60,60,224,187420.4785406297
60,60,225,186588.0104408488
60,60,226,185762.41264106124
60,60,227,184944.35378789148
60,60,228,184133.38823270486
60,60,229,183329.6677038317
60,60,230,182533.58497295287
60,60,231,181744.05832102086
60,60,232,180963.65384788878
60,60,233,180187.0148135506
60,60,234,179417.0172119419
60,60,235,178653.84864835505
60,60,236,177896.96745560464
60,60,237,177146.4069222136
60,60,238,176402.14865186662
60,60,239,175664.25950301488
60,60,240,174932.33549366327
60,60,241,174208.87434873113
60,60,242,173489.21444460322
60,60,243,172775.2884371437
60,60,244,172076.99282964272
60,60,245,171375.03892942044
60,60,246,170678.55872175292
60,60,247,169987.5809700221
60,60,248,169302.1556594436
60,60,249,168622.36681218835
60,60,250,167947.91887940626
60,60,251,167278.99721090074
60,60,252,166615.8501905327
60,60,253,165957.4943937406
60,60,254,165304.21236769838
60,60,255,164656.0080635454
60,60,256,164035.96146063076
60,60,257,163397.80373771032
60,60,258,162764.65759909796
60,60,259,162137.02207568544
60,60,260,161513.49327174097
60,60,261,160894.80722528274
60,60,262,160283.17406090544
60,60,263,159675.75706637872
60,60,264,159071.0247519826
60,60,265,158472.9467458289
60,60,266,157877.43719264903
60,60,267,157286.16317127782
60,60,268,156706.45559380177
60,60,269,156151.68842779292
60,60,270,155573.6309364557
60,60,271,155000.21616365865
60,60,272,154430.4007447258
60,60,273,153865.2980350252
60,60,274,153304.12842439886
60,60,275,152746.96812681912
60,60,276,152193.56031332427
60,60,277,151644.26884241207
60,60,278,151098.87592799467
60,60,279,150557.7595916444
60,60,280,150020.0712100121
60,60,281,149489.4613426741
60,60,282,148959.46754378118
60,60,283,148433.1259440809
60,60,284,147910.80063931388
60,60,285,147399.7730397126
60,60,286,146885.08594071213
60,60,287,146373.31213924434
60,60,288,145865.1104524353
60,60,289,145360.40197899129
60,60,290,144859.30146988234
60,60,291,144361.63536960163
60,60,292,143873.47917565162
60,60,293,143382.4851958177
60,60,294,143279.67300574883
60,60,295,142794.41086390594
60,60,296,142312.1986264336
60,60,297,141833.04941508453
60,60,298,141357.19478892576
60,60,299,140884.45705105568
60,60,300,140591.7369963561
60,60,301,140125.6041097632
60,60,302,139661.62243666052
60,60,303,139200.85989310552
60,60,304,138743.116942345
60,60,305,138288.3164480379
60,60,306,137836.50838376005
60,60,307,137387.67641420476
60,60,308,136942.49830245247
60,60,309,136499.96980928147
60,60,310,136059.66563319357
60,60,311,135622.26761929193
60,60,312,135187.60737530392
60,60,313,134755.84395187412
60,60,314,134327.1153914782
60,60,315,133900.70246637316
60,60,316,133476.99098412014
60,60,317,133056.2403051705
60,60,318,132638.06054246612
60,60,319,132222.76913095592
60,60,320,131810.56121269584
60,60,321,131401.39070482133
60,60,322,130994.92306032495
60,60,323,130590.51749686558
60,60,324,130193.43543499515
60,60,325,129792.88631845979
60,60,326,129394.9365086452
60,60,327,128999.26194668013
60,60,328,128605.99621255185
60,60,329,128215.14350953374
60,60,330,127826.73839424875
60,60,331,127440.56773678011
60,60,332,127056.73415442073
60,60,333,126675.24470075037
60,60,334,126296.39905292787
60,60,335,125919.45012815729
60,60,336,125544.90013741121
60,60,337,125172.43460506746
60,60,338,124802.63982934813
60,60,339,124435.18660850634
60,60,340,124069.25629311896
60,60,341,123707.79809630671
60,60,342,123346.19481068697
60,60,343,122986.61780708889
60,60,344,122629.15934412395
60,60,345,122273.74662665158
60,60,346,121920.37421313587
60,60,347,121569.723729451
60,60,348,121224.48922645224
60,60,349,120877.22511337642
60,60,350,120531.92834133295
60,60,351,120188.56019787547
60,60,352,119847.13984031674
60,60,353,119507.650454818
60,60,354,119170.47456139867
60,60,355,118834.90484088722
60,60,356,118501.29857154241
60,60,357,118169.37990789606
60,60,358,117839.34202148416
60,60,359,117511.18748029089
60,60,360,117184.87669134697
60,60,361,116860.38762180049
60,60,362,116537.59727467151
60,60,363,116216.61012261915
60,60,364,115897.43827469608
60,60,365,115579.95531270248
60,60,366,115264.17822138847
60,60,367,114950.31733449403
60,60,368,114638.04979568906
60,60,369,114327.43595646515
60,60,370,114018.45372350483
60,60,371,113713.46208031717
60,60,372,113407.83358930632
60,60,373,113104.11170113826
60,60,374,112801.72482699703
60,60,375,112501.00842220875
60,60,376,112201.83122168746
60,60,377,111904.72795692147
60,60,378,111608.9933717407
60,60,379,111350.62959653912
60,60,380,111057.61491184737
60,60,381,110766.15999132121
60,60,382,110476.46254844396
60,60,383,110188.01711712926
60,60,384,109901.20008934906
60,60,385,109736.68313258304
60,60,386,109452.40376906811
60,60,387,109169.61596948998
60,60,388,108888.34975676406
60,60,389,108614.85501987705
60,60,390,108336.37246425427
60,60,391,108059.42397679774
60,60,392,107784.26928678181
60,60,393,107510.13780503462
60,60,394,107237.53628560221
60,60,395,106966.06247324798
60,60,396,106696.01043516633
60,60,397,106427.38336404877
60,60,398,106159.99421215503
60,60,399,105893.95536764045
60,60,400,105630.10259027188
60,60,401,105366.70495962474
60,60,402,105104.61570615138
60,60,403,104844.0561792972
60,60,404,104584.56801105599
60,60,405,104326.46952461971
60,60,406,104069.53342960788
60,60,407,103813.85633092886
60,60,408,103564.1164162353
60,60,409,103310.93746355856
60,60,410,103058.97106300076
60,60,411,102808.26065044483
60,60,412,102558.80102804209
60,60,413,102310.49816107492
60,60,414,102063.437126214
60,60,415,101817.51029747984
60,60,416,101572.78227753473
60,60,417,101331.5926626023
60,60,418,101101.72626127365
60,60,419,100860.48299051654
60,60,420,100620.50644269708
60,60,421,100381.59763682775
60,60,422,100143.9047812114
60,60,423,99907.29588639547
60,60,424,99672.70691533134
60,60,425,99438.2002985797
60,60,426,99204.82298955311
60,60,427,98972.60022328707
60,60,428,98741.54128014606
60,60,429,98511.72559464355
60,60,430,98282.63605372104
60,60,431,98054.61319491794
60,60,432,97827.69330558932
60,60,433,97601.84773077551
60,60,434,97377.01532573538
60,60,435,97153.3743592736
60,60,436,96930.5914245481
60,60,437,96708.85874747726
60,60,438,96488.0796620839
60,60,439,96268.75573695819
60,60,440,96050.09208049718
60,60,441,95832.31796180313
60,60,442,95615.7272143535
60,60,443,95399.89812001276
60,60,444,95185.06844645675
60,60,445,94971.25268163228
60,60,446,94760.55053356504
60,60,447,94548.5783707292
60,60,448,94337.78170220974
60,60,449,94127.78957604042
60,60,450,93918.64468904119
60,60,451,93710.41348319339
60,60,452,93503.39568339536
60,60,453,93296.99392629703
60,60,454,93091.54082008962
60,60,455,92886.95785531004
60,60,456,92683.2820667627
60,60,457,92480.57295630383
60,60,458,92278.66951619514
60,60,459,92082.71155347716
60,60,460,91882.58909404569
60,60,461,91683.29046268722
60,60,462,91484.87236207617
60,60,463,91287.2956960206
60,60,464,91090.57958282718
60,60,465,90894.99456834074
60,60,466,90701.51797587119
60,60,467,90507.40743161843
60,60,468,90314.06590366842
60,60,469,90121.57316480913
60,60,470,89929.84471802071
60,60,471,89738.91859029369
60,60,472,89548.84465587029
60,60,473,89359.53864508131
60,60,474,89171.06266255717
60,60,475,88983.36192344042
60,60,476,88796.45690690675
60,60,477,88611.10683785674
60,60,478,88425.7367902639
60,60,479,88241.35722048678
60,60,480,88070.91810097182
60,60,481,87887.82230799671
60,60,482,87722.30495747077
60,60,483,87543.69878872573
60,60,484,87362.907897296
60,60,485,87182.90987181674
60,60,486,87003.60583209265
60,60,487,86824.96128681567
60,60,488,86647.22078725779
60,60,489,86472.0446891878
60,60,490,86296.42919997158
60,60,491,86120.68444648228
60,60,492,85945.80949421859
60,60,493,85784.5128661212
60,60,494,85610.87567148912
60,60,495,85438.02566099491
60,60,496,85266.45948118671
60,60,497,85100.478041567
60,60,498,84929.6139651137
60,60,499,84760.12328407893
60,60,500,84590.78493026213
60,60,501,84422.08035720848
60,60,502,84261.43095868
60,60,503,84093.93019784847
60,60,504,83951.09134914953
60,60,505,83784.8618605887
60,60,506,83619.49612835412
60,60,507,83454.5752917834
60,60,508,83290.3831944263
60,60,509,83126.75869452169
60,60,510,82963.77773448834
60,60,511,82802.01584982077
60,60,512,82640.29912352125
60,60,513,82479.83432354174
60,60,514,82319.38859551883
60,60,515,82159.57929180539
60,60,516,82000.41113675115
60,60,517,81841.84451913594
60,60,518,81683.9228182265
60,60,519,81526.55190829832
60,60,520,81369.82524700883
60,60,521,81213.66328331121
60,60,522,81058.22955589439
60,60,523,80903.25013837632
60,60,524,80748.89773326635
60,60,525,80595.107471216
60,60,526,80441.98588175606
60,60,527,81069.34845289525
60,60,528,80915.82678820282
60,60,529,80762.89965823024
60,60,530,80610.77366775043
60,60,531,80458.98738989
60,60,532,80307.77235556944
60,60,533,80157.12650435472
60,60,534,80007.03411169883
60,60,535,79857.6539075829
60,60,536,79708.94590647778
60,60,537,79563.09305367524
60,60,538,79415.30137635951
60,60,539,79268.16548888896
60,60,540,79121.58376955957
60,60,541,78975.36065774382
60,60,542,78829.68063788067
60,60,543,78684.54545373993
60,60,544,78539.92101260652
60,60,545,78395.96757370436
60,60,546,78252.70334435644
60,60,547,78109.7981954201
60,60,548,77967.29353091701
60,60,549,78266.22334940043
60,60,550,78124.56067407689
60,60,551,77982.90359819123
60,60,552,77841.64738878913
60,60,553,77701.58106035546
60,60,554,77562.52132164626
60,60,555,77422.79239858975
60,60,556,77283.58765878214
60,60,557,77144.88895893013
60,60,558,77006.66528185649
60,60,559,76869.5869608223
60,60,560,76733.04513033251
60,60,561,76596.28579735127
60,60,562,76460.73841234868
60,60,563,76324.94346367936
60,60,564,76189.63150833966
60,60,565,76054.81599129456
60,60,566,75920.71441991009
60,60,567,75786.85263102084
60,60,568,75653.87763009474
60,60,569,75521.07868399337
60,60,570,75388.60123809926
60,60,571,75256.59602968353
60,60,572,75125.33914652896
60,60,573,74994.24353427712
60,60,574,74863.61328958656
60,60,575,74733.43242195813
60,60,576,74603.70378010297
60,60,577,74474.43098340365
60,60,578,74345.60658453373
60,60,579,74217.22680196475
60,60,580,74089.28343496627
60,60,581,73961.91397550462
60,60,582,73834.84653880964
60,60,583,73708.20862488884
60,60,584,73582.02550456814
60,60,585,73456.39769854333
60,60,586,73331.0633429958
60,60,587,73206.19952402984
60,60,588,73082.88109501741
60,60,589,72958.81081726591
60,60,590,72835.33098357258
60,60,591,72712.2526656443
60,60,592,72589.50691106697
60,60,593,72467.10546000181
60,60,594,72346.07927894683
60,60,595,72224.5252446867
60,60,596,72106.61733124526
60,60,597,71986.26575874852
60,60,598,71866.21105288155
60,60,599,71746.24572965642
60,60,600,71626.67863885217
60,60,601,71513.34294756629
60,60,602,71394.56984962245
60,60,603,71276.21875493306
60,60,604,71158.29796115815
60,60,605,71040.70463982667
60,60,606,70923.92872192552
60,60,607,70807.11978711003
60,60,608,70690.69907399522
60,60,609,70574.67009795313
60,60,610,70459.03153220842
60,60,611,70344.0974700337
60,60,612,70229.22965847343
60,60,613,70114.70888518772
60,60,614,70000.53326381352
60,60,615,69886.72217250438
60,60,616,69773.68430033028
60,60,617,69660.60699704818
60,60,618,69547.90811854604
60,60,619,69435.59618221688
60,60,620,69324.06600296785
60,60,621,69212.44040281333
60,60,622,69101.17883980875
60,60,623,68990.38466049258
60,60,624,68879.85450911576
60,60,625,68769.68315660016
60,60,626,68659.90778320805
60,60,627,68550.50761191959
60,60,628,68441.87940675097
60,60,629,68333.09021332471
60,60,630,68224.65053651802
60,60,631,68116.62928487113
60,60,632,68009.1848431161
60,60,633,67901.8240679471
60,60,634,67794.75758183537
60,60,635,67688.01641654734
60,60,636,67581.81581437975
60,60,637,67477.48815412298
60,60,638,67371.73817322099
60,60,639,67266.32339679862
60,60,640,67161.22602402736
60,60,641,67138.84509614113
60,60,642,67034.29287854713
60,60,643,66930.41615751709
60,60,644,66826.50633303156
60,60,645,66722.94282666786
60,60,646,66620.04924946139
60,60,647,66517.12062552763
60,60,648,66414.58428525859
60,60,649,66314.10126344403
60,60,650,66212.08508620397
60,60,651,66110.63764324869
60,60,652,66009.25005466142
60,60,653,65908.17400237711
60,60,654,65807.44800479697
60,60,655,65708.06367235842
60,60,656,65607.90312871551
60,60,657,65508.08391926839
60,60,658,65408.55711680667
60,60,659,65309.4776417192
60,60,660,65210.563073200734
60,60,661,65111.92308778852
60,60,662,65013.56998284376
60,60,663,64915.51350995985
60,60,664,64817.79601995879
60,60,665,64720.38780700162
60,60,666,64623.27093455805
60,60,667,64526.411217039706
60,60,668,64430.126473073506
60,60,669,64333.84026921658
60,60,670,64240.29782400164
60,60,671,64144.60149085226
60,60,672,64049.26139618575
60,60,673,63954.31085476472
60,60,674,63859.63902923016
60,60,675,63765.09802692449
60,60,676,63670.84689362037
60,60,677,63576.886076180584
60,60,678,63483.144689483284
60,60,679,63389.67982783672
60,60,680,63296.476938749925
60,60,681,63203.87076068351
60,60,682,63111.19969659412
60,60,683,63018.81171499523
60,60,684,62926.692715044206
60,60,685,62834.965464146444
60,60,686,62746.39115156217
60,60,687,62655.13507737518
60,60,688,62564.0791712534
60,60,689,62473.648833466104
60,60,690,62383.4286300408
60,60,691,62293.184269813384
60,60,692,62203.21175130284
60,60,693,62113.46417445559
60,60,694,62024.028555480865
60,60,695,61934.79626858078
60,60,696,61846.01077571863
60,60,697,61759.19231034537
60,60,698,61670.75372798446
60,60,699,61582.91467465148
60,60,700,61494.948776643854
60,60,701,61407.2594259942
60,60,702,61319.79215816392
60,60,703,61232.5777421143
60,60,704,61145.66028825184
60,60,705,61058.94918850588
60,60,706,60972.571161526175
60,60,707,60886.37871646364
60,60,708,60800.45474786634
60,60,709,60714.888895905584
60,60,710,60629.42694478527
60,60,711,60545.75499446059
60,60,712,60460.73099502104
60,60,713,60375.94329195592
60,60,714,60291.38815653921
60,60,715,60207.099815073256
60,60,716,60123.023592136415
60,60,717,60039.175745613094
60,60,718,59955.58479756626
60,60,719,59872.218352650816
60,60,720,59789.11381958307
60,60,721,59706.26888993987
60,60,722,59623.588483366715
60,60,723,59541.27918757213
60,60,724,59459.08745236454
60,60,725,59377.17243049298
60,60,726,59295.910473441676
60,60,727,59216.0801114697
60,60,728,59134.759892483016
60,60,729,59053.648022662506
60,60,730,58972.96948898222
60,60,731,58892.56840671271
60,60,732,58812.11672406817
60,60,733,58731.9321376346
60,60,734,58653.70097007294
60,60,735,58573.96687322878
60,60,736,58507.42752994387
60,60,737,58429.6841608784
60,60,738,58350.55266508583
60,60,739,58271.61448376103
60,60,740,58192.87682256754
60,60,741,58114.67585757981
60,60,742,58036.36610826166
60,60,743,57958.27918380124
60,60,744,57880.45855385462
60,60,745,57802.79865087883
60,60,746,57725.32309829971
60,60,747,57648.056925869154
60,60,748,57571.14176830777
60,60,749,57494.295428685844
60,60,750,57417.66789635268
60,60,751,57341.254544120544
60,60,752,57265.01347512785
60,60,753,57189.08601019048
60,60,754,57113.39802854909
60,60,755,57037.90436614483
60,60,756,56962.47121778817
60,60,757,56887.2276028798
60,60,758,56812.21291714143
60,60,759,56737.38395751043
60,60,760,56662.91032139759
60,60,761,56588.46523817955
60,60,762,56514.24660325852
60,60,763,56440.32652946445
60,60,764,56366.46219627246
60,60,765,56292.80576707396
60,60,766,56219.34082575257
60,60,767,56146.06278492171
60,60,768,56072.96151925504
60,60,769,56000.14135939861
60,60,770,55928.05476333002
60,60,771,55855.81757828628
60,60,772,55783.59368375461
60,60,773,55711.471755181854
60,60,774,55639.57534142982
60,60,775,55570.638152037136
60,60,776,55499.62051498641
60,60,777,55428.20064855681
60,60,778,55370.60855077176
60,60,779,55299.55758950694
60,60,780,55228.6709970841
60,60,781,55158.0253636771
60,60,782,55088.05761895449
60,60,783,55017.70984848252
60,60,784,54947.559933385535
60,60,785,54877.568625346554
60,60,786,54807.86017860201
60,60,787,54738.226901185684
60,60,788,54668.76618304717
60,60,789,54600.10399388059
60,60,790,54533.23642101406
60,60,791,54464.30399317873
60,60,792,54395.67929240129
60,60,793,54327.087708072606
60,60,794,54258.79692851658
60,60,795,54293.21917359055
60,60,796,54225.01963841386
60,60,797,54161.79092119109
60,60,798,54093.93053412473
60,60,799,54026.23767676955
60,60,800,53959.31719138081
60,60,801,53892.07498169885
60,60,802,53824.93931267938
60,60,803,53758.900267208126
60,60,804,53692.043009951616
60,60,805,53625.403255108344
60,60,806,53558.89036638697
60,60,807,53492.94458841202
60,60,808,53426.77567621961
60,60,809,53360.744155515626
60,60,810,53294.908048747864
60,60,811,53229.23470891257
60,60,812,53163.829411642495
60,60,813,53098.47765636567
60,60,814,53033.26648525781
60,60,815,52968.20466599736
60,60,816,52903.29802085678
60,60,817,52838.71650960435
60,60,818,52774.81622947356
60,60,819,52710.38671866771
60,60,820,52656.247717101935
60,60,821,52592.51079114633
60,60,822,52530.486587488216
60,60,823,52957.78092493129
60,60,824,52893.550411341675
60,60,825,52829.44173192929
60,60,826,52765.80994933482
60,60,827,52702.25353221318
60,60,828,52638.619244435184
60,60,829,52575.17896022817
60,60,830,52511.91934069389
60,60,831,52448.73424152419
60,60,832,52385.75414046025
60,60,833,52323.20419472453
60,60,834,52260.4730525012
60,60,835,52197.93544720869
60,60,836,52135.50520120881
60,60,837,52073.2792822549
60,60,838,52011.32725834378
60,60,839,51949.36969855769
60,60,840,51887.58188491943
60,60,841,51825.887613561375
60,60,842,51764.342106168304
60,60,843,51702.94608704409
60,60,844,51641.98726599832
60,60,845,51580.89463418484
60,60,846,51520.307057935584
60,60,847,51459.50101643169
60,60,848,51465.15721880603
60,60,849,51404.793872152426
60,60,850,51344.323893926856
60,60,851,51284.543389944854
60,60,852,51224.42430615443
60,60,853,51164.3775707497
60,60,854,51104.61269634185
60,60,855,51045.151928182306
60,60,856,50985.639942127265
60,60,857,50926.29570174694
60,60,858,50867.01543834398
60,60,859,50807.80837167181
60,60,860,50748.836230449
60,60,861,50689.96945401412
60,60,862,50631.18221821754
60,60,863,50572.55641458375
60,60,864,50514.07794055466
60,60,865,50455.701238122645
60,60,866,50397.44231797326
60,60,867,50339.48316879498
60,60,868,50281.49126223481
60,60,869,50223.77270042202
60,60,870,50166.05196384511
60,60,871,50108.66441274543
60,60,872,50051.20947432499
60,60,873,49993.93215293488
60,60,874,52005.87980729688
60,60,875,51948.64895312548
60,60,876,51889.412772638
60,60,877,51830.25612092384
60,60,878,51771.24405499728
60,60,879,51712.384658062365
60,60,880,51653.683584512924
60,60,881,51595.07291578598
60,60,882,51536.586503732615
60,60,883,51478.91855372784
60,60,884,51420.70346319782
60,60,885,51362.63055106908
60,60,886,51304.69590262328
60,60,887,51246.87355578029
60,60,888,51189.1814878142
60,60,889,51131.60719759323
60,60,890,51074.1666681384
60,60,891,51016.854620353486
60,60,892,50959.691206676434
60,60,893,50902.64389480695
60,60,894,50845.76093604017
60,60,895,50794.14698211044
60,60,896,50737.465060924944
60,60,897,50680.91296709757
60,60,898,50624.50315697189
60,60,899,50568.21621350713
60,60,900,50512.81393393791
60,60,901,50456.896842766684
60,60,902,50401.214067711066
60,60,903,50345.42385020776
60,60,904,50364.47564845663
60,60,905,50308.834588656675
60,60,906,50253.39228776192
60,60,907,50197.996277183825
60,60,908,50142.719681890994
60,60,909,50087.5662273259
60,60,910,50032.54005693135
60,60,911,49977.63806320619
60,60,912,49922.85996548536
60,60,913,49868.81754170943
60,60,914,49814.275234019304
60,60,915,49759.85996029193
60,60,916,49705.546078550295
60,60,917,49651.52079291845
60,60,918,49597.44337403836
60,60,919,49543.48943225771
60,60,920,49489.64536304916
60,60,921,49435.93999697874
60,60,922,49382.34239473071
60,60,923,49330.1436887446
60,60,924,49276.87095555309
60,60,925,49223.66968274806
60,60,926,49170.73183830144
60,60,927,49117.697051466035
60,60,928,49064.7877077289
60,60,929,49012.121496560445
60,60,930,48959.43722132418
60,60,931,48906.87619276686
60,60,932,48854.4933704654
60,60,933,48802.1579345939
60,60,934,48749.91175951423
60,60,935,48698.44034616158
60,60,936,48646.413667723544
60,60,937,48595.15953228427
60,60,938,48543.43167198787
60,60,939,48647.753785728404
60,60,940,48596.02104710007
60,60,941,48548.74739026515
60,60,942,48497.24749603094
60,60,943,48445.86795506176
60,60,944,48394.55555137893
60,60,945,48343.40786042152
60,60,946,48292.32828055755
60,60,947,48241.343792594744
60,60,948,48190.47583843471
60,60,949,48139.82123239579
60,60,950,48089.51997896217
60,60,951,48038.95465727802
60,60,952,47988.51840729976
60,60,953,47938.263070953435
60,60,954,48008.6285634226
60,60,955,47958.416791030264
60,60,956,47908.25887095795
60,60,957,47858.221571710485
60,60,958,47808.33320403954
60,60,959,47758.509124990465
60,60,960,47708.76333767596
60,60,961,47659.13064772864
60,60,962,47609.60556984882
60,60,963,47560.18856800502
60,60,964,47510.89021362547
60,60,965,47461.6685361007
60,60,966,47413.11788819668
60,60,967,47364.434808293554
60,60,968,47315.555017102604
60,60,969,47266.73122347295
60,60,970,47218.017465688696
60,60,971,47169.39526968678
60,60,972,47120.99778333412
60,60,973,47072.571380857444
60,60,974,47024.64821389287
60,60,975,46976.77159894806
60,60,976,46928.643735202444
60,60,977,46880.615461808404
60,60,978,46832.727828938805
60,60,979,46784.89492465383
60,60,980,46737.1880472376
60,60,981,46689.59232729533
60,60,982,46642.052419434825
60,60,983,46594.624996878236
60,60,984,46547.303792832965
60,60,985,46500.07198756907
60,60,986,46453.44287760896
60,60,987,46406.40950338072
60,60,988,46359.471940406234
60,60,989,46312.78816807894
60,60,990,46266.01706251309
60,60,991,46219.767192083506
60,60,992,46173.18642111052
60,60,993,46128.386017045894
60,60,994,46082.04927804274
60,60,995,46035.75092088936
60,60,996,45989.556756032725
60,60,997,45944.533831454006
60,60,998,45898.51478572589
60,60,999,45852.58200963084
60,60,1000,45806.741300822054
60,60,1001,45761.01814256451
60,60,1002,45715.40447820895
60,60,1003,45698.76451385395
60,60,1004,45653.25477392861
60,60,1005,45608.362709164256
60,60,1006,45563.05615042288
60,60,1007,45517.85838136767
60,60,1008,45472.71944317747
60,60,1009,45427.67027626573
60,60,1010,45394.33409614983
60,60,1011,45349.49612819353
60,60,1012,45304.91417521748
60,60,1013,45260.21621782889
60,60,1014,45223.1817198115
60,60,1015,45178.64707534505
60,60,1016,45134.29181695081
60,60,1017,45090.13203114459
60,60,1018,45045.84236341359
60,60,1019,45378.282444162556
60,60,1020,45333.931286992694
60,60,1021,45289.74427985745
60,60,1022,45245.45702876379
60,60,1023,45201.273762485755
60,60,1024,45166.98531985078
60,60,1025,45122.93029644408
60,60,1026,45078.961871294465
60,60,1027,45035.228806217834
60,60,1028,44991.43507455225
60,60,1029,44947.74602274023
60,60,1030,44904.11203860045
60,60,1031,44860.56433793509
60,60,1032,44817.10051002469
60,60,1033,44773.945931150665
60,60,1034,44730.646511723855
60,60,1035,44688.241052460566
60,60,1036,44645.23841021134
60,60,1037,44602.38404022969
60,60,1038,44559.47799605452
60,60,1039,44516.66373993347
60,60,1040,44473.864791760825
60,60,1041,44431.17575987942
60,60,1042,44388.54689619718
60,60,1043,44345.99068152404
60,60,1044,44303.52619786214
60,60,1045,44261.14960994426
60,60,1046,44219.29328232412
60,60,1047,44198.39765190748
60,60,1048,44156.22694745466
60,60,1049,44114.66559285318
60,60,1050,44072.6557428555
60,60,1051,44030.72771649722
60,60,1052,43988.87972390615
60,60,1053,43968.281855341964
60,60,1054,43926.68805221779
60,60,1055,43885.07902465775
60,60,1056,43843.536775275345
60,60,1057,43802.16012858165
60,60,1058,43760.84254453627
60,60,1059,43719.548569565224
60,60,1060,43678.306163959394
60,60,1061,43637.92415993758
60,60,1062,43596.947414357855
60,60,1063,43555.949513178224
60,60,1064,43515.83933681716
60,60,1065,43478.29146149151
60,60,1066,43437.50999449823
60,60,1067,43396.82398767234
60,60,1068,43356.19720406213
60,60,1069,43315.68846037277
60,60,1070,43275.210214588085
60,60,1071,43234.93247022949
60,60,1072,43194.62997816278
60,60,1073,43154.42333414398
60,60,1074,43114.29422309402
60,60,1075,43074.3908930579
60,60,1076,43043.5954145842
60,60,1077,43003.64251585829
60,60,1078,42963.76890320156
60,60,1079,42923.964021117616
60,60,1080,42888.42923726937
60,60,1081,42848.846747191856
60,60,1082,42809.249376047876
60,60,1083,42769.73126327556
60,60,1084,42730.28239404791
60,60,1085,42690.903553940276
60,60,1086,42651.71910115991
60,60,1087,42612.48443765873
60,60,1088,42573.34601840134
60,60,1089,42534.25642271957
60,60,1090,42495.23574135101
60,60,1091,42456.29759427875
60,60,1092,42417.419916049425
60,60,1093,42378.938174528375
60,60,1094,42340.22479982394
60,60,1095,42302.213999578526
60,60,1096,42263.62983431267
60,60,1097,42225.16990001469
60,60,1098,42186.719365427
60,60,1099,42148.41714252259
60,60,1100,42110.1124127264
60,60,1101,42071.92782159156
60,60,1102,42034.140680277626
60,60,1103,41996.055487044774
60,60,1104,41958.07173327587
60,60,1105,41920.63705021656
60,60,1106,41882.75562780614
60,60,1107,41844.94801175478
60,60,1108,41807.23344332424
60,60,1109,41769.65306813906
60,60,1110,41732.025891937774
60,60,1111,41694.53894324721
60,60,1112,41657.08837095789
60,60,1113,41619.896810559374
60,60,1114,41582.616008353
60,60,1115,41545.32475570239
60,60,1116,41508.14548842522
60,60,1117,41471.020698377244
60,60,1118,41434.05040992121
60,60,1119,41397.02475073617
60,60,1120,41360.09165365589
60,60,1121,41323.20354969161
60,60,1122,41286.37792231247
60,60,1123,41249.717441109264
60,60,1124,41213.04752601437
60,60,1125,41179.66924646555
60,60,1126,41143.10385099364
60,60,1127,41106.60608968001
60,60,1128,41070.27378829272
60,60,1129,41033.89797959033
60,60,1130,40997.59406394449
60,60,1131,40961.62215138543
60,60,1132,40925.446499952915
60,60,1133,40889.328672108735
60,60,1134,40853.28013574086
60,60,1135,40817.31048163026
60,60,1136,40781.74327355506
60,60,1137,40745.877480199415
60,60,1138,40710.077697684384
60,60,1139,40676.22023170781
60,60,1140,40640.7272134905
60,60,1141,40611.21822635904
60,60,1142,40575.98071730202
60,60,1143,40541.48608772307
60,60,1144,40506.0605005506
60,60,1145,40472.89897828996
60,60,1146,40437.58811645993
60,60,1147,40402.33682685216
60,60,1148,40367.16641341388
60,60,1149,40332.137021126066
60,60,1150,40297.11647006479
60,60,1151,40262.13165825118
60,60,1152,40227.18876851058
60,60,1153,40192.31176014372
60,60,1154,40158.84319894864
60,60,1155,40124.076636604754
60,60,1156,40089.37953524516
60,60,1157,40054.77091628446
60,60,1158,40020.25154046734
60,60,1159,39985.72658644797
60,60,1160,39951.26408183454
60,60,1161,39916.88426566305
60,60,1162,39882.53887307356
60,60,1163,40757.283230278335
60,60,1164,40722.275910609984
60,60,1165,40687.338930475285
60,60,1166,40652.4685545508
60,60,1167,40617.65673309346
60,60,1168,40582.89987292367
60,60,1169,40548.199804684424
60,60,1170,40513.54829085495
60,60,1171,41397.815696605336
60,60,1172,41362.497182100444
60,60,1173,41327.26107354152
60,60,1174,41292.13663520994
60,60,1175,41257.016230405075
60,60,1176,41221.93937239963
60,60,1177,41186.91872992511
60,60,1178,41152.02969328615
60,60,1179,41119.34176032292
60,60,1180,41084.510985852015
60,60,1181,41049.73155499846
60,60,1182,41027.163089368376
60,60,1183,40993.80208632758
60,60,1184,40959.18850844584
60,60,1185,40924.68941678231
60,60,1186,40890.21014955702
60,60,1187,40855.836241052246
60,60,1188,40821.48184951032
60,60,1189,40787.172807549774
60,60,1190,40752.92867674201
60,60,1191,40718.855676011284
60,60,1192,40684.74928932307
60,60,1193,40650.66885857022
60,60,1194,40616.646247283265
60,60,1195,40582.68282062771
60,60,1196,40548.76737403914
60,60,1197,40514.9034980907
60,60,1198,40481.16402551762
60,60,1199,40447.405953715395
60,60,1200,40413.71557511627
60,61,1,5.468657200438108
60,61,2,5.653361436734128
60,61,3,45.12346162856972
60,61,4,36.45340278279555
60,61,5,31.873513982120794
60,61,6,65.088910605954
60,61,7,63.28783634425969
60,61,8,55.62408257592333
60,61,9,53.19418603658206
60,61,10,49.15456032158012
60,61,11,45.12216348940774
60,61,12,82.53471018445794
60,61,13,76.85309289186381
60,61,14,71.62490611372014
60,61,15,77.92833463619591
60,61,16,73.74957720957117
60,61,17,70.69684187569817
60,61,18,67.70499494035636
60,61,19,64.6460482892655
60,61,20,61.79913050940835
60,61,21,59.03825364844626
60,61,22,56.434813735350616
60,61,23,54.081697156761216
60,61,24,52.25272910275535
60,61,25,51.19641083541391
60,61,26,49.514935953865134
60,61,27,48.51703255375893
60,61,28,47.27651681008347
60,61,29,45.80286805698176
60,61,30,44.669725596762504
60,61,31,43.41546812729172
60,61,32,42.34681378019931
60,61,33,43.59573812689905
60,61,34,43.29614227656327
60,61,35,42.233025751322806
60,61,36,42.068216605085254
60,61,37,41.43949372896844
60,61,38,40.83822325076301
60,61,39,40.11625080766099
60,61,40,39.19420561354443
60,61,41,38.54547937802393
60,61,42,37.80784040366706
60,61,43,37.04905925553077
60,61,44,36.33959889164466
60,61,45,35.75620890879055
60,61,46,35.46402341439061
60,61,47,34.85303194224165
60,61,48,34.924598962135434
60,61,49,35.081987639116626
60,61,50,34.5581756105656
60,61,51,34.233453773687465
60,61,52,33.68167500763158
60,61,53,33.200836411699676
60,61,54,32.73631892024204
60,61,55,32.21756794816704
60,61,56,31.749936271951576
60,61,57,31.265229386528055
60,61,58,31.2469658102799
60,61,59,30.97141205614449
60,61,60,30.64895482689675
60,61,61,30.433727099594016
60,61,62,40.29120240484802
60,61,63,39.86686067821085
60,61,64,39.334894614773994
60,61,65,39.506491071348
60,61,66,39.25253455924762
60,61,67,38.7111567266974
60,61,68,38.58039001673679
60,61,69,38.32984968761777
60,61,70,40.76306001931825
60,61,71,40.247223989994346
60,61,72,39.76684842856238
60,61,73,40.182570244478576
60,61,74,40.38969753011518
60,61,75,45.820138481238196
60,61,76,45.39304652726104
60,61,77,45.56525497147876
60,61,78,45.05193149186341
60,61,79,70.16739324213059
60,61,80,69.52520530905758
60,61,81,68.84837271002556
60,61,82,68.08711339622128
60,61,83,67.30598185013986
60,61,84,66.64140020231636
60,61,85,66.55744611709632
60,61,86,66.66843134243176
60,61,87,66.06485540258913
60,61,88,65.43438488867865
60,61,89,64.7419368584926
60,61,90,64.04149430608783
60,61,91,63.40149054019217
60,61,92,62.935557849588115
60,61,93,62.34327641578103
60,61,94,61.76665785659959
60,61,95,61.712829590398194
60,61,96,61.236520476049996
60,61,97,60.80605137698269
60,61,98,60.213483261468895
60,61,99,60.54003413265378
60,61,100,60.075965225845614
60,61,101,59.591279485518555
60,61,102,59.22687870975055
60,61,103,59.274425736671986
60,61,104,58.778842519880385
60,61,105,58.42530564457541
60,61,106,58.25084111340889
60,61,107,57.82557700651155
60,61,108,57.36573052285309
60,61,109,56.865678038848245
60,61,110,56.629747704117015
60,61,111,56.176608624118685
60,61,112,55.955123057405515
60,61,113,56.05886953164518
60,61,114,55.64978027971524
60,61,115,55.45281117390277
60,61,116,55.049710355742086
60,61,117,56.007328043098326
60,61,118,56.01498223545941
60,61,119,55.57692729940371
60,61,120,55.45533898870262
60,61,121,55.25376721129902
60,61,122,54.97779509324773
60,61,123,54.60103586904297
60,61,124,54.33086326217108
60,61,125,53.93202386723495
60,61,126,53.753855206464905
60,61,127,53.40869150750478
60,61,128,53.0434086910516
60,61,129,52.78519454595588
60,61,130,52.73408829496626
60,61,131,52.34533824419106
60,61,132,52.01598770572602
60,61,133,51.65507250453545
60,61,134,51.364190166712085
60,61,135,51.12971365390282
60,61,136,51.45812492059698
60,61,137,51.1106874846147
60,61,138,50.75129053867598
60,61,139,50.413112815341975
60,61,140,50.11427773407951
60,61,141,49.982577789367475
60,61,142,49.70880819886417
60,61,143,49.441481485975444
60,61,144,56.35878357262168
60,61,145,55.992227851545984
60,61,146,55.89144409418241
60,61,147,55.60925504329946
60,61,148,55.27207422622422
60,61,149,55.05017272786788
60,61,150,54.76794053973954
60,61,151,54.4436941058938
60,61,152,54.106442986023346
60,61,153,57.340403047125555
60,61,154,57.1118959310712
60,61,155,56.79337595179513
60,61,156,56.562706533340894
60,61,157,56.22794492838576
60,61,158,55.95026531328465
60,61,159,55.71374523231959
60,61,160,55.383454878896316
60,61,161,55.14993953431706
60,61,162,54.821696002019706
60,61,163,54.51504076235001
60,61,164,54.37767918044343
60,61,165,54.09396617116119
60,61,166,53.85347744433117
60,61,167,53.63469439218119
60,61,168,53.40519218907626
60,61,169,53.11102967695118
60,61,170,52.92999999005329
60,61,171,52.70021932567784
60,61,172,52.41320047999516
60,61,173,52.145376650169275
60,61,174,52.10265139130324
60,61,175,51.95026609583957
60,61,176,52.16110419238774
60,61,177,51.911356428259246
60,61,178,51.653633996997314
60,61,179,51.42194231174715
60,61,180,51.16846669136294
60,61,181,50.954691874178174
60,61,182,50.71906495514544
60,61,183,50.65237853121762
60,61,184,50.55454738369538
60,61,185,50.323979321385885
60,61,186,50.10206446746351
60,61,187,49.86649910969135
60,61,188,49.6169083522581
60,61,189,49.382970211235644
60,61,190,49.27186176481572
60,61,191,49.71208418307365
60,61,192,49.53028678771267
60,61,193,49.38343415245606
60,61,194,49.17574302706432
60,61,195,48.934974151081285
60,61,196,48.69320958452644
60,61,197,48.47278701662062
60,61,198,48.28008593581759
60,61,199,48.16569246384106
60,61,200,48.16294086423288
60,61,201,49.04818143972283
60,61,202,48.826922261964654
60,61,203,48.64380444519686
60,61,204,48.47415999274219
60,61,205,48.39686469126904
60,61,206,48.18877079015905
60,61,207,47.99837123147394
60,61,208,47.872550875873884
60,61,209,47.67872549408339
60,61,210,47.93644341494186
60,61,211,47.733994343600834
60,61,212,47.589055717788796
60,61,213,49.5233455102917
60,61,214,49.34824958723715
60,61,215,49.48419148531789
60,61,216,49.28241256401694
60,61,217,49.12686081841669
60,61,218,48.94365682208991
60,61,219,48.740914412583216
60,61,220,48.56019033860584
60,61,221,48.35686196353369
60,61,222,48.15556565560646
60,61,223,48.052424242475816
60,61,224,47.91106800539011
60,61,225,48.16106208772245
60,61,226,47.95964346569519
60,61,227,47.7658008483159
60,61,228,47.62220308911975
60,61,229,47.600322084488404
60,61,230,47.451647614603544
60,61,231,47.306634909956166
60,61,232,48.56523318046456
60,61,233,48.38405793701966
60,61,234,48.192042130563074
60,61,235,48.292868937763025
60,61,236,48.13533991101797
60,61,237,47.95437834446576
60,61,238,47.80590336307149
60,61,239,47.77163762324014
60,61,240,47.58145391644179
60,61,241,47.54552148801335
60,61,242,47.47574156115926
60,61,243,47.30191008013313
60,61,244,47.12326875113052
60,61,245,46.97279071697958
60,61,246,46.8884093724589
60,61,247,46.71619402904961
60,61,248,46.53527846468154
60,61,249,46.37121550405197
60,61,250,46.1987128138339
60,61,251,46.070479276741025
60,61,252,46.05534215406963
60,61,253,45.93092734005811
60,61,254,45.8437508404585
60,61,255,45.70368695302916
60,61,256,45.772393221184835
60,61,257,45.622866783434866
60,61,258,45.565991465856065
60,61,259,45.423855327342864
60,61,260,45.3240440452835
60,61,261,45.2768419245657
60,61,262,45.1357274520028
60,61,263,46.781759685302326
60,61,264,46.66439384051615
60,61,265,46.56338125383966
60,61,266,46.43037750307437
60,61,267,46.28398694771397
60,61,268,46.27197127369179
60,61,269,47.73130223646305
60,61,270,47.66273633535658
60,61,271,47.78625734379052
60,61,272,47.645229164535685
60,61,273,47.58917688264693
60,61,274,47.52628986971882
60,61,275,47.366756147274934
60,61,276,47.21682280397993
60,61,277,47.06822200034462
60,61,278,46.91053699104821
60,61,279,46.783484503023
60,61,280,46.629288358348866
60,61,281,46.540794907308936
60,61,282,46.473898166548075
60,61,283,46.32483546555347
60,61,284,46.35288189734834
60,61,285,46.21806492010454
60,61,286,46.14067347265303
60,61,287,46.00068257119405
60,61,288,45.878527065819725
60,61,289,45.73164702891147
60,61,290,45.609968021102006
60,61,291,45.54562894570973
60,61,292,45.545291803648105
60,61,293,45.43040029852495
60,61,294,45.371777764684865
60,61,295,45.27762240078555
60,61,296,45.3221158189608
60,61,297,45.18363538089603
60,61,298,45.081992254214946
60,61,299,44.95938035305532
60,61,300,45.037084077338434
60,61,301,45.127831678946514
60,61,302,44.988771316454766
60,61,303,44.99117329846423
60,61,304,44.869346723899724
60,61,305,44.76787126740247
60,61,306,44.72381390186374
60,61,307,44.64240784679131
60,61,308,45.16607207563497
60,61,309,45.04573528587272
60,61,310,44.90908426624024
60,61,311,44.81164181234083
60,61,312,44.68977410389414
60,61,313,44.69205747768137
60,61,314,44.76969917538365
60,61,315,44.63436601378776
60,61,316,44.518247892572845
60,61,317,44.391342617070435
60,61,318,44.294207347661
60,61,319,44.557319847697045
60,61,320,44.44334025180958
60,61,321,44.770484041441875
60,61,322,45.07871346808857
60,61,323,44.94894557933545
60,61,324,44.844058697619566
60,61,325,44.753340096224065
60,61,326,44.63217736570637
60,61,327,44.514009706447645
60,61,328,44.39039547169829
60,61,329,44.26678179152184
60,61,330,44.256955391881164
60,61,331,44.13563222480352
60,61,332,44.02638083412592
60,61,333,43.95409835982237
60,61,334,44.04478482893853
60,61,335,43.95382386428438
60,61,336,43.83515057396162
60,61,337,43.716559707064675
60,61,338,43.65290581274328
60,61,339,43.645812320539854
60,61,340,43.56247835233764
60,61,341,43.4565592908372
60,61,342,43.40590974754411
60,61,343,43.31205700322652
60,61,344,43.2173526956018
60,61,345,43.12608563207241
60,61,346,43.021309021383885
60,61,347,42.95620061981821
60,61,348,42.83787246890406
60,61,349,42.747071627521365
60,61,350,42.66720484165133
60,61,351,42.56501483233283
60,61,352,42.463194571343465
60,61,353,42.358084742100424
60,61,354,42.4600792355305
60,61,355,42.387229976833034
60,61,356,42.35160925416495
60,61,357,42.24582406016486
60,61,358,42.15713878072644
60,61,359,42.12885182591585
60,61,360,42.0370501009586
60,61,361,41.933325459344154
60,61,362,41.838528091126555
60,61,363,41.74216936279523
60,61,364,41.640182461908026
60,61,365,41.556160807052656
60,61,366,41.449722295832984
60,61,367,41.436764143071215
60,61,368,41.415721621731734
60,61,369,41.35562411358325
60,61,370,41.2559822301301
60,61,371,41.152307924771854
60,61,372,41.05000426543531
60,61,373,40.95444298824756
60,61,374,40.85627236479053
60,61,375,40.79097096425238
60,61,376,40.71016536175229
60,61,377,40.696984821314906
60,61,378,40.69901495538318
60,61,379,43.015278691705355
60,61,380,42.91398241453105
60,61,381,42.825153452492515
60,61,382,42.82918025036194
60,61,383,42.72227458808688
60,61,384,42.676627071546285
60,61,385,42.5815778601447
60,61,386,42.481029372824345
60,61,387,42.39776846530762
60,61,388,42.33439079300881
60,61,389,42.690301256035625
60,61,390,42.59274352213252
60,61,391,42.60566656134739
60,61,392,42.95506066818133
60,61,393,42.89259172617944
60,61,394,42.89173385301201
60,61,395,42.79524663513977
60,61,396,42.717151564949646
60,61,397,42.68659402423744
60,61,398,42.58785626526176
60,61,399,42.50498851827711
60,61,400,42.880770876768025
60,61,401,42.79059361639051
60,61,402,42.69934128367032
60,61,403,42.61273044320471
60,61,404,42.514971390694605
60,61,405,42.4821566157126
60,61,406,42.39228992388118
60,61,407,42.29385064155174
60,61,408,43.7810734586188
60,61,409,43.70050765294151
60,61,410,43.59956095240164
60,61,411,43.53320250703398
60,61,412,43.45635460657092
60,61,413,43.37442152590573
60,61,414,43.29468253890873
60,61,415,43.19902399214106
60,61,416,43.120306441561084
60,61,417,43.09393997145637
60,61,418,43.012157275339874
60,61,419,42.95681111899825
60,61,420,42.96340411042894
60,61,421,42.88074598949942
60,61,422,42.93889293414146
60,61,423,42.917527559069455
60,61,424,42.84498249219889
60,61,425,42.752462283938314
60,61,426,42.69565038103748
60,61,427,42.64743979397111
60,61,428,42.69751284180905
60,61,429,42.92876412286221
60,61,430,42.834680937479426
60,61,431,42.7443716698839
60,61,432,42.65975450974414
60,61,433,42.571619749644825
60,61,434,42.51351249945066
60,61,435,42.583077266729276
60,61,436,42.51157358737116
60,61,437,42.430912076266495
60,61,438,42.35130349525967
60,61,439,42.41328400041923
60,61,440,42.44550973552055
60,61,441,42.37421561189639
60,61,442,42.3430052168452
60,61,443,42.25480145934126
60,61,444,42.17874990570733
60,61,445,42.12276881101445
60,61,446,42.261488907931664
60,61,447,42.17197028151725
60,61,448,42.31782853662454
60,61,449,42.24338516360892
60,61,450,42.17504283611148
60,61,451,42.09623406307312
60,61,452,42.10179533547561
60,61,453,42.015507823001265
60,61,454,41.949700122034244
60,61,455,41.87063182143749
60,61,456,41.80091781247973
60,61,457,41.779981542334205
60,61,458,41.705078402594154
60,61,459,41.659529542247
60,61,460,41.61651058504299
60,61,461,41.53316101214437
60,61,462,41.46963389334543
60,61,463,41.39491406558345
60,61,464,41.3294492986328
60,61,465,41.442966905087744
60,61,466,41.593459393130146
60,61,467,41.61597305626671
60,61,468,41.56008297907121
60,61,469,41.545195961800424
60,61,470,41.47283125190997
60,61,471,41.393046947735414
60,61,472,41.32072277692526
60,61,473,41.24681827977159
60,61,474,41.189569683592495
60,61,475,41.127532156149
60,61,476,41.07319644352251
60,61,477,41.17711163932892
60,61,478,41.094947568868925
60,61,479,41.233581028380755
60,61,480,41.195247601077995
60,61,481,41.11345059343882
60,61,482,41.04074703871882
60,61,483,42.20573255815632
60,61,484,42.13221449430707
60,61,485,42.056928774861746
60,61,486,42.014461501318735
60,61,487,41.936486708931376
60,61,488,41.86190438438036
60,61,489,41.901208723656815
60,61,490,42.22034009676713
60,61,491,42.14119785255431
60,61,492,42.08053018738769
60,61,493,42.672242629804785
60,61,494,42.60139550777382
60,61,495,42.526436915964325
60,61,496,42.57148058879187
60,61,497,42.495293329195135
60,61,498,42.42395731475964
60,61,499,42.37738162958874
60,61,500,42.312411376589395
60,61,501,42.24955878805533
60,61,502,42.80407809326242
60,61,503,42.73336227468701
60,61,504,57.23155681495765
60,61,505,57.1279907321209
60,61,506,57.02443943182041
60,61,507,56.921958293937294
60,61,508,56.89318610303048
60,61,509,56.793003309814175
60,61,510,56.688658311491345
60,61,511,56.89590022370682
60,61,512,56.79057608341511
60,61,513,56.87680310650716
60,61,514,56.787002564516726
60,61,515,56.704860531305606
60,61,516,56.635477220129175
60,61,517,56.542353792833985
60,61,518,56.47029507825564
60,61,519,56.368437774554444
60,61,520,56.31278118587927
60,61,521,56.222880051184994
60,61,522,56.17516607566891
60,61,523,56.0755112310254
60,61,524,56.00939352438526
60,61,525,55.913362935878325
60,61,526,55.82761405695542
60,61,527,232.53825719582497
60,61,528,232.1064213131145
60,61,529,231.69110429774352
60,61,530,231.42563780160108
60,61,531,230.99809664535505
60,61,532,230.57752551824933
60,61,533,230.16159039099145
60,61,534,229.74588265742958
60,61,535,229.41849684367435
60,61,536,229.18370805032353
60,61,537,229.10449350514946
60,61,538,228.71068098173646
60,61,539,228.43267227651148
60,61,540,228.10326127798245
60,61,541,227.68458513528532
60,61,542,227.2952515439159
60,61,543,226.88213471085834
60,61,544,226.47238728155992
60,61,545,226.07091088593126
60,61,546,225.79306547738463
60,61,547,225.3973485420532
60,61,548,225.01706003965086
60,61,549,224.61195295145745
60,61,550,224.225530738483
60,61,551,223.84472408008625
60,61,552,223.45426076316642
60,61,553,223.05588049137393
60,61,554,223.30344148800054
60,61,555,222.92478171368643
60,61,556,222.5425636871392
60,61,557,222.1944992038111
60,61,558,221.82344369240357
60,61,559,221.90145567478183
60,61,560,221.5255473138575
60,61,561,221.14399165279983
60,61,562,220.83372083799844
60,61,563,220.45442394017005
60,61,564,220.0772969595879
60,61,565,219.69962813349284
60,61,566,219.31664847115235
60,61,567,218.96192644427754
60,61,568,218.58539246254463
60,61,569,218.22799317518906
60,61,570,217.84854118478395
60,61,571,217.48837100972827
60,61,572,217.11418849044455
60,61,573,216.74238186347972
60,61,574,216.3865025160784
60,61,575,216.01857141086649
60,61,576,215.657268934063
60,61,577,215.2994453441167
60,61,578,214.94242838258748
60,61,579,214.58634112733367
60,61,580,214.23377677124873
60,61,581,213.87618418801375
60,61,582,213.51656418317882
60,61,583,213.15632067388384
60,61,584,212.8115901606934
60,61,585,212.45706205718903
60,61,586,212.10918318162166
60,61,587,211.80830815828398
60,61,588,212.304101411616
60,61,589,211.9510885132982
60,61,590,211.61657355073135
60,61,591,211.3128971076168
60,61,592,211.02993619815965
60,61,593,210.6832324822544
60,61,594,210.3691447280535
60,61,595,210.05033393799675
60,61,596,209.72951293054425
60,61,597,209.74224647484422
60,61,598,209.4574261558533
60,61,599,209.11754910592074
60,61,600,208.77710667332047
60,61,601,208.4436136646895
60,61,602,208.11076940268208
60,61,603,207.7985874217185
60,61,604,207.4825289872956
60,61,605,207.14442475543623
60,61,606,207.15008254333804
60,61,607,206.84360727733286
60,61,608,206.51497962221362
60,61,609,206.21909485406542
60,61,610,205.8901536030743
60,61,611,205.9327520528979
60,61,612,205.65834646064485
60,61,613,205.34551276376283
60,61,614,205.02631095466515
60,61,615,204.69923334228102
60,61,616,204.39609583247153
60,61,617,204.073727192474
60,61,618,203.75616444315258
60,61,619,203.44693475295082
60,61,620,203.3296140885768
60,61,621,203.00813579836043
60,61,622,202.69040228076727
60,61,623,202.37162557222348
60,61,624,202.06213990408324
60,61,625,201.7681346654397
60,61,626,201.48802413511052
60,61,627,201.25178308179719
60,61,628,201.2604133640483
60,61,629,200.96030014081896
60,61,630,200.6528648101852
60,61,631,200.35552742750613
60,61,632,200.05999338253437
60,61,633,199.76232580279913
60,61,634,199.452554224072
60,61,635,199.14379045468633
60,61,636,198.8712822012835
60,61,637,198.58804763299653
60,61,638,198.28797786859843
60,61,639,197.98660004506914
60,61,640,197.68346410418252
60,61,641,197.3865664805501
60,61,642,197.0962822884226
60,61,643,197.0932781113105
60,61,644,196.80186825348954
60,61,645,196.50437148260056
60,61,646,196.26560162103183
60,61,647,195.9727240001943
60,61,648,195.67742831160115
60,61,649,195.42968868290836
60,61,650,195.13275066466034
60,61,651,194.88910348846392
60,61,652,194.59887239864926
60,61,653,194.30892535701184
60,61,654,194.0512308182827
60,61,655,194.83356461295807
60,61,656,194.53973987027382
60,61,657,194.2828785397574
60,61,658,194.01202581621615
60,61,659,193.7217825905216
60,61,660,193.4574384810755
60,61,661,193.16778522032627
60,61,662,192.878668562117
60,61,663,192.59113149845822
60,61,664,192.328153592637
60,61,665,192.06164334793615
60,61,666,191.81173245929412
60,61,667,191.54381869180025
60,61,668,191.37268270195057
60,61,669,191.0996194656874
60,61,670,192.37374540045488
60,61,671,192.09997597633094
60,61,672,191.83736305647676
60,61,673,191.6264992720176
60,61,674,191.4576803180413
60,61,675,191.2386807407997
60,61,676,191.0309160452814
60,61,677,190.77412523451875
60,61,678,190.51107453554673
60,61,679,190.23615405775513
60,61,680,189.97326236214735
60,61,681,189.7010570791873
60,61,682,189.4265734002363
60,61,683,189.16229001220566
60,61,684,188.89515192047153
60,61,685,188.63934211019844
60,61,686,188.39345176120986
60,61,687,188.18537261347643
60,61,688,187.92276260210707
60,61,689,187.69462251237476
60,61,690,187.47076594946898
60,61,691,187.23495654075083
60,61,692,187.01043557040902
60,61,693,186.7523272218025
60,61,694,186.5192012209252
60,61,695,186.26176115358237
60,61,696,186.1932539969337
60,61,697,185.96514644499698
60,61,698,185.71863967151924
60,61,699,185.459085229007
60,61,700,185.1991428888812
60,61,701,184.96431272041428
60,61,702,184.70500720341573
60,61,703,184.45136887476173
60,61,704,184.2087572820788
60,61,705,183.9669481939412
60,61,706,183.7242766140307
60,61,707,183.5097631651928
60,61,708,183.2646735616574
60,61,709,183.03145916025105
60,61,710,182.8071054950304
60,61,711,182.55347949094542
60,61,712,182.3096233914572
60,61,713,182.06009222903097
60,61,714,181.81026588329624
60,61,715,181.56187262144016
60,61,716,181.31443303619255
60,61,717,181.0650167335873
60,61,718,180.82458263005765
60,61,719,180.5922545370317
60,61,720,180.38964265475562
60,61,721,180.1421552452048
60,61,722,179.89807265856663
60,61,723,179.71988860708373
60,61,724,179.5157508716347
60,61,725,179.29783271273473
60,61,726,179.05895003307717
60,61,727,178.95278515799095
60,61,728,178.7205726638631
60,61,729,178.47902453425638
60,61,730,178.2524656784152
60,61,731,178.0273122315867
60,61,732,177.78670877000184
60,61,733,177.5755980340693
60,61,734,177.34499146837888
60,61,735,177.13036890055346
60,61,736,176.9263114331113
60,61,737,176.75116941555288
60,61,738,176.55325491112282
60,61,739,176.32640098342762
60,61,740,176.09586994375877
60,61,741,175.8876490077305
60,61,742,175.65632300701174
60,61,743,175.4299810595722
60,61,744,175.25335971280737
60,61,745,175.04072888511266
60,61,746,174.81356155344193
60,61,747,174.5895230974372
60,61,748,174.41089535996306
60,61,749,174.1878730849711
60,61,750,173.97778211363666
60,61,751,173.75736942892598
60,61,752,173.53102487150886
60,61,753,173.30899444226608
60,61,754,173.10849874856314
60,61,755,172.93373912112307
60,61,756,172.71827744255842
60,61,757,172.49400044331153
60,61,758,172.2957761426529
60,61,759,172.08994984874454
60,61,760,171.882753164951
60,61,761,171.67072447249282
60,61,762,171.4698203781566
60,61,763,171.30258738154026
60,61,764,171.08846900362136
60,61,765,170.8815581937275
60,61,766,170.6758780150268
60,61,767,170.47241818046308
60,61,768,170.25478789179084
60,61,769,170.0502733128872
60,61,770,169.83335642414602
60,61,771,169.84695138511745
60,61,772,169.73088674571977
60,61,773,169.5541989104013
60,61,774,169.3492634160941
60,61,775,169.13642573454584
60,61,776,168.92766268935176
60,61,777,168.71866339223197
60,61,778,168.50907890899478
60,61,779,168.29747772973286
60,61,780,168.08400638134938
60,61,781,167.9127041931556
60,61,782,167.7070114730771
60,61,783,167.50008278580748
60,61,784,167.2959942423018
60,61,785,167.08617656251678
60,61,786,166.98059567905833
60,61,787,166.776632628899
60,61,788,166.56876891701032
60,61,789,166.3644698938843
60,61,790,166.23027648450548
60,61,791,166.02580148119122
60,61,792,165.83223105990618
60,61,793,165.62569682229633
60,61,794,165.48058424377146
60,61,795,165.29084084585486
60,61,796,165.09055463136508
60,61,797,164.9138489794142
60,61,798,164.71591970136748
60,61,799,164.51246529039264
60,61,800,164.3632214458728
60,61,801,164.26942633655364
60,61,802,164.08301311082454
60,61,803,163.88876734289323
60,61,804,163.69207795035283
60,61,805,163.54490612378197
60,61,806,163.35490501741705
60,61,807,163.18628156592857
60,61,808,163.00822631614605
60,61,809,162.8157679218043
60,61,810,162.6337975486629
60,61,811,162.47493844264312
60,61,812,162.41424097938068
60,61,813,162.2250532504065
60,61,814,162.03818544204418
60,61,815,161.84890949287544
60,61,816,161.65547096258024
60,61,817,161.46481179304737
60,61,818,161.30637894537554
60,61,819,161.11663536360646
60,61,820,160.9442829846852
60,61,821,160.75714083354944
60,61,822,160.62920224212158
60,61,823,160.4400158673833
60,61,824,160.2775948280606
60,61,825,160.08804746014383
60,61,826,159.94148117251007
60,61,827,159.79537472163852
60,61,828,159.60585815949074
60,61,829,159.4163499545277
60,61,830,159.22992029154233
60,61,831,159.04189813364255
60,61,832,158.86040190667802
60,61,833,159.00411526217678
60,61,834,158.81844897841617
60,61,835,158.65214879237047
60,61,836,158.4703521342957
60,61,837,158.33842699016384
60,61,838,158.1586382150533
60,61,839,157.98200775789513
60,61,840,157.8008856790994
60,61,841,157.61650287274915
60,61,842,157.43304823342743
60,61,843,157.25381203025566
60,61,844,157.11294412758062
60,61,845,156.94460219742146
60,61,846,156.82480101972592
60,61,847,156.64425688137723
60,61,848,156.46267072395068
60,61,849,156.29419979663484
60,61,850,156.11447726433786
60,61,851,155.94317157223307
60,61,852,155.82948740686618
60,61,853,155.65274041174249
60,61,854,155.51970878530705
60,61,855,155.35165547359597
60,61,856,155.17339333061992
60,61,857,155.0007514938303
60,61,858,154.89409101930255
60,61,859,154.72090516432792
60,61,860,154.56970015354875
60,61,861,154.41046368431276
60,61,862,154.24562536789006
60,61,863,154.1096585266021
60,61,864,153.93484827461484
60,61,865,153.76811289537096
60,61,866,153.59461437249436
60,61,867,153.49048996209754
60,61,868,153.31603130047728
60,61,869,153.15056298460678
60,61,870,152.98139600718247
60,61,871,152.84914438078735
60,61,872,152.6827811977282
60,61,873,152.51621956553151
60,61,874,152.39797765003246
60,61,875,152.236031740641
60,61,876,152.06867960272874
60,61,877,151.90557059284808
60,61,878,151.75108239428008
60,61,879,151.59621834892238
60,61,880,151.4773467580305
60,61,881,151.31335774035
60,61,882,151.1485644472807
60,61,883,151.41186269147119
60,61,884,151.24354026929157
60,61,885,151.08049120893824
60,61,886,150.91509736640478
60,61,887,150.75427382046905
60,61,888,150.5976344629778
60,61,889,150.43412565436623
60,61,890,150.27541901766926
60,61,891,150.11363262542685
60,61,892,149.96220897647345
60,61,893,149.8119179825856
60,61,894,149.6664360023123
60,61,895,149.5350277548623
60,61,896,149.37205530693592
60,61,897,149.21429190754714
60,61,898,149.06880607057704
60,61,899,148.92629587974176
60,61,900,149.06596135500487
60,61,901,148.9019040034961
60,61,902,148.7810438979377
60,61,903,148.6406654901744
60,61,904,148.48332875488416
60,61,905,148.3294258815306
60,61,906,148.1920878484936
60,61,907,148.0375032818284
60,61,908,147.88164169114444
60,61,909,147.7241285149907
60,61,910,147.57572474569014
60,61,911,147.42761965162214
60,61,912,147.28773934465175
60,61,913,147.1388645943796
60,61,914,146.99529315814397
60,61,915,146.85759520405057
60,61,916,146.70397166673652
60,61,917,146.55255719791376
60,61,918,146.3987924541745
60,61,919,146.25368266544666
60,61,920,146.09954540984833
60,61,921,145.95275858663368
60,61,922,145.80476511483405
60,61,923,145.6669000613714
60,61,924,145.5810274867301
60,61,925,145.42703637718262
60,61,926,145.28074293394172
60,61,927,145.13198972164565
60,61,928,144.98873231698218
60,61,929,144.84236126511607
60,61,930,144.70272176311758
60,61,931,144.55556387219733
60,61,932,144.48338721722936
60,61,933,144.34650077240835
60,61,934,144.1956168693545
60,61,935,144.08885753046994
60,61,936,143.9364157997923
60,61,937,143.83106580657827
60,61,938,143.70525116636605
60,61,939,143.72407749124864
60,61,940,143.589322392581
60,61,941,145.35025149719564
60,61,942,145.2319721365358
60,61,943,145.09970124073308
60,61,944,144.95059662494387
60,61,945,144.80321047255427
60,61,946,144.66860896894622
60,61,947,144.52645492695223
60,61,948,144.38069111962534
60,61,949,144.25416565107773
60,61,950,144.11055572626793
60,61,951,143.96107338211183
60,61,952,143.82553768890213
60,61,953,143.69661367794205
60,61,954,143.5666030272474
60,61,955,143.45487405874508
60,61,956,143.31278822834437
60,61,957,143.18590710922015
60,61,958,143.0632729113799
60,61,959,142.92343866659718
60,61,960,142.77701597383052
60,61,961,142.63384338664153
60,61,962,142.5017177075961
60,61,963,142.37533731151862
60,61,964,142.23991022428896
60,61,965,142.09760916869988
60,61,966,142.04586059892472
60,61,967,141.91079789552495
60,61,968,141.7930470983671
60,61,969,141.65216295970114
60,61,970,141.51949335814524
60,61,971,141.3788317919316
60,61,972,141.29907169339887
60,61,973,141.15580454984732
60,61,974,141.01823443731652
60,61,975,140.88040867611338
60,61,976,140.73943408595744
60,61,977,140.60178340203228
60,61,978,140.49849332066825
60,61,979,140.35946228574616
60,61,980,140.23141309963606
60,61,981,140.10486758536308
60,61,982,139.9675533031019
60,61,983,139.84605179319544
60,61,984,139.72707126018747
60,61,985,139.59843032298863
60,61,986,139.46187679572472
60,61,987,139.3427840698378
60,61,988,139.2216256934921
60,61,989,139.08857280228165
60,61,990,138.95365097888194
60,61,991,138.85921014258744
60,61,992,138.73117029475668
60,61,993,138.60022714082643
60,61,994,138.4719916374021
60,61,995,138.34511798614807
60,61,996,138.22338910678317
60,61,997,138.09345181874983
60,61,998,137.9633818173194
60,61,999,137.83388044579846
60,61,1000,137.70620996080635
60,61,1001,137.57847592983734
60,61,1002,137.4641834289455
60,61,1003,137.33804043717507
60,61,1004,137.2069715296078
60,61,1005,137.0733851770734
60,61,1006,136.96335084273082
60,61,1007,136.83275744081715
60,61,1008,136.69952317421877
60,61,1009,136.58197721357362
60,61,1010,136.55901054860598
60,61,1011,136.4277641008508
60,61,1012,136.31848494633203
60,61,1013,136.20138671128697
60,61,1014,136.53649946474783
60,61,1015,136.40720462058113
60,61,1016,136.2798249004298
60,61,1017,136.1756438189788
60,61,1018,136.04329859390984
60,61,1019,135.9773243756996
60,61,1020,135.93688587150373
60,61,1021,135.84374277267034
60,61,1022,135.7348219828637
60,61,1023,135.61963714972399
60,61,1024,135.56870037114098
60,61,1025,135.44281944630228
60,61,1026,135.3217613816595
60,61,1027,135.21245120924303
60,61,1028,135.0888408671951
60,61,1029,134.96192687817322
60,61,1030,134.8353283086336
60,61,1031,134.70820080087643
60,61,1032,134.58309880577144
60,61,1033,134.4726841263285
60,61,1034,134.34487925594206
60,61,1035,134.390209240893
60,61,1036,134.33579363833852
60,61,1037,134.2538797726361
60,61,1038,134.14406991284912
60,61,1039,134.08766555414428
60,61,1040,133.96424880274117
60,61,1041,133.86458994027365
60,61,1042,133.74493413675418
60,61,1043,133.61919450338706
60,61,1044,133.49562936397425
60,61,1045,133.37872341399915
60,61,1046,133.25900953558065
60,61,1047,133.18612028444713
60,61,1048,133.06230755004506
60,61,1049,133.38300209284657
60,61,1050,133.25992993780864
60,61,1051,133.13771000789828
60,61,1052,133.01732282311986
60,61,1053,133.00292277637791
60,61,1054,132.97365861158536
60,61,1055,132.85796856191456
60,61,1056,132.74774928371107
60,61,1057,132.7132894799066
60,61,1058,132.6112764271953
60,61,1059,132.49604970225064
60,61,1060,132.37322150949018
60,61,1061,132.27300956602045
60,61,1062,132.15199492586163
60,61,1063,132.0316702450856
60,61,1064,131.92465713849404
60,61,1065,131.8215234629892
60,61,1066,131.70269856283883
60,61,1067,131.6032395021247
60,61,1068,131.48592979763183
60,61,1069,131.38278300267268
60,61,1070,131.26264455021908
60,61,1071,131.15225350479545
60,61,1072,131.0334584984392
60,61,1073,130.95873852410867
60,61,1074,130.88113626779162
60,61,1075,130.87141171774095
60,61,1076,133.57788002699226
60,61,1077,133.462706175625
60,61,1078,133.35205367197796
60,61,1079,133.2338524546949
60,61,1080,133.1575565803826
60,61,1081,133.09031208081467
60,61,1082,132.970200523218
60,61,1083,132.8576928698233
60,61,1084,132.7405040089427
60,61,1085,132.62083250033103
60,61,1086,132.51044933359094
60,61,1087,132.39238160112677
60,61,1088,132.29788798625827
60,61,1089,132.18057808490443
60,61,1090,132.06049968966101
60,61,1091,131.94366528656744
60,61,1092,131.8245433006438
60,61,1093,131.74693837437624
60,61,1094,131.64850064859706
60,61,1095,131.55828724742983
60,61,1096,131.45114980663374
60,61,1097,131.3447335219
60,61,1098,131.23057063225042
60,61,1099,131.18137440861085
60,61,1100,131.07370973838255
60,61,1101,130.9844864197968
60,61,1102,130.89108247980707
60,61,1103,130.7814411476018
60,61,1104,130.67813227667577
60,61,1105,130.56712143364604
60,61,1106,130.4700645574737
60,61,1107,130.35456156636644
60,61,1108,130.24979882062823
60,61,1109,130.16009988733262
60,61,1110,130.04548288895788
60,61,1111,129.97764464289932
60,61,1112,129.87001602184958
60,61,1113,129.80875270507906
60,61,1114,129.72711197515218
60,61,1115,129.61356495944554
60,61,1116,129.5074698901213
60,61,1117,129.40942407547834
60,61,1118,129.2986098869476
60,61,1119,129.18476197091564
60,61,1120,129.08234934859092
60,61,1121,128.97410057970194
60,61,1122,128.86319819479252
60,61,1123,128.83600571481125
60,61,1124,128.73747512561286
60,61,1125,129.26487635262845
60,61,1126,129.152471238707
60,61,1127,129.04338964445316
60,61,1128,128.94363948404242
60,61,1129,128.83112978393606
60,61,1130,128.7199630464691
60,61,1131,128.60985442795237
60,61,1132,128.5007585591421
60,61,1133,128.39108899492305
60,61,1134,128.28102914337805
60,61,1135,128.1912303216193
60,61,1136,128.08867986474584
60,61,1137,127.97786902320674
60,61,1138,127.86995779615017
60,61,1139,127.86356286132265
60,61,1140,127.76114492001636
60,61,1141,131.89456411383946
60,61,1142,131.78893485455993
60,61,1143,132.02258729094993
60,61,1144,131.9105153054529
60,61,1145,132.01857976527032
60,61,1146,131.90537800846667
60,61,1147,131.79361210894223
60,61,1148,131.68520656280512
60,61,1149,131.57459316780896
60,61,1150,131.46382467602476
60,61,1151,131.35261956564528
60,61,1152,131.24419050230077
60,61,1153,131.1365709596154
60,61,1154,131.1732483530375
60,61,1155,131.06190749995233
60,61,1156,130.95165081212548
60,61,1157,130.84634160248635
60,61,1158,130.74984784775148
60,61,1159,130.6418776802903
60,61,1160,130.53191335483186
60,61,1161,130.42876602538016
60,61,1162,130.32271908493823
60,61,1163,130.2274419038973
60,61,1164,130.12256141120272
60,61,1165,130.01544772373447
60,61,1166,129.92831793314056
60,61,1167,129.8402468319061
60,61,1168,129.7395485428632
60,61,1169,129.6403978808183
60,61,1170,129.5334266404656
60,61,1171,129.43037394153782
60,61,1172,129.32282556283852
60,61,1173,129.22371719594568
60,61,1174,129.1187298438597
60,61,1175,129.0304794067454
60,61,1176,128.92542473180546
60,61,1177,128.81804532728614
60,61,1178,128.7130155274553
60,61,1179,128.61280943052117
60,61,1180,128.51484430632493
60,61,1181,128.41093480678524
60,61,1182,128.34977150589756
60,61,1183,128.62921580371793
60,61,1184,128.5299837268991
60,61,1185,128.4324137922815
60,61,1186,128.34893137342726
60,61,1187,128.29162016358936
60,61,1188,128.20676070002847
60,61,1189,128.10816177823264
60,61,1190,128.03086248295767
60,61,1191,127.9325304624287
60,61,1192,127.85728806237886
60,61,1193,127.76693200870193
60,61,1194,127.6710928341376
60,61,1195,127.571409885711
60,61,1196,127.47057242179825
60,61,1197,127.36769877951909
60,61,1198,127.33631405797182
60,61,1199,127.23444044918901
60,61,1200,127.1423500947963
60,62,1,2.8994941765909976
60,62,2,3.209901831655189
60,62,3,7.144787851369028
60,62,4,6.600116410815685
60,62,5,7.068768781393611
60,62,6,7.157422952014464
60,62,7,7.6674079787460965
60,62,8,6.933111608156173
60,62,9,7.4261963735460785
60,62,10,7.954968443078501
60,62,11,7.648000073208396
60,62,12,7.683975556007627
60,62,13,7.713397474108538
60,62,14,7.443358220996165
60,62,15,7.9540876552233994
60,62,16,8.016099502870198
60,62,17,8.783379270721015
60,62,18,8.54383637493833
60,62,19,8.494331810191499
60,62,20,8.319590549005865
60,62,21,8.098397065847312
60,62,22,7.809431521730006
60,62,23,7.5911288867846825
60,62,24,7.501834713459112
60,62,25,7.929033446586074
60,62,26,7.893534987425567
60,62,27,7.785290663196351
60,62,28,7.697053999245449
60,62,29,7.590551986769849
60,62,30,7.543684590001617
60,62,31,7.484240539216518
60,62,32,7.543840897068972
60,62,33,9.782045244340972
60,62,34,9.745704135913064
60,62,35,9.559803162765379
60,62,36,10.30971124271895
60,62,37,10.211612431532664
60,62,38,10.359098444237603
60,62,39,10.304417861181314
60,62,40,10.129676096743022
60,62,41,10.132957224473783
60,62,42,10.090425187245593
60,62,43,9.97055361290303
60,62,44,9.866922265588174
60,62,45,9.791600337197567
60,62,46,9.854773020589136
60,62,47,9.776018557403441
60,62,48,10.370242788931671
60,62,49,10.775861281245442
60,62,50,10.723338145251901
60,62,51,10.667549199791658
60,62,52,10.564142856700204
60,62,53,10.51493129658253
60,62,54,10.472778731106319
60,62,55,10.356698879491328
60,62,56,10.260529245808588
60,62,57,10.14732186738326
60,62,58,10.489879304125576
60,62,59,10.548127178555946
60,62,60,10.564216971997494
60,62,61,10.523926139580542
60,62,62,10.623921511369039
60,62,63,10.647529730243921
60,62,64,10.562456037057936
60,62,65,10.826793375556138
60,62,66,10.836133949658716
60,62,67,10.721740723044437
60,62,68,10.952052534348695
60,62,69,11.000187296552427
60,62,70,12.34263793711859
60,62,71,12.221967665908979
60,62,72,12.113282200960104
60,62,73,12.881696423936408
60,62,74,12.807380781935448
60,62,75,13.418885915697315
60,62,76,13.400441042802871
60,62,77,13.92487231779655
60,62,78,13.81433705905429
60,62,79,14.558236414180115
60,62,80,14.534991286497554
60,62,81,14.446698101189654
60,62,82,14.341109890499647
60,62,83,14.19912701188301
60,62,84,14.161059324905514
60,62,85,14.694606391698978
60,62,86,14.721013854529339
60,62,87,14.71507895388848
60,62,88,14.666393102593116
60,62,89,14.544172294034599
60,62,90,14.404678034251283
60,62,91,14.27361984978013
60,62,92,14.305264223752859
60,62,93,14.188065075440452
60,62,94,14.10193247806491
60,62,95,14.030688886708061
60,62,96,13.976589524451647
60,62,97,13.886491635544761
60,62,98,13.771756818516279
60,62,99,14.284290397840467
60,62,100,14.232881553616231
60,62,101,14.201484294072204
60,62,102,14.253407767972233
60,62,103,14.1756841386147
60,62,104,14.110476804438076
60,62,105,14.182332377809029
60,62,106,14.365071414536654
60,62,107,14.255546407300063
60,62,108,14.19039628828054
60,62,109,14.085970580516877
60,62,110,14.127649333438471
60,62,111,14.05641989545489
60,62,112,14.016692111198632
60,62,113,13.917446518061537
60,62,114,13.876365468209157
60,62,115,13.834982987639293
60,62,116,13.768136532939556
60,62,117,14.316564669060815
60,62,118,14.650248064246675
60,62,119,14.557662923171698
60,62,120,14.466396786872023
60,62,121,14.52010071287314
60,62,122,14.467029951184331
60,62,123,14.38595940000847
60,62,124,14.440078023260588
60,62,125,14.353873146751619
60,62,126,14.399258267691254
60,62,127,14.360862149123514
60,62,128,14.310386304172903
60,62,129,14.229311523750948
60,62,130,14.199024044445096
60,62,131,14.10558719615636
60,62,132,14.066569830211623
60,62,133,13.990989591242249
60,62,134,13.909877727974054
60,62,135,13.919018576501824
60,62,136,14.478191296652406
60,62,137,14.399010583200182
60,62,138,14.303579556022408
60,62,139,14.22175467844356
60,62,140,14.181826766264807
60,62,141,14.279877458366201
60,62,142,14.22950195903206
60,62,143,14.199789824823954
60,62,144,14.144254145737944
60,62,145,14.069617889171251
60,62,146,14.0301294524845
60,62,147,13.99820612095592
60,62,148,13.937884675315656
60,62,149,13.991088643957058
60,62,150,13.969972641041547
60,62,151,13.911700028659034
60,62,152,13.839349895461533
60,62,153,13.768021366576916
60,62,154,13.762695718837506
60,62,155,13.723210157957173
60,62,156,13.768043873845746
60,62,157,13.70223365431535
60,62,158,13.682338102149027
60,62,159,13.633291973688276
60,62,160,13.56624926566254
60,62,161,13.591233764798679
60,62,162,13.518748871408734
60,62,163,13.45977921334862
60,62,164,13.558665464433144
60,62,165,13.523007792597102
60,62,166,13.468849281749232
60,62,167,13.466803491297474
60,62,168,13.449664472144981
60,62,169,13.392069818080293
60,62,170,13.334816184383183
60,62,171,13.334268067654302
60,62,172,13.276532616159317
60,62,173,13.21345553798098
60,62,174,13.18320748449131
60,62,175,13.141548127761864
60,62,176,13.107034087329344
60,62,177,13.077992123727096
60,62,178,13.037291681734366
60,62,179,13.013166097795203
60,62,180,12.972845345100657
60,62,181,12.928028222044789
60,62,182,12.902396520332454
60,62,183,13.036637542067961
60,62,184,13.143364082885592
60,62,185,13.111900960463771
60,62,186,13.087160565890494
60,62,187,13.044394370143753
60,62,188,12.99053525586782
60,62,189,12.948659433851173
60,62,190,12.91253011831205
60,62,191,13.001503431099158
60,62,192,12.959229335481519
60,62,193,12.906868351058272
60,62,194,12.886289568081235
60,62,195,12.831535051573367
60,62,196,12.77349057120058
60,62,197,12.735666189329487
60,62,198,12.723491623028238
60,62,199,12.77944660737852
60,62,200,12.903548573915982
60,62,201,13.422017415754109
60,62,202,13.374198943696483
60,62,203,13.335847271290637
60,62,204,13.33670383040566
60,62,205,13.359560101461616
60,62,206,13.31961076954337
60,62,207,13.269059453131321
60,62,208,13.229381857812955
60,62,209,13.1943101588249
60,62,210,13.161011146462325
60,62,211,13.121966962111985
60,62,212,13.139955164471846
60,62,213,13.097172941697405
60,62,214,13.08450380906851
60,62,215,13.17148963974209
60,62,216,13.133921873374309
60,62,217,13.120661621015767
60,62,218,13.083881392245813
60,62,219,13.043147531991556
60,62,220,12.992005103769426
60,62,221,12.949390643247227
60,62,222,12.909302047401841
60,62,223,12.956716742026785
60,62,224,12.954744152865242
60,62,225,13.25708275736854
60,62,226,13.208346116385586
60,62,227,13.163050124402458
60,62,228,13.150731291278746
60,62,229,13.279828349952219
60,62,230,13.277321426415515
60,62,231,13.256399179129636
60,62,232,13.534254851714842
60,62,233,13.500144493104868
60,62,234,13.45094600901482
60,62,235,13.481824055191586
60,62,236,13.457655163555826
60,62,237,13.42099456897553
60,62,238,13.395648339145827
60,62,239,13.473759780574843
60,62,240,13.425836636228441
60,62,241,13.448759624680177
60,62,242,13.495241522319583
60,62,243,13.461156885980312
60,62,244,13.415660268888434
60,62,245,13.380833800753107
60,62,246,13.401066515656895
60,62,247,13.363323198809372
60,62,248,13.315982664565775
60,62,249,13.284793362490303
60,62,250,13.238640925597055
60,62,251,13.206777072997854
60,62,252,13.174275808425804
60,62,253,13.17315764741269
60,62,254,13.182189286915145
60,62,255,13.168874740091784
60,62,256,13.26304634381221
60,62,257,13.229107768020823
60,62,258,13.238471152789494
60,62,259,13.215040710108651
60,62,260,13.227971567524714
60,62,261,13.302281403557046
60,62,262,13.27382799899107
60,62,263,13.245453547791273
60,62,264,13.254635609916345
60,62,265,13.26170090181126
60,62,266,13.248784291216673
60,62,267,13.219522881000241
60,62,268,13.193567274358246
60,62,269,13.153461708929846
60,62,270,13.17381705706679
60,62,271,13.345982229590552
60,62,272,13.306445740860159
60,62,273,13.37177066196956
60,62,274,13.362410321027179
60,62,275,13.328100997849262
60,62,276,13.301575843426273
60,62,277,13.275301514207595
60,62,278,13.239349024576034
60,62,279,13.229710552493154
60,62,280,13.193357751039848
60,62,281,13.154132036236918
60,62,282,13.191005305836779
60,62,283,13.15569083861814
60,62,284,13.134088607370204
60,62,285,13.115821115857115
60,62,286,13.154084282604716
60,62,287,13.123840072465214
60,62,288,13.10600072019289
60,62,289,13.071222506211926
60,62,290,13.04012453373154
60,62,291,13.078831347294267
60,62,292,13.10384431433795
60,62,293,13.087194414891615
60,62,294,13.109715194536916
60,62,295,13.0887797358308
60,62,296,13.086814574323794
60,62,297,13.05435092558343
60,62,298,13.060832132020566
60,62,299,13.038809848861849
60,62,300,13.04720765165997
60,62,301,13.054964692090246
60,62,302,13.021603744054467
60,62,303,13.061127003647329
60,62,304,13.029802221840075
60,62,305,13.02672000479011
60,62,306,13.042114377149282
60,62,307,13.057075369887832
60,62,308,13.281641349617164
60,62,309,13.263613556786305
60,62,310,13.226399861208947
60,62,311,13.225936928344975
60,62,312,13.204747964523586
60,62,313,13.279668428179493
60,62,314,13.337186674556689
60,62,315,13.300871590131276
60,62,316,13.279581583520816
60,62,317,13.251559252265123
60,62,318,13.220239668413639
60,62,319,13.301569882465653
60,62,320,13.285137638720917
60,62,321,13.395157374972307
60,62,322,13.527968331573236
60,62,323,13.496445821455122
60,62,324,13.475290811827351
60,62,325,13.452682634963304
60,62,326,13.426251626616255
60,62,327,13.397370817372835
60,62,328,13.368622783479069
60,62,329,13.338641009045334
60,62,330,13.329245169422412
60,62,331,13.29987080149411
60,62,332,13.2742569200654
60,62,333,13.253780421682503
60,62,334,13.436310219316862
60,62,335,13.43092660724035
60,62,336,13.396929257843997
60,62,337,13.368222257548208
60,62,338,13.341030163669842
60,62,339,13.35592789453378
60,62,340,13.345785457469912
60,62,341,13.322657484801566
60,62,342,13.292563267477407
60,62,343,13.264559438641093
60,62,344,13.244293299676244
60,62,345,13.217961939804653
60,62,346,13.189167825249033
60,62,347,13.1634309040822
60,62,348,13.130714844494683
60,62,349,13.124752844061401
60,62,350,13.11968638370234
60,62,351,13.096509993121925
60,62,352,13.073064242284504
60,62,353,13.049541705797292
60,62,354,13.0613400026386
60,62,355,13.043560529131737
60,62,356,13.04636610075458
60,62,357,13.023092255410388
60,62,358,13.010501142941447
60,62,359,13.005405848266372
60,62,360,12.991552647456437
60,62,361,12.966552462459603
60,62,362,12.939919208579365
60,62,363,12.924371647077587
60,62,364,12.901105157771392
60,62,365,12.883966076359863
60,62,366,12.85585278733176
60,62,367,12.84812452360538
60,62,368,12.857990400333941
60,62,369,12.835703119906148
60,62,370,12.812821340939934
60,62,371,12.783573932617747
60,62,372,12.757494879836205
60,62,373,12.737651697292154
60,62,374,12.714974412611275
60,62,375,12.72137653559979
60,62,376,12.708508493661139
60,62,377,12.769587733581707
60,62,378,12.845317137660079
60,62,379,12.983343025854214
60,62,380,12.961222584310395
60,62,381,12.948392781042932
60,62,382,12.959627490955203
60,62,383,12.931051887576253
60,62,384,12.928149451839888
60,62,385,12.909757635434618
60,62,386,12.886054255571416
60,62,387,12.865577308296343
60,62,388,12.877671084422843
60,62,389,12.862336926956171
60,62,390,12.840569932476674
60,62,391,12.904717093263374
60,62,392,13.051063801459499
60,62,393,13.051111484692473
60,62,394,13.087251522505172
60,62,395,13.06228640097692
60,62,396,13.05149980598951
60,62,397,13.095335473860736
60,62,398,13.070845905683692
60,62,399,13.061222393189816
60,62,400,13.03823926350367
60,62,401,13.02073964895138
60,62,402,13.002532890134734
60,62,403,12.988192891493863
60,62,404,12.963900955726269
60,62,405,12.96604785698283
60,62,406,12.949643915455725
60,62,407,12.924078957462786
60,62,408,12.914865613290573
60,62,409,12.909733839678603
60,62,410,12.8821879172072
60,62,411,12.855028767037375
60,62,412,12.850148167157387
60,62,413,12.839415116729949
60,62,414,12.826453982709642
60,62,415,12.804204915206176
60,62,416,12.778558853262332
60,62,417,12.811512298997302
60,62,418,12.802194725208711
60,62,419,12.819074929553619
60,62,420,12.89344309419483
60,62,421,12.882792317673161
60,62,422,12.893222096770808
60,62,423,12.878796941741525
60,62,424,12.876382056749483
60,62,425,12.852664538124108
60,62,426,12.844419018180439
60,62,427,12.829803473373648
60,62,428,12.866141057858957
60,62,429,12.961721874719416
60,62,430,12.937152423671195
60,62,431,12.91520548473457
60,62,432,12.89921390393581
60,62,433,12.879771966637765
60,62,434,12.873959733244522
60,62,435,12.867586355101334
60,62,436,12.863520200113832
60,62,437,12.843890830203733
60,62,438,12.831680219550517
60,62,439,12.883678542828964
60,62,440,12.982703514393737
60,62,441,12.960480736809934
60,62,442,12.94123295313804
60,62,443,12.918954505756236
60,62,444,12.899539555198253
60,62,445,12.901786969426203
60,62,446,12.941526046121894
60,62,447,12.916750802446819
60,62,448,13.107458483311039
60,62,449,13.094185467005103
60,62,450,13.081069509136318
60,62,451,13.06376646317602
60,62,452,13.095596855711968
60,62,453,13.072115541700564
60,62,454,13.069377688309654
60,62,455,13.052553517617472
60,62,456,13.028693310337884
60,62,457,13.01253954371788
60,62,458,12.997254340429025
60,62,459,12.978638965221156
60,62,460,12.976686682707411
60,62,461,12.95511340122036
60,62,462,12.943253366199002
60,62,463,12.926643105217275
60,62,464,12.918191711863756
60,62,465,12.9317625314391
60,62,466,12.920731844049008
60,62,467,12.923063453074029
60,62,468,12.914065635827766
60,62,469,12.912888697499229
60,62,470,12.89098514022422
60,62,471,12.869530480392319
60,62,472,12.855218879365953
60,62,473,12.840754451872442
60,62,474,12.835721873282216
60,62,475,12.833684965209843
60,62,476,12.82009503168241
60,62,477,12.807655849193639
60,62,478,12.785450033247733
60,62,479,12.815674456109539
60,62,480,12.828903466986842
60,62,481,12.805620387414224
60,62,482,12.790563546471766
60,62,483,12.800765229368025
60,62,484,12.782331566296621
60,62,485,12.767750913437819
60,62,486,12.771286112751339
60,62,487,12.752151922604112
60,62,488,12.737516233581665
60,62,489,12.836395018796514
60,62,490,12.96371324041157
60,62,491,12.944179350523587
60,62,492,12.942791085243062
60,62,493,12.932758459354885
60,62,494,12.913906922981713
60,62,495,12.897799582540861
60,62,496,12.893511812579197
60,62,497,12.874149806371808
60,62,498,12.856858944714677
60,62,499,12.863210134593356
60,62,500,12.847646924871917
60,62,501,12.836823603594341
60,62,502,12.999344102389697
60,62,503,12.980473591171043
60,62,504,13.082301718671907
60,62,505,13.06204773517192
60,62,506,13.045643835449154
60,62,507,13.030155866279271
60,62,508,13.029392303688256
60,62,509,13.013911197319448
60,62,510,12.99683757505151
60,62,511,13.06013562762884
60,62,512,13.040052866754728
60,62,513,13.127879982011638
60,62,514,13.122063912165856
60,62,515,13.124275241675871
60,62,516,13.11744009841336
60,62,517,13.108588359012755
60,62,518,13.089803201940336
60,62,519,13.071595106916758
60,62,520,13.052069337619784
60,62,521,13.044265065981879
60,62,522,13.07822819955768
60,62,523,13.059322242651922
60,62,524,13.045392248601726
60,62,525,13.030957348404387
60,62,526,13.025237481968707
60,62,527,13.100204163816821
60,62,528,13.084324795382523
60,62,529,13.082784008588856
60,62,530,13.108121410472465
60,62,531,13.091526389798696
60,62,532,13.074263412726285
60,62,533,13.062568540131668
60,62,534,13.05317067606943
60,62,535,13.074221109696392
60,62,536,13.06127956415145
60,62,537,13.096433015418093
60,62,538,13.093589347083984
60,62,539,13.129747050506866
60,62,540,13.162801237596831
60,62,541,13.142017575871659
60,62,542,13.133431424704915
60,62,543,13.114140767719643
60,62,544,13.09607323961846
60,62,545,13.077571919798523
60,62,546,13.071742963702112
60,62,547,13.058429321193895
60,62,548,13.06565480967841
60,62,549,13.046460528741127
60,62,550,13.034367899707512
60,62,551,13.019464789751318
60,62,552,13.00388618624969
60,62,553,12.985551943625032
60,62,554,12.970427877774542
60,62,555,12.968652155228135
60,62,556,12.96094768123338
60,62,557,12.985843261695718
60,62,558,12.969807842337474
60,62,559,13.36228248792629
60,62,560,13.353296994650634
60,62,561,13.342256277968941
60,62,562,13.378349379018509
60,62,563,13.367570950717953
60,62,564,13.353037732291412
60,62,565,13.336043863622487
60,62,566,13.318004087888006
60,62,567,13.298105933594496
60,62,568,13.281766697812996
60,62,569,13.270815731784584
60,62,570,13.249947306594477
60,62,571,13.234642048698685
60,62,572,13.217896776529145
60,62,573,13.201437319571426
60,62,574,13.200398942386135
60,62,575,13.182306598067116
60,62,576,13.165973278765343
60,62,577,13.158265182058184
60,62,578,13.151181672774397
60,62,579,13.143658729253076
60,62,580,13.138843161348131
60,62,581,13.125967929640062
60,62,582,13.109338141510124
60,62,583,13.09331259507331
60,62,584,13.09138886978746
60,62,585,13.078399515694393
60,62,586,13.070498961622
60,62,587,13.100052059730737
60,62,588,13.229573264382891
60,62,589,13.214403064822907
60,62,590,13.200144448123242
60,62,591,13.2294193725412
60,62,592,13.226262935651077
60,62,593,13.207303213178536
60,62,594,13.219815282384713
60,62,595,13.228427000028567
60,62,596,13.215527505225241
60,62,597,13.242767599015801
60,62,598,13.280424018798877
60,62,599,13.26751613381205
60,62,600,13.253541697024858
60,62,601,13.240171999307329
60,62,602,13.229914142727225
60,62,603,13.226305685805565
60,62,604,13.232322127351807
60,62,605,13.2148526106369
60,62,606,13.516972818244854
60,62,607,13.506042645394382
60,62,608,13.495167442310402
60,62,609,13.494042100493116
60,62,610,13.479112320715911
60,62,611,13.474903198853792
60,62,612,13.49540649324815
60,62,613,13.481416211032796
60,62,614,13.471152095020129
60,62,615,13.454467571553034
60,62,616,13.442995216567772
60,62,617,13.430852322916055
60,62,618,13.42168368344474
60,62,619,13.411140182604477
60,62,620,13.56070218186635
60,62,621,13.544018093597689
60,62,622,13.529349781286003
60,62,623,13.513407266556507
60,62,624,13.50672365632066
60,62,625,13.504821628888749
60,62,626,13.500480365872914
60,62,627,13.49129989713426
60,62,628,13.474444676190155
60,62,629,13.464372842753257
60,62,630,13.45387705153226
60,62,631,13.446826873530187
60,62,632,13.44299841770142
60,62,633,13.432393574231119
60,62,634,13.415975041115322
60,62,635,13.400328089250696
60,62,636,13.408219475023852
60,62,637,13.415144769553185
60,62,638,13.404884754337763
60,62,639,13.392895836750682
60,62,640,13.378214904733998
60,62,641,13.367894194477108
60,62,642,13.361485308878482
60,62,643,13.346551486425339
60,62,644,13.337879405212936
60,62,645,13.323422817464724
60,62,646,13.311361669912229
60,62,647,13.300324599836902
60,62,648,13.286883792139875
60,62,649,13.274016281645812
60,62,650,13.257319194228979
60,62,651,13.26129685182556
60,62,652,13.247822537937045
60,62,653,13.233610752648707
60,62,654,13.21701568195557
60,62,655,13.684803855233067
60,62,656,13.667165571508848
60,62,657,13.685585968016623
60,62,658,13.681326134093885
60,62,659,13.664575747200333
60,62,660,13.654696377939901
60,62,661,13.636414705341615
60,62,662,13.618498761727123
60,62,663,13.60113649819954
60,62,664,13.584765719188008
60,62,665,13.580051255450234
60,62,666,13.587001856566905
60,62,667,13.586168687786053
60,62,668,13.676190468128679
60,62,669,13.66557714767576
60,62,670,13.653535003579204
60,62,671,13.645841588116847
60,62,672,13.648583688456247
60,62,673,13.634309030658901
60,62,674,13.728362589048395
60,62,675,13.738191056241375
60,62,676,13.73312608352838
60,62,677,13.728256712585676
60,62,678,13.717824095273787
60,62,679,13.702808520670562
60,62,680,13.6918444665479
60,62,681,13.677563842074296
60,62,682,13.660518812515603
60,62,683,13.650363599574804
60,62,684,13.637980638579718
60,62,685,13.631664527764086
60,62,686,13.639949536302954
60,62,687,13.644730359914849
60,62,688,13.635158321629643
60,62,689,13.623700266577947
60,62,690,13.612275698584336
60,62,691,13.625899641560354
60,62,692,13.652048711615016
60,62,693,13.640367104351293
60,62,694,13.639096980241156
60,62,695,13.625549358747563
60,62,696,13.801477380899923
60,62,697,13.804586928248648
60,62,698,13.789837335611985
60,62,699,13.774426222230298
60,62,700,13.759429269648026
60,62,701,13.769220283130721
60,62,702,13.753212460215769
60,62,703,13.74331447834488
60,62,704,13.74037760526497
60,62,705,13.739319425996541
60,62,706,13.730789971611127
60,62,707,13.718591208498987
60,62,708,13.708183168589601
60,62,709,13.69402157227215
60,62,710,13.70073511070384
60,62,711,13.684885571493078
60,62,712,13.677943724335131
60,62,713,13.664090870997661
60,62,714,13.648448703368693
60,62,715,13.635025069513686
60,62,716,13.621633365295311
60,62,717,13.605658810814422
60,62,718,13.597193487262006
60,62,719,13.58425664288834
60,62,720,13.612529941298387
60,62,721,13.59629339752354
60,62,722,13.579682640659577
60,62,723,13.585704497286002
60,62,724,13.573939285282336
60,62,725,13.564652780356587
60,62,726,13.55370115892936
60,62,727,13.593251193707234
60,62,728,13.579964594446862
60,62,729,13.564763311624231
60,62,730,13.564072027640737
60,62,731,13.561393345131155
60,62,732,13.545824502187683
60,62,733,13.544912371768458
60,62,734,13.537222750828791
60,62,735,13.521790575438134
60,62,736,13.533442256551073
60,62,737,13.52830775537052
60,62,738,13.53579196423605
60,62,739,13.525646233987718
60,62,740,13.515001442266117
60,62,741,13.524786491949868
60,62,742,13.51190437560513
60,62,743,13.501290178522648
60,62,744,13.487659811635888
60,62,745,13.488740550859944
60,62,746,13.47859427545966
60,62,747,13.470509805271222
60,62,748,13.499755011634871
60,62,749,13.48532023280515
60,62,750,13.486305812907053
60,62,751,13.475422995513577
60,62,752,13.461935271426825
60,62,753,13.450984642886452
60,62,754,13.448748065874025
60,62,755,13.437665479810866
60,62,756,13.425981237330594
60,62,757,13.4125160509983
60,62,758,13.408822957348251
60,62,759,13.4052420037387
60,62,760,13.40677802522533
60,62,761,13.39475426244067
60,62,762,13.381051123526625
60,62,763,13.3673614240062
60,62,764,13.356920913450717
60,62,765,13.34528836001444
60,62,766,13.331762835227908
60,62,767,13.332430899239922
60,62,768,13.319753708176593
60,62,769,13.316835521041973
60,62,770,13.303328525236093
60,62,771,13.500320645736908
60,62,772,13.568395848464013
60,62,773,13.559614738255663
60,62,774,13.546222744890729
60,62,775,13.531680254568991
60,62,776,13.521891234108315
60,62,777,13.508576953968065
60,62,778,13.493964385117133
60,62,779,13.48005276135295
60,62,780,13.46498327527565
60,62,781,13.473575855956055
60,62,782,13.462553471480133
60,62,783,13.452036646317065
60,62,784,13.440190782981517
60,62,785,13.426585974690482
60,62,786,13.423403852410422
60,62,787,13.411841952958174
60,62,788,13.398594820064256
60,62,789,13.388022514991246
60,62,790,13.379539761649413
60,62,791,13.36758018835047
60,62,792,13.360397147851003
60,62,793,13.346337210050244
60,62,794,13.349703374918814
60,62,795,13.339235534774085
60,62,796,13.327544329507601
60,62,797,13.329486144757203
60,62,798,13.320446789177295
60,62,799,13.305932166350436
60,62,800,13.299766096018741
60,62,801,13.338734791775238
60,62,802,13.33078531281743
60,62,803,13.316279822943898
60,62,804,13.305779345783579
60,62,805,13.297062846953667
60,62,806,13.29343944616506
60,62,807,13.309791860593005
60,62,808,13.302496137085493
60,62,809,13.295133345458405
60,62,810,13.29763080619572
60,62,811,13.297043464883505
60,62,812,13.301949268941353
60,62,813,13.296133031491609
60,62,814,13.283858525335258
60,62,815,13.276447149921193
60,62,816,13.263577196566427
60,62,817,13.25256733872127
60,62,818,13.248259844819682
60,62,819,13.237521871271111
60,62,820,13.241985015425445
60,62,821,13.231029737116645
60,62,822,13.265190147185693
60,62,823,13.253929819025094
60,62,824,13.269378392500364
60,62,825,13.257931657868943
60,62,826,13.261000467092632
60,62,827,13.261688803987235
60,62,828,13.248540699973452
60,62,829,13.23523530570784
60,62,830,13.223110624066425
60,62,831,13.209389770191043
60,62,832,13.202192661885515
60,62,833,13.215553056778008
60,62,834,13.203590387570175
60,62,835,13.195147046021624
60,62,836,13.184982450731273
60,62,837,13.200028568202697
60,62,838,13.190160031408677
60,62,839,13.179735160090297
60,62,840,13.170804599454668
60,62,841,13.157319055134332
60,62,842,13.145422790294472
60,62,843,13.136980650423057
60,62,844,13.166298033479567
60,62,845,13.158513556266271
60,62,846,13.157679199237746
60,62,847,13.146263487527403
60,62,848,13.133612061644829
60,62,849,13.13213569938781
60,62,850,13.120544890603677
60,62,851,13.116219848618075
60,62,852,13.127404109960839
60,62,853,13.118025670271036
60,62,854,13.146189724488954
60,62,855,13.14399043332192
60,62,856,13.131388037711412
60,62,857,13.121468968470847
60,62,858,13.119686414576154
60,62,859,13.110862690190455
60,62,860,13.124320001067833
60,62,861,13.119306885461516
60,62,862,13.114242840857669
60,62,863,13.112524038526336
60,62,864,13.100714429316064
60,62,865,13.09594298324968
60,62,866,13.08289106778254
60,62,867,13.092413153376297
60,62,868,13.079869231737998
60,62,869,13.075008617662434
60,62,870,13.066849157475053
60,62,871,13.06412607685125
60,62,872,13.057672717214231
60,62,873,13.050493390162622
60,62,874,13.061395019715174
60,62,875,13.053757131530537
60,62,876,13.04264913449901
60,62,877,13.03806125623921
60,62,878,13.036693308216647
60,62,879,13.03896013611524
60,62,880,13.048541526962877
60,62,881,13.040929963066818
60,62,882,13.031365888009825
60,62,883,13.086260993451642
60,62,884,13.073248676037155
60,62,885,13.063745867954362
60,62,886,13.054060288197931
60,62,887,13.04866373403351
60,62,888,13.047668640041138
60,62,889,13.037177970282036
60,62,890,13.031942888977719
60,62,891,13.023286440099847
60,62,892,13.018490605964967
60,62,893,13.020613299963749
60,62,894,13.017410405508688
60,62,895,13.020402866730688
60,62,896,13.009772315013263
60,62,897,13.003409505827738
60,62,898,13.009565209363663
60,62,899,13.003602973240525
60,62,900,12.991545685007642
60,62,901,12.978502724182439
60,62,902,12.98126708191627
60,62,903,12.972508438008745
60,62,904,12.96549435231523
60,62,905,12.956578810379815
60,62,906,12.967926621614566
60,62,907,12.961349668673947
60,62,908,12.9512723403982
60,62,909,12.942363100043025
60,62,910,12.938018566989316
60,62,911,12.928675211719574
60,62,912,12.936162830489307
60,62,913,12.932985984092952
60,62,914,12.924335961594396
60,62,915,12.932365299158548
60,62,916,12.924567731015696
60,62,917,12.919270602420783
60,62,918,12.91036020663771
60,62,919,12.902376761136072
60,62,920,12.893192077244995
60,62,921,12.89053040010811
60,62,922,12.885925212138527
60,62,923,12.891816653931702
60,62,924,12.948370500929258
60,62,925,12.937948283142463
60,62,926,12.926388413532907
60,62,927,12.916801023235237
60,62,928,12.911761901696563
60,62,929,12.904730767614762
60,62,930,12.907041906289814
60,62,931,12.89751418652069
60,62,932,12.934226349104696
60,62,933,12.933334844225847
60,62,934,12.92151520715462
60,62,935,12.955053561738463
60,62,936,12.94234460492128
60,62,937,12.94675616871509
60,62,938,12.94310376166327
60,62,939,12.939016422767365
60,62,940,12.932887287364629
60,62,941,13.156385986431129
60,62,942,13.143705372391913
60,62,943,13.150486393163954
60,62,944,13.141135652957583
60,62,945,13.132597768446965
60,62,946,13.136258837458136
60,62,947,13.128471162156794
60,62,948,13.12101255469994
60,62,949,13.128923155200264
60,62,950,13.12285406979885
60,62,951,13.111197961586065
60,62,952,13.109016969862996
60,62,953,13.104019207336938
60,62,954,13.094247573564134
60,62,955,13.095585297245163
60,62,956,13.089824705596385
60,62,957,13.092353586845052
60,62,958,13.093393346246593
60,62,959,13.089097980419131
60,62,960,13.077854421337184
60,62,961,13.06962416013964
60,62,962,13.070883647757197
60,62,963,13.071328258538438
60,62,964,13.07047320614084
60,62,965,13.062046011176179
60,62,966,13.062282166043198
60,62,967,13.05595813880558
60,62,968,13.049564610771224
60,62,969,13.041461195049905
60,62,970,13.040968822258947
60,62,971,13.030431801487786
60,62,972,13.02770341864577
60,62,973,13.016250538692418
60,62,974,13.010224705024486
60,62,975,13.003311579621506
60,62,976,12.991597018378897
60,62,977,12.984747588176893
60,62,978,12.982321798805339
60,62,979,12.972999453089898
60,62,980,12.971100999404594
60,62,981,12.973916088148298
60,62,982,12.965270609724033
60,62,983,12.971942903955371
60,62,984,12.96312049201743
60,62,985,12.963132758028873
60,62,986,12.953592318154502
60,62,987,12.96306502890015
60,62,988,12.96592813944451
60,62,989,12.958219610440054
60,62,990,12.94847683977166
60,62,991,12.981292974212627
60,62,992,12.970986846920079
60,62,993,12.966205153853853
60,62,994,12.956588254875227
60,62,995,12.946126282314497
60,62,996,12.943159767184884
60,62,997,12.937653967224279
60,62,998,12.932891716968935
60,62,999,12.924444610387248
60,62,1000,12.922001987293672
60,62,1001,12.917614916280543
60,62,1002,12.925475292315218
60,62,1003,12.921512753831157
60,62,1004,12.913701812094384
60,62,1005,12.90377161811765
60,62,1006,12.897121455441534
60,62,1007,12.888137729020734
60,62,1008,12.877606477849369
60,62,1009,12.882592406654561
60,62,1010,12.926483861828926
60,62,1011,12.916433112141045
60,62,1012,12.919565417706155
60,62,1013,12.913033817418789
60,62,1014,12.938716215709455
60,62,1015,12.931236187046547
60,62,1016,12.924880807754608
60,62,1017,12.916730786420992
60,62,1018,12.905480282308412
60,62,1019,12.960183179485158
60,62,1020,12.977596764027489
60,62,1021,12.995455049243972
60,62,1022,12.9931939959534
60,62,1023,12.997070642016164
60,62,1024,13.058845999792206
60,62,1025,13.052410483301301
60,62,1026,13.046052133873204
60,62,1027,13.047246296537221
60,62,1028,13.042497170756407
60,62,1029,13.033016334927638
60,62,1030,13.025080968612816
60,62,1031,13.01618980579275
60,62,1032,13.008529116553381
60,62,1033,13.015819858797864
60,62,1034,13.005735273061513
60,62,1035,13.071851080955565
60,62,1036,13.062923672807386
60,62,1037,13.07945197630424
60,62,1038,13.075060458996516
60,62,1039,13.126756783756814
60,62,1040,13.119662396000889
60,62,1041,13.12377718858849
60,62,1042,13.117939645318131
60,62,1043,13.10787232501926
60,62,1044,13.099297267458285
60,62,1045,13.08968022436236
60,62,1046,13.08117467925318
60,62,1047,13.110574918426426
60,62,1048,13.100764407882188
60,62,1049,13.116934127182041
60,62,1050,13.108177919551432
60,62,1051,13.099765798753834
60,62,1052,13.0921926233375
60,62,1053,13.189343493100836
60,62,1054,13.196919594969255
60,62,1055,13.189609427654908
60,62,1056,13.180805425534391
60,62,1057,13.236225143651899
60,62,1058,13.245470237277852
60,62,1059,13.242988641392735
60,62,1060,13.232854116961454
60,62,1061,13.239346232915162
60,62,1062,13.230085969197955
60,62,1063,13.220856070888962
60,62,1064,13.225288919321208
60,62,1065,13.219721215386581
60,62,1066,13.210908485209686
60,62,1067,13.22068408577693
60,62,1068,13.213973272475384
60,62,1069,13.215501526687268
60,62,1070,13.205918790504239
60,62,1071,13.205759806477893
60,62,1072,13.196574722269503
60,62,1073,13.229097083274148
60,62,1074,13.260926135886145
60,62,1075,13.35751449638052
60,62,1076,13.525892549920767
60,62,1077,13.521321673362118
60,62,1078,13.519817200066225
60,62,1079,13.51209956680301
60,62,1080,13.530186928728483
60,62,1081,13.527137546887303
60,62,1082,13.517564630510812
60,62,1083,13.513697850385249
60,62,1084,13.506378906707344
60,62,1085,13.496663387414422
60,62,1086,13.493250246886932
60,62,1087,13.485218279894344
60,62,1088,13.486782107404377
60,62,1089,13.47738995714634
60,62,1090,13.466162534271557
60,62,1091,13.457387710313595
60,62,1092,13.446591086255971
60,62,1093,13.468793677666275
60,62,1094,13.47142693502967
60,62,1095,13.470231947526383
60,62,1096,13.460516553804453
60,62,1097,13.454895943463562
60,62,1098,13.446729233459449
60,62,1099,13.456115028084715
60,62,1100,13.454639089585983
60,62,1101,13.461925805416639
60,62,1102,13.463891677063208
60,62,1103,13.460563733468947
60,62,1104,13.450683488540466
60,62,1105,13.444393878799726
60,62,1106,13.449396143708352
60,62,1107,13.439225313168787
60,62,1108,13.439571249496193
60,62,1109,13.436192023205793
60,62,1110,13.426601582146478
60,62,1111,13.463727624910806
60,62,1112,13.457891268117411
60,62,1113,13.45532599526546
60,62,1114,13.474724803156407
60,62,1115,13.465434726190917
60,62,1116,13.458842470502733
60,62,1117,13.45464610993543
60,62,1118,13.44753845117407
60,62,1119,13.437223225011879
60,62,1120,13.436642964603768
60,62,1121,13.430543475885955
60,62,1122,13.421051544280425
60,62,1123,13.480881611750302
60,62,1124,13.471212157621533
60,62,1125,13.483099029360515
60,62,1126,13.4734966839595
60,62,1127,13.467041175213676
60,62,1128,13.459351188871842
60,62,1129,13.449215340913998
60,62,1130,13.440098350299435
60,62,1131,13.431185010069585
60,62,1132,13.421771606588399
60,62,1133,13.413512758182891
60,62,1134,13.404656339381676
60,62,1135,13.397744777796934
60,62,1136,13.396083241776736
60,62,1137,13.386170761357235
60,62,1138,13.378482059725785
60,62,1139,13.456160457073707
60,62,1140,13.4504784624897
60,62,1141,13.469219099484821
60,62,1142,13.466716269336438
60,62,1143,13.47933688363415
60,62,1144,13.470712513321882
60,62,1145,13.472891511442302
60,62,1146,13.462856269630805
60,62,1147,13.454110877532418
60,62,1148,13.44679762715505
60,62,1149,13.437429860490848
60,62,1150,13.428415578906414
60,62,1151,13.419278821146374
60,62,1152,13.411031416761986
60,62,1153,13.405320025244613
60,62,1154,13.397399506420859
60,62,1155,13.387659491531641
60,62,1156,13.3791472324673
60,62,1157,13.37557448303471
60,62,1158,13.369433195131322
60,62,1159,13.361169204410942
60,62,1160,13.352093874142843
60,62,1161,13.34530469437902
60,62,1162,13.337203931993203
60,62,1163,13.33827677833415
60,62,1164,13.333441271964656
60,62,1165,13.326615755929058
60,62,1166,13.339556101219593
60,62,1167,13.337418929949962
60,62,1168,13.333147809354065
60,62,1169,13.333122356146538
60,62,1170,13.325431077631082
60,62,1171,13.320873961490593
60,62,1172,13.312139253861279
60,62,1173,13.306276211164645
60,62,1174,13.298579536732989
60,62,1175,13.308424563058582
60,62,1176,13.300580708966812
60,62,1177,13.29065261809196
60,62,1178,13.282852037103845
60,62,1179,13.275195883181555
60,62,1180,13.27490419462827
60,62,1181,13.267947219859305
60,62,1182,13.261797628708505
60,62,1183,13.253268502567078
60,62,1184,13.248614845928598
60,62,1185,13.24578877062348
60,62,1186,13.250534328847499
60,62,1187,13.288325129868706
60,62,1188,13.280063582992751
60,62,1189,13.277732168914575
60,62,1190,13.27843134231516
60,62,1191,13.276503006433071
60,62,1192,13.294725158150744
60,62,1193,13.287734101729994
60,62,1194,13.279736600065265
60,62,1195,13.273593325289427
60,62,1196,13.265420732594501
60,62,1197,13.257291026020741
60,62,1198,13.258015122669297
60,62,1199,13.249827692140503
60,62,1200,13.252050532139357
60,68,1,1.5586907213814503
60,68,2,2.520980626860523
60,68,3,3.367438880056978
60,68,4,3.056502603974249
60,68,5,2.9228859578874817
60,68,6,2.9298915372044227
60,68,7,3.1266621001742676
60,68,8,2.9886949985627402
60,68,9,3.0140665937110014
60,68,10,3.0671156269836755
60,68,11,3.138654963769905
60,68,12,3.099919585393492
60,68,13,3.082231607966883
60,68,14,3.076495569126563
60,68,15,3.10397828316526
60,68,16,3.1849006054439664
60,68,17,3.344480340563016
60,68,18,3.3517900954134072
60,68,19,3.3085989764880366
60,68,20,3.245322309842295
60,68,21,3.224051315195302
60,68,22,3.1765056587408282
60,68,23,3.127656959540251
60,68,24,3.188125520893365
60,68,25,3.125517929585137
60,68,26,3.138809709274384
60,68,27,3.1739394748310485
60,68,28,3.2276373283366433
60,68,29,3.2167363743252873
60,68,30,3.254560600414619
60,68,31,3.246493329107006
60,68,32,3.265482850599238
60,68,33,3.3269850176887563
60,68,34,3.3341671529939796
60,68,35,3.300724065982408
60,68,36,3.3414063856087797
60,68,37,3.342288408471571
60,68,38,3.3629449101850213
60,68,39,3.336452415508354
60,68,40,3.320327009830043
60,68,41,3.3600610353524893
60,68,42,3.346549524734327
60,68,43,3.343649213583825
60,68,44,3.3073822000804878
60,68,45,3.2977650480248655
60,68,46,3.305968507912817
60,68,47,3.2945874610231876
60,68,48,3.395953291809709
60,68,49,3.3987293690826954
60,68,50,3.3803421858850338
60,68,51,3.427953679980496
60,68,52,3.421788017725557
60,68,53,3.4268277327645813
60,68,54,3.413879568147612
60,68,55,3.381774998837554
60,68,56,3.358730278181388
60,68,57,3.349953068380673
60,68,58,3.336021538781434
60,68,59,3.3355293766334047
60,68,60,3.321624151928829
60,68,61,3.3379154064429843
60,68,62,3.365869980732073
60,68,63,3.361199001220258
60,68,64,3.3482280760032057
60,68,65,3.3602149168502056
60,68,66,3.3569785460257497
60,68,67,3.347354428938698
60,68,68,3.3356000451187855
60,68,69,3.368969561769333
60,68,70,3.359997603305589
60,68,71,3.363033209493608
60,68,72,3.3444273369637436
60,68,73,3.361088003071876
60,68,74,3.368285780871261
60,68,75,3.389221396555584
60,68,76,3.4005455992821427
60,68,77,3.3856639843987435
60,68,78,3.3856461204028143
60,68,79,3.4221459048389384
60,68,80,3.4707678636547312
60,68,81,3.4641830295468123
60,68,82,3.4608224617555985
60,68,83,3.444735246713718
60,68,84,3.445466342217685
60,68,85,3.4489441897895623
60,68,86,3.480684194949344
60,68,87,3.4939015424223387
60,68,88,3.517387704280067
60,68,89,3.5040446340811235
60,68,90,3.487905139437379
60,68,91,3.478552512125348
60,68,92,3.4967162871157855
60,68,93,3.482417406448993
60,68,94,3.4809397992174076
60,68,95,3.4837128447962473
60,68,96,3.4774198077477716
60,68,97,3.4693170664738937
60,68,98,3.460916525872487
60,68,99,3.4552789804889246
60,68,100,3.449100124016907
60,68,101,3.4684251796333396
60,68,102,3.4730930518609417
60,68,103,3.480460403613881
60,68,104,3.4747122145491676
60,68,105,3.461146495890832
60,68,106,3.4907331491669376
60,68,107,3.4835868235271024
60,68,108,3.4771393852626495
60,68,109,3.46747692230478
60,68,110,3.4646455239977776
60,68,111,3.462958073997051
60,68,112,3.4645887245367875
60,68,113,3.45154140401679
60,68,114,3.4456961816143443
60,68,115,3.4424996843396674
60,68,116,3.4377991209199674
60,68,117,3.43440526680428
60,68,118,3.4239317428764577
60,68,119,3.414654555280516
60,68,120,3.4027339606948854
60,68,121,3.397120473699274
60,68,122,3.403361390095704
60,68,123,3.3987594190279453
60,68,124,3.3893624033002396
60,68,125,3.3741791407072244
60,68,126,3.381706505539094
60,68,127,3.381892254980202
60,68,128,3.393088202466126
60,68,129,3.3909146893402955
60,68,130,3.3975408480573424
60,68,131,3.388818760113387
60,68,132,3.3840082835327188
60,68,133,3.37412898663137
60,68,134,3.3739803053319526
60,68,135,3.3650026371523034
60,68,136,3.3768453728576855
60,68,137,3.370554443746307
60,68,138,3.3591190260752954
60,68,139,3.354016910165531
60,68,140,3.346853233587215
60,68,141,3.3489326761084235
60,68,142,3.348862717480679
60,68,143,3.366410498885138
60,68,144,3.3737237524739925
60,68,145,3.3730488222412176
60,68,146,3.381577216828465
60,68,147,3.3805088638888927
60,68,148,3.369389224337836
60,68,149,3.3844366711587925
60,68,150,3.3957750137483624
60,68,151,3.393382184011791
60,68,152,3.3875921745826285
60,68,153,3.3845318857809272
60,68,154,3.384532824424642
60,68,155,3.384407239150789
60,68,156,3.380858546748275
60,68,157,3.3796106307827793
60,68,158,3.3707873734006784
60,68,159,3.3615995677107278
60,68,160,3.354709174587371
60,68,161,3.3471343206452535
60,68,162,3.340387476196934
60,68,163,3.3370322284137623
60,68,164,3.3353185937933376
60,68,165,3.333050916816489
60,68,166,3.326026746106788
60,68,167,3.32282708794497
60,68,168,3.337267529268003
60,68,169,3.336878145858341
60,68,170,3.3379263006548725
60,68,171,3.332730467385034
60,68,172,3.3286696532307056
60,68,173,3.3224605522657313
60,68,174,3.3309743360888464
60,68,175,3.3293699835163633
60,68,176,3.323311231759421
60,68,177,3.3267775886679503
60,68,178,3.326082929053085
60,68,179,3.319117531610642
60,68,180,3.3137423872203637
60,68,181,3.3077758306737297
60,68,182,3.3065530521588635
60,68,183,3.3027015673704456
60,68,184,3.335301663995581
60,68,185,3.3287278934576587
60,68,186,3.322694576932156
60,68,187,3.319744991012589
60,68,188,3.3118372371480986
60,68,189,3.3111170303717063
60,68,190,3.3133218881655093
60,68,191,3.374486307475284
60,68,192,3.3651176132432763
60,68,193,3.3596879965980175
60,68,194,3.3547978596210037
60,68,195,3.348184778575107
60,68,196,3.3420601657502096
60,68,197,3.335074179092093
60,68,198,3.340014620421553
60,68,199,3.3473406985799072
60,68,200,3.350318393145293
60,68,201,3.3547515144816336
60,68,202,3.349750755015062
60,68,203,3.3570016738828405
60,68,204,3.3898930795925106
60,68,205,3.3941019172507882
60,68,206,3.3946358260603824
60,68,207,3.3881488879645834
60,68,208,3.3786316714942277
60,68,209,3.37750747979062
60,68,210,3.374818954037235
60,68,211,3.3728306077954637
60,68,212,3.3733769797968067
60,68,213,3.369054614382183
60,68,214,3.3618512879408238
60,68,215,3.369189902795846
60,68,216,3.3736513539115833
60,68,217,3.3701688046643214
60,68,218,3.37118956343972
60,68,219,3.3679342253084563
60,68,220,3.361655006825749
60,68,221,3.3597843485875374
60,68,222,3.3557237309545376
60,68,223,3.3501529657457616
60,68,224,3.3499919618123037
60,68,225,3.349434029163185
60,68,226,3.3468932843858403
60,68,227,3.342437170094187
60,68,228,3.340093603992625
60,68,229,3.36882497209658
60,68,230,3.366110738286963
60,68,231,3.3620117207625153
60,68,232,3.361528015033277
60,68,233,3.3571057190568747
60,68,234,3.35028525772379
60,68,235,3.353063826342927
60,68,236,3.357340160851369
60,68,237,3.3500329582055755
60,68,238,3.353224773257624
60,68,239,3.351390591925337
60,68,240,3.3473747536339813
60,68,241,3.3479162546580525
60,68,242,3.343348934178426
60,68,243,3.3395195560027497
60,68,244,3.333919899187728
60,68,245,3.3335639892138875
60,68,246,3.334455595256267
60,68,247,3.334327504768531
60,68,248,3.331549717843325
60,68,249,3.3267097808122807
60,68,250,3.3184866949543905
60,68,251,3.3202057685708404
60,68,252,3.3177295866862284
60,68,253,3.3260727269685124
60,68,254,3.3270467028490107
60,68,255,3.3303614647582878
60,68,256,3.3417698240627476
60,68,257,3.3413252464193968
60,68,258,3.340648138324891
60,68,259,3.342777363810106
60,68,260,3.344210994307949
60,68,261,3.342274443689602
60,68,262,3.3414842853093054
60,68,263,3.3375470332414605
60,68,264,3.3396383659011186
60,68,265,3.3475262361079223
60,68,266,3.358259466931278
60,68,267,3.3574232352173294
60,68,268,3.350679180007731
60,68,269,3.3486725387033176
60,68,270,3.3430770191116976
60,68,271,3.34366834702097
60,68,272,3.338985435806396
60,68,273,3.3374745630101836
60,68,274,3.3449365150996657
60,68,275,3.3449032280545907
60,68,276,3.34263375532985
60,68,277,3.3371932055084312
60,68,278,3.336074697946222
60,68,279,3.334893092163893
60,68,280,3.3328930984561933
60,68,281,3.329286756417178
60,68,282,3.3284371175819008
60,68,283,3.3219139316170962
60,68,284,3.3178217166293535
60,68,285,3.3145466951177576
60,68,286,3.3218055680561718
60,68,287,3.3245425566371574
60,68,288,3.323149124653717
60,68,289,3.322384041698069
60,68,290,3.320841000521009
60,68,291,3.322077299010037
60,68,292,3.331579150395181
60,68,293,3.3381203792080596
60,68,294,3.3459353855501814
60,68,295,3.3466200304516276
60,68,296,3.3598850505797904
60,68,297,3.358161056009415
60,68,298,3.3552606057427234
60,68,299,3.355833927906878
60,68,300,3.3603704305798865
60,68,301,3.3602405603713628
60,68,302,3.354280885694809
60,68,303,3.35836560749483
60,68,304,3.3557783878885474
60,68,305,3.3549376197596703
60,68,306,3.3597026046874774
60,68,307,3.35590507410213
60,68,308,3.3923666037393625
60,68,309,3.393783681634799
60,68,310,3.388700964671137
60,68,311,3.3830158319219845
60,68,312,3.386481275472827
60,68,313,3.398296498347793
60,68,314,3.4020164100568526
60,68,315,3.3976308695006963
60,68,316,3.397415076447949
60,68,317,3.3950371119763343
60,68,318,3.3932113464414346
60,68,319,3.395616969707461
60,68,320,3.405195174608142
60,68,321,3.4137759528666574
60,68,322,3.4108334219172236
60,68,323,3.407998316135357
60,68,324,3.4043072920468713
60,68,325,3.402702558980524
60,68,326,3.3978087689657106
60,68,327,3.395704615858088
60,68,328,3.391917890320829
60,68,329,3.387732484670271
60,68,330,3.3942381171112666
60,68,331,3.3915324691605515
60,68,332,3.3897113015074574
60,68,333,3.3965509750370244
60,68,334,3.399141953389203
60,68,335,3.398635458172124
60,68,336,3.394750785469235
60,68,337,3.389566520377791
60,68,338,3.3901422743508816
60,68,339,3.388024480801058
60,68,340,3.3836494932108065
60,68,341,3.383720254184319
60,68,342,3.383509533462816
60,68,343,3.378355828182739
60,68,344,3.3764248654370363
60,68,345,3.372484963111829
60,68,346,3.373260205817442
60,68,347,3.36890966775183
60,68,348,3.3637183593014597
60,68,349,3.3747295932641608
60,68,350,3.3718488959783848
60,68,351,3.3686049250141297
60,68,352,3.3658568080613094
60,68,353,3.3659800385644756
60,68,354,3.3762350708204147
60,68,355,3.3768608714743658
60,68,356,3.3811942892059306
60,68,357,3.3782940617795996
60,68,358,3.381872175582462
60,68,359,3.3918819825796396
60,68,360,3.3942855354104458
60,68,361,3.392096532337752
60,68,362,3.3877872905541704
60,68,363,3.391112431568964
60,68,364,3.3899635985101355
60,68,365,3.3887504779348254
60,68,366,3.3864928064630826
60,68,367,3.387552122866141
60,68,368,3.388931090707906
60,68,369,3.3846137188645185
60,68,370,3.38512361832168
60,68,371,3.379419270421009
60,68,372,3.3772788884351352
60,68,373,3.378641700088506
60,68,374,3.3774657687064242
60,68,375,3.3850992751401625
60,68,376,3.38198045757812
60,68,377,3.3847837545956487
60,68,378,3.3848862749807185
60,68,379,3.391502752214449
60,68,380,3.3894502305839374
60,68,381,3.3873919962957584
60,68,382,3.389338440161982
60,68,383,3.386444065529708
60,68,384,3.3918660384011687
60,68,385,3.389519441975101
60,68,386,3.387077665265945
60,68,387,3.3857028228284993
60,68,388,3.384395688176816
60,68,389,3.3828937249315327
60,68,390,3.3814685702021237
60,68,391,3.382674224811707
60,68,392,3.3884848439596875
60,68,393,3.3898487830904824
60,68,394,3.3969717989707955
60,68,395,3.3957622227573365
60,68,396,3.3968542922319096
60,68,397,3.3979054690339088
60,68,398,3.396664886929635
60,68,399,3.398062413254321
60,68,400,3.3968896647195534
60,68,401,3.396782029421419
60,68,402,3.3946066148460163
60,68,403,3.392004329599381
60,68,404,3.390828770061005
60,68,405,3.3998266089567837
60,68,406,3.398472164834184
60,68,407,3.395356410243301
60,68,408,3.395835654496052
60,68,409,3.3954517920321345
60,68,410,3.390171896356909
60,68,411,3.386655557986853
60,68,412,3.3864492987694788
60,68,413,3.38484600846572
60,68,414,3.3864007596697854
60,68,415,3.3837689519652456
60,68,416,3.3808603998129834
60,68,417,3.3790177283188507
60,68,418,3.380549877378432
60,68,419,3.3788745332797596
60,68,420,3.3850692681259993
60,68,421,3.386150797854205
60,68,422,3.3861163406207213
60,68,423,3.384842933072802
60,68,424,3.3812919273592406
60,68,425,3.380288102539277
60,68,426,3.3793891686711404
60,68,427,3.3803962126564615
60,68,428,3.38747267172292
60,68,429,3.3920329096360264
60,68,430,3.3891452819809986
60,68,431,3.388859529971543
60,68,432,3.389516301792216
60,68,433,3.3874034634713697
60,68,434,3.3842572091704106
60,68,435,3.3887261167160876
60,68,436,3.38678868386662
60,68,437,3.3832479108438704
60,68,438,3.38227892947557
60,68,439,3.3823681480967998
60,68,440,3.378316129873781
60,68,441,3.3759704954734104
60,68,442,3.374701753791871
60,68,443,3.3731452429018063
60,68,444,3.3704825944143133
60,68,445,3.3814453627931043
60,68,446,3.3860092398261488
60,68,447,3.3825871665266867
60,68,448,3.3818063062460433
60,68,449,3.385009306746244
60,68,450,3.3815594175630013
60,68,451,3.3828835375541826
60,68,452,3.3827061054541177
60,68,453,3.380680273505994
60,68,454,3.388456081616467
60,68,455,3.3862081136745266
60,68,456,3.3829467480417748
60,68,457,3.380280684594189
60,68,458,3.3778945281814265
60,68,459,3.375666811191198
60,68,460,3.3745569257108756
60,68,461,3.3739564881614683
60,68,462,3.3760165056761204
60,68,463,3.3750244221777477
60,68,464,3.3769071959910457
60,68,465,3.376637021695473
60,68,466,3.376480908300988
60,68,467,3.3750360691992713
60,68,468,3.3730714490742493
60,68,469,3.3784589969017453
60,68,470,3.376188224818385
60,68,471,3.374696819612006
60,68,472,3.3746845318850642
60,68,473,3.3767134741730374
60,68,474,3.377209900958909
60,68,475,3.3882980930884226
60,68,476,3.3877276430544843
60,68,477,3.386681667300804
60,68,478,3.3850627539464444
60,68,479,3.3901045594200103
60,68,480,3.395143210214408
60,68,481,3.392119702957815
60,68,482,3.395075332140386
60,68,483,3.397196166623637
60,68,484,3.3950123507901484
60,68,485,3.3934140719356995
60,68,486,3.395642581270638
60,68,487,3.393737316102226
60,68,488,3.3952966534213944
60,68,489,3.396936725447032
60,68,490,3.3961360505701017
60,68,491,3.3924144639652356
60,68,492,3.3933954115571896
60,68,493,3.393354511264768
60,68,494,3.3896138701028393
60,68,495,3.389780376068113
60,68,496,3.3886068788275736
60,68,497,3.3875005830238942
60,68,498,3.386445286537867
60,68,499,3.385281112629895
60,68,500,3.3825044408793743
60,68,501,3.380456650494771
60,68,502,3.3867601996260612
60,68,503,3.385926057173012
60,68,504,3.399746251534042
60,68,505,3.3979252918695066
60,68,506,3.3952733892198923
60,68,507,3.395982807717649
60,68,508,3.4041916347189747
60,68,509,3.4048056268535793
60,68,510,3.40421908552869
60,68,511,3.4027831539505335
60,68,512,3.4009079026167237
60,68,513,3.412356121218263
60,68,514,3.412868601558741
60,68,515,3.4133710813216607
60,68,516,3.412193490818752
60,68,517,3.4106068574898445
60,68,518,3.4108960001401103
60,68,519,3.408436501884385
60,68,520,3.406643323267275
60,68,521,3.409565936323159
60,68,522,3.4097415519018863
60,68,523,3.406540617645386
60,68,524,3.407054115084092
60,68,525,3.405712819783697
60,68,526,3.40440464560463
60,68,527,3.4069895021807115
60,68,528,3.407651964113824
60,68,529,3.4063073321845434
60,68,530,3.4045118833017476
60,68,531,3.402646148781598
60,68,532,3.4009755867972826
60,68,533,3.3997763181648164
60,68,534,3.4020523890103496
60,68,535,3.400220178637299
60,68,536,3.3988259718208953
60,68,537,3.4008425575481374
60,68,538,3.404309477538895
60,68,539,3.416964248027186
60,68,540,3.424679510605382
60,68,541,3.422391287897804
60,68,542,3.4237085987423916
60,68,543,3.421644631907813
60,68,544,3.4199281160671258
60,68,545,3.419306439547023
60,68,546,3.419149121327353
60,68,547,3.4178967446552084
60,68,548,3.416789030243397
60,68,549,3.414257520225958
60,68,550,3.411079811315522
60,68,551,3.4099007263696404
60,68,552,3.4096870987377845
60,68,553,3.4089419609835905
60,68,554,3.4068589713868147
60,68,555,3.4052080444321007
60,68,556,3.404618252315977
60,68,557,3.405693402409561
60,68,558,3.4037502951912377
60,68,559,3.4049388368118096
60,68,560,3.410205511995094
60,68,561,3.411474477588789
60,68,562,3.4172594496716213
60,68,563,3.417105452880499
60,68,564,3.417649660379225
60,68,565,3.4141579171179472
60,68,566,3.412475491985509
60,68,567,3.411124775763788
60,68,568,3.4079015964068935
60,68,569,3.406870632101562
60,68,570,3.4036358049506483
60,68,571,3.402886925689709
60,68,572,3.4010573533992092
60,68,573,3.3985709580940773
60,68,574,3.3992341661429677
60,68,575,3.3986748107565474
60,68,576,3.3969569783638196
60,68,577,3.3958298845091237
60,68,578,3.3965518501705625
60,68,579,3.3954984199763847
60,68,580,3.395260496185497
60,68,581,3.39587819244861
60,68,582,3.3954270275208662
60,68,583,3.3935646920117306
60,68,584,3.3961509801438448
60,68,585,3.398025260136114
60,68,586,3.3980443099670183
60,68,587,3.399134269331446
60,68,588,3.408822877750176
60,68,589,3.4089299424006003
60,68,590,3.408280147933235
60,68,591,3.4173304551523693
60,68,592,3.416154660742162
60,68,593,3.41329499685891
60,68,594,3.4118275482328966
60,68,595,3.4118891098292035
60,68,596,3.4121680167485944
60,68,597,3.4120251046289978
60,68,598,3.4197614235746108
60,68,599,3.4203046717819428
60,68,600,3.4182200140560313
60,68,601,3.4156654284240444
60,68,602,3.415029645199511
60,68,603,3.422156703565692
60,68,604,3.4230766619863418
60,68,605,3.4208822721057848
60,68,606,3.4350000991810377
60,68,607,3.432569180397423
60,68,608,3.4304020678363214
60,68,609,3.428464791328782
60,68,610,3.4287472365090013
60,68,611,3.42985528148072
60,68,612,3.4309194362210746
60,68,613,3.4300232237331842
60,68,614,3.428361765250053
60,68,615,3.425490396501235
60,68,616,3.4254432789749774
60,68,617,3.426085918578884
60,68,618,3.423763667369315
60,68,619,3.423880939331163
60,68,620,3.4255485377818418
60,68,621,3.4234641444545213
60,68,622,3.4218119463161525
60,68,623,3.419640654904087
60,68,624,3.4193752771884145
60,68,625,3.4213525523144455
60,68,626,3.422494314955937
60,68,627,3.4245518888711866
60,68,628,3.421644678822655
60,68,629,3.421014786449289
60,68,630,3.422409686083427
60,68,631,3.422011527812486
60,68,632,3.4221124301863712
60,68,633,3.425353747380635
60,68,634,3.4241588007413974
60,68,635,3.422072850863915
60,68,636,3.4198755334841757
60,68,637,3.4228093811500826
60,68,638,3.4211346997015655
60,68,639,3.42050158960838
60,68,640,3.4180164749429074
60,68,641,3.4159393358147927
60,68,642,3.4159268465993846
60,68,643,3.413742956929515
60,68,644,3.412688663767174
60,68,645,3.4125951950623308
60,68,646,3.414469687722273
60,68,647,3.4127819215072686
60,68,648,3.4096901028477107
60,68,649,3.4113712117879285
60,68,650,3.4083368109019276
60,68,651,3.4071428926515646
60,68,652,3.407435989914691
60,68,653,3.4086439958822408
60,68,654,3.406975826057557
60,68,655,3.4059565200182162
60,68,656,3.404453550051296
60,68,657,3.4040415840374902
60,68,658,3.405312672344765
60,68,659,3.4039800643720524
60,68,660,3.4015922393274836
60,68,661,3.3995148199233074
60,68,662,3.3966966470946858
60,68,663,3.3944365194911184
60,68,664,3.3929907080543655
60,68,665,3.392430696973462
60,68,666,3.391089381418307
60,68,667,3.396632006484315
60,68,668,3.397129837074008
60,68,669,3.397330064352962
60,68,670,3.397812520392598
60,68,671,3.400564473061708
60,68,672,3.4032156821086725
60,68,673,3.4015978337668034
60,68,674,3.4058309991121236
60,68,675,3.408890820515413
60,68,676,3.408246153530731
60,68,677,3.408818593011749
60,68,678,3.407910936527157
60,68,679,3.407459062211955
60,68,680,3.4071826751073657
60,68,681,3.4062516020165674
60,68,682,3.403817769861708
60,68,683,3.403423422695627
60,68,684,3.4039104766226598
60,68,685,3.4039698392715265
60,68,686,3.407518324596566
60,68,687,3.4070846341888155
60,68,688,3.4070494107190585
60,68,689,3.407340455892025
60,68,690,3.4056336010378683
60,68,691,3.403941311091053
60,68,692,3.4029018752685603
60,68,693,3.400996927475623
60,68,694,3.3999864231215695
60,68,695,3.399297216130108
60,68,696,3.3998643981662107
60,68,697,3.4001864956970915
60,68,698,3.398701913159053
60,68,699,3.3995525774198847
60,68,700,3.398349995047909
60,68,701,3.3982139831541587
60,68,702,3.3967019578109436
60,68,703,3.396620458773385
60,68,704,3.3963764184071934
60,68,705,3.397009324734464
60,68,706,3.3991574210958033
60,68,707,3.3985590001745662
60,68,708,3.397444128099736
60,68,709,3.3978261507544225
60,68,710,3.3977320584026947
60,68,711,3.395091833697552
60,68,712,3.395847614291102
60,68,713,3.394080125175594
60,68,714,3.3932162118987828
60,68,715,3.391772563555681
60,68,716,3.39150694839998
60,68,717,3.389103968915136
60,68,718,3.3921662474675838
60,68,719,3.3900094071224105
60,68,720,3.390877178409635
60,68,721,3.3878519832935616
60,68,722,3.385589740454237
60,68,723,3.3858974929171546
60,68,724,3.3856420342382623
60,68,725,3.3842511347683537
60,68,726,3.3853709329232653
60,68,727,3.38836541282781
60,68,728,3.387906989053561
60,68,729,3.384937182267425
60,68,730,3.3835398257008578
60,68,731,3.382100861065609
60,68,732,3.3805243968993888
60,68,733,3.383159574390533
60,68,734,3.383512295625162
60,68,735,3.3810381259389084
60,68,736,3.3857133100445664
60,68,737,3.3887529435816894
60,68,738,3.388983967769295
60,68,739,3.389531506205143
60,68,740,3.390389275846493
60,68,741,3.392015805488282
60,68,742,3.3907825832502345
60,68,743,3.3909579335119275
60,68,744,3.3906346644159298
60,68,745,3.391182875616391
60,68,746,3.3909214575420314
60,68,747,3.3913052933528753
60,68,748,3.3924845968929715
60,68,749,3.3918925196324814
60,68,750,3.394011812739452
60,68,751,3.3935883589679308
60,68,752,3.3916393554275532
60,68,753,3.3929837369299274
60,68,754,3.395369263913503
60,68,755,3.3944412001648545
60,68,756,3.3929358157839
60,68,757,3.391388292929648
60,68,758,3.391472103168613
60,68,759,3.390440739679087
60,68,760,3.394856009216576
60,68,761,3.3955832162589172
60,68,762,3.395103366374585
60,68,763,3.393591856719184
60,68,764,3.3922354910555024
60,68,765,3.391140720812929
60,68,766,3.3902891095181777
60,68,767,3.3902961782481196
60,68,768,3.3894152923512215
60,68,769,3.3904154951626153
60,68,770,3.3890329971435524
60,68,771,3.388317786341859
60,68,772,3.390594760406457
60,68,773,3.389926498314001
60,68,774,3.3894095329247818
60,68,775,3.387943220867845
60,68,776,3.387801392383405
60,68,777,3.3878756903953
60,68,778,3.3866378677891045
60,68,779,3.386310115269503
60,68,780,3.38435296033288
60,68,781,3.3838648119605135
60,68,782,3.3849219520073235
60,68,783,3.3844681829210908
60,68,784,3.3828202706043577
60,68,785,3.3816254295808377
60,68,786,3.380435545487675
60,68,787,3.3797787761957823
60,68,788,3.3782909515549226
60,68,789,3.3769613353676653
60,68,790,3.375365246951122
60,68,791,3.3740451600766885
60,68,792,3.375040910237989
60,68,793,3.3739212942728978
60,68,794,3.376537549051099
60,68,795,3.3763715773610237
60,68,796,3.3758693748226216
60,68,797,3.3755329880867264
60,68,798,3.37457356430556
60,68,799,3.3726659254812734
60,68,800,3.3722189657073716
60,68,801,3.3751579462281422
60,68,802,3.3748244267548606
60,68,803,3.372762028966269
60,68,804,3.3711914606024376
60,68,805,3.368864450064682
60,68,806,3.3699888992428924
60,68,807,3.3728670517005317
60,68,808,3.37551439376396
60,68,809,3.3754630891473396
60,68,810,3.374462310154424
60,68,811,3.3744383555382176
60,68,812,3.3773965945180304
60,68,813,3.37738481098796
60,68,814,3.377573544282719
60,68,815,3.381109735126821
60,68,816,3.3804711914198595
60,68,817,3.3806782060285863
60,68,818,3.3823670867167857
60,68,819,3.381741474016876
60,68,820,3.382549442659957
60,68,821,3.3814457346239655
60,68,822,3.3863582212694303
60,68,823,3.3854783661058225
60,68,824,3.3873136278848537
60,68,825,3.3854767922744986
60,68,826,3.3875129033441946
60,68,827,3.38693230034751
60,68,828,3.3861157903528656
60,68,829,3.3845785946215545
60,68,830,3.3846612710232185
60,68,831,3.3825182017878825
60,68,832,3.3810801815962717
60,68,833,3.381172959433196
60,68,834,3.3812227165641575
60,68,835,3.381855549270496
60,68,836,3.381058202924833
60,68,837,3.382039135852146
60,68,838,3.3821931265768974
60,68,839,3.381845409317793
60,68,840,3.381437261796952
60,68,841,3.379554723714509
60,68,842,3.3797370867358465
60,68,843,3.3782750654476814
60,68,844,3.3775006377842343
60,68,845,3.3784421661342026
60,68,846,3.3814037327064055
60,68,847,3.381479697999489
60,68,848,3.3788178884889724
60,68,849,3.377321653998424
60,68,850,3.37549487404609
60,68,851,3.378158231221029
60,68,852,3.3773814129602475
60,68,853,3.376426674206232
60,68,854,3.3765081169263262
60,68,855,3.379196392833641
60,68,856,3.378342902298379
60,68,857,3.379072736192333
60,68,858,3.3775708193423966
60,68,859,3.3771142711264366
60,68,860,3.38148908319133
60,68,861,3.3808981305705115
60,68,862,3.3821142788682543
60,68,863,3.38165559542608
60,68,864,3.37948543728365
60,68,865,3.3793443488149286
60,68,866,3.377966752968285
60,68,867,3.380674945907954
60,68,868,3.3793959612423983
60,68,869,3.3808397651528903
60,68,870,3.3806068717288706
60,68,871,3.382097343156102
60,68,872,3.3807396039844693
60,68,873,3.381946629295925
60,68,874,3.380719241063438
60,68,875,3.381222029142838
60,68,876,3.3802271585135117
60,68,877,3.379253701395213
60,68,878,3.382298103939273
60,68,879,3.382466311452054
60,68,880,3.3822663246664604
60,68,881,3.381582090474225
60,68,882,3.3806135052356927
60,68,883,3.3801288749976846
60,68,884,3.3783440309898944
60,68,885,3.378198731647048
60,68,886,3.377107811526265
60,68,887,3.3760139299458416
60,68,888,3.3767660092605927
60,68,889,3.375414427396905
60,68,890,3.37413918325021
60,68,891,3.372107899130399
60,68,892,3.372913962495666
60,68,893,3.3721641804014246
60,68,894,3.374089518015034
60,68,895,3.376776777483004
60,68,896,3.3770265201522074
60,68,897,3.3768027858985024
60,68,898,3.378379133247775
60,68,899,3.3793989587622972
60,68,900,3.3779000135158475
60,68,901,3.3768878232492954
60,68,902,3.374842304690128
60,68,903,3.3738745922669073
60,68,904,3.373993821121033
60,68,905,3.3717265317103005
60,68,906,3.372977570311199
60,68,907,3.371931025739828
60,68,908,3.3703384393555758
60,68,909,3.36907423979922
60,68,910,3.3687415009895436
60,68,911,3.36847919028652
60,68,912,3.3670492323848977
60,68,913,3.3694395367929033
60,68,914,3.368480808296182
60,68,915,3.3689359035593416
60,68,916,3.3690135359318583
60,68,917,3.3687799191765504
60,68,918,3.3686532904738353
60,68,919,3.3679021899078343
60,68,920,3.368180398192343
60,68,921,3.3689886515772582
60,68,922,3.3683886281259903
60,68,923,3.373147056680067
60,68,924,3.3733064792209646
60,68,925,3.3738181278203743
60,68,926,3.372672936366755
60,68,927,3.3724775533623133
60,68,928,3.372702459145104
60,68,929,3.3742325685307333
60,68,930,3.3758739438745353
60,68,931,3.3750633297050188
60,68,932,3.3759956183654225
60,68,933,3.3768949107322643
60,68,934,3.3750986446886238
60,68,935,3.3776142786903116
60,68,936,3.376152493057313
60,68,937,3.3767158631156886
60,68,938,3.376316030428648
60,68,939,3.3761550083065797
60,68,940,3.376618258327353
60,68,941,3.3772360667042367
60,68,942,3.375956013382769
60,68,943,3.3757716821304435
60,68,944,3.375953103918336
60,68,945,3.3749251306789203
60,68,946,3.379234027008534
60,68,947,3.3796809280411453
60,68,948,3.3793047467941877
60,68,949,3.3786415109458416
60,68,950,3.379104598292245
60,68,951,3.3775148060419626
60,68,952,3.3783570967813508
60,68,953,3.3784839312529766
60,68,954,3.378876065574906
60,68,955,3.38066828616291
60,68,956,3.380134520311805
60,68,957,3.3795109361842517
60,68,958,3.3794145226387955
60,68,959,3.3778822699214457
60,68,960,3.3763970870135895
60,68,961,3.3760607495267454
60,68,962,3.375304224146576
60,68,963,3.374881219293461
60,68,964,3.374543843427628
60,68,965,3.3742753149900597
60,68,966,3.372925696556284
60,68,967,3.3724975340658703
60,68,968,3.370854724135652
60,68,969,3.3699747105967424
60,68,970,3.372490363366358
60,68,971,3.3709732276164184
60,68,972,3.3711312376114626
60,68,973,3.370315464115991
60,68,974,3.3695532309569804
60,68,975,3.3702637942951257
60,68,976,3.368036000372493
60,68,977,3.368430069483756
60,68,978,3.3703283029725304
60,68,979,3.369425939142842
60,68,980,3.37001261045042
60,68,981,3.370735593156213
60,68,982,3.36995006031674
60,68,983,3.369664371421208
60,68,984,3.369705980043615
60,68,985,3.369186787782054
60,68,986,3.3688284233625687
60,68,987,3.3718194750929436
60,68,988,3.3722417143794323
60,68,989,3.371293453984641
60,68,990,3.3709525506254625
60,68,991,3.372373749943643
60,68,992,3.3712464779155438
60,68,993,3.370959577898582
60,68,994,3.3700131518228327
60,68,995,3.369110472062158
60,68,996,3.368623656502818
60,68,997,3.367303305219176
60,68,998,3.366236099244145
60,68,999,3.365472175481534
60,68,1000,3.367824893963379
60,68,1001,3.366608822260075
60,68,1002,3.3665061511695153
60,68,1003,3.37061567314275
60,68,1004,3.368742581778894
60,68,1005,3.3666410995628118
60,68,1006,3.366209379716821
60,68,1007,3.365944729590761
60,68,1008,3.3646150056652244
60,68,1009,3.3649863586851865
60,68,1010,3.3649416510760344
60,68,1011,3.364277655620043
60,68,1012,3.3641905466089623
60,68,1013,3.3642187960041903
60,68,1014,3.3642966820114886
60,68,1015,3.3639378390170376
60,68,1016,3.362913985936738
60,68,1017,3.3624345386127192
60,68,1018,3.3607979084658126
60,68,1019,3.362141220397958
60,68,1020,3.362080230520823
60,68,1021,3.3625674782923856
60,68,1022,3.361106653500507
60,68,1023,3.3640262371283076
60,68,1024,3.3663736446871573
60,68,1025,3.367298107934296
60,68,1026,3.367922831125541
60,68,1027,3.3714690621820034
60,68,1028,3.3708221760755723
60,68,1029,3.3698510241298796
60,68,1030,3.3697586173995324
60,68,1031,3.3684408504429437
60,68,1032,3.3681715007918984
60,68,1033,3.3675544683561034
60,68,1034,3.3663770485719273
60,68,1035,3.366536366250656
60,68,1036,3.3661397035071023
60,68,1037,3.3700435045139594
60,68,1038,3.3708778721725245
60,68,1039,3.3722339598795
60,68,1040,3.3719637009836796
60,68,1041,3.37195210122481
60,68,1042,3.370021196482315
60,68,1043,3.370458936680854
60,68,1044,3.3696719235408805
60,68,1045,3.3692374474019755
60,68,1046,3.3691910770512385
60,68,1047,3.371505649022234
60,68,1048,3.370868161461383
60,68,1049,3.3748765424582357
60,68,1050,3.375221810064918
60,68,1051,3.3744345691409925
60,68,1052,3.3741937468576673
60,68,1053,3.377840841279906
60,68,1054,3.377090110399879
60,68,1055,3.3768180973611472
60,68,1056,3.375774344288674
60,68,1057,3.3781228944954877
60,68,1058,3.377849131089509
60,68,1059,3.3789829307001438
60,68,1060,3.3778380094580323
60,68,1061,3.3802447384166596
60,68,1062,3.379584868148757
60,68,1063,3.3784273000859497
60,68,1064,3.378840263098553
60,68,1065,3.3786672942182028
60,68,1066,3.3790941274128343
60,68,1067,3.3839091049764183
60,68,1068,3.3846297421213363
60,68,1069,3.3864571138397332
60,68,1070,3.3854112486706702
60,68,1071,3.388571439422165
60,68,1072,3.38860068990165
60,68,1073,3.391781229099634
60,68,1074,3.3914254708877336
60,68,1075,3.390733649795055
60,68,1076,3.3907766050943957
60,68,1077,3.391559997600686
60,68,1078,3.391911027255666
60,68,1079,3.3905765170422852
60,68,1080,3.391241253611752
60,68,1081,3.391683791437168
60,68,1082,3.391515292627931
60,68,1083,3.391169175171723
60,68,1084,3.3902810822519953
60,68,1085,3.3902915043633617
60,68,1086,3.3901705689830512
60,68,1087,3.390472876755415
60,68,1088,3.3944941151739614
60,68,1089,3.393954135272745
60,68,1090,3.3923248671520283
60,68,1091,3.3918776350988047
60,68,1092,3.3907970261157425
60,68,1093,3.39571257910373
60,68,1094,3.3955768875980756
60,68,1095,3.395679737235937
60,68,1096,3.394662335357264
60,68,1097,3.3928324512455723
60,68,1098,3.392850120109826
60,68,1099,3.395231085835174
60,68,1100,3.39647125120006
60,68,1101,3.4003851629942403
60,68,1102,3.4003781667500315
60,68,1103,3.4008223725843845
60,68,1104,3.4000851316237926
60,68,1105,3.399043838005239
60,68,1106,3.3991767802300217
60,68,1107,3.3980120531094884
60,68,1108,3.3979084158012305
60,68,1109,3.396546108316335
60,68,1110,3.3964202424698184
60,68,1111,3.400433140194008
60,68,1112,3.3994728403384395
60,68,1113,3.398858318277984
60,68,1114,3.404351849176115
60,68,1115,3.4035676130358854
60,68,1116,3.403674105214773
60,68,1117,3.403127261494066
60,68,1118,3.40182036370897
60,68,1119,3.400340118618527
60,68,1120,3.400433959214592
60,68,1121,3.4007547845042776
60,68,1122,3.4000484081661346
60,68,1123,3.404361566804346
60,68,1124,3.402910376580852
60,68,1125,3.4023655345296016
60,68,1126,3.401025066353405
60,68,1127,3.400399252101257
60,68,1128,3.4001801251789336
60,68,1129,3.398755463767316
60,68,1130,3.3975553022651535
60,68,1131,3.397975568056267
60,68,1132,3.3966663680762434
60,68,1133,3.39611111052118
60,68,1134,3.3953595887753942
60,68,1135,3.394950536455659
60,68,1136,3.39481056688231
60,68,1137,3.393980488657196
60,68,1138,3.3933324314482083
60,68,1139,3.3948010573020118
60,68,1140,3.395569693978216
60,68,1141,3.395497931554747
60,68,1142,3.395585494783309
60,68,1143,3.3973172637331284
60,68,1144,3.396752566508228
60,68,1145,3.396479681093246
60,68,1146,3.3950362095350624
60,68,1147,3.394338858974548
60,68,1148,3.393135628772662
60,68,1149,3.3926525646800783
60,68,1150,3.3925059726634994
60,68,1151,3.392389016515963
60,68,1152,3.3912051102967116
60,68,1153,3.3912447592523125
60,68,1154,3.390307985338142
60,68,1155,3.3893721277180213
60,68,1156,3.388369691453886
60,68,1157,3.3882898911393307
60,68,1158,3.3883913361193865
60,68,1159,3.387313326494248
60,68,1160,3.3864837111891553
60,68,1161,3.3866882323763985
60,68,1162,3.3866194748909924
60,68,1163,3.3873832131418395
60,68,1164,3.3875584673999923
60,68,1165,3.3879283915321388
60,68,1166,3.3879835159715546
60,68,1167,3.3871307971303506
60,68,1168,3.386722676087116
60,68,1169,3.387719379927564
60,68,1170,3.386210538863046
60,68,1171,3.3855767624127537
60,68,1172,3.384406327712581
60,68,1173,3.3856694562853793
60,68,1174,3.385246485087897
60,68,1175,3.385074139858645
60,68,1176,3.3850152222528944
60,68,1177,3.38331091563517
60,68,1178,3.382582891169351
60,68,1179,3.3819721569816745
60,68,1180,3.382366174361196
60,68,1181,3.3826105545882315
60,68,1182,3.382018082434621
60,68,1183,3.3807349113694856
60,68,1184,3.380408882344946
60,68,1185,3.3807752815360748
60,68,1186,3.384647239214385
60,68,1187,3.3839072463799034
60,68,1188,3.3836210585284725
60,68,1189,3.384095188575675
60,68,1190,3.3837982053055606
60,68,1191,3.383512840973005
60,68,1192,3.383011504255529
60,68,1193,3.382227314373343
60,68,1194,3.382425136021523
60,68,1195,3.3815247728626816
60,68,1196,3.381323113616382
60,68,1197,3.38028112903777
60,68,1198,3.3809567666413836
60,68,1199,3.3804614440261394
60,68,1200,3.3819915850923814
