replicate,final_gain_half,final_gain_one,pr_average
0,0.26117308665419403,-0.31191046458905247,0.0789127354919941
1,-0.18525349633500662,-0.4731148198917574,0.13664459633618647
2,-0.10062514890140371,0.41084734679731894,-0.5970832989481003
3,0.3110737521395883,1.046410705180956,0.06818039661817245
4,0.1364644773639283,-0.5236415066635426,-0.33581747312638166
5,0.34770470753012434,-0.2333757545746511,-0.747845241944796
6,0.03795657290551472,-0.956278580968906,0.26481482338238377
7,-0.9918558986713351,-0.07824618989141593,0.12636579041351442
8,-0.21497558891369728,0.07527247170327292,-0.2039618043129329
9,-0.14800490319567794,0.16395161336666553,-0.3535415672594216
10,-0.78818346324035,0.40449784115674986,0.6853469201297359
11,0.1699901461911797,0.6048572916467334,0.8259568967464772
12,1.0564072496987433,0.16293634308296318,-0.08285844164256327
13,-0.5066718350319268,0.20666254452487354,0.13169959304776716
14,-0.8123875499581801,-0.2653658042771656,0.23088447374429918
15,0.2412557458593873,-0.03629616805402935,-0.45751099977578474
16,-1.1712858643985888,0.09143903749942695,-1.020768957625228
17,-0.3389549011291048,0.47292905327032986,-0.44666913605136543
18,-0.6811780318955734,-1.0912730120233125,0.6092510821271563
19,-0.7259987262360675,-0.3089408912439678,-0.5000777129205592
20,1.4984953255508304,-0.34790285465783705,-0.07641724467795234
21,0.18315091322616983,-0.1388379728240055,-0.24442413385767983
22,-0.379973937139237,0.5528563980730362,-0.7948491236618039
23,0.3515199368885218,-0.023804096253253814,0.13251252576461936
24,-0.04253582672247489,-0.6132935264236026,0.8349839490538828
25,-0.16378703264317102,-1.1480883491269898,0.32102437030518405
26,0.0612334953919574,0.12407563136451868,0.029071394548011793
27,0.08053516772976795,0.38252077349378527,-0.688801994561195
28,0.08021518629201038,0.7154818094507714,-0.519623539445466
29,-0.3305320780037653,-0.06045657035269733,0.7744983451073714
30,-0.19179782027800338,-0.22397048309194495,0.6858540221870812
31,-0.2371281948833344,-0.08830405065691402,-0.16628365804073705
32,0.5476655243780154,0.08580424710836798,0.8258294649010534
33,0.36252571453918436,0.11104324220702394,0.8782159397099889
34,-0.1577213595408312,-0.2511340890353225,-0.5547085068368072
35,-0.0032325142090763046,0.5901952901543368,-0.23036866221856936
36,0.26017941458720156,-1.6032877348387558,0.1861835394284124
37,-0.09741555871105312,-0.14230335991015075,0.025031164069590682
38,-0.12357795000860272,-0.8572300356220813,-0.8317100459089332
39,0.13662524039990442,-0.1997713178511915,-0.05801980956106468
40,-0.31032465650375757,-0.9646418277459385,-0.5228006212971472
41,-0.3405110511644607,0.34424564679167113,0.5190817009417136
42,-0.3265147413039816,0.9002077118005372,-0.16467759127279785
43,0.5718120102122053,1.204844719166625,-0.956280216623481
44,0.02841761911166667,0.21669565557299367,-0.14436143397662007
45,0.09403440373552993,-0.04407110037274738,0.08113697076832212
46,0.6770210806334411,0.25968406155781637,-0.25866034570333546
47,-0.10073680199276393,-0.36007563847221113,0.848723104404275
48,-0.38981261092986863,-0.5918872362632875,0.33111827543146083
49,0.7144717001111208,0.490219587743749,-0.034296606629226095
50,-0.45698920964877776,-0.7732695493975082,0.8780895947902404
51,0.3603532805616027,0.9503880872182391,0.16110948156594498
52,-0.11618983760754277,-0.7212505012776713,-1.3458772468757356
53,-0.5443239915795324,0.5360368249171182,0.48698622247049983
54,0.21656525550193573,-0.44570567470712547,0.6862074619163435
55,-0.2348116406161142,0.5431389953519244,0.7766462736905914
56,-0.4800415668315607,0.2308944767853551,0.24923223003651024
57,0.10070241905366374,-0.7515128808129103,-0.8214686738292056
58,-0.046698575008832836,0.09742763985439543,0.1685146258886241
59,-0.11037578773658434,0.5699384413274398,0.49408781026222554
60,0.2579300026950981,0.6284042176236141,-0.5520918325780098
61,-0.43358782747302943,0.3363305502754853,-0.30180206366069356
62,-0.08602742796907457,0.324389231045708,-0.2045777374920422
63,0.24757352649659786,0.26326496661414656,-0.35448436900248775
64,0.06534895671945776,0.5839554534261886,-0.6793768435943186
65,0.1021140892793261,-0.1764416996364016,-0.021068789089462015
66,0.5416503507443075,0.5563757118274987,-0.14813434781056678
67,0.02245478147375018,0.8144745343905399,0.2443208181454943
68,0.046818046467428986,-0.7337030755287136,0.169191599191541
69,0.18526166127366053,-0.538525859926065,0.7951574098855945
70,0.5788462467698585,0.31587674822908834,-1.0899194908637404
71,-0.07174236588083502,-0.06433804277552274,0.5497781669628014
72,0.6616099289945955,0.47368286343355837,-0.2948693686837441
73,-0.5772007266841894,-1.1084015824695692,0.0699769821038608
74,0.32910157303635296,-0.31376472944639855,0.24954244877754328
75,-0.08938892537929921,0.6417094514650931,0.5755667816797589
76,-0.12000688622906887,0.30359123602308064,-0.47432375496305085
77,0.31377820763590347,-1.2821046585804656,0.43903224504047084
78,-0.05018657485686823,0.5871816851032065,-0.33016905378076855
79,0.5840321899037229,-0.27748573818895034,0.5899883828488085
80,-0.5193025308167176,-0.4948198441727213,0.6183357963833299
81,0.19303144410441425,-0.6183291382418501,-0.5629335935738611
82,-0.018687687520409627,0.2993827868376029,0.3309130820918602
83,0.37286368910913664,0.6120890284153385,1.156380326290994
84,-0.25004980074501687,0.17597644789451314,-0.16706788179447363
85,1.771877662637513,0.1975604515994614,0.20196548863120134
86,-0.4754895019366261,1.3223452336008399,0.29699131309131993
87,0.11801953951237695,-0.21028212988237407,0.9934761741307944
88,0.017525148136238063,-0.4945763016679123,0.07607546779469643
89,-0.08626744741860802,0.19858209422386458,-0.27381520947075927
90,-0.6272142265126844,0.21816223666315318,0.14840450854044074
91,0.24473454842738973,0.3761466058432575,-0.016764641550865468
92,0.6514324031314261,0.4031094908246367,-0.1184744478766748
93,0.4036452100853812,-0.6192242849664025,-0.030655346625410307
94,0.01780830819233569,-1.2352154522414975,-0.05188832613845607
95,-0.7309777978997948,0.8467651768094004,-0.25402654015096165
96,-0.2974071435729147,-0.449085446705673,-0.04270756816735702
97,-0.12877060739758683,-0.1785492790851852,-0.47756034023099764
98,0.5745002335117697,-0.06620813378450054,-0.19362795595212354
99,-0.12406785230378367,0.5978954727001979,0.4105643962585892
100,-0.20922394933186209,0.5232798164532833,0.10427866171886818
101,0.4350522907977596,-0.8290924328005487,-0.012155137487361736
102,-0.08391384930254228,-0.18516829235784776,-0.2886493247150923
103,-0.24315352393292167,0.6314196803795696,0.1932955700781402
104,-0.28526649161262735,1.1063240442854452,-0.35701212299531276
105,0.7783738058043205,0.43551448247124563,-0.36777948809564953
106,-0.9787962456847854,0.7821790415960127,0.1524025855866035
107,-0.34819052799889755,0.2987841228136896,-0.36601596807326425
108,0.18021775268320775,-0.47750805735895485,-0.5943281687681675
109,-0.43061181272894916,-0.8196101824935418,-0.5019962292839839
110,-0.22521029013162344,-0.3154979142624715,-0.10303074911053761
111,-0.7655976611268109,-0.04746092100170499,-0.6542451544580099
112,0.14706503906382154,-0.177108149408969,-0.4502532156041293
113,-0.3737830074730281,-0.00721762316266533,-0.02703066168758894
114,0.05480854536326508,-0.37773385048146063,0.36977440107463966
115,0.3812345207051574,-0.4067523464640929,-1.028920160207252
116,-0.20035316695803915,0.8575602729147874,0.0018273582845482316
117,-0.13830267622063575,-0.14273139475291122,-0.6442687869536237
118,-0.5875092631524073,-0.49193437191425005,-0.7723912135006848
119,0.9250358197535564,0.10054598432473988,0.3778912372293525
120,-0.2703941688116427,-0.5805444947597175,-0.14258214839445085
121,0.01272811971255877,-0.5544488027936817,-0.4996671626487202
122,0.36213301173916956,0.5328966065738935,-0.039080245780897256
123,0.35931731409587475,-1.088670032918953,0.17619887211041244
124,0.06957339021811342,0.10370050273877228,0.24221253221270206
125,0.1422524017676413,-0.3653740926347069,1.169144320859589
126,0.09813265018928909,0.47944450196378485,0.11957764822008483
127,0.5307568707410579,0.7712360014984267,0.008448819454363578
128,-0.486125757190544,0.47935959050798554,0.34103132480181725
129,0.24657064049335592,-1.4194619078594088,0.9561045492598914
130,-0.6035363808489996,-0.01664204306554184,0.47273217286920605
131,1.127079057235642,-0.07621894917881054,-0.3411483207336799
132,-0.11874675848757525,-0.09766094753974695,0.5751599919788433
133,-0.4489096434001245,-0.3069902829906944,-0.2688426089118266
134,-0.36451805332060677,-0.3869092890317249,0.7390580613824711
135,0.3885074916245442,-0.9866408216883271,0.1681570311217791
136,0.5199544837604886,0.3696656943516911,1.023720419186992
137,-0.6849213460179202,-0.3788649041004499,-0.06556821890420303
138,-0.7315137442712502,0.25375336586682623,-0.4374802092606554
139,-0.9929191808606578,-1.6905243275307966,-0.7174715094332701
140,0.06946769334391682,-0.03442129407237634,-0.39983821517983736
141,0.523321021745272,0.20651836494787013,0.22140324771246592
142,0.2794256037089039,0.6204611181745194,0.4146678498761264
143,-0.5986250690751331,0.6747930601577732,0.8055320756295092
144,-0.08205594731232714,-0.27649647184867876,0.08925165678877799
145,-0.4500405707601198,-0.5119374239173695,-0.45145510051038384
146,-0.27053830789777755,0.6751845563236589,-0.12590492290733274
147,-0.11855942581939709,0.5538679777225767,0.21469051999590252
148,0.20239296493146863,0.5966428601105065,-0.42032320510263044
149,0.3248428399618791,-0.8960646404272645,0.20622305816866965
150,-0.6291065402606314,-0.6350295401545818,0.32158198310587893
151,-0.3776532189580607,-0.2575196248918898,0.45096308151803743
152,-0.023876672638222712,-0.5720320427407172,-0.17876953726824285
153,0.806016407851907,-0.5630580949641341,-0.19533740138095626
154,-0.460040161376918,0.4316964612365616,-0.5056710560869675
155,0.1489146343422035,1.094218101720043,0.9090812055298129
156,-0.2103898051230233,0.49643437604680546,-0.3347179186064291
157,0.7640621202071798,-1.138191312593816,1.6028995579746106
158,0.013743467052459574,-0.2956490788733116,0.6397617874993919
159,-0.44966312550933507,0.7006897500952632,0.3476732915801563
160,-0.1609056609239054,-0.22094312221467446,-0.2797009125180494
161,0.3252027732512812,-0.5342232434706203,0.2274275834610383
162,0.039996160889519974,-0.12150877246161301,-0.33405164293817763
163,-0.18889109279171323,0.4869754801686672,0.7382291437566195
164,0.04087819783325282,-0.9504936257065191,-0.9602783594615952
165,-0.1403240466635386,0.7516803556907361,-0.47854751669346635
166,-0.44788892718606715,0.6362518909605996,-0.008831748589604636
167,-0.6610970450257794,-0.2763517835350185,-0.7126204755810751
168,0.23458992700055575,0.3730928618138583,0.4303057938749142
169,-0.9292204045780507,-0.8303728150814719,0.6180851446615967
170,-0.3215039680347376,-0.1883519192064115,0.16022409859142006
171,0.42712335145527813,-0.5089213642170485,0.8126363642001989
172,-0.370484818212692,-1.154731332668745,-0.29191315203082935
173,0.5106458963101637,0.45010785292440003,-0.29928132534730223
174,0.03395869916792204,-1.1032686532174873,-0.11757125282068466
175,0.9088884964545264,-0.39933433229803517,0.13495768162871583
176,0.4888183753598404,-0.49418953720527337,0.022235985489073035
177,0.5027758606045856,0.012215891241741543,0.087922937354333
178,-0.040062825297413916,0.0807134583259457,-0.2961447729918246
179,-0.2152957777490464,0.19966779403621837,-0.03759248055032202
180,0.41251218005199175,-0.22436867302257846,-0.9176125749040311
181,-0.27994696397892177,-0.41033705989443287,-0.6198621840554042
182,0.8434350357087734,-0.4915539602749332,-0.08222710909772084
183,0.34158248436047656,1.6312507921796249,0.5740676705551819
184,-0.4262108175455988,0.4743828654385713,0.4445398074962825
185,0.32665727565091185,0.34787391249059546,0.616845219466909
186,0.7737852199474717,0.864780943318989,-0.44377135931190015
187,-1.315642364482195,-0.36638608418031804,0.37515714596017957
188,0.8095460678469749,-0.708545804294343,0.6033427581475601
189,0.6450610469231983,0.22560268194227728,0.23477540147769485
190,0.26506713297395734,0.7689854989730562,0.004250199438250589
191,-0.6819760040419794,0.09607653758395479,-0.4284195788606486
192,-0.649327600341358,0.13501666517008687,-0.26901670145053325
193,0.6193710126400277,-0.1934929593888214,-1.2271454487030706
194,-0.2954002288995372,0.6800044394371187,-0.10570611117593119
195,0.33678037573139974,0.8418588864856424,0.020499671341406133
196,0.1825437681849711,0.4607038896752732,-0.08270492721066451
197,-0.3800868065647755,-0.557874250149276,-0.46965599234146665
198,-0.010183767663026118,0.43427530887116594,0.1356700877610065
199,-0.05949959934827783,-0.27999654722516043,-1.20346835884935
200,0.27554001525538485,0.2991043551727239,-0.6424038133813904
201,-0.6087050577561289,-1.147777344041638,0.008963861447492184
202,0.5179430130157995,-0.3158518656460039,0.9073120622019627
203,-1.1109132850745294,-0.3354601052358751,0.6897730039671811
204,0.13437605130567454,0.3438881811623015,-0.2388005133754692
205,-0.18377482412374058,-0.23365852939426873,0.8153927215097164
206,-0.4800122833640952,0.5650510526985898,-0.004967708237484727
207,0.566966536820275,0.13467643158989642,-0.3638631141001909
208,-0.12842364848036927,-0.176770302005415,0.5199295045408959
209,0.3875041682687552,0.6662435133485686,-0.2858227624882827
210,-0.2830387389566681,-0.38806670974256197,0.2579130701233825
211,0.2162106982657662,1.156281206583234,-0.04721976618562803
212,-0.01955821273350786,0.9763671388193239,0.09973028380197306
213,-0.6071647797146431,-0.6249961833561828,-0.5323789857346285
214,0.4535770930127057,-0.7163469869603979,-0.15321367542944236
215,0.11158028762095581,-0.12179991882906581,-0.8956308382476854
216,0.39191119420333986,-0.21543542826177067,0.5275423716351255
217,-0.46659797716091334,0.47708844296996,-0.43918727709577743
218,0.7240777861250824,0.21413096996398814,0.12794895555681518
219,0.18903806628852737,-0.5753204373489682,-0.48623416984823015
220,0.43673286613479984,0.2007840677383863,0.14636298267063003
221,-0.9023966940010921,-0.4339259018395474,0.9288417954259729
222,0.5403225403317456,-0.17021621185402722,0.18184580354400084
223,0.9779223068673136,-0.35044528090732646,-0.15069492837605022
224,0.42683309995217117,0.3155350596998587,0.272315904642289
225,0.12685131650418824,-0.378306344501111,-0.695102855823748
226,1.0725356778238901,0.03665934154909631,0.09439231960790234
227,0.42887307446642314,0.02478858725485029,-0.3507742838656119
228,0.2502598728844611,-0.7528176843560058,0.26275865304975016
229,0.04047538681830427,0.8407919978944004,-0.6268553996973253
230,-0.6960431319949256,-0.5387350232175855,-0.27092234117426367
231,-0.1993988155608674,-0.6641722468563687,-0.5670229360825988
232,0.060061933414407694,-1.0859070091753522,-0.24287585871317946
233,-0.27625804348823363,-0.8344796427084255,-0.5553338992144523
234,-0.24798328295582514,-0.4467893737776299,-0.35778425292740784
235,0.31859634066963566,-0.002479734790789756,-0.1512666628526366
236,0.14795123017742529,-0.6331598557464307,-0.25009274687134
237,0.15736550059565915,-0.030785480208467306,0.07379977391528018
238,-0.4785613793091621,-0.361852775909845,0.13516537083309088
239,-0.5011212951363344,1.4711093106450808,0.2646354739261233
240,0.7288272153740597,-0.23808904350941423,0.052185098356010255
241,-0.45510409220094594,1.1711575110629588,-0.050203609818279586
242,-0.34049839837298296,0.3050309550875127,0.14854881638149228
243,-0.18842926245313069,-0.2068949757777271,0.5638482187771359
244,-1.0567781662363775,-1.1976466655511393,0.3281089913787091
245,-0.15489856041816047,-0.05928020157589389,1.077024877015961
246,0.11023663211772965,-0.4973207187086523,-0.33856218331737953
247,0.3769149048199821,0.9943593602716021,-0.13976192514563493
248,0.1595565885181797,0.043255159382391405,-0.15535573510426243
249,-0.1178142807760797,0.5135071679372122,-0.6200474122879971
250,-0.3608315163585695,0.23887128503777308,-0.3344328248272956
251,0.5169038467071722,0.5291195825514398,-0.39394812120251355
252,0.1916546676778782,0.056707409566833504,-0.2096308689342059
253,-0.6924904105075647,-0.3747618146954705,0.061948849895657805
254,-0.6125711429743769,-0.9125122441955095,0.870605084382757
255,1.0192888310320745,-0.44390138581636013,0.3292353527292439
256,-0.5724739589181829,-0.4916953442689427,0.6787932584396843
257,0.30457160459203664,-0.2885869853323797,-0.24296552191987658
258,-0.10781330006484287,0.7469640433160005,0.709763376056744
259,0.6524952838806,0.5409565246331954,-0.09275225057095356
260,-0.16417449327062567,0.20690287357572837,-0.22000648215481639
261,0.3646239270189349,1.2286675229389457,-0.16667173278823083
262,0.9611156642612987,0.2692047929788538,-0.5648934975500136
263,0.7321883004028186,-0.21748674898197012,0.24845947131819016
264,0.7581628270264137,0.051224016887987195,0.549778783166184
265,-0.07579445411167426,-0.22584704333571642,0.10893849659352445
266,-1.0637174511137655,0.4121432453939494,-0.5948916001559091
267,0.04553817439753353,-0.181878472836649,-0.26763735879156275
268,-0.06989717358525473,-0.44583771620721285,0.19091067722031055
269,-0.7545553529709543,0.3653474876803494,0.16545608502652384
270,-0.3648754303746105,-0.49330236979302944,0.5537848061913854
271,0.28464713015578746,1.2741114067201105,0.03802955939977004
272,0.09603237756545602,-0.5604923616610104,-0.6012390335543092
273,-0.47846784205400456,0.2524484589488848,-0.8379910232934291
274,0.2018342887365883,0.5810003820695221,0.23906200642786543
275,-0.6622263941794416,0.5852771920128426,0.08677294127190509
276,-0.7178261009722423,0.3499357229416451,-0.299182497626616
277,-0.3330707386608498,0.2132464035944098,0.14565480592047345
278,0.11586274946710771,-0.3667777961326386,0.06799143601251269
279,0.6707280298337834,0.12030240916789987,0.3254241767118871
280,-0.18872258834526862,-0.36504845818788706,-0.1515122404141689
281,-0.18868044575048484,-0.8457090016113467,-0.17835350567762395
282,0.5764063470753743,-0.29142193273042044,-0.30427788129895017
283,1.4359745200621012,-0.36912770408855217,0.024586296564787637
284,1.0670007162151351,-0.5558913516204141,-1.0822339492114452
285,-0.7248903328410151,0.6817472381427357,1.2450148189650116
286,0.6090638363905365,0.42820518066307384,-0.4855863918084167
287,-0.2765983311523918,0.588392499283528,0.4361838841420222
288,0.16443511978802264,-0.10396084877671796,-0.32157984832276
289,-0.6312714717144783,0.6921802986715845,-0.5832589472632019
290,-0.701661325166495,0.27329395401938544,-0.6759489402732377
291,-0.006578074021200317,-0.43013242117384703,-0.1042063595295851
292,-0.6058829210374024,-0.5958100676087641,-0.4548185861039436
293,-0.18300898181387684,0.8239138729670743,-0.40027466927290056
294,0.3119812603166347,-0.20193358311122378,-0.5265307331932104
295,-0.8149897076505128,0.7926637457699665,-0.45650200341620734
296,-0.14073957225269798,-0.1590210187037547,0.17129975921658247
297,0.24401374794711425,-0.683056529159003,0.362407915015436
298,-0.0400624316488805,0.21946184575698724,-0.1698960274028455
299,-0.6314976024622002,0.5025531254142979,0.07372657683753184
300,-0.9924589353930324,-0.9293503428341937,-0.5537041197933116
301,-0.2500640927676151,0.8179392335908545,0.15930952696162587
302,-0.32786560696436734,-0.6536199931178067,-0.050797003037171384
303,-0.09311545431919775,0.0402094784130919,-1.0699824335658397
304,-0.5144232417458872,-0.6443421198162392,-0.31546029309854884
305,0.019039324434769717,0.2909127690973555,-0.4148034668397947
306,0.6959276160515043,0.509706552215673,-0.25067409833570603
307,0.5383665866475699,0.7739715729643714,-0.6744932819301687
308,0.15371451091394667,0.9156651764733769,-0.5950882563386483
309,0.2038842772919106,-0.2580965351506033,-0.4699660075241062
310,0.5256170744632461,-0.1205924833612232,0.2155319598247959
311,-0.25026172644481176,1.1026753927876936,-0.04601110503472274
312,-0.09372665496770854,0.39517219224988337,0.6641287752882405
313,-0.41004210474249864,0.27503799236971316,-0.856857207678216
314,0.7833461773037577,-0.2390661741739212,-0.2367332422777747
315,-0.04247745188371953,-0.5098903527488817,-0.9139350722414897
316,-0.0036237973361557753,-0.40038448932144954,0.1431183446287194
317,-0.5755281665820757,0.1979157084801398,0.3894804649237895
318,0.1980743353857303,0.05905634754248123,-0.1209551807757191
319,1.1708304539126375,-0.19545240723916307,-0.5929793585770109
320,-0.3734042874036968,0.7547612433772493,0.7899911935168462
321,-0.39730946357956687,-0.1674639937139069,-0.01874494371600681
322,-0.27254030013672736,0.055922678875365506,-0.19209524986042995
323,0.5649846504265733,-0.47227178339720044,-0.3941648338504734
324,0.22881649682443544,-0.5446408091721586,0.4959049341666307
325,-0.021152420162719458,-1.005895651063547,0.4175419261803169
326,-0.29187865096517207,0.17403498666867545,-0.2693292786577067
327,-0.14588956497786223,0.6472140563230916,0.5753183039137834
328,-0.20068247550679394,-0.1937092679398865,0.11028812244737576
329,0.3041979950050775,0.2390052049532628,-0.2894981690508269
330,-0.8020790603569562,-0.10476031262720163,0.18278160538440053
331,0.5548954475579557,0.4130651908391055,0.788251422182287
332,0.3179184999241312,-0.34231469285584093,-0.10954533933895425
333,-0.12716735453321518,-0.08597920126435295,-0.4541452824665414
334,-0.14241268945250857,-0.16670342244136072,0.5102158523317636
335,0.26521370982629167,0.5744311284791532,0.15858726230369188
336,-0.021954320884735205,-0.18702152658362373,-0.23659485152200874
337,0.2560621621112432,0.9062808622347771,-0.134514580799935
338,0.20976001912810407,0.20218430366509138,-0.9312002888134239
339,-0.17186849984813418,0.9293489247038302,-0.2847090457173001
340,-0.9773649088358832,-0.32183463987282207,0.3457914541246178
341,0.4494757407421728,-0.7855372956202704,0.0021074861161131863
342,0.9543760584666302,-0.9487424833881888,0.08167218819126607
343,0.46413664121089515,0.9224299213074817,0.36673448604656456
344,-0.001845638585486911,-0.7612527526796288,-0.14501770592220276
345,0.06338915708353958,0.4131223903232267,0.3283342498388386
346,0.10033021414988146,0.49831482562347945,-0.22499774975460043
347,-0.042017297952970295,0.07397856638422072,0.0937015897591467
348,0.15810720907573808,0.6294855606749098,-0.09211985467214416
349,-0.32693982658861137,-0.18660985291183035,0.24853468272018828
350,0.26509353760679943,-0.0171297242556057,0.11457605853802574
351,0.4173475102201303,-0.3971855084495073,-0.3045381182183266
352,0.2889458784836354,-0.18350005766874172,-0.4897636767674555
353,-0.08805210319600683,0.19513995865620834,0.1646130079115223
354,0.34005977618697736,0.16049808785812472,-0.6365444097060975
355,-0.0937259975230314,0.09554672248017772,-0.377364665565148
356,0.36838365014374796,0.24518114738493504,0.27770654607052797
357,-0.3968292317241102,0.7702688700010922,-0.05273135455606552
358,-0.39744974912416614,-1.0464040535902992,-0.38165349217299205
359,-0.17373981175027428,-0.553643835615249,0.20133385482545582
360,0.17384745848516192,-0.2280258929258711,-0.40212333355508445
361,0.427738515888236,0.5961039643842883,-0.8312198922672819
362,-0.17312618048916206,0.01236285324991516,0.350163939858702
363,-0.19365389830495253,0.594910861530279,-0.07943129607996981
364,0.1976846625651206,-0.07606261359109183,0.7841317612256081
365,-0.6221224412350757,-1.286544901229955,-0.22573043911577897
366,-0.15350145391446174,-0.25084750598975175,0.42956415492217565
367,0.20193125122450875,0.038491308312008365,-0.5577890810740186
368,0.2811978981677183,0.35024263996035837,-0.6553743226652805
369,0.24797149804972443,0.022211962120294134,-0.025358942845376722
370,0.4388268928149496,-0.04674584235451714,-0.009497315880248347
371,0.5613801752021345,0.13027930742182317,-0.5030921460204252
372,-0.07404360853705858,0.48110498190563433,0.32769217331296446
373,-0.2407610248580534,0.19236086391576163,0.28307429196960326
374,0.7248293039343251,-1.0541243797629911,0.5291317178482137
375,0.4873883067065489,-0.4749823393800196,-0.8195830419758766
376,-0.1182886772250585,0.7086057868458194,-0.023319975628234884
377,0.3027713394718456,0.4541447167833083,0.8225725492484077
378,0.47387038098290785,0.2706827127076041,0.03981621894668568
379,-0.36706749532522515,-0.6713902595205318,-0.27886497229205737
380,-0.03452414201751893,-0.8210861090737587,-0.013744494331240573
381,0.49986413481075154,0.05794378050868336,-0.328106022648054
382,0.32901719480235514,-0.7985923238833661,0.1680078963138154
383,0.43282608739658573,-0.8165387302851189,0.965416318367484
384,-0.10689975122799154,-0.18919793408311797,0.6545642018392716
385,-0.061590600114063435,0.14629968381559103,-0.29764348515027894
386,0.2257619849426468,-0.23437360885235567,-0.7604383792096705
387,0.05549525721349132,0.7041359035197093,0.6226116197386602
388,0.6452583796057011,1.0651642199043505,0.5338239198712432
389,-0.8427179488147971,0.11309539398084718,-0.3644086637452522
390,-0.7287163839953176,-0.7530377973331742,0.2730839927948099
391,-0.17427493416789444,-0.2330251764386897,0.4267865290916661
392,-0.555796484677461,0.2153554749515744,-0.34670363917223607
393,0.9949624371106519,-0.2938611984135987,-0.07437520616249654
394,0.3817509005212153,-0.011958993842418603,0.2089380406277922
395,-0.4635656620123383,0.7405489175193027,0.259200931520634
396,-0.10585344256985145,0.13530532087625216,0.4745816720701698
397,-0.15816054337737212,0.15530016130925828,0.27335703900649116
398,0.002961685772347686,0.0861454963765919,0.5581089577303004
399,-0.9059848574420858,-1.1595257195417674,-0.3951850664545291
400,-0.15178685778048157,-0.00931335755254977,-0.33625751361308603
401,0.015770438582953922,0.9588976465947396,0.1772631699125993
402,-0.21393248652412397,-0.179850208250253,-0.3356084780475819
403,0.3046200595119199,-0.2690444913312148,0.2651475378454947
404,-0.04401767537872367,-0.36554730388658147,-1.3393300137135327
405,-0.7663337334075188,-0.22980353621459926,0.678527267398724
406,-0.3486696318747358,0.03198721867088904,-0.06367863452846444
407,-0.1555699440047375,-0.5718381963752954,1.3617148676803532
408,-0.6013733030312919,0.3941101083580477,0.19333154007525596
409,-0.29013253216214446,1.1519164056721176,0.09077562337619284
410,0.1100654853429913,0.4864767314785649,-0.2158907702865192
411,0.07811624096761974,0.139432482196085,-1.0462764930238235
412,-0.31759144156936775,-0.37150667305664364,-0.07272903761875205
413,0.11009519672406007,-0.23949802827402672,0.7502962305476996
414,-0.11536015555653799,1.5586557538570127,0.155888395585988
415,-0.1667008352528709,0.5859335517984041,-0.9879802462259154
416,0.24403206852801881,-0.010838590612983189,-0.6203086718340319
417,0.576879037926522,-0.4904818102244695,0.062307424140642796
418,0.11882190281504237,-0.38637283965163716,-0.7040159339316766
419,0.2723969441731839,0.24982237000830967,-0.21002451340954315
420,-0.10279698191889887,-0.12427924092739592,-0.5701972582808211
421,-0.0056362583357644795,0.4860039440242029,0.7501404127084139
422,-0.21517399859691533,-0.05127865589655886,-0.8523206740807446
423,-1.107953121808598,0.29696990470557494,0.5056093099470556
424,-0.6227224572045734,-1.1038951726476811,-0.7001031920497496
425,0.1301364298303987,0.34473541993727214,-0.17296703931461127
426,-0.2829983305391451,-0.6048137520875236,-0.16264009997381348
427,-0.19708286418251908,-0.07952014262777662,0.0907741714863126
428,-0.8104302400159176,-0.28432291566662055,-0.2161447573419109
429,-0.14756529693903989,0.4505638255952082,-0.437182679015692
430,0.2867859023018895,-0.0038050229723553585,-0.12137246739670125
431,-1.4606297922269527,0.33284400185540747,-0.8836201553614934
432,-0.1667849648156666,0.5636063414651102,0.11624760758513117
433,-0.3637966419826433,0.22729023989378144,-0.3128897777805819
434,0.7541824711366157,-0.3296331030854957,0.2680568820051638
435,-0.6366790758996478,-1.0063441202464234,0.5517033407527441
436,-0.2545849570810995,-0.3137310666614016,-0.08698438175075937
437,-0.3715502850904048,0.4538707393727471,1.4599614118663617
438,-0.11185112710655011,-0.8254081342563405,0.27150838462842425
439,-0.7669552098115919,0.17774681175502668,0.7652505016014329
440,-0.5364808605331602,-0.5657237349315671,-0.13170246075829561
441,-0.2555315573006275,1.2225911951893857,0.0014394109267242166
442,-0.46646022105135676,0.2765200335228465,0.6643279129583974
443,-0.0687854297333235,0.3264421853527638,0.4442626091970142
444,-0.3803565561157129,-0.3248502367741127,0.8322439558520934
445,-0.569855686020134,0.1033698146280987,0.6212457425031532
446,-0.2187489344641028,-0.2413476340043418,-0.0274336366117306
447,0.7484653926080066,0.1134151933341501,-0.03628246442796154
448,0.09661813413118725,-0.9043680938060734,-0.2771748756963063
449,0.13640329444846797,0.2646595035542057,-0.13995523828231707
450,-0.3390051672653507,0.2878828905445537,0.14172181197003794
451,0.19016950079597805,-0.22784778428511787,-0.08209393339399793
452,0.5814875488753768,0.3370598988909581,0.4097696883473397
453,-0.6667633362423495,-0.044053588592723104,0.24656180173078743
454,0.3510847230898608,0.3033532568572233,0.23977833713729077
455,0.46203986996424606,0.4569008238183244,-0.6643707755208822
456,-0.014264546784725865,0.7282157302862532,-0.030814977939334704
457,-0.5562961444852124,-0.16978906360136167,0.026924224396574322
458,-0.4341800429829615,0.15722599640099041,-0.3003365980616388
459,-0.141378217530781,-1.2379007509387991,0.13970585944175862
460,-0.6958024021960603,0.5873644289893555,0.3381944822276756
461,-1.1911610561086559,0.4053706811388025,0.11441030712928736
462,0.4829341437899134,-0.9205959244371645,-0.22092068009084845
463,-1.0761921481152539,0.35429063831098084,-0.44720342231253807
464,-0.5176642730045993,-0.32627725612953673,-0.24644677647381355
465,-1.1263733985478066,-0.738923403032784,0.9766056258760508
466,-0.6789544329078928,-0.5341786658325719,-0.03715998871963174
467,-0.24079921288652456,1.0028378626678995,0.057694831157404966
468,-0.30397652186641905,0.28169779259082167,-0.9409664720008816
469,0.6808047899875991,-0.7259204374517273,-0.27130440224317165
470,-0.6600421798166328,0.5253236375432424,0.39507231623319267
471,-0.6875432497399656,-0.6881084855583602,0.3595242716955564
472,-0.25914005867932355,-1.1586528876160787,0.14076117757864207
473,-0.2766009787351626,-0.8208116747629429,1.3824308533503455
474,0.4267274368557483,-0.1068618453635749,-0.9187261845225131
475,-0.8516289818856974,0.11777628517864679,-0.33591532055943235
476,0.33315052413650814,-1.1205737101052984,0.011301291041715041
477,-0.12382704196389911,0.14972820888272334,0.6394290355280068
478,-0.9862071519974023,1.0430940186438604,-0.14449509689953519
479,-0.43296935887504123,0.6518747733817463,0.22922817890953046
480,-0.18171743578271685,-0.7878570924369634,-0.5762630646258123
481,0.030366465979812664,-0.16525794969041452,-0.11307694884660016
482,0.45394121622175254,-1.275533662592164,0.8753471435683506
483,-0.5730391570223896,-0.7457608184639061,0.24302529603535594
484,0.22883794143584,-1.0672395818258977,-0.16793771264566099
485,0.12538227991269352,0.521695508177867,-0.13468911131158465
486,0.7087995211787117,0.8651483286496641,0.34900725377144054
487,0.7432822962424734,0.2140420587469709,0.5070948992142692
488,-0.17164234550791976,-0.2553102219680887,0.7822768616432615
489,0.4468421730555377,0.2846603837830656,0.24553006252023366
490,-0.08788105996118262,-1.012667596165385,-0.29118941096870193
491,0.3231479555011657,0.3785590801270564,0.3726227700546852
492,-0.3372531107736371,0.06681939175030432,0.17596054701981703
493,0.4029892064045559,0.055573131220796254,1.120419765290716
494,-0.15346916615155265,-0.7679566082039812,-0.3396742487514045
495,0.23986821668621097,-0.4064206345507126,-0.2034728668504525
496,-0.3648230374463979,-0.681426747901915,0.20095131838835056
497,0.09385821326449716,1.2660376792113026,-0.2404829792265431
498,0.3654693154824604,-0.5659662720604162,1.0680574491233243
499,-0.9346492097648335,0.25542733435125164,0.8475165629898407
500,0.7233254999763502,0.04721800895657849,0.5200132925946684
501,-0.5948968442557787,-0.11973766075037372,0.1636277718460377
502,-0.24204878285886047,-0.07474845976098794,0.3921399017393137
503,0.11920587045214401,-0.046641856831209846,0.5674174918623479
504,0.6767489633151768,-0.208389953387717,-0.0764356416617209
505,-0.5041360011311617,-0.7656978300046117,0.5834954907623207
506,0.5880632487104391,0.13430254184223542,-0.21835924893926453
507,0.7165321587512669,1.453165009858197,-0.13508339957468896
508,0.4939195553831271,-0.7179263817939107,-0.19517719201748152
509,-0.4487488407928469,-0.41611160164027877,0.22974827313225807
510,-0.3329568333661519,0.1425649138172253,0.4163415955372346
511,-0.48812144567011995,0.445480936960239,-0.8083957025254014
512,0.08366580686923425,-0.18387749422895566,0.04454970948936451
513,-0.2771134889949774,-0.6327867144382886,-0.12532717343129698
514,-0.22596294300812883,-0.17043544527132484,0.3502683916095526
515,0.05166206041283821,-0.32527390916206395,0.5875959501986048
516,-0.9389329070338424,0.3602150972760949,0.5500782497854796
517,0.018675584677811177,0.060587071440077515,-0.06430461602481402
518,-0.7346893964805071,-0.9245636143065945,-0.18469843923897714
519,1.0185613560850089,-0.7722387744839491,0.36429113012666353
520,-0.34522134158184553,-0.21350683153290334,0.022001185634295116
521,0.5291812749689077,0.3652552544723685,0.07007202691498556
522,0.5401681291338197,-0.3907701917660861,0.24834602862112867
523,-0.38220403445939133,-0.3437863450094832,0.6257286179075775
524,0.38664946548996587,0.07803638478568262,0.1383656739231578
525,-0.10309307095310162,-0.7792641432524442,0.9203758501066469
526,-0.09601494468323864,0.13443483045891533,-0.5870497216097641
527,0.11749229171902836,0.3381195903248943,-0.3765194387555076
528,0.07934332086934354,-0.4879310304586894,0.4820930416790974
529,-0.1134433796425121,0.6962141409542187,-0.3357046668570155
530,0.7672567627980369,0.2681541437128213,-0.15057652558067602
531,0.36232996221471014,-0.11457619783930105,1.334856040570407
532,0.2948998868259747,-0.5166759853288219,-0.42047613450686394
533,-0.26233671941101655,-0.18688496840499014,-0.0593368262947262
534,0.5645895300038597,0.6439515346680371,0.4970546306072461
535,0.14895593392781864,0.13874378840775334,-0.30842985882229224
536,-0.45287710793813774,0.033956012717723374,-0.205182928179897
537,0.6982112356335923,-0.1552333820071955,-0.4822318873816451
538,0.08758027688522707,0.08801868250214592,0.07510656329667319
539,0.9670674632277103,-0.3983920394442301,-0.38432832676088924
540,-0.5089178210067262,0.916297399967365,-0.05790554741405201
541,-0.21180350141831011,-0.10720005013213116,-0.6903457183819305
542,0.1540323908144136,0.5049668448493649,-0.31010032133907584
543,0.4092590517197293,-0.5055678024418344,-0.38426246748292964
544,-0.11878811508426562,0.8287014793147147,0.28573797078332913
545,0.3939920499631227,1.2966426312444697,-0.2333481901985015
546,-0.012393619597519155,-0.007680882428315695,-0.030456216308982306
547,-0.8986743284248779,1.1710389490422035,-0.29562711371814737
548,-0.25291409764084866,0.5173983556953311,0.2846804275637695
549,0.098126093198407,-0.3915349338715298,0.5989042265392585
550,0.25382701596594576,0.5127240377582041,-0.32280945281725026
551,0.21543137252692493,-1.3814318560777605,1.0012009333775562
552,0.0031750281356476115,0.453010429778503,0.43523948261626977
553,-0.2938745832801689,0.02101010762748179,0.16372596347844612
554,-0.2658926963701428,0.41750560458643476,0.11549353874511752
555,0.8389386390200454,0.29817245159462424,0.38933173262786036
556,-0.17739198180891025,-0.444955359910551,-0.14029652815483235
557,0.1381183495888601,-0.6983149110843896,0.6874050536031906
558,-0.634592174695843,-0.4219953232066679,-0.6193213970161278
559,0.03498061042399802,0.3447079978389798,-0.13785626741742538
560,0.7465059043970411,0.7170474276033952,-0.11564299083994331
561,1.175662894806948,0.18141282483873483,0.3705842876127261
562,-0.013119350180666439,0.5151586758849064,0.5875480427071468
563,-0.3835598231887343,0.17507144907058092,0.33409495909727716
564,-0.2543281470145933,0.03507136048865577,-0.08887048801120107
565,0.25685755694843726,0.23409263565256838,0.0011420037049317522
566,0.008499347311846529,-0.053075789098326435,-0.2022488002048854
567,0.32260611187054045,0.7240284769679195,0.07378736207157224
568,-0.14234187614520888,0.5857734894763991,-0.11548441581958904
569,0.6637849081125949,0.5988742105908431,0.250313199120545
570,-0.7693756840498222,0.9357161757176758,0.17007395587489763
571,-0.090751677162663,-0.9114925088032495,-0.35709661205597054
572,-0.673745972989941,-0.34668827748249914,-0.5838072555438936
573,0.7218337459774242,0.19492534418756288,-0.006705967099644986
574,0.5081805083289815,-0.045081349748040775,-1.3055324363315082
575,0.14426768199003578,0.36479485760314817,0.05460587218555554
576,0.4465851639378561,0.35045427759906206,0.05709526756328029
577,-1.2802850007349487,-0.4525656016045361,0.3340879011666175
578,0.8986633398195989,-0.5964085236823924,1.3288988893132536
579,-0.2821000609693393,0.39275169168804014,-0.33276461901851184
580,0.37198319427579446,0.355065577987355,-0.9871927575126352
581,0.15908076956546863,-0.011483918595239761,0.3037116502856898
582,-0.5466953224489597,-1.240463809791993,0.13168743257593474
583,0.49613411003308644,-1.2462810029407265,-0.6746707353646766
584,0.3932482326354678,0.3057756165659132,-0.20735166242822667
585,0.571285298451886,0.5810262352591637,0.5258996749290951
586,-1.0314271087116809,-0.963151924721007,-0.581096805899596
587,0.5433388382777861,-1.0793870587999512,0.026616353813812905
588,-0.06048444630526389,-0.2125176941205904,-0.47852926572002175
589,0.3697489162066429,-0.22561982028046684,-0.12083566216105236
590,-0.20538551985658804,-0.042901710513535335,-0.5220195524495332
591,-0.17486589958923388,0.6167617636453063,-0.465138930311408
592,0.16168371476181473,-0.5050324111350467,-0.0159667921316902
593,0.007028531607706205,-0.07747653963794374,1.0369686809780014
594,0.007104674300525188,0.12379113521025627,-0.17272636097431385
595,0.443073772748605,0.012656915283094513,-0.5046265722247865
596,0.12190335595611074,-0.3530276524261705,0.26538508340578043
597,0.1375090357302462,0.9610689272713532,0.22507391204634788
598,-0.5227986441543905,0.2736715203607893,-0.09159391814875285
599,0.19140942229524743,0.6624445659238541,0.7172392991610538
600,-0.7663407261899171,-0.2829703109150147,0.14970474882264662
601,-0.7102404684627732,0.591272916310264,-0.15526577957502966
602,-0.5660652040977534,-0.14004296809641717,0.7718392904569461
603,0.13326350441118104,0.3205034102211841,0.5462797658701077
604,0.5129732426896404,0.3979657447029774,1.1757681388143821
605,-0.28488069877684513,0.3199412414636794,0.009061942072820104
606,-0.23815437894113528,-0.7684082557054039,0.5258440027995424
607,-0.3579962158816328,-0.04193908701739567,0.4452493495104655
608,-0.3790462374411465,-0.17109536727824465,-0.8875725888571763
609,-0.42349891814675333,-0.9793191487703872,0.5716920056984098
610,-0.24084504785703564,-0.2047133603474796,0.3959328245969716
611,-0.28328866993857504,-0.9596923888245428,0.5691759913319128
612,-0.21196608402210404,0.052745513565915086,-0.32027327966392527
613,0.9282708272538129,-0.3355532912939024,0.0648895305889521
614,0.6266258765751551,-0.5950424223280193,-0.692832146030318
615,0.08171955285912307,-0.02470899519276854,-0.5838534851512271
616,-0.22870425588720877,1.0414029777378484,-0.0943639676723305
617,-0.2488651929687666,0.34427979936904834,0.4795410403050866
618,0.5115354642068035,-0.10918306440874888,0.09057570090413984
619,-0.16720876806613966,-0.3269123293565294,1.4748196782886034
620,-0.10621157804356349,1.3373554237891296,0.18630632266505753
621,1.0866204678213074,0.769709739096553,0.013677272971052477
622,0.3798178415541417,0.05976963906442251,0.12027406383254612
623,0.9484011074266143,-0.006612694983888185,-0.5716036071993805
624,0.11287789138772314,-0.29628158494356616,-0.6292152511240223
625,-0.8103550691552419,1.0851561514663706,-0.6097528361656825
626,-1.1706460587608405,0.09474719723702035,0.2261177373480103
627,-0.15564380072569792,-0.03835366391953704,-0.4359253771020945
628,-0.7643553776196456,-0.04036038974162761,-0.24176459490862434
629,0.4670020850483974,1.126408894528028,0.2430575484826709
630,0.8249378235416135,-0.11288584385431795,-0.39800123099836776
631,-0.21929147652842615,-0.3980676448064517,-0.20274921072166255
632,-0.17514232496489987,1.1743136643005458,0.252492305762487
633,-0.16678080058908107,0.28129343542790514,0.005299951806533061
634,0.42721761344441783,0.14349211941088574,0.8177270320397408
635,0.5096588876409196,0.3218525056401021,-0.23406341740175418
636,-0.10356677559015678,-0.17342503456423838,-0.4031997390554143
637,0.7302300076031111,0.6973146389140277,0.19075865849435442
638,-0.14862323006247657,0.1664671149206377,0.9299665874004652
639,-0.6244867324138209,0.6117924234428427,0.12945067318418865
640,0.49464003269479345,0.24654428977818116,-0.06016526906215038
641,-0.024352275598775154,0.8419445160099763,0.592288763856183
642,-0.46192300267131864,-0.010589465015120519,0.8398968237467453
643,0.3543260327648456,0.7449307203571993,-0.44213472098254986
644,0.023135171295732615,0.38703210111193936,0.04332087520954826
645,-0.27506947960136857,-0.9313472375604182,0.23519107992047178
646,0.16226724202134765,0.12088053242975766,0.2309817879785942
647,0.3012368795091926,-0.0446567147982336,-0.07911713486940575
648,0.10816834017982617,-0.37131194327348066,0.25410977281899566
649,0.5208987684393255,0.30720157856053454,-0.528614560218067
650,-1.0979347821136516,-1.080336623508061,-0.7854948921862283
651,0.5185603820830192,1.300535263386096,-0.14156034565702133
652,0.34794828684803836,0.02448773115224635,-1.0981443453731927
653,-0.39062909972955806,0.33966103857025115,0.2534725981434413
654,-0.03595143348833519,-1.228328287412036,-0.4538908744227953
655,-0.3515085707080869,0.5610136538897241,0.03870169175254804
656,-0.18895962681809544,-0.3620371991706071,-0.5048723026139431
657,0.6446474812325521,-0.7343165521466418,-0.6943577494563798
658,-0.8838655396904949,-0.035415666379933375,0.20085356992383607
659,-0.22759581656900196,0.0663030850509639,-0.08200717066776571
660,-0.7135368302821791,0.7109648062356096,-0.6197374601269511
661,-0.6456811013006236,0.31909167086024043,0.03853404352818909
662,0.23261737250005793,-0.03489300341845868,-0.9332510656917636
663,-0.5851610450569019,-0.3893243861421848,-0.14144780976490956
664,-0.054062687811517726,-0.5507696277222299,-0.5781457814849239
665,0.2510663861365173,-0.5418340727772522,0.1311377076283776
666,-0.30606560549225187,0.584470820902024,-0.3785129220685072
667,-0.26730351568907124,-0.06451092940774181,0.03698200632420744
668,-0.7983242636157567,-0.3922389424862357,0.013869061536721248
669,-0.17238385741203766,-0.3127238512690331,1.4462873273731622
670,0.3385602313710133,-1.280611345751459,-0.06464034053099818
671,0.4291244590947638,0.6771714119172806,-0.18616802602194618
672,-0.4581443055965798,0.3466219433334736,0.5913871040296136
673,0.24272053798429213,-0.13269643379635968,-0.2045642332980947
674,-0.48736831489846283,-0.20092398561399613,-0.14209941081291744
675,0.7667830783586238,-0.28910907533648234,0.050476397602145895
676,-0.7938038782165162,0.5485018320771897,0.6241654675299696
677,-0.12587502034780068,0.20663289096727824,-0.3633889039314799
678,0.13056963748655956,0.17988890428870571,0.5905655229119314
679,0.059249348676769634,-0.21940352657417617,0.5687445311198376
680,-0.5384441299850709,-0.986780988783716,0.07742262795859205
681,-0.6910150671180169,-0.7102174307624581,-0.3645853746544036
682,0.022542184136767566,0.1849735174879567,-0.3636391272038875
683,0.13443430980208007,0.025903296741873298,0.3495500357261538
684,0.7164960447590546,0.34741018765272597,-0.27931294038748083
685,0.178580604788772,0.24033816788809104,-0.33316108925489535
686,0.3593502541669025,-1.356838011273791,0.09975493559029207
687,-0.5190697066740881,-0.38590512713653813,-0.040656459796653874
688,0.4282703161062815,-0.25635293224965766,0.5214559839468893
689,0.8350049151759095,0.19117921354148396,-0.5881089477859558
690,0.49076849794030936,0.36629707837798925,1.0224951510468285
691,1.014747519109669,0.3357754205514067,-0.24290140707715352
692,-0.3783275116988571,-0.044165100839012296,-0.07279734419432789
693,-0.029113748549346317,0.025092062672551565,0.3757781156984827
694,0.9550064808493075,-0.21588569892939322,0.21330521132258037
695,0.2668992409154352,0.0042554977442723465,0.3663331709436968
696,-0.040992709853600935,-0.024932214230379477,-0.14009065609173557
697,-0.8578551607904562,1.1034077282257881,0.15466019934936523
698,-0.5028863036783019,0.03552769360357261,-0.32017665068730394
699,-1.1050884146116609,-0.06794900896288163,0.05951566927459868
700,-0.665859678776252,0.35219670588381286,-0.2918529899294369
701,-0.6807616317932865,-0.17124586745847847,-0.24084478976232046
702,1.2807686117451844,-0.2682089147760845,-0.43839479325536296
703,0.05671381744396636,0.5242116754570679,0.0067019215571882985
704,0.4755002669915781,-0.8406019312792608,-0.794323605199937
705,-0.10741025112101041,0.276490683644139,-0.9779204113732982
706,-0.507693319491707,-0.37150659449506956,-0.6404231269207502
707,0.38027119071007226,-0.3647468624548152,1.525530489294072
708,-0.7658496453485061,-0.3238985049599183,1.0902426349477758
709,0.24208466908109685,0.2496454626847164,-0.2856323055666082
710,-0.20738577843110165,1.1744936882513448,0.3055493028910738
711,0.04053958968972883,-1.0231330717381437,0.0542715574485643
712,-0.06750346542246641,0.011215292830602025,0.1934918014158879
713,-0.7314550757419659,-0.24920317611069037,-0.12756503034051092
714,-0.6055588784381991,-0.4542122147304576,-0.5536699389478721
715,0.4628126791076617,0.21948487365914035,-0.23017411270840807
716,-0.017615080752853857,0.2810680799021445,-0.1243188974025328
717,-0.058434307470935254,-0.43487894839157765,-0.36617294575660775
718,-0.028017878610699102,0.5805474038512028,0.45413221496796924
719,0.5412548343320456,0.04856905102109393,-0.43740399372771
720,0.17552291846844484,-0.08317302615528271,-0.5588272469536099
721,0.03611498516479125,-0.5301760581599912,0.09149858589206594
722,-0.2650897117247729,1.0846816380259212,0.5452512797332422
723,-0.7263725084901269,0.6549556904830908,-0.6639894326438551
724,-1.2123429389487959,-0.06352767693800569,0.8353486580427978
725,-0.12510203651482327,-0.2012665590733641,-0.01628198375348107
726,-0.3655841014808787,0.4452582620050062,-0.09214160614261223
727,-0.9915357968676416,-0.51211149652324,0.0903773847621736
728,0.17292907548053016,1.0283722952964642,0.21315966886650886
729,-0.777336528241155,1.5845832306775138,-1.1624600315292246
730,-0.6236882796831618,0.29350813142237037,-0.2867639993030416
731,1.052972917700374,0.26341083183546793,-0.3983122182708511
732,-0.3102240348982485,-1.1432473611782685,0.08574183495218564
733,0.3293373141407776,-0.15868556500661507,0.039909290032735086
734,-0.5702754615110577,-0.3858815631353707,-0.24074911374215147
735,0.3739080679337673,-0.3919062630689576,-0.277035400490722
736,0.3757477855200799,0.06150721614673415,0.10969776122718622
737,0.43275783136329155,-1.2462288967057285,-0.3697218027318913
738,0.6890610093611993,0.053664527454758075,-0.4155041249375529
739,0.5404112258980203,0.054923661979108085,0.23866315050033451
740,-0.09976148994600531,0.18399633420210007,-0.3863174870135839
741,-0.250569538041275,-0.06936502975289587,1.5521036092425033
742,0.5514786756924809,0.021670495355220264,-0.0872364496851306
743,-0.3430065402570549,0.6226711414975178,-0.5536148600495223
744,0.31332320493250526,0.37078367081662944,0.16036469644959098
745,-0.5064225234648757,0.10824845077079233,-0.2915534798144638
746,0.4921965863136416,0.6395437272303583,1.091127886470863
747,-0.7417776407966893,0.2388870963927045,-0.7267096579037845
748,-0.4565142431711642,0.2185312043498142,1.2002832274297306
749,0.49295375581781287,-0.04497437489537925,0.4265062561928828
750,-0.2127188156076748,-0.424473619461083,0.1412010276505967
751,0.7925907627823323,-0.6820262174685253,-0.329260440076467
752,0.13425192595446497,-0.18462715544269775,-0.6361248016002591
753,0.019785004377439467,-1.4788760099544065,0.04014849749248254
754,-0.5589780465919865,-0.3087170023157248,-0.5526114205398446
755,0.4069582467684953,0.9621099771499522,0.6826547513955303
756,-0.33976704095212856,-0.014076038234983601,0.0911235444183789
757,0.45246522341428846,0.584109893052442,-0.4534302649624791
758,-0.7069384040193831,0.5890063838111583,0.9334617757486935
759,-0.3231384762071216,0.330251838447515,-0.0862725111960995
760,0.28133784991387883,-0.6671423896999833,-0.6072188700229422
761,1.0562337139235467,-0.1613547902275864,0.204573374735024
762,0.2674804499123402,0.2623054818895052,-0.4451772708636736
763,-0.07500601658557825,-0.21894131456483673,-0.118452129134843
764,-0.5963010411790496,0.27160816793003295,-0.023594763092755794
765,-0.8436978569451714,0.08823583910659132,0.5171450715254472
766,0.465707802644176,0.4426179621876799,0.36130177129478397
767,-0.5540245472635753,-0.8886685685769927,0.02795349189160719
768,-0.7822103178905822,0.18426678061681642,-0.018577164564490867
769,-0.8032975590440833,-0.48739543603824975,-0.5751179977612393
770,-0.38337575072849994,0.8282734778089524,-0.45391077899787396
771,-0.8953938352880141,0.41687676957959635,0.8992573641096268
772,0.3017783411258021,1.1172414669635244,-0.14671380078546822
773,-0.1019497994188719,0.1607514618462851,0.5570098504594622
774,-0.48752872627563393,0.20681938340566816,0.4890441928491255
775,0.44472438320011026,0.20731939418496922,-0.025457179594151984
776,-0.32824643987888796,-0.37112100720512486,0.16115968644666853
777,-0.3426028379678853,-0.7208154234841099,-0.011873037509884214
778,-0.0032631585967181943,0.18601647506858662,-0.14254654103214653
779,0.6136845210674233,0.29255301001803347,-0.4953787508870263
780,-0.12056922180950837,-0.9894603628585658,-0.1053374499921771
781,-0.05308245621186916,-0.3664856148327733,0.38880603469619784
782,0.5729573437447066,0.8434453041259287,-0.21386872275182556
783,0.029818548261220636,0.577581945484169,-0.30676389874445475
784,0.7820978520533289,-0.27568416248183175,-0.04799824158325571
785,-0.6768563483588556,-0.06930008482161688,-0.082779890990015
786,0.07885304644633448,-0.2959001753095098,0.7073371189055773
787,-0.3550766458905553,-0.1673536626913,0.03476545013402961
788,0.06199115509295941,0.33865736196132046,-0.7548642010491236
789,-0.11683845802941624,0.16063723890451026,0.22675764242473084
790,-0.08007738242659963,0.08410272355771872,0.6851040375754357
791,0.37075351236446347,0.22759229013747206,0.6474052928877169
792,-0.3519709657388942,0.1693719412625082,-0.48410822977422274
793,0.20328564189535403,0.4983083254856088,-0.22143532314840436
794,0.030271250961482334,0.11715010188762608,-0.5224937653097657
795,0.705790459970207,-0.25021691598832957,-0.03582089549259962
796,-0.0687393270171974,-0.5388417628566443,-0.43676419489192964
797,-0.1429828689404012,0.15239858764031328,-0.34237324126639834
798,0.14630290912025845,0.45258371867085656,0.2431491836665329
799,-0.8151293781905683,-0.7574334638490158,-0.14186406361749054
800,0.9737578541482714,-0.39249057136379156,-0.48735474176512145
801,-0.9855279260710885,-0.47116706793045915,0.002205856148391196
802,1.037411104107868,0.09978533921510392,0.06968257501062446
803,0.20830789392168775,-0.028156271369796697,0.7266862535083383
804,0.7691115610251331,0.9425733205269163,0.36386915596051594
805,0.589856929103819,0.5187650145757751,-0.04023740510478542
806,1.1288587227964961,-0.8098023954727631,0.5024911989794133
807,-0.031103666514849262,0.43218951526891664,-0.1319749133150713
808,0.5249277470788091,0.14109883527571435,0.3219010138686936
809,0.02568756376681346,0.12608013772020463,1.4603225061335767
810,0.4484379287483074,-0.15310021787421088,0.3432114353960903
811,0.4290302084576923,-0.009350989492074106,0.2958638662843028
812,0.6222051319995293,-1.3151920100486922,0.16532537231630903
813,0.5783914445353329,0.16378225192451118,0.6360764459606125
814,-0.18296414304026962,-0.08784777567165183,-0.5608442619999687
815,0.9406267545087096,-0.8511756723228155,0.286171397468128
816,0.3749255195138587,0.9161170226648682,0.601799624007549
817,-0.05537036604901402,-0.14997886994269385,-0.3242789918916509
818,-0.9578365547203529,-0.8316288460286302,0.3952161993536674
819,0.44749453175807485,0.012726149207980484,0.538372911132058
820,0.35471555704114943,-0.12489624468879397,0.26131481415049695
821,0.45495396406362437,1.6544423012373426,-0.23600956845159896
822,0.9924639317152671,-1.3628787176262604,0.3191705182125409
823,-0.1728469174506083,0.12160476992869848,0.21476932860747586
824,-0.7004837468491094,0.26141146782105495,-0.5895641613956121
825,0.0824519373056034,0.1366585556161675,0.12623539334715667
826,0.1768747686398072,-0.43243467678004427,-0.2358583981301982
827,0.7699716944455328,0.5857988112628497,0.6469066178872613
828,0.4232829097284014,-0.3242391070957638,0.0690821180231486
829,-0.18246508572213,-0.12770780177435825,-0.41479805959710087
830,0.5060374763207895,-0.5228976104679657,0.6823891322196509
831,-0.735657562210184,0.14683209423389926,0.7710421949160143
832,-0.7080047989677457,0.5206877115571992,0.6375002440829471
833,-0.22206925485306825,-0.17141883088818918,-0.12464628142025547
834,-0.38577496086511504,-0.2626837910971751,0.4366814929736193
835,0.24490073872779555,0.32363354314705395,0.10586659202143366
836,-0.029823295888713054,-0.12897819246335637,0.3442868783509348
837,-0.6023627332390761,0.10845513889039178,0.03361368965005014
838,-0.3218017976440251,-0.9089636426436892,0.21814350096358914
839,-0.15322318467099433,-0.8763408732748575,-0.1566704306296366
840,-0.4216418948249465,-0.696687169549588,0.9530263828739319
841,0.2471526405942252,-1.0154128534575413,-0.26877050307047556
842,-0.20797148958452258,-0.4724470609977791,-0.5010489400727425
843,-0.17716998956227,0.4752453224221346,-0.21250307540497765
844,0.06705291774619535,0.6445396341078222,-0.3270364474456391
845,-0.2888360543595541,-0.0924300288549808,-1.011576505839668
846,0.6980775988520808,-0.6065635964473571,-0.10130733974669581
847,0.7198758327766746,0.8113411518325508,-0.2639249098914144
848,-0.3063806213224438,0.7540539451948055,0.7003645491560205
849,-0.15362313095713528,-0.07790949624173742,0.27034319975831794
850,0.328184277611773,0.7791409122604773,0.3446244384473644
851,-0.601110376306564,0.19562499127330502,0.38034918987379074
852,1.1389257223436995,0.27790034247672785,1.0877993822541885
853,-0.3308379746829662,-0.7198567350125613,0.4955211221477756
854,0.07496351280901087,0.5049616969530144,0.7061903885017566
855,1.3555181801064566,0.9093260495366009,-0.4456507457208499
856,-0.35901721991343755,0.12756815618022185,0.16240406078844905
857,-0.409682801341574,0.012208285586964988,-0.22055250100213442
858,-0.5714699923979254,-0.6375546943140226,0.019680986474198883
859,0.04102754728712386,-0.5145025250598143,-0.04942973623144939
860,-1.1799079666814913,0.5242581353646748,-0.2177604820580292
861,0.7792160229455126,-0.12733293527925185,0.41507294991249005
862,-0.3265258482445473,-0.04366812466305779,0.0724010227885018
863,-0.046987186262773865,0.8247067274324565,0.5000151483412164
864,-0.26090339154087766,-0.6545676776322795,-0.19635407482553627
865,-0.07124926249838341,-1.0005391279875004,-0.6602471819596775
866,-0.2794102053391968,-0.8729628037073115,0.09521613516313018
867,-0.9773093246917601,0.1876207939435418,0.4816730539582495
868,-0.015592322988003067,0.07762403848504318,-0.5224623779125683
869,1.2480712774597453,1.9084524456297367,0.0263519487334381
870,-0.07232799679914866,-0.14388183575676494,-0.5552138545324729
871,0.5217748801628307,-0.38949736061399876,0.4116099475497643
872,-0.29341981550095736,1.4130643918591577,0.669871844324299
873,0.5997863347060716,-0.8431067595700323,-0.6886450032003414
874,0.08669533439247375,-0.07707487781107611,0.24672070300664883
875,0.0028880036149947688,-0.0006471713723936675,0.10243459877982372
876,0.23283401488675248,0.990730416808821,0.2736913728242474
877,0.4476440407197831,0.0020811027283545416,0.367254196709237
878,-0.25980928842185774,-1.327247311654425,-0.9765134327062083
879,0.25056885398734835,0.4153129098470967,-0.29620354029593793
880,0.3946562291195798,0.4593469542431186,-0.11767327567141166
881,0.44455171318153164,-1.3066931971638507,-0.5160186003838313
882,0.2893523360363874,-0.8113463925085842,0.08496273081060837
883,0.7902192187893534,0.9114547711277171,-0.5445850871902596
884,-0.5123927541723957,-0.26651107035820987,-0.2028846438379072
885,0.0038994936885493403,0.5125009753623226,0.048085672545406834
886,0.7276993733596024,0.611864469854672,0.551159858959365
887,-0.22424230138872916,-1.0577759082615275,0.7225919803067552
888,-0.2845251887415751,-0.31449989836596365,-0.2566724877175665
889,-0.13700551968584446,0.14712749884085843,0.3845831812134608
890,0.1347305170906503,0.9971779171933772,0.3377499261701745
891,-0.5693046207317439,0.5036642956383721,-0.287619564143072
892,0.6660098118076432,-0.7494120453104074,-0.7097981565377958
893,0.5483950554321809,-0.2012724634584547,0.09065584453081169
894,0.11669908198205553,-0.014374286152965852,0.009745713569407205
895,-0.007641055002856982,0.7957718079539775,-0.11372350251537784
896,0.4111262504778941,0.5074284646132072,-0.02223316725656285
897,-0.16351786952135633,-0.054137955247311007,0.41436934356258537
898,0.2280351379855979,0.1162165912505233,-0.5617695603909224
899,0.40421825110973125,0.8172156475176704,-0.2497765698380407
900,0.21037345957201956,-1.014002948471964,-0.8466873163003813
901,-0.45405502665592007,-0.8675640076781743,-0.2615245091331563
902,0.5184707927094697,-0.48763051203266305,0.5047747165076049
903,-0.6600167237746454,-0.5313749293702182,-0.09678909498312938
904,-0.1635673794103177,0.053069946778576085,0.8728584453453827
905,0.3360777286894406,-0.43615867396727287,-0.15939536019721487
906,0.5303294052230882,-0.029988218308555865,0.6421957102904818
907,0.07203955038789717,-0.6471036558465578,0.33157809344596806
908,0.3904234054165374,0.34333436055240485,1.003081390042387
909,-0.6112495828388258,-0.6739439316878378,-0.22304438449711228
910,-0.3036485869205038,0.38513250221196926,0.4556424930261811
911,0.2133155343794963,0.1576702338117262,0.3142794351749409
912,0.025202133787091834,0.05338479441672686,-0.5664220394660675
913,0.17598538977768066,-0.850426111858481,-0.1656570591773262
914,1.064390054128626,-0.7228390330814901,-0.6318179418487463
915,0.18480986179921557,0.12567646955533987,0.1873284446333137
916,0.4841870015379049,0.756676638645298,-1.0454872758257057
917,0.11996533758058635,-0.6699338591089782,-0.15375001586961742
918,-0.7532052596729218,0.2731952005016034,0.1573377199780004
919,0.3848506573969424,1.0632803207467445,0.7473240780320826
920,-0.01814068622531037,-0.4985000842112646,-0.44234769484108133
921,-0.5621914964752436,0.15777118284809355,0.16808540762138502
922,0.21820830919833537,0.0640560612178804,-0.13967772721043384
923,-0.10740937253417798,0.11623466850792653,0.851929667570552
924,0.2807052005178087,0.20502957185652343,-0.3466694824132384
925,0.13850518640073625,0.07254794934438476,-0.7630351080103703
926,-0.5687213987725014,-0.29763497602450495,0.3741652678656213
927,-0.41667043265109754,-1.0021486559728001,-0.0835477486467076
928,0.9332050394269517,0.2932261742432525,-0.6134345422364743
929,0.4268608737708979,0.07517301189125607,0.4921692644664074
930,1.2654504040768173,0.15810429889278774,0.4553696531145929
931,0.04197957674969597,-0.3162193195583427,0.3632360887620548
932,-0.39448775034865574,-0.12084276587058533,0.5483347414967428
933,0.6185778375335348,0.6299771401884284,-0.0017873018654188041
934,0.3817258503404891,-0.26227493351186354,0.26488899338286503
935,-0.05151086455739931,0.4997580059641893,0.06420350372739313
936,0.7096038467683325,-0.6718756785119223,-0.236772037334273
937,-0.4024987895257868,-0.2296848973590912,-0.042941838940574364
938,-0.09369399261646728,0.3195832480569679,0.030662661175965736
939,-0.010572226684179047,0.7655794938727385,0.2825600849785472
940,0.20014459983877214,0.9971242020556487,-0.8975628927439779
941,-0.37299181989936436,-0.5408615989348101,0.5232964109754255
942,-0.37591499132818823,0.15190397700898067,0.3009242534920769
943,0.02905312581859489,0.14661915070026207,0.25384058516354985
944,-0.3943448159435028,0.04858415405386533,-0.2584577784986349
945,-0.5220885504442391,-0.24106954220009583,-0.7377690630692814
946,0.005863244358278646,-0.31245333405427095,0.3455621584784687
947,0.18144620661801084,0.00710331192930324,0.6673049914862705
948,1.0307780833638736,0.24850764765437075,0.5868872694715733
949,0.2187637079753354,-0.0016634861106906613,0.6961127460138694
950,0.45345377549209803,-0.9420801926722775,-0.4495569503300365
951,0.31710511637729344,-0.4606308594635259,-0.014389980378761491
952,-0.82085010923393,-0.1967400702624499,-0.36666844888202
953,0.5892178214308746,-0.9303148916778567,-0.3965141326553063
954,0.9504407861189914,-0.7200721783361123,0.14381082242833573
955,0.13499436065879838,0.7798330218437141,-0.6715649700771248
956,0.49267272608868884,0.25336357601685355,-0.10449551166426622
957,0.350602376682691,0.04619606463443806,0.5016167047403958
958,-0.5207595550079959,0.10539495825486742,0.3881174353178378
959,-0.8201819440996136,-0.33415230758192044,-0.4278368010209879
960,-0.6191796573836887,0.11443981486493107,-0.05352969207452724
961,0.45960139280641676,0.3526782357032765,-0.040164040615421684
962,-0.7403648718542527,0.5129284402285375,-0.524565130160574
963,0.08589476521394285,0.36005991570033186,0.10970362920021587
964,-0.4507775474346173,-0.19059856367883352,-0.48608233700069303
965,0.6565079395606391,-0.22446362053184926,0.09038771337204658
966,-0.1378923974416724,0.6632982234164786,0.08342257482848833
967,0.14130687935617628,-1.1063307197405152,0.14437701624272867
968,0.06929528148432915,0.1458465415058588,0.24658276539060323
969,-0.09723366287210147,0.19428994605672564,0.024851513357223357
970,-0.4552977135841227,-1.181294793078607,-1.1410524540517137
971,-0.7523253502424829,0.6354667190391389,0.02269594350136964
972,-0.09097757271649298,0.47387568899536486,-0.6502881764278848
973,-0.9452592929461816,-0.22013265186132946,0.7423742723994255
974,0.24852284553217785,0.39984684518037655,-0.13132762659156702
975,-1.0413833624081954,0.27802346375510056,0.3212702462873883
976,0.12021611290932264,1.401764070108749,0.1860632720949368
977,-0.858633903757447,-0.11259108021378239,0.6801207626607092
978,-0.920423855655105,-0.5631192614744874,0.41949058072689765
979,0.0215090462066549,-0.9263200291386563,0.6799795366625327
980,0.394119799513916,0.409380907360905,-0.7708973493798904
981,0.12628912422665808,0.2923549111734617,1.0170716896896517
982,0.66945046116782,1.0011062642520983,-0.5165450475872211
983,0.5954139741641216,0.02105924710799708,0.9284008223798792
984,0.24689282542213534,-0.5618489460166661,-0.266912073379523
985,-0.2522472956868289,0.18301616336012594,-0.5063327686558766
986,0.12763068362925928,-0.891183267846128,0.03881641580514912
987,-0.576649791170269,-0.20913367029594385,-0.1813802349482907
988,0.25115533808134133,0.4380699990984451,-0.4282402395033364
989,0.4342497176505427,0.9523449729799155,0.01834404513614177
990,-0.8729385694955923,0.6905030213444621,0.2186739327568126
991,-0.25291899526381073,0.5799456171438776,-0.6308379539784119
992,-0.11682592917509275,0.3870571892054171,0.09403577137650362
993,0.019488467182329532,0.2968109942871461,0.9104712015957531
994,-0.9622192624520709,0.23382782645835146,0.044230261348189345
995,-0.4497554868009234,-0.13589152239972968,0.17029985478095444
996,0.21159104875308463,0.2097192728821538,0.29739956389154054
997,-0.3251757866557417,0.6251321176986948,-0.2555995748827251
998,-0.46677057351860857,0.733369767034746,0.603956723153239
999,-0.12179905985445984,0.7449702904641387,-0.06684047650388422
1000,-0.2501312683032954,0.8956729814527246,-0.4376170740311515
1001,0.5310061288087297,0.24584597071928502,-0.2762421578505552
1002,-0.08174011650651514,-0.09548479083742392,-0.5479543508055735
1003,0.798456327902717,0.9574794669710623,-0.2521281360485795
1004,-0.18991258329766583,0.6620019860847149,-0.27023662788397995
1005,0.026744671596446844,-0.3618202297766245,-0.062270785973755696
1006,-1.3441452016020508,0.7116433537689655,-0.024460576546801
1007,-1.1982409758699382,-0.8081970213277534,0.05734250585395062
1008,0.4775889920286879,-0.04596283598755728,0.6381721585642038
1009,0.17390594014963348,-0.6314179662517945,0.18853139519283885
1010,-0.6585345023446894,-1.0330465093564531,-0.7316331256395799
1011,-0.7560282948062474,-0.6989726992491396,0.0022912350599504443
1012,-1.0987054643792629,-0.15278024553216007,0.2371269001163116
1013,0.05689694141738254,-0.7981123656849277,0.3164778757615765
1014,-0.055092455676583336,0.4453516693490899,0.6074740863271996
1015,-0.4996946830479472,-0.5110800846241417,-0.26761511971502155
1016,0.08451814515382555,-0.30155998878582174,0.6850384715053466
1017,0.36247168647141914,-0.38135625097912473,-0.31782317009110506
1018,0.5386023005313749,0.6049160933971541,-1.008580833292851
1019,-0.26741366208328227,0.09722377943573421,-0.10997151116862858
1020,-0.4870736055812552,1.2801713827415557,0.19211061235102342
1021,0.29680408175564243,0.20329474126334782,0.5899105831565561
1022,0.33683833879522146,0.2365720866250609,-0.6677916323526386
1023,0.9572194472299922,-0.31705690786498447,-0.14452592733535993
1024,0.12149327478653209,0.25375169481855114,-0.3720063947023355
1025,-0.11127416765978608,-0.4643481383340779,0.4524445430830701
1026,-0.593928984351861,1.0815163960375904,0.3305916313267767
1027,0.4207065100162386,-0.8526066261468614,0.5100077357981263
1028,-0.47427583090291675,-0.5627606572579996,-0.1476054920574394
1029,0.1171250916512524,-0.10428398190072358,0.4375177139722357
1030,0.14044038130829523,-0.2632473597396575,-0.8171448802928691
1031,0.0972852944075397,-0.915376918798996,0.640952888843953
1032,0.5259075830646291,0.4995335898643522,-0.12576248953133326
1033,-1.3001840665884934,0.5125487459229033,-0.6927769693121857
1034,0.4644048958111615,-0.021889441484162008,0.1132017090262128
1035,-0.6862786151438672,-0.48978916772468484,-0.581526455306235
1036,0.26639251942289904,0.7470735808330861,-0.5621788663807038
1037,-0.17175129830207084,-0.4686311744365253,1.0345790101114292
1038,-0.0010602691758547214,0.8201098203560223,0.35697183796154797
1039,-0.06993872187681435,0.4100065960787429,0.3941895151688883
1040,0.2189166622066976,0.6777518098956898,0.6698106779738021
1041,0.5884272706833259,0.5852150535598112,0.47421748339767994
1042,0.042189065829139887,0.9809371233629816,-0.40589607121045246
1043,0.46807915449987975,1.1712062861920831,0.11331245637079261
1044,-0.0652543182259869,0.9843530024124035,0.1434485157102065
1045,-1.03522955357625,0.8342547120751387,1.2263619751592498
1046,-0.16182670259107323,1.8192819829938682,0.6674569847310291
1047,0.23641904897499527,-0.30426101955847284,-0.1962957614122298
1048,-0.48375090257025866,-0.8218923424725016,0.07077610849176351
1049,0.29363049440032213,0.46095513532293053,0.11911672665511178
1050,-0.6497168028037832,-0.3462848252692895,0.27947452212242296
1051,0.054308409140851284,-0.04518528744908206,1.0921620436359494
1052,0.28357766256178646,0.06720292870294647,0.2216539246371692
1053,-0.01105743115194883,-0.7561123610807607,0.2796815870599681
1054,0.41119934567986827,-0.16486974790810877,-0.7562227330328578
1055,0.8360784797949665,0.3043190936197103,-0.3276871801878615
1056,-0.08577399276252294,-0.11378064406669915,-0.15715397940552106
1057,-0.0943227206750276,0.5405433138449824,-0.2779662707919454
1058,0.46394660163614054,0.3588654338639624,0.8057415551987201
1059,0.33576832999801826,-0.17298150004996243,-0.139721562423367
1060,-0.2206026924908673,-0.7018065586259932,0.25992713481069984
1061,-0.4579813790196133,-0.6936233824295256,0.10442462517622382
1062,0.0539967554268037,-0.15171943946064131,-0.6676278963344159
1063,-0.3584540183827639,0.9700121626732217,-0.24265874024771816
1064,0.0438894186532297,1.1901059325464363,0.6640483009394846
1065,-0.11624398790353985,0.23867271550271352,0.5656899434241724
1066,-0.06795670266598332,-0.41199001400340596,0.9640032943475006
1067,-0.2319560934801661,1.1363731555799796,0.25556060312685497
1068,0.8638979346223487,0.1085215073386119,-0.12615271019981647
1069,-0.011226241704446959,-1.012082612461831,0.21960384505590128
1070,0.3581424133830042,0.12847233712481004,-0.9301238619749113
1071,0.9460813153554116,-0.36713187616747234,-0.7475002066838449
1072,-0.22537678808053205,-0.07539183054487505,0.9919762820283683
1073,0.050782850213480134,-0.12323922903958696,0.02528182527118556
1074,0.3281487999154876,-0.18083771036920182,0.3848268293770565
1075,-0.15060357629127846,-0.8302736592031755,-0.1986583631450553
1076,-0.2777324401433954,0.20701132137966013,0.024477159204780854
1077,-0.20815647230568565,1.0573213976568385,-1.0649625159729892
1078,-0.12316174529825626,-0.8890420413339803,0.11594325502051926
1079,-0.16402717502324887,-0.6059118711493374,-0.7231844287225598
1080,0.6981031397459664,0.809782197144536,-0.01528343883804703
1081,-0.0630802093294028,-0.5500892774481656,-1.0694213867364784
1082,-0.22327582342663796,-0.04848262029230407,-0.4987284329350194
1083,0.31060095936270876,-0.3524851132106128,0.1135468593455719
1084,-0.5138199078299224,-0.011053207139032194,0.051645634013221316
1085,0.030639399180384892,-0.449832518333094,0.4478794482381193
1086,0.6030573687089522,1.3791979383969246,0.3343187496733301
1087,0.2913039339503418,-0.5111487768046341,-0.09419668064104375
1088,0.40756387410843126,-0.19665303900017256,0.3666806436744568
1089,-0.5192241378834528,0.32452282735921595,0.7063919946240014
1090,0.3306923665491744,0.4076888420476403,0.3611812366823085
1091,0.3526293951198218,0.7704822852966436,0.36583468860683405
1092,-0.7736158841725524,0.9384423568650168,0.11988959258840778
1093,-0.5404660348636167,-0.016178932061619963,0.4513409429162587
1094,0.044713900693173714,-0.54564320880093,0.050112247203563276
1095,0.13853098152141755,0.527185184682581,0.18634131361385586
1096,0.514110455135533,0.30472502656250694,-0.08616577089574849
1097,0.3171700078683046,-0.21351262792318085,0.21636378072229615
1098,-0.1511683788538289,-0.4268807680692615,0.41939833569785273
1099,0.08074916956739912,0.12259799512845164,0.2684057322472325
1100,0.6971906201249083,0.2714944670796963,0.5953145546351634
1101,-0.6138472923837969,-0.5893220259304733,-0.06217077534720166
1102,-0.28247555577291794,-1.0980919451143696,0.21536619770995166
1103,0.25999277133698945,0.8236578570618688,0.05852879406710865
1104,0.006757291742578145,-1.135854468396794,-0.1697752108414001
1105,-0.4131632548275891,0.20619598441309206,-0.021630292271530942
1106,0.07329553542179375,0.2166430114895372,-0.01808179355167816
1107,-0.2247687645810334,0.13824685093254935,-0.7174120971110602
1108,-0.5223132969074893,0.12966209726313285,0.8599342858825051
1109,-1.0909431492268284,-0.6617765302562764,-0.8016774648136271
1110,-0.0692392070643721,-0.31139144574906186,0.005281156591196491
1111,-0.37801301347906197,0.11515526257752322,0.1943993189990935
1112,0.09813109245933076,-0.14104210225951014,0.5980914841329741
1113,-0.08491614957439252,0.21027444415686433,0.35869461911881384
1114,-0.12204369102896537,-0.3990057528896781,-1.2736924925740198
1115,0.32435585153744223,-0.4045623405646997,-0.06749157258627234
1116,-0.7849520055404252,0.8496197349955446,-0.20036738295721773
1117,0.03199807802387648,-0.38814873635418395,-0.08250957036289586
1118,-0.6420259465510666,0.41013289210615606,-0.3158162308266592
1119,-0.16772921152512996,-0.625120980022412,0.0015066830479051956
1120,-0.8053697656594796,-0.011403126008827365,0.2936103920109639
1121,0.13605739590633906,0.2275305725965424,-0.45551177476135385
1122,0.8799245135255712,-0.015611332627737833,-0.09070525852297327
1123,-0.9699650318588241,-0.14027224704190663,-0.26645254865387724
1124,-0.23331931801822933,-0.4304169476495524,-0.03325515194747992
1125,-0.7727504940548833,-0.06679620401092941,-0.24210055685684412
1126,-0.23082422206577827,0.09676812753392794,-0.0253637058234006
1127,-0.39525261155746283,1.4159426821617986,-0.8479280950574913
1128,-0.02417692377282163,0.5757713764980905,-0.6570322544316691
1129,0.09789675062567274,0.12884389781654335,-0.3282340270350635
1130,0.24321793115692686,-0.3105819415332606,-0.2790839128132336
1131,-0.4584840137738795,0.49568682028026234,0.76005833518666
1132,-0.2583535510687141,-0.5835913127185359,0.434257551906784
1133,-0.539598827872043,-0.30061114245795817,-0.3974973484721768
1134,0.4496881018481455,-0.10654640814539834,-0.000674614624704693
1135,0.8734281415025443,0.22941411140511503,0.7865525920190364
1136,0.29134399100589214,0.45702502918276255,0.41968260741239183
1137,-0.5481336614594238,0.8799498375205371,-0.5734622707406679
1138,0.5359298012869921,-0.24613218414399532,-0.31275257630772446
1139,-0.44479713235676493,0.15511280821305704,-0.1797512498492878
1140,0.4172948948162349,-0.417273338606309,-0.0990487650115991
1141,-0.46074173522344775,-0.1835887839364904,0.10102758694314745
1142,-0.9360465357052353,0.8218533783379981,-0.3159255493988394
1143,-1.0115584827176958,-0.7159272619186909,-0.4581417449066313
1144,-0.049353616100010086,-0.31597683217256634,-1.3042415026949832
1145,-0.32322783749166467,0.3484657167930798,-0.30161486289945927
1146,0.03801027098552001,-0.2271204628703709,0.6734580989377632
1147,-0.5692153120277388,0.6047227732816522,0.8122380119000351
1148,-0.17313473096133122,-1.2400339936574512,-0.1536778770038807
1149,-0.6351917943095139,0.012453106622655514,-0.9074140919544758
1150,0.011377450477597464,0.47964605467044263,-0.03192578043852276
1151,0.622938528949336,-0.8575661238050817,-0.5230187989039878
1152,0.08778898099921881,-0.5937701318197557,0.4624964015397089
1153,-0.9251195486624084,-0.7871238804631946,0.5657401345438978
1154,-0.13793351689876696,-1.021870496823732,0.19575439558990654
1155,0.4822224291294509,-0.3619841098308238,-0.15805214425936626
1156,-0.5304782247282277,0.23972285614579128,0.6328136813375473
1157,-0.5435728105907248,0.6128887948738303,-0.2152365118855073
1158,-0.5288735731974613,0.5202570527116779,-0.6969244885100921
1159,0.8259200992849816,0.2776990900666203,-0.25919566560566615
1160,0.4018493739279513,-0.8611370381698905,0.27440227495627123
1161,0.057803789963920243,-0.3346867262564624,0.13969496566691497
1162,-0.879442525625087,0.46361553405858213,-1.1637153184704347
1163,1.0406146529770486,-0.14125659618910869,0.860252375053255
1164,0.3463369439933568,0.8683253552500362,0.7946163945733284
1165,-0.12577623745040992,0.22440883762771405,-0.9280357630160458
1166,-0.6591615759449533,0.08738728307066129,-0.3900779925758071
1167,-0.09098465816142,-0.1731031669436111,-0.37003308342449254
1168,-0.7159090601821789,-0.26404269270290376,0.2710225239379934
1169,-1.0527849615339624,-0.9574410902986659,0.24041420623304385
1170,-0.31290421857819034,-0.32110209567392983,0.1403657410810465
1171,-0.5399592466232412,1.1343080621657085,0.7366725747099192
1172,-0.1316291747956984,-0.4410966012845114,0.22299996196305583
1173,-0.09149595732109583,0.49629301595738984,-0.11710566001844924
1174,-1.0303640878426779,-0.11207735611869565,-0.31324095608260394
1175,-0.2610560888162932,0.36355468583006156,-0.6079407318695103
1176,-0.5367927122068529,0.4855619271913173,-0.4033818772315693
1177,-0.5326251872091256,-0.9949319623257773,-0.23056106318228117
1178,-0.2850011646268472,0.36927849370211563,-0.43429427602348375
1179,-1.0086213837949993,-0.7858629991340186,-0.458125878255724
1180,-0.367159578744793,0.015511643883008025,0.15970268359087106
1181,-0.2669672655907738,-0.3790757470311128,-0.4912890288223166
1182,0.06296253348988518,-0.248274919671628,-0.39766075245128263
1183,-0.45522158595596884,-0.03133408282753609,-0.5833995895945524
1184,0.2891196543362212,0.5354900396354192,-0.42653721197739874
1185,-0.09816801979776181,-0.17751710890977548,-0.5369905217654727
1186,-0.44893592295030804,-0.4946362710273838,0.1413329734922416
1187,0.17508576257078967,-0.2749420730256182,0.5884700152084358
1188,-0.10456365606113453,0.22282774998497665,-0.6481706357670749
1189,0.0505491434718012,0.5159065121649061,-0.4743533275971828
1190,-0.2670112467907857,-0.3937114740240639,0.10726922338126779
1191,-0.23766012069882408,-0.727085443694145,0.46171006020104166
1192,0.2966332115773607,0.15782396787874506,-0.42210871032775754
1193,-0.10085864966850466,0.7644087657010193,-0.05720376364180764
1194,-0.07304475344634934,-0.32776888829567546,0.41767362592820656
1195,0.3986387310533271,1.6343399395628548,0.5949625437376751
1196,-0.17602433683366564,-0.17405569351173608,-0.9133997861937788
1197,0.3902104522186715,0.10407196811031245,-0.034248539168892374
1198,-0.2194215909750797,1.3219294063655773,0.2614509661955841
1199,-0.8446013282331731,0.7413447461889323,0.7344072735251277
1200,-0.2340062420846868,-0.14877753730989413,-1.2530373840766158
1201,0.22006446635715288,-0.7434665634742321,0.40457487562536343
1202,-1.1211732919443445,0.12413973363911818,0.4880642803796067
1203,-0.01541036685728933,-1.3767045865751746,-0.10183391110328337
1204,-0.49268471131277286,1.4455078471021958,0.9996924178997323
1205,1.0696331529941174,-0.9986953070446376,0.5769167235186266
1206,0.17335901891568636,-0.6958475669204205,-0.35428696131927423
1207,-0.3212072051456792,0.08083568693797005,-0.029310132189413002
1208,0.4086518612648842,-0.14433782279104437,-0.38672271458966556
1209,-0.5100698838756029,0.5916042295868026,-0.5176542454387814
1210,-0.28648682556863514,-0.4963670286630409,0.32936409545436246
1211,-0.22948231296983637,0.26174563889650937,-0.400287723189392
1212,-0.09117445627855846,0.46746988774310866,0.5915265116211925
1213,0.40718591309688584,0.3975249045483302,0.14477950575333767
1214,-0.6362204614385386,0.10954557826373548,1.1581838914705334
1215,-1.016182311177446,0.10090394825353528,0.40168228550309004
1216,-0.7675244849574534,-0.5545045992889709,0.4472631944699154
1217,-0.3820897174940287,0.39301742750833146,-0.6172119665687442
1218,-0.6662698191403174,-0.555057156427669,-0.8251596260740256
1219,-0.32777857553693246,-0.7267680154538639,0.038233268637660384
1220,0.3082614123708288,0.4921055137744529,0.09302791609620122
1221,0.308318943834515,0.28864026493828304,-0.5389361172057556
1222,0.232854419961871,0.39966894949741505,0.736304926396327
1223,-0.2641472652912749,-0.04931432211630916,0.11567464429615158
1224,0.7190365560632563,-0.21212824177341472,-0.9624217020123849
1225,0.80864906760786,-0.3736736733051919,-0.210199946793989
1226,-0.6076816584960621,0.23689664184810189,0.24400197014868388
1227,-0.6141594707218732,0.17449859155695735,-0.39168517924120866
1228,0.18731200669808082,0.05500934927386461,0.38292262898409457
1229,0.3348040153388865,0.5390991406911949,-0.3711631721044719
1230,0.2956199532899464,-0.7022909685378551,0.3784885578609679
1231,0.01828874876199641,-0.9960679446893554,0.2854616244540043
1232,-0.35698055794384453,-0.866614030555467,-0.445218428920461
1233,-0.27200517501518406,0.9279099559126163,-0.046229316119813214
1234,0.21314371951017907,0.5993765941409607,-0.10739262616653361
1235,-0.7193817293095512,-0.49959191696701055,0.22396581794228
1236,-0.06106041347186444,1.0934800795208328,-0.6727293071914426
1237,-0.288368593277154,-0.31546980058339386,-1.3049952594774825
1238,-0.9842819843587165,-0.035253431113508614,0.5959494923593234
1239,-0.09254252038456195,0.3415438780002356,-0.213457445073118
1240,-0.04311765565436916,-0.9097088336739735,0.26690411286299315
1241,-0.14138860915790125,1.0268449483428155,-0.20070461592158034
1242,-0.3550889269315409,-0.7911380941889676,0.3706236006206249
1243,0.1390608222817054,-0.6578147498203454,-0.27487882803227515
1244,0.24309272381766597,0.38993503680885777,-0.06365540216997177
1245,0.46880300173397416,-0.5160996528038883,-0.35498099359284335
1246,-0.20111689478277558,0.8249440109547949,-0.740375542727116
1247,-0.49114869731603034,-0.5567819404445281,-0.794977307359356
1248,0.4962810207451693,-1.182473897425308,-0.7722629053847704
1249,0.6886475750616373,-0.6706153491864534,-0.03637947685584263
1250,0.05673415230648236,-0.10731142165246695,-0.29630012454987603
1251,0.023401460952224486,-0.015168722431394206,0.10147260759461678
1252,0.1979538351770777,-0.05562519501728493,-0.6775721533519714
1253,-0.20904100052368288,-0.5028644851941243,0.48706909825915806
1254,-0.690518246872242,-0.7940295251706428,0.46262378730577164
1255,0.002894414642944775,0.2091862204695349,0.04196977651466906
1256,-0.28770874271692415,-0.3074690396393398,0.6569043042153068
1257,0.006316910542772501,-0.6811027564858411,0.33454346075315106
1258,0.1985063052946389,-0.32981305693978624,0.18695285765558556
1259,-0.42608384817362766,0.3110537057359699,0.02345393980175618
1260,-1.0296703036858406,-0.44670059867162076,0.22147940376211084
1261,-0.4254710813843565,-0.2910064752680085,-0.8798501170969393
1262,-0.5789478046052172,0.7480197226772568,-0.025335119182874274
1263,0.2683702555962767,-0.8287347079598356,0.44160518452021064
1264,-0.9551564819165357,-0.6701440714239002,-1.1252179875964827
1265,-0.6345157135110032,-1.1929837536281496,0.6812603457360881
1266,-0.8796730287348501,0.6606992908135084,-0.2536522988098742
1267,-0.4159074699972932,-0.8778836100835006,0.9058571428655292
1268,0.23156804788713117,-0.6638375486992855,-0.08428014001362412
1269,0.32788242318003175,-0.3299194089974689,-0.11463907682081256
1270,-0.8656806561650477,1.001949333758291,0.7080441489913158
1271,0.0753954104978308,-0.019595522204744403,0.6139552009867032
1272,0.09659972033047898,1.5673686404383325,0.3625628974280487
1273,-0.1007450388437974,-0.7213696677633171,-0.17766008670163866
1274,-0.5984379943690382,-0.4254442342019012,0.503292062833467
1275,0.6593858438775108,0.3380769889131124,-0.0017405107869467658
1276,0.23512717771806402,0.6054356892791749,-0.5654954698269393
1277,-0.39219684007294797,-0.14705511935518917,-0.02384942755672123
1278,-0.14326558512619708,-0.08468707542339529,0.361038199241515
1279,-0.20960924597638375,0.12032912684599503,0.004660170784550584
1280,-0.3902002885856347,-0.37471361288568494,-0.03219942337214792
1281,0.24185381790885055,0.045325924376984746,0.06474893831552149
1282,0.32209996273946145,0.38640182800043665,-0.6240197486221776
1283,-0.6286224142434571,0.7167213414593446,1.6747407785517903
1284,-0.9083539541749734,-0.630978568940245,-0.1638826624262938
1285,0.9611107626033124,1.1149805313533105,0.08046871364404497
1286,-0.05271111043720832,-0.24274557185174314,0.3152975465518606
1287,0.05669870146206642,-0.09396555490723305,0.08610954808527073
1288,0.4139504961152578,-0.5423661848556605,0.4477164652669761
1289,0.5066225029147843,-0.3300024457641993,-0.13438474251327379
1290,-0.4223942521983313,-0.17447089588660336,0.15352541479439602
1291,-0.20309422392372128,0.05994952252437839,-0.3514482225944641
1292,-0.3977864493090882,-0.18456282171426752,-0.8342332030161018
1293,-0.19346249960408252,-0.6809855049650377,-0.9534586861864331
1294,0.9306391599656495,0.2906447657102331,0.264912438642493
1295,-0.6158960610065844,-0.650751043796814,-0.29713463037853327
1296,0.209723892064223,-0.08315116581082005,0.14388129027897684
1297,-0.47931951803416056,0.19158365084216278,-0.6064942668393892
1298,-0.23226218810744245,-0.36588695975345087,-0.1905555601833901
1299,-0.23909543129333904,0.7014865203242714,-0.04472007518171426
1300,-0.053647202612875367,0.36196911173622864,0.599022987979155
1301,0.08528020225640294,0.7466484884944695,-0.5176380270550345
1302,-0.40380656791724445,-0.2846650966918789,-0.15945435258047264
1303,-0.4311654921959981,-0.8513738136435425,0.511547237597335
1304,-0.3266752090492385,-0.2317272459930158,-0.5155442503607361
1305,-0.8455948728404706,0.5135338575734826,-0.15160797132756088
1306,0.12704653319898707,0.25669434901921456,0.9315374161123056
1307,0.30183575871527807,0.5323252405550294,-0.6930646289707674
1308,-0.17344124205465694,0.3915806754303176,-0.8944022823890868
1309,0.3354507501689856,0.10663231760486126,0.2697608152042991
1310,0.23902288543524686,0.29148199148291204,-0.10774680272148113
1311,-0.39670660773199906,-0.2701777704972658,0.2974212359662921
1312,-0.9103217309889852,-0.7031320033821358,0.044284900960508605
1313,0.35668497833330753,0.6450455738688585,-0.4023028390841867
1314,0.3207095158004017,0.060688355340586614,-0.11967972044027571
1315,0.11830207912818465,-0.022670257002616854,0.11659003495827282
1316,0.4112368191142488,-0.21519303886271884,-0.624260108338926
1317,0.04252196139925078,0.49558298661121136,-0.15796528396836945
1318,0.36086402232022996,-0.5636731474965961,0.37868064087203374
1319,0.13738121563256467,0.7161477539880214,-0.6321917655348998
1320,-0.5487896459092728,0.7714436264458829,0.6634412998250717
1321,1.242883346598373,-0.2259960765568946,0.32226908887330835
1322,0.8591141043181421,-0.14295621978332407,1.3534324349938973
1323,-0.19862783987361532,-0.5930345215728362,0.09955089253750891
1324,-0.2620122331936493,0.8406267013079316,-0.5374344014301008
1325,0.2925847296056883,1.352710106205284,0.29407285161289903
1326,0.00948843013450916,0.1291833365787124,0.6581851305538505
1327,0.327912043219558,-0.2232409522903813,0.7257279989270273
1328,0.10301635147645835,1.6215515724909024,-0.5992919029678668
1329,-0.17094817387300956,-0.5586028126860945,0.02808974644134252
1330,-0.19247604093747292,0.5209347518890791,0.024408324634973576
1331,0.3195136701304108,0.23132410305014486,0.22795411362925042
1332,-0.06230567949246093,-0.3771553092164483,0.20700713739723894
1333,-0.004856088497251411,0.21711950447039602,-0.06989569351693478
1334,-1.340570023256095,-1.1911150606257224,-0.026291539166862075
1335,0.8126802655519338,0.24250248045198197,0.02477853802536646
1336,0.3710985843811824,1.2183772902138237,0.34073929888364596
1337,0.4839237484118415,-0.17336992826819225,0.6395053491066581
1338,-0.506605696227338,0.2935532570087306,0.5077516939429544
1339,-0.022730717984807032,-0.5000189985258393,-0.030585524759343497
1340,-0.7664458347804585,0.41896243134888467,0.7802384147966642
1341,-0.5889230033398647,1.042902712695994,-0.2021786700216139
1342,-1.4606318484227698,0.013489677995394848,-0.2518404667290114
1343,0.9809352903445622,0.8625902720940022,0.7558615865043923
1344,0.6414453423649932,0.9200960611009882,-0.6234031116553381
1345,-0.2823018194510915,1.287279721203987,0.21469709763551403
1346,0.14973893982261166,-0.11055227601929522,-0.6264133879551637
1347,1.0185529549183119,0.5289058906130439,0.7455488914637602
1348,0.023151394459524948,-0.5201764750913453,-0.5801475466268164
1349,0.036879954079704624,0.6333748085721438,-0.6525407940512398
1350,-0.6302776030683631,-0.2171025058348859,-0.18954688043871254
1351,0.47085769781641756,0.6049274317472135,0.010556149673776041
1352,-0.26703626643061484,-0.06314860491516837,-0.32449699068690313
1353,0.5834057070399428,-0.3101853437212933,-1.1181463457854124
1354,0.005299574033853037,1.175625590907856,-0.4647409758735016
1355,-0.4482068041098967,-0.18300543025487828,-0.25501604512087533
1356,0.23771005509973817,-0.1395967391616321,0.011748624279822456
1357,0.8710305958172537,-0.6617239314965868,-0.1944232927945046
1358,0.3253037892821989,-0.2175586780214161,-0.22065682452511948
1359,-0.32602855942274545,1.171098305943338,-0.575676459780296
1360,-0.36636541993100746,-0.3183966300168372,0.38669940667361874
1361,0.3452106788601957,0.4811159298688324,1.5929420074096927
1362,0.39733878939082606,-1.2602464404907407,0.46150152310769577
1363,-0.2793818553610511,0.8143912389152493,-0.007301018841124239
1364,-0.5860997361777036,-0.5104519239571257,-1.3301925482014751
1365,-0.16501708692486605,-1.0308800801174933,-0.012786073865973798
1366,0.7310362566255838,-0.690828272220843,0.2784904400212717
1367,-0.2186632740212384,-0.677999693493733,-0.009250351737055169
1368,-0.33291267640804995,-1.033818838918222,-0.41811927533370646
1369,0.6343788553896496,0.030826157044028562,0.16641613512851192
1370,-0.51778623730178,0.43168425095499807,-0.1462924754290111
1371,0.2204878045577712,-0.6329732924011401,-0.44914732103186616
1372,-0.02462267606606605,0.1440796127450311,-0.4572056318996026
1373,0.3847874238470582,-0.2506343877745748,0.516163718602284
1374,-0.39857335942265876,0.8595642318552108,-0.12845564490702494
1375,0.32629840366001467,-0.5396810089403768,0.4823931309956644
1376,0.18573432765938608,-0.8036171883638596,-0.28434802096351425
1377,0.08559635401023885,-0.052236499207561966,-0.3729234312114052
1378,0.5814328645696065,0.11056215582854567,0.2737296438253893
1379,0.3009333241509277,0.10782508960599345,0.152929335603446
1380,-0.42515697015687165,0.517151814268551,0.8443499446500056
1381,0.2374152083062481,-0.40310687802559203,0.17262410571745437
1382,-0.35683858124813794,0.2727622655838888,0.6606158109764493
1383,0.31538172957539623,-0.7352518149985343,-0.6288224595684285
1384,0.9530150304057624,0.01746898299013987,0.49337922880693846
1385,-0.42149298218268155,-0.1257402113305728,1.0259246741306747
1386,0.4346641401378648,0.20532221728138947,0.45512529557310355
1387,-0.9845822601532,0.5860196236797613,0.4866605981875379
1388,-0.3240513996890753,0.061644737475785,-0.18141897511891747
1389,0.740064486000035,-0.5648673419527767,0.766111893540292
1390,-0.39275504850262805,-0.8150265574981279,0.3740573650297861
1391,0.8229506573398554,0.4596072058805386,0.04853497056291548
1392,0.08500154479438977,-0.20117159077809182,-0.0755397951464757
1393,0.2506301215026892,0.26996523129033395,-0.9957178708048543
1394,0.06351146083935898,0.5160072555559889,0.09404000221662785
1395,-0.5673012286899786,-0.7702397788499628,0.23480722166189405
1396,-0.11977146865661532,-0.3687202186413024,-0.06980863851824999
1397,0.1273244024424099,-0.4358371767501522,0.5554235314753428
1398,-0.1617898928920369,-0.3095091982796638,-0.6282722915344111
1399,-0.10950565047210001,0.017747506252343247,0.4731396976155414
1400,-0.40616973163466674,1.2319486658543357,0.2869866369802493
1401,0.317695534593359,0.5329396573867049,-0.2510274714236147
1402,0.8932413801876962,-0.47688017425987217,0.03888067810340039
1403,0.44801416860146004,0.5117532264956758,-0.3124670511340539
1404,-0.34944316328193753,-1.0544597632658403,0.34316707160891885
1405,0.032967541554001924,1.2489371456903076,0.46315526903240073
1406,-0.3150115288750324,0.057646237668515114,0.14419507742331997
1407,-0.34455500178539644,0.13293676037530044,-0.01353322194434513
1408,-0.26107993061153484,0.8267119740233254,-0.169839932038467
1409,-0.2692664430423726,-0.8579827702814328,-0.4991072387671397
1410,0.8886254266738784,-0.06216756630323324,0.14431127522527606
1411,-0.6876621214719411,1.2462322927410552,0.2797485351607901
1412,0.6362255608767482,0.553991346165854,0.7498768566254345
1413,0.19192856242526923,0.43989341231499585,0.18074666287979263
1414,0.05661955445548072,0.2917456643005066,-0.24147215555859822
1415,-0.43688227570890215,-1.0692329091056005,-0.3163118924787344
1416,-0.7759582724559986,0.14978532389929727,-0.5053256362144963
1417,-0.05619124169498678,0.4298427373330704,-0.3768016728047385
1418,-0.034708841981067384,-0.13575734858108507,0.48477594072607055
1419,0.2839562509877114,0.7326419076181397,0.011750924507928862
1420,-0.4619602804254725,0.2326641190622578,0.32971918786598875
1421,0.09102220289710365,-0.37168637770225527,0.40430632255211424
1422,-0.46961014706386245,-0.8963324449327287,0.43803788616882544
1423,-0.5865601111011194,0.6202113332075352,0.4020557015020237
1424,0.4025744967393069,-0.24322452312650653,-0.5331232469714887
1425,-0.0878976121709443,-0.8273691498690839,0.07102441596456824
1426,0.34304471331689423,-1.2505619426140304,-0.2656947952122434
1427,-0.3575061315663436,0.04738961192638563,0.0744008812188255
1428,-0.27138959470267005,-0.2932497162731906,-0.01155195675759248
1429,1.1798780518486665,-1.8443351781261188,0.8555794403402943
1430,-0.24929932402313731,-0.06211839014527336,0.5200922527032571
1431,0.33783299806221967,0.5953914184084316,1.1788904309594679
1432,0.5259978100287805,-0.5895457062806259,-0.4872245137737915
1433,-0.22627203090989365,0.6915812551269287,-0.722707526433996
1434,-0.06545851892313567,-0.3284102488862551,0.11054375565977013
1435,0.22712642055613408,-0.5135185429455846,-0.752604868281882
1436,0.19739528020553074,-0.12369798223863267,0.028848872830996065
1437,0.31140666821068386,0.26782592448154574,0.08484164709819281
1438,0.16883721724727985,-0.6302461301736075,-0.02046650340870152
1439,-0.7650373894181359,0.01972840100816373,-0.6212595885750791
1440,1.290030671693634,-0.19687742580611367,0.5137153234427404
1441,0.709325572894442,1.5697077551000376,0.0585590283861904
1442,-0.12155417656877862,0.4860314975591806,0.5304637895943274
1443,0.08113503093044115,-0.36758593803259554,-0.7454816647844229
1444,-0.006950034754740862,-0.5511908124074165,-0.1238647004906594
1445,-0.8316614845903164,-0.33751802969845546,0.782502943812057
1446,0.9446618492258613,-0.06948752001077005,-0.6198183958563582
1447,0.5814048458029542,-0.6022155710798208,-0.7753567990452567
1448,0.6508996841447118,0.17126749708178485,0.3469873520985189
1449,-0.1028628373066223,-0.7995003911161027,0.41275692302388645
1450,0.40537690045033214,0.306362802147319,0.4320364528362
1451,1.2807128920855317,-0.42346295862096056,0.15750610857369746
1452,0.589514566624066,-0.9977855120396255,-0.08014466301026581
1453,-1.0956445071300935,-0.24985426222254956,0.7629035249768383
1454,0.4516331678745019,0.28735297708925356,-0.00354587528237137
1455,0.9724587555963221,1.173200312926609,-0.8705358484851611
1456,0.016720226241428604,0.5241353356931004,-0.2344852107508894
1457,0.25347156413656974,0.45000825649384035,-0.1906519582569716
1458,-0.5248137163075296,-0.7044659487087421,-0.6689613561887423
1459,1.1124947526203306,-0.3333915687767601,0.21243783843239794
1460,0.5412207441792983,1.1544739693403538,0.1326985147772353
1461,-0.6235512491911401,-0.0005011350764846953,0.01220513628606024
1462,0.13605212818645204,-0.4812182338274026,0.24636861353946432
1463,-0.24327346745670334,0.2601111259713844,0.6636261094364159
1464,0.05405543079227335,0.06684445661748874,0.2560773711927851
1465,-0.9775306494955849,-0.40741424604647836,0.7262751603269668
1466,0.9736263216657939,0.4925152904212819,-0.6930915931152204
1467,0.43714915945984195,-0.622616120707786,0.08794932215257817
1468,-0.4478438302190949,-0.21256708596239496,0.17417102355850098
1469,-0.6890765098292793,0.36168973367749924,0.29361686824147704
1470,-0.19108291194868957,-0.5937575504887297,-0.062092129186555406
1471,0.19404305521891765,0.026628598435545128,-0.23267470798023318
1472,-0.23525736089021457,0.45356089102526354,0.24253340995409886
1473,-0.7074228541982236,0.8757574374166316,-0.2940840386230303
1474,-0.14917243417747775,-0.3194231429585191,-0.5494436534983125
1475,-0.350780327170267,-0.9332106464493924,0.39918517142200144
1476,-0.6027292178498983,0.4910778221952959,-0.9045963154912894
1477,-0.04766159928178479,0.01250656144871103,-0.7381904727621925
1478,0.4081806267553074,0.8257722773875079,-0.3506896214069416
1479,0.3741736063291176,0.43156333223418314,-0.7620721082127098
1480,-0.04206179912473848,0.033880978784339516,-0.07795748110932739
1481,-0.7150921542297194,-1.0444177128339431,-0.2512363395141304
1482,0.4856720747966503,-0.5698645302386497,0.2839888801271432
1483,-0.04926340958205607,-0.10605470369135417,0.2149084114173107
1484,0.06715658021602776,-0.14307055016100326,0.16568830368010562
1485,-0.5117742051256574,0.12832420686792578,-0.5773185968474391
1486,0.5636142539928198,0.3600151820827772,0.6398800338972169
1487,-0.7103188615697266,0.7080380124062625,0.1804598866233263
1488,-0.014378208550026942,0.56592260599668,0.0702245230385032
1489,0.5466451288585231,0.5596350440054555,0.6698150423308536
1490,-0.4236825224457142,-0.09053650580002942,-0.1969892700075254
1491,-0.44682867291131667,0.07472893952620872,0.0862053266236467
1492,0.4223507931026795,0.6580194736331595,0.08249624471264798
1493,-0.4718294983548215,-1.10528370086158,0.8390313691205026
1494,0.3729891885976002,0.21240364207216378,-0.4653142027085487
1495,0.7771011025114817,-0.5748676183226651,0.7852249061090933
1496,-0.8585737181473753,-0.6118653631358754,0.05651994081110502
1497,-0.11314331120301521,-0.5734501838075057,0.07319997159920143
1498,-0.07140264974953726,-0.0010280621794220251,0.584806718150783
1499,-0.6295163046547242,0.7935709945054499,0.41059440634324446
1500,0.329280566850155,-1.0760416842318545,0.5192002028946198
1501,0.2191049101871328,-0.1994534513473903,-0.030518526921805438
1502,-0.5111461335345853,0.1980947768149385,0.2639962373537186
1503,-0.1614470762117365,-1.1346606002220512,0.1464045852917543
1504,0.12940499232097205,0.6586866170971796,-0.4153073704094504
1505,-0.3665311182415509,-0.30339484380906023,-0.35318387000870555
1506,0.13595456704109762,0.5497058939063237,-0.2911988453323423
1507,-0.6306165416825413,-0.4498896141521843,0.03228895816430127
1508,0.9790479314614454,-0.0633312480092127,-0.7183571695528868
1509,1.0330352660106,0.24315130055251233,-0.44516013686434264
1510,-0.25202206326290566,0.08209262440590143,1.0012748537327032
1511,0.618762964068658,-0.6206965894477269,0.5146259683002921
1512,-0.361740164441354,-0.5707811617760764,-0.020105193766288557
1513,-0.7813306067041276,-0.18293687579147735,-0.7859368317746476
1514,0.17482780775258477,0.1610327060562783,-0.740430614166648
1515,0.03925884676467191,0.45565755468533453,0.43831472540158406
1516,-0.03367029656095794,-0.5536576199029268,0.25013213420545505
1517,0.45040086483428615,-0.9218405195153967,-0.5385366911787155
1518,-1.1685191362247727,0.9636060899369743,-0.7088619390248063
1519,0.30059030485309585,-1.197562545239469,0.5231106301576748
1520,-0.6338512736232251,-0.5075180415735278,0.050594641073097725
1521,-0.11084817318824168,0.35910911094889775,-0.11924551400190425
1522,0.0793300553890506,0.2909467897383635,-0.14492718198227414
1523,0.1272664661219376,0.7992658729603951,0.7985197252188551
1524,-0.2562822442791525,-0.6152485097164639,-0.13468699714473858
1525,0.3654968832372175,0.11386045839374798,0.5742638121783662
1526,0.048456682093675645,0.34458271230934573,-0.13479208230583326
1527,-0.46798959957883773,0.19845936927551788,-0.3280431237044024
1528,0.6644337072672103,-0.13440016142592034,-0.9451428236831022
1529,0.5363446399604523,0.09697847078685923,-0.050049059352472385
1530,-0.19989267799539726,0.40225799047657235,-0.52514266684751
1531,-0.21764964730199313,-0.1351870198268992,0.3407273169597546
1532,0.5293520917939118,-0.18238426150895995,-0.29589191823601463
1533,0.9355880201157439,1.3986557992687314,-0.44358303080215744
1534,0.06542955292028121,-0.16686528068064144,0.5538262053687955
1535,-0.005241228298520886,-0.34348109296703583,0.4943817364276004
1536,0.000893180236076203,-0.6538096834184812,-0.8837612508695382
1537,0.37269872617003885,0.10229893648483834,-0.2951596510867813
1538,-0.5006548327389829,0.02810725948894857,-0.44408541084883124
1539,-0.2403838546303317,-0.39597831237727477,-1.3484274106171263
1540,0.7491728694804864,-0.24884377848753064,0.27537536764459153
1541,-0.5359345445712445,0.23498071372399634,0.7864139924528558
1542,-0.21582618867307554,0.6330902470848838,0.3848305281809313
1543,0.2793783809206042,0.13870606888243572,0.4571473740466541
1544,-0.1885128568722961,0.4372079697898296,-0.5404162714989398
1545,0.5721388088713807,0.2877272495299971,0.8747191546822894
1546,0.009477246133351042,0.09752223504087815,-0.77464938865747
1547,-0.441602651418124,0.1185254094791726,-0.14592904520335112
1548,-0.6654231582706592,-0.21978965117933408,-0.4498664618422521
1549,0.4463106689130427,-0.10354974337455164,-0.683688398133369
1550,0.03257166020305178,-0.25170206042256044,-0.24873210501851692
1551,-0.8031173005300476,-0.4563398139326911,0.5323068753430803
1552,-0.32727569002977636,0.9406153296059057,0.6661181533523695
1553,-0.4887380629882309,0.03950249265299613,-0.21215752415273614
1554,-0.23243598408383484,0.3164252713772453,-0.13621605194057687
1555,0.695958637976759,0.17926919313936637,-0.42300973766286526
1556,1.284046702460333,-0.4957721095780811,0.4427143339649019
1557,0.40138410758853343,-0.1518474978665138,0.5789171176212817
1558,-0.06388705075011633,0.2549404796320902,0.09974406636987139
1559,0.3728330225785634,1.214608035874608,-0.4147636047288346
1560,-0.24081200499693675,-0.24481280510448492,-0.8097839017111522
1561,0.9066255134944469,-0.10006902995417079,0.6468169917206694
1562,0.33416681218616934,0.43664959017287347,-0.38400787865784286
1563,-0.21194444384990244,0.3742735253048523,0.2270807977217216
1564,-0.39085102722151666,-0.9428800938158519,0.0660512562402834
1565,-0.20630344812533946,-0.45424701965188524,0.13069838987659632
1566,0.44022570053312343,0.223751492631883,0.2589805172155439
1567,0.4588431553784294,-0.3420441252637859,-0.6634821779931025
1568,-0.4724420323683902,-0.2798679330308909,0.12246887518679718
1569,0.5034353966442472,-0.09596279194058534,0.2699089849953928
1570,0.07410819517697073,-0.42810802656735214,0.02841415974509347
1571,-0.2660857163648268,0.03290043277313617,0.35887668562325437
1572,-0.034957274309876815,0.6253990802633328,0.1857262349007812
1573,-0.15675506358189295,-0.7309973599909745,0.13151915301728315
1574,0.6220310225617355,0.826176789304578,-0.25889856781230264
1575,-0.09093365537167136,0.3598018778966524,0.4440600092334397
1576,-0.15571269083944808,-0.33685962071156056,-0.6330727100809469
1577,-0.5704755196122624,0.3353453609196922,0.18199827674324592
1578,1.3382959370730128,-0.4828521843323461,-0.7058843011188215
1579,-0.1907206977916642,-0.17173899389187336,0.3317877413672352
1580,0.8810474160612111,0.1149954378737793,-0.2056581602828879
1581,-0.09813670408468467,-0.5849612300820276,-0.2540688251058026
1582,0.4848476018913815,0.01762891145804983,0.1692691012505099
1583,-0.9321575260859725,-0.19092005638685428,0.6743404512455582
1584,-0.8212481160070477,0.8288959622189345,0.3215321774081307
1585,0.12481069873293875,0.2605497914558891,0.17081934391213505
1586,0.5621343323954887,0.35877568112845315,-0.3196519444026589
1587,-0.1913400135384356,0.18491793374781978,0.07175059827197243
1588,0.5060026217330621,-0.23753956018598216,-0.22655239566659444
1589,-0.9112836130658172,0.7904638995730444,0.033365965915292124
1590,0.5677083351487034,-1.4742585429923774,-0.06900469151538768
1591,-1.2034081240700674,0.22045432474066123,0.8194032500422033
1592,0.3067093487198324,-0.2639932601681339,-0.6634027705528044
1593,0.14057548669949196,0.29297940120545934,0.4996509258780692
1594,0.05857777399237584,0.36895292375850297,-0.1892055318894641
1595,0.4286584741081704,-0.7535056401049104,-0.0351294593164628
1596,0.11176809112285079,-0.3702521072077794,-0.36595579668257694
1597,0.5952086456930248,-0.24888219995223787,0.28928150795724733
1598,-0.3226924277908259,0.13357570484735629,0.14701537592035607
1599,0.6037467291522793,0.5083797896517239,-0.5472281046031539
1600,0.6674916918482444,0.8539875105500127,0.7858377586596796
1601,0.2733340802638544,-0.0015597438741190078,-1.2171344830815558
1602,-0.6042724839008514,0.8310800755884525,-0.13668240597479575
1603,-0.15763834974999016,-1.327004927240805,-0.360820197811666
1604,-0.17414713472442522,0.20052591065115108,0.38853431193722304
1605,-0.046023978834770544,-0.5221007892290568,-0.6818620656786378
1606,0.16860735411111383,-0.8995727770313157,-0.652421841724304
1607,-0.00031535698614046826,-0.16428140860652407,0.49412216858240005
1608,0.27868217704310316,0.33563015712107613,-1.2035744161475466
1609,0.8980175494477554,-0.09444670511421106,0.3927837145752201
1610,-0.8112339118515852,-0.2618700752224448,0.5198680483684056
1611,-0.8323097438572644,0.38286318597534014,-0.24098668242805063
1612,0.20852363566077034,-1.306309401442643,0.619641127682123
1613,0.5950555175400374,-0.751360201600599,0.02315646510370533
1614,0.1144249776519855,-0.15833740443803226,-0.8600388693138217
1615,-0.44714784137792085,0.11076419309306335,0.12247212951379803
1616,0.2236508913270039,-0.270793843074873,0.13590710502078246
1617,0.10338588486674792,-0.606914023843028,0.6152557551838375
1618,-0.15042661849755132,-1.5143606231040796,0.8563576576514346
1619,0.13463046102162932,-0.9600338267546809,0.25558281740219047
1620,-0.09869159232169966,0.0798365374954347,0.3269263212560139
1621,0.30622067162820604,-0.058833112068176735,-0.6419802221129008
1622,-0.31991397711725156,-0.6456136025228225,-1.6367325710340712
1623,-1.1219671324509508,0.029314237774616992,-0.5063834441069774
1624,0.02468527563986825,0.1532317301999874,-0.3996643501357027
1625,-1.0556697185483122,-0.6642069731941169,-0.4817754168779494
1626,0.19785358882220638,-0.8483121014412219,-0.18690292638499448
1627,-0.15772054767472551,0.5856516540108809,0.09628978661758539
1628,-0.14471449660667512,0.3877256194840538,0.3046577863895245
1629,0.14537175712902667,-0.12875605749542537,0.886577336312194
1630,0.2075313497697687,-0.1444407550001547,-0.5046418174102352
1631,1.3004258873412347,0.08310137345351563,0.15356472760805598
1632,-1.1363521782174684,0.34780026846007756,-0.12718421684126488
1633,0.03260994900027578,0.6547393676257403,-0.017118653138595567
1634,-0.13625177987694273,0.2859411574827774,-0.4645125721519729
1635,0.5488813460807715,0.7195106168362666,0.8112442231254711
1636,-1.0061110511283335,-0.20928814808492988,-0.6530789459888865
1637,-0.005257676053556014,0.5198746509744988,0.4675618549721205
1638,0.18570283423871728,-0.6970620222415317,-0.27677896923849643
1639,-0.307453670157408,0.06511955763451542,0.7635067391185542
1640,-0.30360514388067217,-0.22340650864850742,0.10201831952464802
1641,-0.20159687850337663,0.06254344708148764,0.41934540264060677
1642,-0.7373239425516217,0.3994306990165451,-0.0029236279500737604
1643,-0.0491164729863211,-0.3169122779189988,-1.0661634112487235
1644,0.4005827416329619,0.4938198412302344,1.2242766769638695
1645,-1.0528990223997998,-0.4734044959296104,-0.38025519228482296
1646,-0.6949266787543321,-0.1613846677938498,0.07618487227068511
1647,0.5771464317112642,-0.3843474757234303,0.33597848963498833
1648,0.30268004168831286,0.2784872721799199,0.34190570312615365
1649,-0.6926017254106328,-0.80016211472062,-0.2636552526656589
1650,-0.12493576992961837,-0.7374175887388132,0.4452852640133624
1651,-0.6567436111040196,-0.012724834570842664,-0.08574454623409335
1652,-0.05202948675671828,-0.503891412033309,-0.15421032591535763
1653,-0.4306859239577231,-0.2592648926669017,-1.239119290019887
1654,-0.892205627650735,-0.9168262205215922,-0.5164824428778634
1655,-0.8092046338780292,-0.3310587134947642,0.44357445356110575
1656,0.01784702462400978,-0.20680422304566612,0.430751768511825
1657,-0.13042011453494867,-0.6241095042990622,0.42301905370936066
1658,0.612771824891092,-0.2362863183375338,-0.6922047501770506
1659,0.3983437593472634,0.4465076931543637,-0.03492313590824073
1660,0.5324632125611252,0.07406277734629663,-0.39644754140187516
1661,-0.14729710464412585,-0.6118143424299929,-0.3777096188117093
1662,-0.015833050074978795,-0.12287113075833543,1.022452395086629
1663,0.14585698605577063,0.2220146452536799,0.2632622310180786
1664,-0.17368172996084286,-0.9957301317863638,0.13672025674298274
1665,0.14929789517765127,-0.7058122011134189,-0.005817993767998886
1666,-0.46879901561577025,0.5723023612761173,0.022209305263675254
1667,-0.029659060937734804,1.4416002170735465,0.41269966136228203
1668,-0.20830954356312578,0.44635648885236284,-0.736102534330048
1669,0.5666640992061607,-0.14752710166660787,-0.27665890872337295
1670,0.0935192242134175,0.008479892938489896,-0.9154352897754674
1671,-0.4990620206041172,-0.5755205130798107,-0.21777908789412562
1672,0.013341354390898763,-0.7658549936097241,0.3591743020292078
1673,0.5746246823828349,-0.7554190989403405,-0.23575186369649254
1674,0.83881339692339,-0.0043539442329249434,0.04533435744644495
1675,-0.6323138231550712,-0.10652854883417065,0.5420477855946368
1676,0.4301311636571487,0.335825028991471,0.4165908442155752
1677,0.7311804286485701,0.1673349840234662,-0.5535292284447599
1678,0.10072899427198463,0.26332622885548457,-0.536196233116773
1679,-0.3693910050976337,0.7446685618289351,-0.574778358275369
1680,-0.40850138185194906,0.34488255952157515,-0.5022530307047112
1681,-0.542988728210868,0.23735307064635516,0.8498454461660827
1682,0.7504657687404906,-0.6990574100250665,0.2849191329459097
1683,-0.557125944846047,0.06662615335123533,-0.1070716233732654
1684,-0.3816368892400526,0.8721922617918518,-0.947985078958868
1685,-0.43007164482764315,0.42759674908212963,-0.9029288260249902
1686,0.007292970793290548,0.5941890399754809,0.9971063871661019
1687,-0.09757743245203468,0.5797181399654008,0.5850911949786782
1688,0.1866476383205013,0.1824788885855524,0.619130178818561
1689,0.5508228547529185,0.28023746243265213,0.7753402574970275
1690,-0.5616085563453538,1.0507379912888006,-0.7412437339191826
1691,-0.49672773509729706,-1.109474543192383,-0.4042987315887791
1692,0.25281124681201417,0.011948513635382255,0.561715740652997
1693,-1.2938580201378225,-0.32955242991465944,-0.18375092959101896
1694,0.4435152304919678,0.053393815587914256,-0.27532241510464145
1695,0.1573133631187327,0.6243990592987422,-0.12112899063320999
1696,0.20852527611420443,0.25398014833955473,0.260343437039408
1697,0.9458269836450827,-0.7506733850778046,-0.36707282944981273
1698,-0.16753744738991955,0.400032380315898,0.622799362873337
1699,0.11712471851161205,0.3657908590876071,-0.05797117891787166
1700,0.06075013112091138,-0.2692132286390904,-0.38169261299268975
1701,-0.40538667282998386,-0.21377109625108678,0.11898424312528885
1702,0.2966271075636451,0.7483156359645867,-0.2587955931335399
1703,-0.3973859274767411,-0.623420826058854,-0.06259264174914642
1704,-1.0652863177907312,0.09211431044657907,-0.8411965561534478
1705,0.12095832609281616,-0.37787441223352763,-0.1618272241010139
1706,0.36558182171449893,-0.8622954292245684,0.6295948719193643
1707,0.17624960141056642,-0.44995048924028413,-0.40743007071612475
1708,-0.3522444941572623,-0.45247301023567404,-0.4005412532011636
1709,0.23582519444945943,0.4080089368787268,0.06853268436465007
1710,0.4322556900822052,-0.2782492065717098,-0.8233362331958135
1711,-0.6309670959492709,-0.029287213341768443,-0.03698135654593768
1712,1.118517773641806,0.05341871006791794,-0.014724308801234032
1713,0.16097982074527314,-0.3854459235177039,-0.895843788198691
1714,0.603634130679666,0.0663809092750296,-0.36487174854010895
1715,0.2622880694441771,0.24136720198063555,-0.49967426435500123
1716,0.3238352226958271,-0.3010551758570529,0.25695011725127603
1717,-0.3210933672453708,0.1977373840431458,-1.0117983199088831
1718,-0.5119467208476287,0.5903747796947979,0.5104991104491247
1719,-0.04798029038008891,0.6129065129320677,-0.2654324490312837
1720,-0.4066771297046834,-0.8686587949298137,0.5631531766844132
1721,0.6624751743243111,-0.12928009167423668,-0.2051329981657461
1722,0.6228679226634757,1.5675698060954633,0.5537045361403542
1723,-0.18847294663999306,0.23514297324885558,-0.1010579963446841
1724,-0.6532506953567779,0.5125207922584228,0.5466402589948074
1725,0.33420687485657546,0.09121357104289185,-0.1938682169581853
1726,-0.9501790238280285,0.6333268317316715,-0.2729550780304754
1727,-0.17068166580762437,0.5566569389488504,-0.1708096964880074
1728,0.12951863630893953,-0.6458608180888499,-0.3567507530579867
1729,0.43445060088178533,0.21678632089627684,0.012296967241634954
1730,0.4871295672177735,0.7135665523372838,-0.16410083065596243
1731,0.7705373268726495,-0.00045245105813428285,0.33652372294711563
1732,-0.31939973716049896,-0.7817736043032487,-0.057426460344910966
1733,-0.8488208378347475,-0.37834030288182946,0.12879964061737167
1734,-0.25775521267010887,0.09319397587015525,0.5587617350518376
1735,0.040077840964970746,0.2556887616294784,0.011643555262773858
1736,0.25614917749032656,-0.3273125258410537,0.6875567820146296
1737,0.660342213597022,1.110031823791289,0.9399623632600979
1738,0.9433238676185849,-0.3508369963298195,-0.5438940856322518
1739,-0.8461352023640376,1.0725079806824422,-0.16682931560069156
1740,0.10012490140467042,0.023996580601544904,-0.522564860249725
1741,0.2051868692736035,0.5327250723116024,0.2933527193921502
1742,0.5960150651650039,-0.1075014715687251,-0.5155226507382087
1743,0.21525055950636254,1.0318112143367684,-0.5586395427133456
1744,0.605749108936166,0.7351868842632933,0.12461328866679698
1745,-0.27144905151820764,-1.0145173537469043,0.17517156593129568
1746,-0.27756115419464505,0.04584014505534352,0.014590721582382504
1747,-0.343246810686024,-0.012982942508263031,1.105759055658155
1748,-0.1394506698606542,0.8184246161857316,0.283093148106544
1749,0.049766242353903214,0.580274473778574,0.18742936446017458
1750,-0.37849518380784697,0.09694622228079726,0.23206895239047493
1751,0.6745161233516968,-1.4184000625418167,-1.0735860335526974
1752,-0.47286646540760036,0.09090825432837327,0.026074624477595433
1753,0.09747637697026308,-0.6877841700763903,-0.004954059065593149
1754,0.7659754537593372,0.5256095121770002,0.22359888186953214
1755,0.942602788277003,-0.49486577855792996,0.2683419662288432
1756,-0.10020669853765482,-0.5244046609683236,-0.4635586808055282
1757,0.12296057778486816,-0.8754899894111333,0.20288489432425225
1758,0.4932619067055864,-0.01911014553954597,-0.07810033288693478
1759,-0.4216724253057411,0.6823128990777735,-0.7573353479035738
1760,0.8626173387414728,-0.09846492824802641,-0.497688048283192
1761,0.5756490242876797,0.832943342847593,-0.2632737205723412
1762,-0.3346859940848457,-0.1440439685360174,0.49110396913289256
1763,0.33879497864563407,-0.16301760194841303,0.12677584862974584
1764,0.9286064739097405,-0.31846272144589616,-0.6893880599781705
1765,0.5055632683976838,-0.3196189805942461,0.5530128556995052
1766,-0.0030355172539131663,0.5616439270350343,0.9620740372129992
1767,0.18548723887498547,-0.8430681953349165,0.31047835090808007
1768,-0.48141420888303593,0.02090965278309933,0.6776339220427365
1769,-0.03783567567607521,0.4386410401542477,0.2297524524984798
1770,0.8258637311083932,0.46392381348650197,-0.12357941202346623
1771,0.23790880152770946,-0.37907368376950684,-0.19701087147388507
1772,0.17199365318207127,-0.31952788210428223,-0.13299880863498922
1773,-0.0966834788887982,0.3562113217145779,0.07897980643139914
1774,-0.004851789899010822,0.16330528610965234,-1.0493042905300871
1775,-0.35191566114291095,0.10036339329718552,0.4837166437193091
1776,-0.7281717869323013,0.5776341327517799,-0.9052857969264307
1777,-0.3604478930233682,-0.6780428936828515,-0.10080097953893108
1778,0.35870718162892506,0.19719103174362992,0.21855167625195968
1779,-0.18226943491817021,0.35117690165221244,0.05469438787005224
1780,0.4373128602752486,-0.31560833566236135,-0.32340574896687463
1781,0.35749066541446795,0.34031295732211253,-0.2601985231898802
1782,0.5113364714006506,-0.2506809630948668,0.08683948258867809
1783,0.3580191237170919,0.2594447711337216,0.628871910192985
1784,-0.0035272946437271634,-0.9202774620265576,-0.32173023177682797
1785,0.028944267380036325,0.06749718384138192,-0.39450539122181155
1786,0.14694401090369966,0.08525710087488966,-0.3666866648993623
1787,0.3448468931178356,-0.15887831869173014,0.5348898741242163
1788,-0.18866370424826062,-0.511752964374809,-0.14095567742772094
1789,-0.08666327415007206,0.16299657582459648,0.2305872229079768
1790,0.6794981779132819,0.8855083847572202,0.3651467702356358
1791,0.17571417617199317,0.0823867095457095,0.01828933503986147
1792,0.45445599104342155,0.6018827600758134,0.34211322074553907
1793,0.08793415507529202,0.4176092133457993,-0.30799577516571064
1794,0.08129436712414402,0.42126059881301187,0.35771202254229034
1795,0.3402984899120184,1.1989335998067823,-0.5233875263747177
1796,0.29519828890339794,0.9244896801027607,-0.6048286105579045
1797,-0.8507117900482977,-0.7018813938962122,-0.8835139490982111
1798,0.1089457070405386,1.4689892634381412,-0.5498962982968989
1799,-0.3273827314964077,0.43021913364691877,-0.4115545361652319
1800,0.3587162972567258,-0.11543500384853479,-0.5505764687511346
1801,-0.3208725892518759,-1.1041424020209027,0.8816899520920491
1802,-0.13178532877317245,0.4874309805247411,0.756219318499054
1803,-0.5091043468516533,-0.8297456940611837,0.3386728872720487
1804,0.49495582848722,-0.12001336143955793,-0.4588313218193746
1805,-0.0944633385831831,-0.348321071150616,-0.14207598550950176
1806,-0.127205808509855,-0.7763292149461927,0.5082505311158534
1807,0.10391061303553208,0.5300302972061997,-0.30507211964312536
1808,0.5385407694166612,-0.8276466315634697,0.6495030609497116
1809,0.5230913309980406,-0.14121401974644993,-0.07214837369657941
1810,-0.2870244084472251,1.0672369488150641,0.4429815491502521
1811,0.6751177586696647,-0.9038353916440386,0.624227168059409
1812,-0.5018559006323029,-0.004998120579406077,-0.36636463787742307
1813,-0.010690954330228559,0.02449380602155088,-0.38187145056587923
1814,1.1330588930901744,-0.3492701024070455,0.6449740572920044
1815,-0.2664820116391216,-0.31752022365534904,-0.23683843209990632
1816,0.8549500275374813,-0.5717046109720343,-0.6091324883500068
1817,-0.32163394958100966,-0.15266267928356925,-0.48176859134192207
1818,0.6367786631276755,0.23861402137071,-0.33721637916892444
1819,-0.5747590445555291,-0.5275582948160898,-0.028218051893697686
1820,0.3869093936082916,0.02464220458661732,0.3722081640544748
1821,0.15976671047361884,-0.030701451267101366,0.5255699186068504
1822,-0.02875689772514698,1.0858558725403857,-0.3931130135955104
1823,-0.3772137417400254,-0.25814069970383646,1.0493183838920301
1824,-0.41853967118914837,-0.4829715642766811,0.8407247938956277
1825,-0.08570557060883693,0.2542434432857623,0.4418664758182711
1826,-0.34319575939808983,1.2971705165557141,-0.08968737999179184
1827,-0.09472524543759764,0.23494358717491723,0.8264168199919628
1828,-0.11787946055404074,-0.7098346841047909,0.1448239295681227
1829,0.009768794000328063,0.25619747532261766,0.28037932699344686
1830,-0.764430234720388,-0.3469359719772933,0.4492134189916346
1831,0.07210300959452264,0.8622201619366113,-0.3172776945398292
1832,0.0648263538062119,-0.00010072740888223266,-0.9765079374404805
1833,-0.11424953133271416,-0.17688542471343394,0.6869675883000074
1834,-0.3534887676496736,1.2871802933249312,-0.05233420371608987
1835,0.702887237010893,-0.03262487877595603,0.026910216086043846
1836,0.6971871836168513,0.5854811271095367,-0.10033184464846957
1837,-0.12136724481278643,0.785651121790937,-0.10099626463372674
1838,-0.8422367690545565,0.19907271701973725,0.20642433464890148
1839,0.08731607096137949,-0.5749191724977121,-0.6519892335541229
1840,1.0057828142347338,-0.35938438851644094,-0.00249461156720642
1841,-0.37957189373595424,0.43851417071490917,0.7773416182364349
1842,-0.2108288382863106,-0.031770877921918246,-1.0061796760866615
1843,-0.47570734337605963,-0.4552232091436871,0.13591398371281724
1844,-0.08748943267594128,-0.020044646517087816,-0.26388368467245393
1845,1.1070878592499156,-0.5254627710820332,-0.6027892601408826
1846,0.3740181284600062,0.26310284474022055,-0.19673248170483237
1847,0.7860643400084164,-0.46217930897656234,0.7305871370783202
1848,-0.12824273715374415,0.5946527964422248,0.15556232747359836
1849,0.8168292456883015,0.20729635122190251,-0.955512967444497
1850,-0.23872311716909209,0.5286166234980983,-0.7266753503166823
1851,-0.27395241673799486,-0.9145576262244911,-0.19462777351717242
1852,0.752060698597292,-0.22064829611161632,0.3541975632630073
1853,-0.39434131203963085,0.03094595973336212,-0.08163338217595979
1854,-0.2303640263125369,-0.04028979388200801,-0.22832370329031393
1855,0.5106072916944601,-0.4780293272349751,-0.23042181353723373
1856,0.1140422382348243,-0.5030571571708158,0.6029324878603497
1857,-0.4062130996032019,-0.3402091298403252,-0.012452240005308568
1858,-0.13739034962081284,1.003563402326852,-0.44957533444688585
1859,-0.5164018750281676,-1.5432153692834976,-0.4708336261415255
1860,0.49583846484870425,-0.5808477563985948,-0.11322280854674402
1861,-0.27237494699233067,0.35119678691291867,0.7151804619350464
1862,-0.4963235742502778,0.09420894911302409,-0.08145947390682212
1863,0.24231448088045102,0.3486081681496559,1.2420698918478716
1864,-0.3345549556763155,0.5281725767076371,-0.34588513192557985
1865,-0.10422796248264445,-0.20004622020249951,-0.5067427375580964
1866,-0.9583753423607836,0.4192115767679164,0.48419294711006405
1867,0.3086939383632634,-0.7621095982531374,-0.3427243277262178
1868,1.1999209170950365,0.03156392269373718,-0.4297219414218061
1869,-0.18640941962404145,-0.6193843513874734,0.4215139348461288
1870,0.22665085897562248,0.036410645763583896,0.0636492032911058
1871,0.3637671164564436,-0.9998042207931905,-0.7381502696696184
1872,0.25465737692264484,0.1201188314338121,0.20524640452390416
1873,0.05138485591490415,0.23641915227681112,0.2687847312195774
1874,-1.0060521234993953,0.4593478653690195,0.2689338294329122
1875,-0.5809481117172552,-0.5611777009502791,-0.10157731462777714
1876,0.27811437775847686,0.05984360964838827,0.5351267050755587
1877,0.4353684397513167,-0.35708817965937767,-0.2086593233358199
1878,0.012763222848953175,0.33106066526594385,-0.15861438383698928
1879,0.4798486054835956,-0.7632987326900506,0.407452815004997
1880,0.31553357985915614,0.21485294265865837,-0.959788312178725
1881,0.35587832088872734,0.6295632806395736,-0.2639303920887495
1882,0.22640597659783737,0.44789739983257465,0.3213485384581793
1883,-0.3484635748640402,-0.47691955468750685,-0.11045642711042067
1884,0.27238886359490383,-0.4023266962656097,-0.48425700757631296
1885,0.22475707663935474,-0.2482465093375078,-0.18149370775419227
1886,0.10971586958333497,0.9202701438861273,0.1417590631120004
1887,-0.2305191708216277,0.41256818661916667,0.04572691641040072
1888,0.0486366130875723,-0.9473531494653372,0.02859870666859106
1889,-0.41099680301130637,-0.03663244404572667,0.20968697042771894
1890,0.6326898586013855,-0.8542783636227548,0.05885921689957359
1891,0.7599029671462963,0.07577959736961973,-1.1578794739795084
1892,-0.022794085016812154,0.9419733895124888,-0.9866615197902346
1893,-0.16572573013986475,-0.08787082560720932,-0.44882032006789147
1894,-0.14273697384465814,-0.43256742714139684,0.09083009987717505
1895,-0.6858636258813895,0.3882328244494747,0.19311307658443466
1896,0.4426101292547165,0.07001947500588544,0.9039740043311981
1897,-0.15563473614134277,-0.33323243132121355,0.16603959332481458
1898,0.17329268789690094,0.18873473654284162,0.33229545162679813
1899,0.017009094866722876,0.6983145733737419,-0.559455551433687
1900,-0.2648023985595689,-0.22066391424647022,0.06743919724332594
1901,0.3533080271936438,0.2521803292005812,-0.05060501424346813
1902,0.05069135403878412,1.1320097708261443,0.3841779292087203
1903,-0.5946642855245619,0.9253065366373511,-0.46499290586322134
1904,0.0026219644278318555,0.22108523099236196,-0.19491977432750718
1905,-0.5155679864878587,0.6551773910891885,0.8953079052217218
1906,0.45883278971935715,0.3652595720822823,-0.6403631882057464
1907,0.3095263430100474,0.15849699509200513,0.21375808376466177
1908,-0.06977224344485657,0.4367313266462479,0.2960096983677108
1909,0.44667611452199035,0.9572403460329857,-0.6926126978002949
1910,-0.13099311251271556,1.0845156225489412,-0.7132945647241683
1911,0.019448108854910454,-0.31420550518517837,0.47736826491207063
1912,-1.8232512404188075,0.11339176379569924,0.1285942922979216
1913,-0.5377337055727646,1.610963701639851,-0.35183203214696795
1914,0.6119151445820716,-0.13473311437659233,-0.27900418022953294
1915,-0.9565217229273242,0.9036645343033565,0.47283529836210325
1916,-0.06953750158495205,1.2863115204510294,0.2803058198722712
1917,-0.37055897043626806,0.569347526587432,0.04046483593137638
1918,-0.7616455390054955,-0.20971221350809335,-0.15077626967183755
1919,-0.5565080253643425,1.428830961158948,0.6245096470254625
1920,0.37004501733117967,-0.28905335681818833,0.6861035941472982
1921,0.4960311449358913,-0.001996568114475085,-0.7876037595895417
1922,0.6667765997518352,0.3801641015673494,1.3023819555826188
1923,-0.41099419179656593,0.9375183195184424,-0.09532978226684997
1924,0.2013687505467997,-0.4005275075243139,0.46448355214803466
1925,0.8208884620178099,0.10313977122324253,-0.17256451855290433
1926,-0.22839686389393515,0.1473700347536752,0.1797317820491964
1927,-0.09382074934619018,0.769553715719012,0.41580349051321275
1928,-1.0402423290987208,-0.3737841677014334,0.027897847224812363
1929,0.1802665802227095,-0.7888726583882443,0.511137793646258
1930,0.37365864570391616,-0.0252938111794071,-0.5058307398523516
1931,0.08174865504088512,-0.4985349991810109,-0.12813233253542775
1932,0.7153589159945589,-0.6394352522731431,-0.4161553700394406
1933,-0.05633552350720507,0.8173232075632793,-0.04885878599164047
1934,-0.043859088447115425,-0.21922729117983453,-0.19773265870383366
1935,0.039373055709900184,0.9542087197592779,0.07617921124217064
1936,-0.3826417668453902,0.642819339106133,-0.9203939997413464
1937,-0.6835433907409623,0.6529346895701243,-0.39540887313416334
1938,0.11917292767959799,0.4369150001276837,-0.40305315310353856
1939,-0.37965925065840167,0.1592678700066311,0.15019468791558527
1940,0.5117048919534741,-0.542876856920225,0.8112186293039091
1941,0.4465155904029423,-1.0736892290973412,0.4046128521050896
1942,-0.19741226790175734,0.7991995541951638,-1.054139653799045
1943,0.33966448429089163,0.921597785617485,-0.3362310907328578
1944,0.31702447754139423,0.7629158260591249,0.18234423309918574
1945,-0.6055069922421068,-0.14662211977733347,0.3702013140160565
1946,0.4969071227717958,0.3559260652779002,-0.04429524615130399
1947,-0.2242334971303613,0.6905681332740692,0.10608094776861597
1948,-0.6533840892055907,0.915257432014781,0.24527795164547259
1949,0.042919717951297405,0.02941869586596976,-0.00848731120292048
1950,1.247526259340402,0.6039556355813054,0.771224673573797
1951,0.004720659174291035,0.01048981412685506,0.9414537419001753
1952,0.9156410040951408,0.26342031215074163,0.5855241384915115
1953,-0.09197593542378042,-0.09987167459009973,0.6424996009129558
1954,0.07513076698426828,-0.2735759789459284,0.06596411510908752
1955,-0.41192774160003276,0.4210367296047273,0.3683502045799608
1956,-0.4650404587836476,0.12072457501359361,-0.12420947311801887
1957,-0.14572424561524425,0.039730747953789926,-1.1011282977489631
1958,0.053950695410421357,-0.6936337480057154,-1.3559324413545888
1959,0.5324973339415655,0.011413281345589828,-0.32442389660662363
1960,0.30850045784412167,0.039526586755129225,-0.06386156451760441
1961,0.8158765810531823,0.10432434669177446,0.3037674318813159
1962,0.627171386615877,0.6661231544820648,-0.12792811837469667
1963,0.01050828194836923,-0.9491620509024101,0.9560688951689758
1964,0.8523781619593894,0.2374969669463104,0.24771210324298107
1965,0.7321503626202963,0.13697453717442082,0.3495573690935311
1966,-0.4595015221663375,0.5017875548158027,0.11430755262751809
1967,0.021798541574849166,0.19704076125576503,0.021876175499458028
1968,0.444816027451846,0.8603072126333289,0.08061028035616952
1969,0.3797956094048649,-0.8711414522798664,-0.038693705212420534
1970,-0.13507467931858322,0.38857146547171867,0.8065165398101939
1971,-0.5426321025129458,-0.1609735592988513,-0.159441814766785
1972,-0.006534824056624588,0.35274496226457747,0.24021078134385787
1973,0.20236551205596778,0.15291110936175512,-0.24392075779617226
1974,-0.3109679268254088,-0.3590722938672117,1.286200208758514
1975,0.3111753983290677,0.5786562940283028,-0.20020834802998774
1976,0.6665784184745089,-0.10055883538890338,-0.5655978883300988
1977,-0.018558961579973977,0.12137161773328543,0.05370600691202137
1978,-0.12880679725947686,0.5778053611971865,0.23916658564175314
1979,0.42529523618771786,-0.8120655812657288,0.7991821331090484
1980,-0.05395865426182167,-0.2785539392890163,-0.5892005153911849
1981,0.49466266892462646,0.16097472247400962,-0.27861958165354545
1982,-0.5006814513144826,-0.07363132143125435,0.49028123051073497
1983,-0.2394773914091514,0.22053962208270833,-0.12289761096316384
1984,-0.37420369400404674,0.6745449826482066,0.6312064053580407
1985,-0.2877063523752046,0.23047657068264718,-0.8444507469519421
1986,-0.6369623982375145,-0.3425219770860977,-0.11086651346345752
1987,0.20255866654518237,0.1593715022334786,0.48374026638481
1988,0.036193021657294905,-0.5205158733835678,0.5297148976202906
1989,0.6207590256572137,-0.5028519851749566,-0.2432165239066827
1990,-0.0756997442820205,-0.19568155664761902,-0.7234597581425131
1991,0.017334823481557675,0.43280738362250093,-0.12488859832045897
1992,-0.524745973280627,-1.1210265817126102,-0.5319790135056894
1993,-0.4891484146533784,0.40540557707139185,1.260875740871731
1994,0.0642150979667795,0.7357270287339572,0.12907251395536753
1995,-0.08431132358257595,1.1433019227574137,-0.056023041973098466
1996,0.5844056039754812,-0.40858250892188586,-0.8982407513271536
1997,0.24157545320133988,0.23708860761218767,0.4301691537869838
1998,-0.20370337204541802,0.4834059462511771,0.6665136162406455
1999,-1.175871441508471,-0.022357280622801724,0.6345850150349465
2000,0.14551914711368047,0.33838056765800195,0.36333003290055405
2001,-0.08307973312172268,-0.04161359759786904,-0.07844958379600224
2002,0.3709559289435992,0.9047207632304551,-0.29243047145743256
2003,0.03738392717054477,0.23159421915456316,-0.13318849715699824
2004,0.09568866014526274,0.4910138811973509,0.6890066138813385
2005,-0.5828408754553299,-0.34181909643768366,0.07483767957310195
2006,0.5267860998202387,-0.10725087748239646,0.16455554524129098
2007,-0.08640569715035505,0.47677298076654145,-0.7302898941872843
2008,-0.08139043992384314,0.2247508423025931,0.11298312025691229
2009,0.5731228818309662,0.5373474750921924,0.0020532852265538054
2010,-0.48414152227503554,0.166735290488499,-0.5808014965909772
2011,0.1616115258578548,-1.138630647090266,0.6310391774457084
2012,-0.11152528811950885,0.6054911464938257,0.33520430508380517
2013,0.29357965872830005,0.05795605569761141,0.7711174046644046
2014,0.0075259682299277575,-0.37597484757424476,-0.128554162338788
2015,-0.20190063642858969,1.0884189257337635,0.5456827560044168
2016,0.15003814448083597,0.5722659740972245,0.013451373493972648
2017,0.65625629702229,0.30782384639728677,-0.21595904900506457
2018,0.01742336905439655,1.0504194508327203,0.4127104424808842
2019,0.7542688335950635,0.02771602882053951,0.19959520517844398
2020,0.4501377961746135,0.7326387311811807,-0.12497071497435965
2021,-0.12160112416969995,-0.05013349292811043,0.3924337792233444
2022,-0.18918183270078537,0.6144956032027515,1.2662000691696496
2023,0.529026822281466,0.23968903238019051,-0.6634831197922911
2024,0.041721456331047777,-0.4379198408855234,-0.019029283589663725
2025,0.6483083002128297,-0.8095536171590239,0.5124466008653542
2026,-0.4171153494076745,0.12552544958681627,-0.40835543023871235
2027,-0.22812502689314673,-0.11169435309157089,-0.01874708579827916
2028,-0.25721443884354256,0.09552444169249609,0.4966930934110924
2029,-0.1761525687517039,0.41951010308504694,-0.45139855208036056
2030,0.16473844760462994,1.4612293829635978,0.12391793640600707
2031,0.896611467586294,-0.7601549713871556,-0.11804423812758265
2032,-0.37975663729755477,0.25942421749845895,0.26358376141510076
2033,-0.4691030210578801,0.7620369171148825,0.1217481104194811
2034,-0.9150678211375987,-0.10686440574348827,0.6133616938688045
2035,0.34037541563385165,-0.7107761709253877,1.283526532610146
2036,-0.5620104804100856,0.6509866291979153,0.8361484383383576
2037,0.003576230333323749,0.40799410571018735,-0.659324440336281
2038,0.43596585371828805,1.4440174953341958,0.19092084596982858
2039,0.24432888625725818,0.15009614824442657,0.4411979128285368
2040,0.06413564440451062,-0.9976510899005788,0.14276741933308165
2041,-0.4018676432057557,-0.6303266410479783,0.07608903010016672
2042,-0.5250069166339714,-0.23921993669485342,0.047753429078120066
2043,-0.7677491997059562,-0.9815625072064805,0.6019969096806516
2044,-0.6491684605740546,0.03834197853278349,-0.5004940673406956
2045,0.14980136660669066,-0.6237669112122891,0.17973308431531698
2046,-0.39948705246605476,0.05695332360359054,-0.21120558061853992
2047,0.49835539373202353,0.07610853147117075,-0.09362162511258318
2048,0.1686073544699892,-0.07933561962670914,0.6613903671962472
2049,-0.15759045221139834,0.771134769773507,-0.1751730375673723
2050,0.4558358141772576,0.7335403222553216,0.25882372780073537
2051,1.3551008581689254,0.2801163850241131,-0.28717634226630334
2052,-0.08536616162018588,-0.46686645817403527,-0.00024412127779988805
2053,0.701873377414247,-0.24470335635281135,0.8063585289009111
2054,-0.3086515962695868,0.16482209695716235,0.18448199205184973
2055,-0.5925322197210665,0.1678175349116223,-1.0156158359861096
2056,0.08012407861399572,0.6937899567912941,0.0645005211764536
2057,0.6943351473317513,-0.43050194655591323,0.18712568485743827
2058,0.5353780782010881,0.7156976907660212,0.32441954151753744
2059,-0.6437678114364909,-0.051367763321414815,0.07201092500113888
2060,-0.4212885121746293,0.04914661099050948,0.9116304292777778
2061,0.08667051930398303,-0.14560128238214862,0.6447590094979198
2062,-0.4599171705341385,0.42751742437024387,-0.5163552023797009
2063,0.4171039800367812,-0.404936684286483,-0.12931245827132695
2064,-0.25955081124863993,0.7158472493555362,0.3281281718270773
2065,0.07891528060298987,-1.0493158722300813,0.16671349610947414
2066,0.2659704043228538,-0.18513014817796378,0.6728943331557979
2067,-0.05269685778808695,0.42055959684452143,0.4281759659445544
2068,-0.4475545624338205,0.3856579576423146,0.13115626912843753
2069,-0.4593955929540468,-0.6847925047854806,-0.5564049555589209
2070,-0.11327566135721157,-0.9027148648759237,-0.22061507260912977
2071,0.47470782252823635,-1.2520177280196911,-1.1931014313939332
2072,-0.34486504144464936,0.7696991465045953,-0.5346514233951835
2073,0.3409169942039191,-0.485060136774435,-0.2408388364718933
2074,-0.9610897635174273,0.28165997583383834,0.5234634927185398
2075,0.06161745015446263,-0.6523183036869915,-0.7459584953783049
2076,-0.22105032172155423,0.39236567754255575,-0.731756466709244
2077,0.49979009559921866,0.42240206635452104,0.10002465398080577
2078,0.3269962748081695,0.06839920574453501,-0.5682893618808827
2079,-0.033367940922923216,1.1538386063494754,0.09181324960542964
2080,0.22117800367915297,-0.530325904136074,-0.5521009729297452
2081,-0.6210180425747943,-0.19531520361927762,0.8248401290352463
2082,-0.11190809345735632,0.495323272734212,0.23817176514073923
2083,-0.06043620887564078,0.35656727469537997,0.12188358973077422
2084,-0.2825713665832937,-0.8862976137426509,-0.5497091332772186
2085,-0.7549394665704663,-0.735374969668048,-0.42724703332264086
2086,0.15121913671940992,0.15322116566457497,-0.38770735809609913
2087,0.37460144715028854,-0.6990995170999498,-0.12022611572251539
2088,-0.02100121370112658,0.06644602188097072,0.36584495156114216
2089,1.1702508835065129,-0.34310671403685966,0.7788036334813062
2090,-0.7872207286245254,1.3494228460710205,-0.4130435289556255
2091,-0.020184808505780385,-0.9172094624611807,0.1957508170293088
2092,-0.13198170179113658,0.3158383399624745,-0.6520179480443005
2093,0.8323525783467097,1.08784000987289,-0.06894928309285787
2094,0.4682370392854468,0.5571589302085003,-0.10195559712821985
2095,-0.3514280819909167,0.3229146790506312,0.45720081093009307
2096,-0.9776005224407318,-0.523947197478,-0.6602478291449964
2097,0.4249199632508095,0.12766228435317944,-0.4702682942090356
2098,0.3349859157837632,-0.25972909036172587,0.20711636929714713
2099,0.22756674052301568,-0.8424642043672068,0.4716932667490977
2100,-0.15440243396158268,0.43206718258743326,0.26041207427031543
2101,-0.025046962449316278,1.1007177513443782,-0.4968925485522011
2102,0.09339215840541511,0.5173946225705163,0.010870775285414568
2103,-0.4883496510572571,0.6708188518172206,-1.235943259150591
2104,0.4257962816021893,0.6919667317049867,0.23559964057708185
2105,0.20974767409187037,-0.1663599511857557,1.2127125002144377
2106,0.7390077877903595,0.8273463880946077,0.8504341264935529
2107,0.3319132666997184,0.35618039586421724,0.04859814594327418
2108,0.6848144561198363,-0.37585752949467416,0.21239418427124657
2109,-0.2902251903579099,-1.0526527578107978,0.8316425284159935
2110,-0.3578082229544181,-0.409426685317339,-0.6522826957806195
2111,-0.07259562020938848,1.1467944960859187,-0.7332886314472948
2112,0.1312050916987025,-1.2839360430030036,-0.07437801373100096
2113,0.9419533639597296,0.8162266554819726,-1.017700327849283
2114,-0.5128071473814614,0.5485340989139642,0.10818024309166596
2115,-0.4216240237390133,0.3645835273118717,0.7503827293162499
2116,-0.252100581894058,0.4886702020175762,-0.378384071282317
2117,-0.6418041637069143,0.23784762456453334,0.4626316859166783
2118,0.298548363606317,-0.1740165534420798,-1.3075802125578206
2119,-0.08450608834216694,0.08994708718335405,0.13513969013023908
2120,0.45429838617415735,-0.340720673590972,-0.5462510634677701
2121,-0.9527107045786106,0.04865867602471133,0.46458789104988374
2122,-0.11259552454517738,1.0855021233751063,-0.5381587686854765
2123,0.025208309279406486,0.31535155528119313,-0.18718686470422763
2124,0.0029674757591038434,0.2529920791920999,0.18935894241986573
2125,0.7216039215821543,0.01595245851258136,-0.1614369625628713
2126,-0.05560531852282841,-0.3931330441662334,-0.17387680153540283
2127,-1.3262391446803772,-0.6752107993001607,0.33995891008748985
2128,0.6714542181177738,-0.6902759841658593,-0.005697610022529162
2129,-0.5495871218625391,-0.19989840592353478,-0.011708895537013264
2130,0.6625394654914115,0.6982480853701399,-0.4905393512713598
2131,0.19805420778735106,-0.6120040798714012,0.049739461630881845
2132,-0.4235846600854569,0.379908214197618,-0.30796930881751317
2133,0.21487106511199028,-0.26146159083346254,0.09743719700360982
2134,-0.3183590241562987,0.48573841029369114,0.22764729062561181
2135,0.8269486384247159,-0.17164319716851298,1.164698884078276
2136,0.62764052326213,0.7693365784806964,-0.006374072645545203
2137,0.3852627865974548,0.5182748499195975,0.41426364315972325
2138,-0.4458608675225324,0.13527646546622615,-0.15803049921206616
2139,0.02998758769877396,0.51568883555217,0.041797581513258616
2140,-0.2870263701065817,-0.2923215886970686,0.9659314653023678
2141,0.28546277872939124,-0.16547996255706712,0.35082140839110226
2142,0.8813629344988585,1.1233722694747135,0.16582520354750707
2143,0.865077668473493,0.4519059551667779,0.5670496258066408
2144,-0.15461499097981452,0.7577776578750016,-0.18624421043011338
2145,0.5204593774433344,0.9787016717512455,-1.4615464775009726
2146,-0.30318848635696133,-0.5317066737653898,0.23230113992655652
2147,0.46404389949139274,0.35342192197076366,-0.22360388424074473
2148,0.6822760590986302,-0.34826373621371975,-0.17641095370416685
2149,0.13662136683479548,-0.3421614730558203,-0.4429720908901415
2150,-0.3816534262810826,0.04103583261431116,0.5976600778578451
2151,-0.498729799546986,-0.4142765763063994,0.6044931935367145
2152,0.31020033497282273,-0.7297881243405242,0.29746833589242794
2153,-0.22077445725037403,0.5839596448277836,0.08830932918888097
2154,-0.32473545159519857,-0.21967408353567938,0.36585824738694506
2155,0.01681433806404279,0.5675024443558746,0.3535195610986586
2156,-0.3762795759125813,0.7628945093456649,-0.08600135374360561
2157,-0.7430157046860107,0.4872365382022188,1.00276276135047
2158,-0.698508095049032,0.11254600689114946,-0.6999133455183735
2159,0.17748308605902735,-0.12216635970881923,-0.5145297052268554
2160,0.12146190994183544,-0.5518095215601031,-0.3518640527505956
2161,0.17102352609017465,0.20956841015640681,0.06661321194909668
2162,1.0640088746243026,-1.1540304096134417,-0.9768158599201064
2163,-0.5968123207692618,0.058693742771773645,0.7093503650691623
2164,-0.3414527606057104,-1.0952477775367744,0.9570836440592527
2165,-0.7405145218132003,-0.6362616739224441,0.44492748241951136
2166,0.5249430692558017,-0.22200381557792884,0.2001268604311863
2167,0.20142984874337583,2.434988478217658,-1.0389766656089914
2168,0.29264472941298075,0.19052116751653414,-0.03066136879374164
2169,-0.07567522513419976,-0.13645038404827828,-0.5790746454227528
2170,0.5310071201396802,0.6150413816841132,-1.302285967866221
2171,-0.5284429797058511,0.15259488998059936,0.8342048030041385
2172,-0.06275314345034436,-0.41993451590804776,-0.6269405051711283
2173,-0.48539402953384225,-0.5355916264287358,0.11425710017049455
2174,0.6977708555051898,-1.0488393968228502,-0.0010634612726054754
2175,0.07468273215134537,-0.7786628892587224,-0.5268639323611766
2176,-0.7328495162633871,0.4306717070036164,0.076420440272586
2177,0.3880068240091761,-0.44224231499170624,-0.26252750735797875
2178,0.5245419419452043,-0.3102381947421245,-0.6435798268345231
2179,0.8723199423848339,-0.3964041884641586,0.13500840866376435
2180,-0.22951849910538558,0.3184176152013646,-0.22308150748240363
2181,-0.25523476923997257,0.27977086864928874,-0.35837350075228863
2182,-0.2645103435901965,-0.44438140450634417,-0.6369471632607927
2183,0.4983070284236363,0.14930373354524912,0.7512477591040777
2184,-0.3063952879359761,0.2371982287022619,0.05594741782105759
2185,1.1928914290625587,-1.2624422741383985,-0.5677887641405288
2186,-0.6041288975752824,0.2056103746603335,-0.5627979398967696
2187,0.8377900716805644,0.23888870113814661,0.4254255832721838
2188,-0.1461284483393558,-0.27064557998550326,-0.6185786591098338
2189,0.08628320663116648,1.2875400699516375,0.31189782367898233
2190,-0.09830295491341536,-0.8369827769922921,0.25855981569073333
2191,-0.5008876012914147,0.8124275777475688,0.4593018189330647
2192,0.6727999669267734,-0.2478024996009145,0.4117688638761987
2193,0.09325171934969016,-0.46657938860830295,0.34395565013342067
2194,0.1691632349374766,0.3566490266380418,0.15075126107533357
2195,0.3436340855017411,-1.2457952093864983,0.23822223691758906
2196,-0.3011957529452016,-0.0477916797009236,-0.697023131853452
2197,-0.6894496848278936,-0.16079688166189154,-0.17320006609255859
2198,0.23816264308405266,-0.47172751503491606,0.8354837109614758
2199,-0.7079497719514336,-0.24006595045865614,-1.1165038774172904
2200,-0.7740444140737059,-0.12452943080402576,-0.670594805196769
2201,0.01941919548431207,-0.8357453171717402,-0.728988028170495
2202,0.739481682570057,0.024802099442143215,0.12129714173910645
2203,-0.5361595762325434,0.5401665810850442,-0.5155685771308389
2204,-0.20718191635267041,0.09496233375438257,-0.08668839501803614
2205,0.653523028511399,-0.6717472103447528,-0.14200213211776327
2206,-0.4215700314712438,1.0470790263270844,-0.48556185838977983
2207,0.3222817787807605,0.47856333353336494,-0.5263161327824051
2208,0.153410379194014,0.17226957016243263,-1.013802191190593
2209,-0.07678479438704254,-0.19282524233301804,-0.4104412613576984
2210,0.12110326893507577,0.6486899098391147,0.4681128227510997
2211,0.7349790496328723,0.010433869055870933,0.4676456572763082
2212,0.07831692719406125,-0.4028475697195595,-0.5021187452361636
2213,0.39161983952825236,-0.3783454833550338,0.7758502068743584
2214,0.3236617016060702,-0.2329402401719597,-0.17628056203948297
2215,-0.582804297020126,-0.43512286852811805,0.1441820087100484
2216,-0.08031734355878022,-0.13389488081840423,0.38334205690533313
2217,-0.08801669468224109,0.796049477990388,0.18460457867729582
2218,-0.5316482469839138,0.8281803357880568,0.614859436366614
2219,0.10281847569137682,0.6903466795267679,0.3517127979576449
2220,-0.17067656349481505,-0.13005698494668666,0.3124411259995365
2221,-0.10367453977745217,-0.09140828113794557,0.4519111198113142
2222,-0.23003970579861774,-1.1801198110692364,0.33396606792801997
2223,-0.3712060426623839,0.3049501547018203,0.4122234615659733
2224,0.27330059864800366,0.7733595337618961,0.04464694716913543
2225,-0.30681457062777256,0.5818395519329647,-0.22020819071747064
2226,0.4721088863874376,-0.3991361221299842,0.16325813437895836
2227,0.6621093664037981,-0.7092767309084795,-0.03134818870902949
2228,-0.02915649411244737,-0.19448676109583823,-0.19308929750092343
2229,-0.5137851641509055,0.11123905649031476,0.22616344695281682
2230,-0.04936642979844854,0.12452054909342385,-1.0380805281600693
2231,-0.5902895524540729,0.17742230660804542,-0.13316528849983772
2232,0.14011044948759577,-0.9133882808201992,0.9377631882863473
2233,-0.27761687198827606,-0.24189190999151253,0.17993927643556742
2234,-0.13443121548019343,-0.7487041644463005,-0.2835426272508901
2235,-0.2904665457521343,-0.6207755811586968,0.8713208401684951
2236,-0.11614273369381535,-0.4614145776354044,0.9244646011364085
2237,-0.28174203746815246,-0.7723741252264278,-0.06156072175673239
2238,-0.3805770576798123,0.23947377445528922,-0.0737196732853434
2239,-0.04305641912338695,0.6259562380629355,0.4006172503017327
2240,-0.38722416540752164,0.3384106766380336,0.8047263006559183
2241,0.5736212639736755,-0.08555765574567242,0.14492776322573525
2242,-0.06242394479886909,-0.5949817223936109,-0.11017164597613528
2243,-0.06539022823922036,0.08269245214454186,-0.8601066104732058
2244,-0.05782969342895917,0.3968334560191831,0.12183013031802664
2245,0.39595195532722216,-0.11143226474620938,-0.22200099649335703
2246,0.41178333994441174,-1.1009825961684174,0.2581089888319837
2247,-0.4300728401428388,0.2087967238722291,0.8210804869633339
2248,0.3595218200904416,0.8991007923354899,-0.3084885691970201
2249,-0.7559121644232544,0.49481881674147316,-0.21246194221457307
2250,-0.08373211624774911,-0.4493372725735105,0.6416081367167463
2251,0.45619740419249666,0.04886547327020362,0.7854493987616665
2252,-0.3196857214053291,0.09873060551350231,0.34171656335969647
2253,0.011107296011797566,-0.22820685041723168,0.3450887238605231
2254,1.05228233516454,0.02567707961348411,-0.09609552344236784
2255,0.5021715538728682,0.8874842967134428,-0.620884698332412
2256,0.3061510408645824,-0.2412123946147248,0.7356975041624657
2257,0.7521357845340144,1.2930520970518369,0.33216354223152117
2258,-0.7809866621406621,-0.30164074040190103,-0.02676325676455641
2259,-0.31866098059743503,0.22592199893670953,0.19615757512167614
2260,0.5372764146188345,-0.5945049477699632,-0.016376381425263736
2261,-0.04414376484123121,0.6107297015582938,-0.331756781912542
2262,0.4031603537654035,-0.39176427678973075,0.39816156975608363
2263,0.27241058028351617,-0.26273135840000783,-0.02465565375361734
2264,-0.12073572530146108,0.8052117889232747,0.647370420070431
2265,0.5285857875342054,-0.4927655273471698,-0.07220913386582664
2266,-0.1918013250772719,-0.18852126388401677,-0.030970994822476828
2267,0.5984143743372373,0.36789266650860014,0.22973219057887168
2268,-0.08358120465140993,0.13961591691336495,-0.8759589580592801
2269,0.36289998005176655,-0.09476528716113043,-0.13297960668261602
2270,-0.8457179256603072,0.19303716697787493,-0.34040158079994964
2271,-0.31376222834886,-0.06392870761365267,-0.12804474209001074
2272,-0.203388912740042,0.7484828261074299,-0.17170184732707866
2273,0.03931807672760245,0.00732703277569667,-0.3486260433826958
2274,0.5093300358063777,1.2487101881234568,-0.12994517637672162
2275,0.4832323625447997,-0.4014063078745906,-0.35928630252873167
2276,0.4973024459023142,0.012838064298364725,0.36441081327751274
2277,-0.9276092495402032,0.34777588863945685,-0.058501804376423744
2278,0.11035141235222892,-0.27749686670189977,-0.1540269701206651
2279,0.20535462101024274,0.15035924376302742,0.4327854113279414
2280,-0.41160729447387084,-0.6152484042685591,-0.10568046128160093
2281,0.5740077791513135,1.1233231131391173,0.8935023656763265
2282,-0.5195134932348928,0.740144439322637,0.788066694116486
2283,0.2300953176264778,0.5449030781795151,0.2248765311736667
2284,-0.4306920767431326,-0.0794252544002739,0.11074921260216866
2285,-0.2206883401111573,-0.6791376806438834,0.2832579101165824
2286,-0.10661179136126468,0.11575083796399309,-0.12707589674829975
2287,0.014241672375359372,-0.27273298636347704,0.0035030942985558736
2288,0.2694636888101146,0.6736741375673262,-1.0407440847871952
2289,-0.2315009975691237,0.9902099672363565,-0.22041000255585713
2290,0.3861140692137401,-1.1075532507421368,0.9483518704907454
2291,0.27084272013552313,-0.22153031357703812,-1.3023702908786068
2292,-0.07346528501154759,-0.2094611269298069,-0.5210764331659428
2293,-0.07435354717633959,-0.39572552696410285,-0.9609654257850851
2294,0.20742115491607122,0.9879207586878993,0.050042184426010196
2295,0.19113662605609658,-0.09220876938722881,-0.0996378174825765
2296,0.20840062903382728,0.18862868755902928,0.9134980124912138
2297,-0.15628891047143262,-0.841180256106601,0.34320681997264507
2298,0.22119387836254414,0.48541257991145387,0.846487650291155
2299,0.5048443698354276,-0.4942818074419315,-0.2774650736135433
2300,-0.7628641435948509,0.43142695591271496,0.5455625205308839
2301,0.5305998277199311,-0.3532953118264567,0.9662802387620699
2302,-0.612117226710778,-1.0165184076482014,-0.1851103488288167
2303,0.24665885039788854,-0.6746301389938536,-0.5816186488232818
2304,0.38504466348647465,0.10619040081803863,-0.08049739560430899
2305,-0.2892301857635008,-0.11835545657362008,0.0075589548428269876
2306,0.7928128810763555,-0.0813208584323068,-0.2898383610305109
2307,0.9210047386329769,-0.30209991911973766,-0.09095234545699615
2308,0.8636615701703099,0.39873135208234073,0.5947511919532313
2309,0.5041048920477353,0.19018051125338603,0.4011504357897387
2310,0.5039149814006607,0.07037034573590797,-0.3517022860011379
2311,0.8673650458025537,-0.03896988150483113,0.12582593667937067
2312,-0.2015373601485016,0.5100325884281369,-0.17556180264452356
2313,0.6820907261161425,0.5157337278507745,-0.1917034758797433
2314,0.9575439057440811,0.1345453622463591,0.5516644653406568
2315,-0.41772233959835164,-0.0025364022287130365,-0.17751905265601664
2316,-0.04683673942720982,-0.9389651251896054,0.3012513099306554
2317,0.4800741236688452,0.5273918403953783,-1.0889583567800318
2318,-0.9051807339969967,0.1556817261743136,0.40012450235093955
2319,0.42305944892327146,-0.05830602502548255,-0.34114726786684507
2320,0.42967095011260703,0.4634230510149466,-0.01601262368039466
2321,0.1661228034086598,0.24387292771130603,0.7744045119431759
2322,-0.7729741159094669,-0.815915421333278,0.05612282787856438
2323,0.22790480012961598,-0.9528204338540854,0.1229751265663934
2324,-0.3760108466049876,-0.8204199087789327,0.41362453865796284
2325,0.00018364091977274923,0.7332049204996162,-0.07414995363481887
2326,0.395142610435039,-0.022856873908654325,-0.19384520919593115
2327,-0.19012571876870615,0.37405061300073433,-0.6290231519422359
2328,0.13870737761203075,-0.7519042789285051,0.5354331395210895
2329,-0.4307014490606189,0.5193594253698633,0.883951102808598
2330,0.7545205703558742,-1.1123322333455041,0.15370821717819544
2331,-0.44124049191629733,-0.23839387777432158,-0.6674579348749947
2332,-0.1657150414154671,-0.188183558631458,0.35743614053246503
2333,-0.11862933034545464,-0.3410638447368732,-0.30245742112492074
2334,0.09896292259804128,0.07094205269216211,-0.35302867237742885
2335,-0.09406506982904848,-0.51146447758389,-0.2411534558386602
2336,-0.8537054892753171,-0.8785128933449833,-0.5307027992704011
2337,-0.30822494498568903,0.32464876939672227,0.2718836275395732
2338,0.0052139517464190824,1.8438733120590154,-0.5797827385336345
2339,-0.23540585779038128,0.4278915504059851,-0.5591924251974967
2340,-0.06766836122287556,0.1676096871981439,-0.5800233863716345
2341,-0.1253740047869913,-0.08507340911600558,0.15177116664094908
2342,-0.2216041918057089,-0.4089686884535244,-0.38815988547666663
2343,-0.8201053916007446,0.4584550111454627,0.3489792451842538
2344,-0.5751098919344423,0.23890120225753939,-0.05621307915634893
2345,0.10791132211255632,-0.37515222112507374,-0.8076767685882011
2346,-0.029530044854266742,0.4583059406509206,0.1721539852271713
2347,-0.17659831582075886,0.26965905449668726,-0.5312655930201806
2348,0.1148109717419354,0.03690979490499144,0.18575606525889216
2349,-0.9470265606356304,0.3287118170311089,-0.3085946232530471
2350,0.9173355080278107,0.07517950900096394,0.3605075750341331
2351,0.19602481062515,0.5896820601748876,0.40861726583458635
2352,-0.6246494942168146,-1.0431115698370221,-0.33534755994504484
2353,0.373975702619676,0.5849848777059629,-0.5835749824796033
2354,-0.11035260328229632,0.23415281771761098,-0.4644694680330785
2355,0.3856221575169404,-1.4115108683413897,0.2618344910367558
2356,0.19962646684604984,-0.11883849933178174,-0.9703597210588889
2357,0.08030091432318448,0.3511091083994842,-0.033082538404301684
2358,0.2121235241263228,0.38604886276247935,0.46480444599876436
2359,0.6040096024121413,-0.7221206678423818,0.258514550081146
2360,0.21286747825708843,-0.3108292559655613,0.38184890172656544
2361,0.6748043336049463,0.7113160371734828,-0.026268508833278
2362,-0.6138319518571593,1.2888515027666558,0.058500453273350676
2363,-0.23806071666865722,0.7826450263190651,0.7882292637961147
2364,-0.05385194926984025,1.2018868066608872,-0.2890462731441822
2365,-0.5398810941466743,-0.022647602077385285,0.14048611535872266
2366,0.5923172141348888,0.1866377459875452,0.1306271778760622
2367,0.4437773741090033,-0.2795694235837962,0.3433533296061603
2368,0.25574470223461304,0.4620884243589235,-1.0505393584819953
2369,0.05720583499141287,-0.9981784236191551,-0.3148746699900863
2370,-0.17763540211761852,0.8830528747630619,0.5798437828372192
2371,-1.0706064511818474,-0.6696574387777213,-0.31139164664913876
2372,-1.0781686169603781,0.19877189686538882,0.16659320941034325
2373,-0.019205398501224803,0.8132040892195974,-0.3144866346570691
2374,0.21626776384038635,0.7159939339632253,0.6793138370490669
2375,0.24490681494698016,-0.4195186442703115,0.33266663972420757
2376,-0.5193940615799808,-0.11723463411636496,0.7669312591729351
2377,0.10321621628525551,-0.8383968575751148,-0.25288766926762185
2378,-0.07519982076250602,0.36831916811087956,0.5068417252844015
2379,-0.9729622474428639,-0.7140775365040217,-0.16497341512259758
2380,-0.4228275002863511,0.25458472145136324,0.40704909602751
2381,-0.49927530810880694,0.7862296333651847,-0.2535337947956689
2382,0.2186945842477341,-0.2719812586450293,-0.42497618948001004
2383,-0.03511060547448957,0.597913188513643,-0.21057994357625515
2384,0.5398239976813342,-0.336667146622026,-0.7013692340055993
2385,0.19471723435866187,-0.30827581487032574,-0.511304346513307
2386,0.05018883755830955,-0.11495173555499834,0.28747187673246216
2387,0.29599918886781124,0.6200807558525876,-0.4700098746441095
2388,0.38260122920402506,-0.39837119964486234,0.25953777349015317
2389,0.6484652222163234,0.32332039648516137,0.6356596213810285
2390,1.0745069819036255,-0.3806457203414733,-0.6555668762291019
2391,0.9131108567521086,0.18268360665913058,0.17194149318331212
2392,-0.07703252990667248,0.2701395377269152,-0.12913168132284944
2393,0.5800503402023672,-0.1727826999046042,-0.03931443287057337
2394,0.15758339492523515,-0.8623991063098531,-0.10869687310283212
2395,-0.25742054580789325,-0.5838094582390378,0.8253962200161037
2396,-0.507533578706564,-0.7724279170873248,0.016818987178845012
2397,-0.013312931286124523,-0.584205433414744,-1.2259595965478576
2398,0.5799880292799044,0.72032385554945,-0.4638110669838449
2399,-0.4564435034996432,-0.8257255967177951,-0.41722652854182046
2400,-0.3539098416869592,0.882095364864726,-0.9186895455172464
2401,0.6130549687340521,-0.8365142214948128,0.40269136616806916
2402,-0.38020075938919967,0.10145582698769917,0.7046274361013373
2403,0.15026072527515383,-0.20789861346303878,0.49854174951646557
2404,0.17746732560600575,-0.3510489824734405,-0.2127718468331057
2405,-0.03572888013373917,-0.7171653014847574,0.19692845546580803
2406,0.34868474852253234,-0.32711182942660355,-0.27559990747407076
2407,-0.9413741404728313,1.593390207204019,0.17623566584474248
2408,-0.25803937661352894,-0.8029431941211708,-0.5838097802355766
2409,0.836131574037975,0.10169812241759382,-0.09092304113370543
2410,0.2632244702388671,0.4830447089612988,-0.02290088706228892
2411,-0.39741000645017277,0.2486802349215652,0.45431059253846373
2412,-0.05824862179047235,-1.012494222806319,-0.22898352700759161
2413,-0.43874953059703975,-0.21860860808205052,-0.5272953600863032
2414,-0.1298563938100312,-0.37167361870528043,0.16314747268600022
2415,-1.1492210481224658,0.9888286664944859,0.17544916133399124
2416,0.104026958874718,0.3469531654738633,-0.25581591355281325
2417,-0.14974335364419844,0.10794175580804917,-0.31016524143692015
2418,0.026023045446577863,0.07227608237345144,-0.6920132270525259
2419,0.16140841696132277,-0.6068935357371094,-0.21882434487527574
2420,0.6849987461079199,0.42020795780217657,-0.4926775765445747
2421,-0.397693384226947,-0.5975198814763535,0.4152712784502098
2422,1.0285835741157001,0.548788687959056,0.42434691259076024
2423,0.23289688063826164,-1.152505437474988,0.31884347277035646
2424,0.756643514303703,-0.07536714775412144,0.4248653094206708
2425,0.2086851696365417,-0.5705868307405157,-0.8000780773435879
2426,0.20489480710863214,-1.9728448813691402,0.38333627258067887
2427,-0.5203621082151185,0.390857213794167,-0.9445822001622398
2428,0.14804682000716782,0.6338960077047852,0.3930050459415968
2429,0.6181327122341054,-0.008929813181057138,0.36336578776663786
2430,-0.25767126790944317,-0.5579679482801538,0.8478963402449459
2431,0.35522751249333956,0.32977427843905305,0.7600140965821749
2432,0.2618161140885517,-0.026581103729028367,0.5083217326896609
2433,-1.2805480718988,-1.0592052706019401,-0.6585489410504708
2434,0.02589951158273164,-0.6489587757414343,-0.02065620303860445
2435,-0.10203508043955804,-0.39886623297922436,1.3610110000990443
2436,0.02355782640235049,0.17583382214310725,-0.46519374882926073
2437,-0.27223801498525735,-0.4343716067559897,-0.05302384421569934
2438,-0.21621967158596725,-0.5778704437913827,-0.04610479716166376
2439,-0.09215081694573649,-0.3208968742213816,0.5662707013884143
2440,-0.4181041393462574,-0.13237267265471117,-0.996165194811717
2441,-1.0420584837496585,-0.10244416925174951,-0.1551930826932997
2442,0.20060219585922895,0.4658142551754264,-0.29152245483526223
2443,0.051978398111339655,0.38273490928114273,-0.38558988167296665
2444,1.1251852263761393,-0.06820184793265195,-0.350435045833365
2445,-0.7878434076573714,0.0023440523667339393,0.7562313912924236
2446,0.3349942507185797,0.9672507870896646,-0.18841808755406023
2447,-0.5729031679095798,-0.3005747586941795,0.0799981360744366
2448,0.42203386025608347,0.5413042643538741,0.2747377788468312
2449,0.14421310921696337,-0.38752963984724564,0.1376183264455507
2450,0.022409711752678002,0.18757839775830412,-0.8646090812004481
2451,0.123226340371564,-0.4324993833684363,-0.30098967232011875
2452,-0.01911172767363346,-0.19755872784871917,-0.1416875648649141
2453,-0.4644918198835843,0.194873834837147,-0.6263129663955083
2454,-0.49555685352432777,0.6024574877021729,-0.9151127579666665
2455,-0.3267492103916403,0.2805674590195362,-0.02836420324944575
2456,0.09656575117476918,1.2005848927723068,-0.015155905774855446
2457,0.13745417246325783,-0.6317490268333574,0.682279038277085
2458,0.024876880029001312,1.4976926593221334,-0.8307113170530204
2459,-0.7826455932303878,-0.40134859031168935,-0.1460313795967473
2460,-0.16366231850084795,0.9027354009908235,0.3133060545933062
2461,-0.5177247804658824,-0.11945008201731235,-0.3087504460996428
2462,-0.5069946147674762,0.1344531018541117,0.6456333941687062
2463,1.0314380353849504,0.002605994647999258,-0.2410237990373736
2464,1.3825553679340914,0.035845848361936605,-0.46584002029782806
2465,0.39824410379325964,0.05982846732668062,-0.3293627742768682
2466,0.4510728449696869,0.3489554248859168,-1.8216045413090787
2467,-0.19015961769344303,0.3102321254189405,0.5625007059299745
2468,0.3903537072456468,0.04047635507018392,-0.009432827972283134
2469,-0.02670900664097222,-0.6522380619107063,-0.3902906478594814
2470,1.0430684270054358,0.33111931374557685,0.9003155714518568
2471,0.7666069323880674,0.18399953093518479,0.6639481468735278
2472,1.0969021351260604,-0.35497880454974384,0.17699122556891733
2473,-0.5255967548175383,0.13634896039074448,0.35013462992463035
2474,-0.886833055271218,0.7283262088587326,0.22908839286132363
2475,0.4168007547795218,-0.5390651939657582,0.2799742004951643
2476,-0.14396107857140555,0.1491919547956842,0.8615762851907601
2477,0.9568379307506507,0.2894831847884959,-0.2894477013362822
2478,-0.12032997605431334,-0.42054746693706985,-0.42647313075237603
2479,0.28722457107786836,0.31217326557244157,0.6271680278132469
2480,0.12051580937175989,-0.18222385328007645,0.24817264812554218
2481,0.5588287478159248,-0.35104692190844317,-0.3617776102073221
2482,-1.58976874690403,0.23122304115963396,-0.04142118028905712
2483,0.2660809675570314,-0.14721675910436707,-0.45486070575492976
2484,-0.1352416902133547,-0.1689225423910887,-0.1875621675192017
2485,-0.8132851077146812,-0.6576165136963946,0.004872827603700113
2486,0.14676076732341575,-0.09292796180121547,-0.09471351444474402
2487,-0.32033317770272546,-0.48575117018820485,-0.5510940243524147
2488,-0.1579289245351883,1.3268537874054702,-0.017143079867881536
2489,0.6604295300474441,0.5134089777735559,0.4237812573613101
2490,-0.20270295510286337,-1.6401284638174147,-0.7884075575747626
2491,0.5395152764592459,-0.860431383130411,0.7690502498750017
2492,-0.6190982277470821,0.04642183739979915,-0.035742779652961555
2493,-0.27037020936232775,0.5665317294733941,-0.27754196424739436
2494,0.5667357814395121,-0.8810574672022843,-0.2645479818027754
2495,0.28359430789148293,0.16980416098485027,0.39608565921803823
2496,0.35930544221832766,-0.124232281047895,-0.46216209986098933
2497,-0.4919394438496388,1.0608881110746369,0.08318915929789658
2498,0.03701146088843999,0.22547257810917284,0.5719133510911788
2499,-0.7177380815319294,-0.7832615735232514,0.12501406221783962
2500,-0.12153791946080761,-0.7933162908246484,-0.3615896754897325
2501,-0.5884173466466333,-0.011645518617033723,0.5862636902457525
2502,1.3370958476291386,0.5056335920173066,-0.2851767349999218
2503,0.8020287117455409,-0.08002610736919885,-0.7706877904156905
2504,-0.47195978360853597,-0.5968720171274653,-0.7112213015042116
2505,0.5264228945677616,-0.2065037430251829,-1.3056271858264958
2506,-1.0547894616861309,0.06643328232325314,0.04859905346616189
2507,-0.0692523007679326,1.3375061626115274,0.2010208997377762
2508,0.10861540705906564,-0.27636852247909505,-0.479951631832163
2509,-0.5702551170533371,0.706203329030563,-0.08568363972193631
2510,0.1864863516821053,0.6217394717790524,-0.8381080939874396
2511,0.07728569092282578,-0.4740528234034121,0.8465505024833095
2512,-0.3913925544503442,-0.8900660276702501,0.4574134800640204
2513,-0.12434463136743804,0.24260901051899955,-0.7324391854243388
2514,0.6285258033195652,-1.1270866844105827,0.768458678565768
2515,-0.33427283349614795,0.7462471187799464,0.3067555198723773
2516,0.25510972125837106,0.08634114687064169,0.09997048701849495
2517,0.1165194734328136,0.06291601567014043,-0.02076972661094105
2518,-0.7353504521302546,0.07407794403554309,0.17024229224008325
2519,0.6383411628161604,-0.11790116916675059,-0.5338239084579448
2520,-0.0075161224258059964,-0.12042003614637314,0.38655853659031036
2521,-0.5985606530167877,0.4052667345909054,0.2646787006921347
2522,-0.5464155570708331,-0.008002520887948892,0.3619763725202707
2523,-0.9846950053564396,-0.19141600036105247,0.1653108226556212
2524,-0.19214380028624026,-0.23098721557860202,-0.9505830234860568
2525,0.5124489740998851,0.22860807870404637,0.4775255089417779
2526,-0.1894817555475364,0.12758246482180358,0.015537812813994818
2527,0.076031162042248,0.09267895012613336,-0.7208488156155355
2528,-0.25451919728675754,-0.2161038210172391,-0.4266222516187456
2529,0.05913171464520231,0.25583844340698997,-0.004309576917593733
2530,0.026794118384724914,0.8772572022286284,1.385651281730222
2531,-0.2828023764310479,-0.012232891915905375,-0.5244215317143722
2532,-0.02414503849165524,0.13547314124444862,0.23303473185659804
2533,-0.0904555718743628,0.37427780646550624,-0.6840388902246133
2534,-0.8279693643162125,0.357709998172186,0.6788979606769933
2535,-0.010027504973466057,0.1554895339688406,0.7665846478965886
2536,0.08994280264804266,0.07764379960851382,-0.3338077282082442
2537,-0.16322341382321656,-0.10217239970666044,0.29434085664888315
2538,0.00794886221920637,0.23364910043605447,-0.3602982596361412
2539,0.3152364827503995,-0.0706559909719454,0.7554538114355474
2540,0.5235629747939579,0.5154420359335378,0.08126000188497323
2541,0.19753149801658534,-0.06435492436638167,-0.6985123197328336
2542,0.4277382345663999,-0.33048940336441046,0.15540511658043032
2543,-0.2255065938032024,-0.538052727876606,0.5163221774419902
2544,0.18251562067042604,0.1266420180997604,-0.06237462648845565
2545,-0.18989035517929492,0.2730111000404183,-0.5335266335983357
2546,-0.7979690401435939,0.05897823465717447,0.17470760807552288
2547,-0.09963173693240182,0.16017857778574887,-0.8246902633742876
2548,-0.4941985257918474,-0.7544701079750851,0.20657895310019142
2549,-0.9735446390097665,0.06064817568784314,-0.3620970364793641
2550,0.15724699290083524,0.12809075477220971,-0.7121352821409347
2551,0.5066507646471858,-0.5951088836936237,-0.11333806089423931
2552,0.1701017493029438,0.34446127814966204,1.1351620731566447
2553,0.33150965416029005,-0.11378865674515977,-0.35680058505752277
2554,0.3665970827688189,0.7095995232357993,-0.43512723361273625
2555,0.1758152843526417,-0.5349747349999984,-1.0136665461121663
2556,0.4620610568482787,0.2743856272233651,-0.27686407709290817
2557,-0.5455421395602568,0.5167019471401071,-0.5675258609386528
2558,-0.14648645695150328,1.45452519048052,0.4194058991239827
2559,-0.4742525779343752,0.16293008282474836,-0.10738509409135326
2560,0.5362737049616055,-0.08206831382471,0.6493338679351257
2561,0.8600745189370851,0.6860177727390178,0.08793375522259092
2562,0.6208355689431053,0.5593754684965002,0.47281219850508
2563,0.20372433659524905,0.6891284086501487,-0.03668027615246672
2564,-1.249422626574441,0.18678152924596603,0.21340020472117274
2565,0.7736353050256559,-0.8903363155267356,0.6372641343314429
2566,-0.18045012261272908,-0.9333498795079006,0.029094079008942807
2567,0.3451676588064156,0.24515571820365606,0.3473390961344066
2568,0.4747961319906648,-0.8262052913153558,0.03068151197665413
2569,0.4714990072366048,0.36676995099657905,1.083217278340979
2570,0.3206421883898406,0.32467617484545624,0.6407942367408075
2571,-0.5430441729223299,-0.5787953690335308,-0.009348011729602094
2572,-0.2858922284643222,0.6921417127001714,-0.5373898157057357
2573,-0.33390243813014575,0.8267237196272893,0.7118776316351659
2574,0.16296292687580025,-0.3025173861025397,0.7285499354332388
2575,-0.22258447673953324,0.09618096090113727,0.4224702718273264
2576,0.10905323328828719,-0.36626981236336165,0.07869605596688922
2577,0.0026366329252352307,0.05309075735703972,-0.022253801459797093
2578,0.18330323562686576,-0.0008773927741139878,-0.022556223771484352
2579,0.4387878286596964,0.015027117331516944,0.008020969789373153
2580,-0.34390812843461505,-0.17340787153897827,1.2089185321142133
2581,-0.25887598158222824,0.3167775077967996,-0.6820976576458794
2582,0.4266706172422986,0.7695679109042455,0.031148756419881726
2583,0.5079689546270837,0.14869496474443125,-0.36477967095757846
2584,-0.3940742656577838,-0.030441349029940497,-0.17652606898001855
2585,0.4861785225144744,-0.7257766611428689,0.27152349365654377
2586,0.3325102489635867,-0.6795140694286204,0.4422366790244865
2587,-0.08999895747500254,-0.18543422093985398,-0.45042742131934843
2588,-0.19041479119523563,0.19590269005289532,-0.18538976632655293
2589,-0.10782746001347852,-1.022003200625085,0.28954295145401415
2590,-0.03360107714942714,-1.4515678783022106,-0.1588257256064066
2591,0.5374957926553251,1.5014182059546453,-0.0014478990944599948
2592,-0.47647100664716513,-0.8278358218019352,0.03532509541248491
2593,0.35495553475623715,1.3808060178008799,-0.15701407018718624
2594,-0.09526758271105439,-0.48826183273471363,0.18257688105423642
2595,0.4998099766274169,-0.20285827386529656,0.28969236201141535
2596,-0.5877937842398583,-1.0157470932729615,0.8333951132825393
2597,-0.645580797743623,-0.17066459350957028,-0.5424675021144227
2598,-0.47325024480007793,0.4720862535519301,0.6023200311619035
2599,-0.34626354662547904,-0.349456011463662,0.1975735721820527
2600,0.45521519075299055,-1.0693391736111884,-0.7074082549708085
2601,-0.45760886661915745,0.1568696496767993,-0.1399748603187136
2602,-1.5449561457179786,0.06058723866808646,-0.4230076964452528
2603,-0.5644596075772367,-0.19939608030406752,-0.3870739697340267
2604,-0.2568624615054722,0.5461208141070546,-0.6577209420124653
2605,-0.21379571334822747,-0.41904377577787266,-0.35967761333741655
2606,-0.3291739159179179,-0.9458945300895314,0.8468737964365916
2607,0.21453501718053736,-0.18569302410506253,-0.3561037750415389
2608,-1.0211637746194475,-0.06721402194496862,-0.07270537021106865
2609,-0.9272592369421248,-0.4904348255434477,0.23940844876297052
2610,0.09105401810968371,0.9739218033238066,0.14889093483506977
2611,0.4772965751478668,0.7947396278803737,0.621423051513091
2612,-0.5259769150049001,-0.25275246289801573,-0.01679833205984884
2613,0.3296931924396942,0.41824906810834206,-0.7159601468475512
2614,-0.27790647624276554,0.36005080225271513,0.07510963854619887
2615,0.8525215682154865,-0.3446227523374044,0.01643455521370578
2616,0.49643661088903107,1.0671355655840549,0.12817582888725204
2617,0.05147023447866126,1.0601498305693617,-0.2659224259078627
2618,-0.3985805909186966,1.060185737169086,0.1630009882689625
2619,-0.9147132005217122,-0.6535248775692438,0.5165973624757064
2620,-0.08970810603657649,0.6683618937816035,-0.4756952668880393
2621,-0.34230531785876556,0.8094886075193095,0.3244996091484773
2622,-0.2168562088946771,0.13777379521662161,0.7596208207988446
2623,-0.3238005742019841,-0.37350942697388506,-1.103407913875328
2624,-0.33989988334183335,0.5463988602947304,-0.20667310785670712
2625,0.7028994945496871,1.0063452601476222,-0.3294803614833486
2626,-0.18268211510175122,-0.1767331936911684,-1.62469464767582
2627,0.321225173801865,0.016203286659724144,-1.3456608313564948
2628,0.1074758112863461,0.05299733069751154,0.13920988444956198
2629,0.6326779650626638,0.769022838490484,-0.07683728645268419
2630,-0.32057738586780854,0.4965925777559003,0.1985623199523553
2631,0.6209171084692056,-0.38868522858840365,0.5806925390074765
2632,0.6578893105439597,-1.0560507154751584,-0.5566192828905254
2633,-0.18923595404602406,1.060578535577743,0.31231400968722145
2634,-0.028933353815113867,-0.1477579338354583,0.20775667499794825
2635,-0.183510649630967,1.1344467253088075,0.15582587162252895
2636,0.24926422274739865,-0.02734424136773091,0.17198710827414665
2637,-0.2589546306990875,0.7087923147158219,0.38376815318097857
2638,-0.30321008162261753,-0.3537620681661396,-0.829034206256647
2639,-0.21187747999740122,0.8079245551897984,-0.40573402018906674
2640,-0.33237114121102523,0.025984550894331562,-0.09936464616522118
2641,-0.15838451938863501,-0.8429623643526216,0.36712664220902025
2642,-0.7427555249951098,-0.28157197126561867,0.2246797988113753
2643,0.3900526759219234,0.4298797647325954,-0.5403820825106311
2644,0.22392541390486986,-0.6470639737446596,0.7394160552136201
2645,-0.001489490430239091,-0.32707277161971277,0.06079021436268545
2646,-0.6688003553886158,0.13143357575559647,0.2910332104023993
2647,-0.3990711986147864,-0.91387594643363,-1.3352470624484174
2648,0.5377646884657215,0.026928760074282007,0.3335022499964661
2649,-0.3100111837965375,-0.5752557083143576,-0.44241356351236893
2650,-0.610309077088712,0.4794794955701645,-0.2619614007483824
2651,0.008860952421414218,-1.3303441899285806,0.14641166925649327
2652,-0.19495534063357384,0.691494345468566,0.4384271794957396
2653,-0.4852855447460733,0.8794978854267155,-0.2642352050465027
2654,0.8031147900785947,-0.6078914572377977,0.14605271578839063
2655,0.782089511019097,0.8575965968784343,-0.0495725059944714
2656,0.24836068560616545,0.014528117181664925,0.38622547191614914
2657,-0.038215343767508896,-0.8842638824776708,0.45277771381036613
2658,-0.6352584854747552,0.19706059342942064,-0.18489142545070528
2659,0.16834083762134125,-0.1997404828882455,0.6050923103085334
2660,0.11887490746148072,-0.47343757389521257,-1.107252117827771
2661,-0.7159281662358212,0.056702618850134806,-0.32229645299538023
2662,-0.794186807301327,0.14474970472553841,-0.769685920919551
2663,-0.9238163575062531,0.6590919302196754,-0.0668836219136082
2664,-0.2772418471533456,-0.5863542669047734,0.023844727898181105
2665,-0.24307192809320172,-0.4608539140218125,0.23078573128884972
2666,0.05193331641751116,0.3876912179903124,0.07519673309910413
2667,0.3717815525754653,0.114171454824547,0.1487508275280576
2668,0.7443390491942485,-0.51709077687865,-0.48507342940288045
2669,-0.6361401929930875,-0.5855581174471212,-1.5722984243503155
2670,0.20071674581004115,0.22653524671729044,-0.6955966107551041
2671,-0.6623751723845223,0.4903695238769382,1.0343350743703623
2672,0.1696977478369853,0.1970977247039355,0.6254086615703753
2673,-0.4528824653925583,-1.0708205296780746,0.01644474308216974
2674,-1.0782061081563836,-0.59466243901908,0.16455681205026113
2675,0.4635845034145382,-0.08347352633642054,-0.5626034609625353
2676,-0.45707776214128476,0.08915017096937217,-0.4138786807108963
2677,1.2037646765702046,0.1073167561562653,-0.016177099867783127
2678,0.5119214903849787,-0.36677481553222624,0.5447088109811404
2679,1.1739603886287662,-0.03698259591373875,-1.2037367256438642
2680,0.025540565395330134,1.0245854184308283,0.18859431410682498
2681,0.25227254676388156,-0.3548093933323987,-0.32823644501758387
2682,-0.5056453499783621,0.9892916015566038,0.3716913702775459
2683,-0.30480342502503893,-0.18174315869706523,0.17402729883587306
2684,-1.098059550298237,0.04093122385105923,0.6314446765902381
2685,0.33075217331330165,0.03789452314553608,-0.061307257517490894
2686,0.23409427099276983,0.4465973513559392,0.22240574607338612
2687,-0.2667074890476777,0.4801079591858518,-0.6413343976049138
2688,-0.037102928353403744,-0.6760308786192779,-0.4502852074474354
2689,0.59027719956088,0.39905361910818815,0.40701731038051103
2690,0.20754888064883084,-0.22736817698509368,0.21472134395528278
2691,-0.6258301925098352,0.47957606345201753,-0.07742843396249624
2692,0.13362126520947365,-0.4066082050181024,-0.13334372603571043
2693,0.3326986106225705,1.0748345221957332,-0.49176488953946446
2694,-0.09707558236779522,-0.8238211944284239,-0.30234319427768347
2695,-1.1209429888661988,0.8090251660235473,-0.2880278157480246
2696,-0.579952323083918,-0.02566822782374172,0.8000788289056299
2697,0.026549561466406375,-0.1625618868901902,0.4944518993178808
2698,0.5202646866785473,-0.6669367100956634,-0.49407598560374266
2699,0.5364047144030533,-0.01339286909539924,-0.9855552253796873
2700,-1.2720100211021297,0.4321962833105521,-0.5150874542805646
2701,0.17138901268217355,1.4687030548075874,-0.5291383204458261
2702,0.38542369091978174,0.5233181138939064,0.12681910794827794
2703,-0.146792606286562,-0.317059262427581,-0.5090525528871019
2704,-0.3980452930131759,-0.3859665629387351,-0.21234822970722161
2705,-0.1358825412551437,0.3898825149228021,-0.9737931481821476
2706,0.032589392081463026,0.5050876000635054,0.1832986069593468
2707,0.4390637519173254,0.3757190242263404,0.43114216255698146
2708,-0.6817996947766759,-0.05718423181156097,0.5864425991414951
2709,0.27151481250567666,0.514295815203131,0.7622526708587523
2710,0.5672149661093392,-0.05670143524115149,-0.240903448453684
2711,0.6685119676025155,0.4553095690995093,0.439372136514946
2712,0.36501833647017495,0.48701977561926446,-0.1125981721158686
2713,-0.08565564813855954,0.28452047169846795,0.39277208111865103
2714,0.7416382754141977,-0.8908784291273073,0.8385966129172814
2715,1.138430035395573,0.532389113584879,-0.06434090736213907
2716,-0.9062590097512297,-0.31709599915980846,0.3727822440080386
2717,0.6548657758122219,0.6379263724367975,0.5648721344629005
2718,0.615844309112816,0.5786291870038152,0.584468437311337
2719,-0.060947705586280085,0.8169770706115628,0.581308344190268
2720,0.001501346699117409,-0.898448726891305,0.46410418268874987
2721,0.10762824488850316,0.18595503367370428,0.2009823836205717
2722,0.02311090164437538,-0.5291546626288565,0.4906235710878384
2723,0.39671816631252516,0.8593517011928239,-0.16370769098487029
2724,-0.8085659994431116,-0.38826811361253616,0.18380712177586242
2725,0.4108032623931175,-0.4614367591547738,-0.262284242846538
2726,-0.5845236169401993,-0.013014650697111907,-0.10745094462493403
2727,-1.0653191744660875,-0.5252173163890742,-0.3156385346222484
2728,0.3711024837065264,-0.7608955399871996,-0.39783043871632817
2729,-0.5390376125674945,-0.6937654330223841,-0.48083281091611485
2730,-0.6803459504240824,0.12069952457146182,0.2305238348914071
2731,-0.08671819674695638,-0.32209875485422307,-0.09668987247864935
2732,-0.7219109704050611,-0.5739008861060766,-0.5221275911470955
2733,-0.13789301923525135,0.5031672152434638,-0.6781002297017418
2734,-0.5768777467633321,0.19495973030141778,-0.15796998016491437
2735,-0.06812224456301348,0.6324538682864334,0.07750877664560271
2736,0.32611454815033675,0.4930070189410032,0.508504815688899
2737,-0.05280430642269761,0.11809925454829891,-0.22878476531932793
2738,0.7434816313921258,-0.015350294224926835,0.26348457601858516
2739,-0.1792815892019894,0.8066036245671527,-0.2043007587786018
2740,-0.35165026002903443,0.6230651667866551,-0.4887264991308525
2741,0.46630047194667634,-0.5219743711783608,0.3754250997908431
2742,-0.32294128248676374,0.7303255813318819,0.3928290459748362
2743,-0.1519818560792122,0.15090660318614932,-0.655929080223648
2744,0.23305893870957764,-0.43394581149634737,-0.37051556556446114
2745,0.09259506356675072,0.4993551302953731,-0.016893448809892752
2746,0.47658304251667566,0.7699765457277877,-0.42673291887144355
2747,-0.16911431602010274,1.1540148971943027,-0.02931583756482292
2748,-0.09304012851029764,0.5150594556039141,-0.339633427973
2749,-0.7988788916195427,-0.6340862031107971,-0.7700832631317243
2750,0.19849918741770192,-1.3177894425330687,-0.2118414967252445
2751,-0.17485197797005794,-0.9747577307235814,-0.15403126674850198
2752,-1.0812032882917724,0.5690838164795848,0.47611562830135545
2753,0.010415751801723445,-1.4267893959656448,0.05690770353252985
2754,-0.11179355152677795,0.16971695927382477,0.3319511905236726
2755,-0.13778011554657663,0.3319849798771801,-0.00985069141434762
2756,0.21750661278807767,-0.3927403235977325,0.2162819428451494
2757,0.7613988473651787,-0.31458157144513504,0.5309477096112807
2758,0.5122140189562081,-0.7455956500333443,-0.29678567720836024
2759,-0.10249841334126608,-0.5054286401313169,0.36506887138906413
2760,-0.03403800818023778,0.14369346644570888,0.656366185067816
2761,0.31747214746535624,-0.27158567655557986,0.1496694783432493
2762,-0.2468564486167663,-0.5313760204870798,-0.5553407804951224
2763,-0.0914172822846533,-0.024501598070120235,-0.8746787683316399
2764,0.5907708910781463,-0.3950221689968103,-0.549551048286931
2765,-0.6166491877530877,-0.22305972056878504,0.20528498118939464
2766,0.012599690443660045,-1.0367902883469036,-0.9887234431376639
2767,-0.02447816903419471,-0.21864581233841004,0.3027511013697639
2768,-0.6435939335051841,-0.12062562828211158,-0.08268490959949328
2769,-0.49152201915315963,-0.6359140984033265,-0.8988267174968141
2770,0.06755242575651695,0.6316707163407327,-0.6373422871323691
2771,0.17573889980915217,-0.08932674325436148,0.6267494213098064
2772,0.556742800024483,-0.035603430507536594,0.3035556708592908
2773,-1.2463839835117927,-1.2255315721566016,0.20640509823820516
2774,0.48453419168780865,-0.6526566888688298,0.7789254322476021
2775,0.5306992491198086,0.15519832865722935,-0.3394214266698316
2776,0.6450158267560333,0.13378641281178008,-0.013961538205012121
2777,-0.010225584728026368,-0.1178938226773704,-0.006888420829420735
2778,-0.08828428526093703,-0.39171883775052396,-0.3876424598791984
2779,-0.13087305586898781,0.23725511318403977,0.0541917907754037
2780,0.08034611577435498,0.10612299587370254,0.5181079803997677
2781,0.9492916809045997,-0.184156981442727,0.5781398389606468
2782,1.7565179503919348,-0.5818276114961108,-0.5745767450535348
2783,0.3856116077597269,0.13176085175482183,-0.6863289975154983
2784,-1.422037763796343,-0.4047982381859844,0.47249657258595
2785,-0.21092030455303587,0.8107078797819435,0.2997722872554187
2786,0.45152317293782956,0.2277085720376539,0.9624908182970032
2787,-1.0825290764613413,0.23386176245892185,0.5769882193212756
2788,0.23732539238291522,0.2725772736844775,-0.07288310470485156
2789,0.3819104678434605,-0.7712290197115577,-0.26062904234406037
2790,0.18982681214208622,0.25587990651336673,0.6491856360572864
2791,-0.57352202849896,0.7797535122837078,-0.3949473192619702
2792,-0.9707094159584327,0.9874101761994311,-0.2432436596544269
2793,0.3980359846898942,-0.7081208942117118,0.6060180919604086
2794,-0.8198497124268552,0.3694154033459558,0.46345517704726735
2795,0.7596440861148132,0.21724189063418764,0.08867838065545287
2796,0.43670008483849604,0.1473093594284942,-0.2203076214987669
2797,-0.4426909282130208,-0.34177765712442143,-0.014692522064631373
2798,-0.9818994328412428,-0.15259410644844815,0.5950168531065516
2799,0.20827652333538574,0.2875635446854956,0.012532954618616945
2800,-0.39321973123065157,-0.9874840792644938,0.49714475872149
2801,-0.9319817546154702,0.8795716870074559,0.019370613171345013
2802,-0.0018793231111423356,-0.5508137164738687,0.7706701545147501
2803,-0.9916061035876471,0.42912775814622844,-0.01776498607008777
2804,-0.6052152828644465,0.28036762710947677,0.06715105388609699
2805,0.04338240869626675,0.4131209228659943,-0.2742563123180129
2806,-0.07735885082960249,-0.7203831430390222,0.1636895225212058
2807,-0.01148689189028861,-0.06794482708388613,-0.6401055205478418
2808,0.023180552733302395,0.4677140807911436,-0.44845743046332504
2809,0.3968640317234021,-0.8001696334113408,1.141806760989189
2810,0.14391552921509423,-1.0585825605822272,0.3488210537312086
2811,-0.13003766798137836,-0.4021808428487882,0.06651233710382767
2812,-0.5632647425874966,-0.956645936796792,-0.2588205791927694
2813,0.22656316555055353,-0.17276536563002218,0.8489222495051342
2814,0.22558207865155824,0.23208069630565206,-0.7423822112062165
2815,-0.05106921470446827,0.5179924048505505,0.878565773532439
2816,0.09556857561728081,-0.04452427091370264,0.2412313181817697
2817,-0.6050611191230151,-0.39866639328924447,-0.5742061195304231
2818,0.2098015078435393,-0.08408978232324933,0.40012686184226004
2819,-0.04751902502562186,-0.1714556438526165,-0.3764835220013312
2820,-0.7470770344420616,-1.240070927234762,0.1495404761569378
2821,-0.02716868722896411,0.6643732705575468,0.34791817156456034
2822,-0.10402370688043051,-0.00016993943090089095,-1.4833693917888364
2823,-0.1500823450793932,-0.7103448993942881,0.43993169700957674
2824,-0.4664148113057163,0.17149682976484454,-0.3338705385567168
2825,-0.11395409901643727,1.102862529897092,0.12399148715280875
2826,-0.04956797608432664,-0.6654415562017547,0.012197443179476986
2827,-0.733400089101129,0.5152568753047302,0.207072516881307
2828,-0.8518792739374427,-0.700982937778974,-0.24691723556249845
2829,0.9500021001859535,-0.17977415674061092,0.6789686064833077
2830,-1.0351338439345692,1.1352240816271804,-0.660799704347604
2831,-0.06100461985194302,-0.449201826344682,-0.33842892858659707
2832,-0.3393603889833958,-0.0542143282882919,0.2850527914849034
2833,0.630708802495485,0.6240617235286959,-0.41535303455455835
2834,0.07267631622229492,-0.09051831343161953,-0.6241334764495095
2835,-0.21551881528334862,-0.706174634776096,-0.003234683121101696
2836,-0.5907000308900059,-0.7029261291435096,0.032189067161259716
2837,0.7681892162004883,-0.39448625955614186,-0.49680966204114324
2838,0.2495346846919749,-0.0780468055155101,-1.0903045579850452
2839,-0.13751703601216625,-0.09642073095917052,-0.55260987353705
2840,-0.6984736156861102,-0.401090356526396,0.38404039942082246
2841,-0.7094992117217327,0.8266505728468572,-0.34801478668083496
2842,0.10040773442565375,1.236351319505147,-0.19451114865993446
2843,0.6268063047868979,0.08117175987702302,-0.72491884986289
2844,-1.7128630991508862,0.4393034841550722,0.9613425315896399
2845,0.06922055302894832,-0.15447714293487885,-0.2893559428506102
2846,-0.41580060424893456,0.32045986853314434,0.3091899047811271
2847,0.04223050377229001,0.8468986576780638,-0.23014460164524841
2848,-0.02326469156884385,-0.31551032356800124,-0.6739680027343999
2849,0.4170008916528068,0.06998655017850083,0.5038974121229671
2850,0.029842896816223655,-0.371796667716089,-0.6899403037541748
2851,-0.7679992121251963,0.4107388289493451,0.7699825074074076
2852,0.3145361626413919,-0.8858955292762264,-0.2206749095614821
2853,-0.01888603565761561,-1.41778581862738,-0.009448917148163042
2854,-0.2992178228129844,-0.04585545857867263,-0.45971996837307444
2855,-0.4360021934169834,0.3365788367448017,0.3792237739696002
2856,0.3161089891913652,-0.43445199934332485,0.795939361596432
2857,-0.48187928845039685,-0.300358020376966,-0.5823055278170912
2858,0.06956472536494682,-0.06504697397908599,0.8533631414389942
2859,-0.47542869514039054,0.10112838773670715,-0.017615868021761977
2860,0.2675021998382254,-1.3934747578891158,-0.5906066188195874
2861,0.1579043519216752,0.1995515808506236,-0.3214405585091191
2862,-0.8538943983275914,-0.36947967093113665,-0.1713180197539721
2863,0.38407524870854065,-1.1399270070017729,-0.1887111505277822
2864,0.4513199081866036,-1.0783427849682754,-0.2712878339025209
2865,-0.44604211219546674,0.5991114893751374,0.36121941738010305
2866,0.3940119012901969,-0.628673718739723,0.6646570441593226
2867,-0.07880975395625729,0.9550996352088751,-0.389480999767917
2868,0.26850405284879575,-0.022905381287395138,0.34426134442510165
2869,0.7317127086831905,0.9172433863150625,-0.5507828231293869
2870,-0.3021413612566703,0.6996563141805882,0.9672507146093593
2871,0.21232432090512188,-0.4268849145829768,-0.8744756575498985
2872,0.22997532497983617,0.05278222958770937,0.8751216612981798
2873,0.06833103926804909,0.02507726048997172,0.5086599270604982
2874,-0.698541013859025,0.04467335013300857,-0.28845279272416796
2875,-0.7203884858511871,0.25130527336167935,0.0025139951537061873
2876,1.0602922197078097,-0.3076637074937236,0.16710697842111585
2877,-0.5867733680982149,-0.06182669238731757,0.6620834106040873
2878,0.282876498725766,0.7854092971115788,-0.4977102124653561
2879,-0.2546683734020346,0.3586750364963037,-0.43958931349440794
2880,-0.32826391549971135,0.6235904820161713,0.3548777967427869
2881,0.6180498833740965,0.17072027053005884,0.36205618886445845
2882,-0.23161293840855005,-0.44334089267185217,0.3544536107504749
2883,0.5423533088943466,-0.046003818459815014,-0.9390421405213129
2884,-0.1155426124284779,-1.741952429095571,-0.27138407000383546
2885,-0.1694363128607232,-0.22426656368677994,-0.022865602183400106
2886,0.06427111936785895,-0.8556025813082467,-0.9154118657134113
2887,1.2770186181419718,0.9275870508484964,0.15843772144426505
2888,0.7754725611086014,-0.6740079602495461,-0.7927681592070036
2889,0.4211384186393349,-0.6619638236486927,-0.4561817822060928
2890,0.4696731371145404,-0.9904505816842156,0.42749458235079973
2891,0.6083923399607325,0.6395328766188828,-0.21533298178307322
2892,0.08505033332706884,0.07335575776733393,0.712549149142196
2893,-0.4356700701445449,-0.6125046840414954,-0.12142264464313117
2894,0.0896961901621785,-0.043447204676612054,-0.3207045119913738
2895,0.44529067291243635,-0.3941416551468565,0.30133330535394093
2896,-0.035758691019836295,0.044860792952716444,-0.9818521009171558
2897,0.37772405774971607,-0.175984246642436,0.3084779299431723
2898,-0.7953688313069801,0.3436399543713483,0.1282414209877398
2899,0.23418339445277142,0.2545993622015772,-0.3435039405111557
2900,-0.49937387174592085,-0.44581539528568154,0.9916247047532752
2901,-0.26294065017287466,-0.45836613258551107,0.8391191516142174
2902,-0.6073219057069665,0.5035748921010299,0.14943710454357648
2903,-0.2193233804361389,0.07050138841106988,0.42664997695902745
2904,-0.20159829281165143,0.2758332871093648,0.910741124517867
2905,-0.11909652452943931,0.37543846806851683,0.48707165512342576
2906,0.12837265722285338,-0.3360482398888676,0.39853790896116764
2907,-0.674030305592543,0.23312589868387806,0.16519063040892476
2908,-0.49205868811904263,0.4719829850367824,0.8128590175083792
2909,0.4060286164130564,-0.12487134958041429,0.28801509480966664
2910,-0.23972941094658937,0.2778952284225586,0.5365898868060013
2911,-0.12135817962696722,-0.14390679888481353,-1.5056276089501885
2912,0.40747382816631383,-1.029506101639609,0.10570579603644827
2913,-0.08793626271310435,-0.7445696946916923,0.5969332904496184
2914,0.15477654715887854,1.0378811890064534,0.49489790285123825
2915,0.06230413231087626,0.28889329436483363,-0.5930670257232762
2916,-0.35642677655571803,-1.0252093746358226,-0.3253058784654845
2917,-0.9221146250467569,-0.8481666743423139,-0.22572958072851487
2918,0.4486305780335633,-0.01391541204577539,-0.3910109914954193
2919,-1.0680356627630883,0.37005540813995835,-0.5699929203927793
2920,-0.9026063179865114,-0.9220745479604526,0.6514873704354326
2921,-0.32818630377903474,-0.22989087072439338,0.690542524261325
2922,-0.14566138713438467,0.29313218215680076,-0.32691920640214434
2923,-0.032492657093335556,0.2919100581858234,0.20054742656877209
2924,0.12182179702650067,-0.4654796942330608,0.3907288392594624
2925,0.22830654806172504,-0.8613528758899682,0.9002665240800755
2926,0.8201240920005889,-0.21325175788949752,0.33375908387735
2927,0.00634397442108155,-1.0925439227214515,-1.0023856304508716
2928,0.14271604396490778,-1.0721379759304823,0.46232545352758586
2929,0.054571026275411494,0.15231368319219718,0.6439019709506417
2930,0.36374101562967226,0.317480898640754,-0.015778123624366484
2931,0.866068841539497,-0.173756800183387,-0.05042518606767192
2932,-0.15405376252070271,-0.6349712353767737,-0.5481199000449075
2933,-0.3055999559625435,-0.22030657233244613,-0.4763221344922202
2934,0.6293845804184791,0.5112684413474767,-0.022554507566681415
2935,0.5345888274274763,1.0407938916330208,-0.05185116654395487
2936,0.30842803747541386,0.02977638608401195,0.6502749037082698
2937,-0.3198680851931153,0.08579393521303189,-0.29384664777152864
2938,0.34180852950301394,-0.14710764972358908,-0.19366919247531433
2939,0.47620141414091294,0.23540492335348423,-1.1818143070026819
2940,0.394866836905384,0.7381452598857237,0.57066338721887
2941,0.3764661346893665,0.11007427239097017,0.579584761285998
2942,-0.49067986366739075,0.4989016071455691,-1.4157641235010228
2943,-0.17791067670104294,0.6451929751145103,-0.15785176631640202
2944,0.3495860219654726,-0.5924466792826899,0.16321179129535118
2945,-0.4227562900396201,-0.5463502455055466,-0.6497495993785399
2946,0.8374403536681448,-0.9323462162012904,0.10893563410836964
2947,-0.20664437759209786,0.3264100633425557,-0.7776351480991509
2948,0.5821629658657599,0.09636503253746956,-1.121552967596471
2949,0.19760076933624365,0.04794322964819917,-0.43960037494278986
2950,0.2498931075404044,0.06884728758499009,0.6454225800952621
2951,-0.005621650840171159,-0.018461360107177912,0.37286814122807677
2952,0.15706479436958923,-0.2979989395869217,0.43865407961188496
2953,0.8474649947963855,-0.14442494848795745,0.1048188678297187
2954,0.834354321578169,0.2560825823516863,-0.18787135078027453
2955,0.31083462755275326,0.20817371150113792,-0.15385853022911358
2956,-0.05181388145198666,0.4871866182491046,-0.4493131151745259
2957,-0.23281980913179776,0.782232569224803,-0.017532300886415785
2958,-0.5446740073225088,0.334284422506031,-0.6963506353679613
2959,0.15720641440080743,-0.7937015814723617,-0.3169671695345516
2960,0.10592908872934047,0.1743607502397931,-0.03573372154133268
2961,-0.13882416524186003,-0.03443454654772937,0.28287333105282014
2962,0.25699188353134944,0.6246092659993097,0.7895854925010392
2963,-0.07487209647192532,0.848610160540764,1.4573159089665302
2964,-0.20024841941617488,0.16687958077222523,0.0828102322642091
2965,0.3513797227378959,-0.7054331215337586,0.09676766354927796
2966,-1.0676592744794948,0.4525046374849115,0.0487428322843004
2967,-0.24656367261590958,-0.3215711668644836,0.14164430523972782
2968,0.014260915413864882,0.34214868837453927,0.6627007684645948
2969,1.021099376894555,-0.3742582620795515,-0.573998973052495
2970,0.3214557100100189,-0.41319025151414457,0.2209540175014953
2971,0.1453961862937777,1.1213305668633724,-0.1938257232672372
2972,-0.5437602482877045,-0.6916844264125689,-0.2340086183114428
2973,-0.007056316549329531,0.11546796162819753,0.6428894076488615
2974,-0.18791612353328013,0.6063398771345535,-0.7391678992202542
2975,-0.1297023298107017,-0.15501969833237697,-0.15603240666968285
2976,0.1561207234305748,-0.3209028827027496,0.7152064564700532
2977,-0.31235808969791823,0.10715349103599023,-0.7854938150297173
2978,-0.4482593771934584,-0.06402082887334705,0.5549602449456618
2979,-0.41705667421931375,-0.41789911142132663,-0.04751086250594052
2980,-0.11265875809979299,0.9790758298040283,0.4582592408533204
2981,0.9926594771948812,-0.15901930359567523,0.3560181444246883
2982,0.05953768515774241,0.3701695473649464,0.3651559601484644
2983,-0.4825501094708234,-0.6088383189650257,-0.625965207743439
2984,0.7251221512260491,0.27416811986928685,-0.10091311471345608
2985,-1.05492706139903,0.010064211617138141,-0.2862094306971101
2986,0.1132533930401128,-0.648783903867264,0.044488381632111156
2987,0.6747650033720235,-0.89761108589377,0.39110604518310216
2988,0.3586087909314399,-0.5014537325175317,0.38127976297574473
2989,-0.42083338167029943,0.3276093546075081,0.3874056681034609
2990,-0.005825956208761537,-0.48951622804628825,-0.1529488082776218
2991,0.5293679503312331,0.1062883748134781,-0.14669411214340333
2992,-0.743589540723726,-0.38610863998290484,1.1376759396086917
2993,-0.22722784508838148,0.6144429344761476,-0.24877350788519864
2994,-0.20619071522543692,-0.273539060321359,0.28527701014839724
2995,0.35554123073139315,-0.05301690849913945,0.02220181753769438
2996,0.22173317506106358,0.1407614258977146,0.14524018768810948
2997,0.20911935320506836,-0.0542089075206826,0.23091139005888758
2998,-0.22429148500150872,-0.2913955070403224,0.6004750741454319
2999,-0.15838316710235936,-1.3705779673082303,-0.12088878848052236
3000,0.2563109788351095,-0.3096518896464435,0.022094054730249914
3001,-0.12017862972540058,1.1469595734550027,-0.4710578236778393
3002,-0.4080340025113769,-0.4915891703015749,0.12053477190272179
3003,0.42670547781791385,-1.1575970472133215,0.08526208560362712
3004,0.11158276357039656,0.9423320941849792,0.31884871064407644
3005,0.5126662801123404,0.4750936630264652,-0.26871786904784317
3006,-0.3270224330107354,-0.6957057001595275,-0.7513249196507659
3007,0.12658670199703528,-0.587863076545617,0.9196111613637732
3008,-0.7081611318806731,-0.3950611228177401,-0.5170141068966054
3009,0.9042550962211242,-1.0039328105154843,-0.3080150273633555
3010,0.12418424456590757,0.5386186498904915,-0.05091291739769746
3011,-0.6952481495369929,0.11758918296015101,-0.09093206555417194
3012,-0.17832965996630987,0.8158891690046426,-0.8755693740502716
3013,1.1282739446911545,1.2651697803565405,0.08788116310449574
3014,-0.929734715728891,0.2321527845590051,-0.4450871461116476
3015,0.8303761366018433,0.12398965235680366,0.001162136910647104
3016,-0.3929681776249113,0.7395346437181167,0.7607933097853573
3017,0.8932426979909476,-0.5707399939221752,-0.7200229318323089
3018,-0.609318509897695,0.1263781999319391,0.2283568489936656
3019,-0.1771713759499487,-0.13413184491041574,0.521911418547688
3020,-0.4579248063233154,0.3381269886586305,-0.6850599506535248
3021,0.12802070057303314,-0.7059264051396101,0.26868301370359937
3022,0.2214564910698198,0.6081247375823052,0.8113850590365306
3023,0.48641367537910946,-0.8979604862593468,0.14224971312859228
3024,-0.885240311420968,0.1482140088422616,-0.37589075649196857
3025,0.26883270032693835,-0.3406169409199039,-0.48077778161958007
3026,-0.755423442923687,0.5172478659937921,-0.09694376369916509
3027,0.09697907609098973,-0.09845081808629831,1.18317966742423
3028,-0.12124089942209405,0.3154621218244867,0.24999646173276324
3029,-1.2821464337952,-0.37153052507333045,0.47232289941661654
3030,-0.3315232393512087,0.20030000421163346,-0.4185325288346391
3031,-0.10234356531071717,0.671136523954649,0.26367886691129533
3032,-0.8165814215207072,-0.09855283827986087,-0.3501607067627624
3033,0.7162102606002739,0.30975704215753114,-0.09486314445478197
3034,0.6936801227077248,-0.051444588100962044,0.36998429763313045
3035,-0.25113307801236806,0.33386213987061747,-0.4423703632254162
3036,0.6518239732347056,0.06076366191939147,0.7582965430528511
3037,0.0953355354729826,0.7968690450838247,-0.041457145605594346
3038,0.3990150226314437,0.09955375668632557,-0.2792630569261877
3039,0.06463235199334652,-0.37526233819266935,-0.026368953314213406
3040,-0.3007444261585848,0.5249073064525966,-0.5167947741261296
3041,-0.3057345639104129,1.071122603451336,0.1550447283466591
3042,0.04311624749696017,1.1179723412307714,-0.4369412353870518
3043,0.000765550096104498,0.9272331321304396,0.5871968137844105
3044,-0.22016054219622588,-0.12477841765410225,-0.03977620934451195
3045,0.10432927916894831,0.12009824918494176,-0.3078851261618086
3046,0.3150582429481035,-0.08562688421852767,-1.0267179538191085
3047,1.303214678899508,-0.48499555935203764,0.5129613902006567
3048,0.4359285209316448,-0.1404961798269526,0.7937375303640969
3049,0.25989872265842656,0.7097501298596348,-0.4020511543315494
3050,-0.15903642729795406,0.4966450924272287,-0.1563158675643362
3051,0.24327627035076596,-0.2922929056397805,-0.2987965582859356
3052,0.24330262455353666,0.06468363603651447,-0.3187276039253991
3053,0.16552239704585364,0.5596127091317779,0.08717640018414229
3054,0.6245479412239099,-0.4204984930835812,0.2439969523860581
3055,0.18343202051459495,0.5644854660632922,-0.24180415094092378
3056,0.3914142633060765,-0.8840911010736576,0.05935772709537991
3057,-0.3390884844886952,-0.301046761682056,0.8281605790712631
3058,-0.29038307538821073,0.5705642913020419,0.25798808905740317
3059,1.0290968871991446,-0.32067402878598666,-0.5924821908450173
3060,-1.3147398999995903,-0.7708356466605591,-0.8659912000828741
3061,0.2823362988055133,0.40218355139835726,0.5597016169712036
3062,0.22666854418652757,1.1172613060784415,-0.32136023780259076
3063,0.17823532943775217,-0.25295992957891966,-0.21725270387958331
3064,-0.18429609565254879,0.4336160793334682,-0.20175714256690255
3065,0.2627001870165473,1.0250984565671117,-0.26472947023399607
3066,-0.36096382406066096,-0.08667740485535785,-0.1462571780663717
3067,-0.22744246407866756,-0.43441252615452186,-0.5883984081579664
3068,0.07623649848953647,0.4900181193733373,0.8864078862291639
3069,0.5509675594964119,0.7786261058075171,0.9789853222241905
3070,-0.08528041704737042,-0.4200227774604557,-0.5903328513520698
3071,-0.043979485119721905,-0.41494397377983927,0.49744475343609046
3072,0.10451649482308098,0.21340439380863846,0.4018747951953637
3073,-0.19239158364978345,1.6018861244888185,-0.4728655566418827
3074,0.25243065202927784,-0.6899861732824517,0.15820472650003656
3075,0.43562430479477,-0.37354613091751676,0.4137433546666506
3076,0.06965188849271763,-0.4970035591693184,-0.4038904236395094
3077,0.6024219009916411,0.39707147754714395,-0.013862939194077956
3078,1.1737998925855226,0.023677117078917575,0.7474243626701302
3079,0.4103329422665336,0.5726196331687641,0.023921590049415572
3080,-0.07046206218159061,-0.3643055116620212,-0.39452058127398154
3081,-0.8083000748537146,-0.022016120867646413,0.5842392376557077
3082,0.13688154772992658,0.5386623691444009,-0.455282541165183
3083,0.9104157909340425,-0.19979517033125288,-0.3590288690697088
3084,0.803551519630181,-0.4311752087549382,-0.7301955121893862
3085,-0.19152781105658065,-0.25845563292162443,-0.20799062630762444
3086,-0.36607089531790754,-0.06041393630799346,-1.1838061452463706
3087,-1.7411096942622915,-1.1343698837877978,-0.19636989415739098
3088,-0.4985616113285281,0.03670081073080263,0.15354324319084778
3089,-0.9296671875272778,-0.9520367479440639,-0.3352007312109109
3090,0.1295900386419944,-0.7706240758669106,0.5477853596723041
3091,0.3805401758472622,-0.15543335587636029,-0.32219970338818016
3092,-0.7428052582760774,0.3371391858205644,0.1721287877604247
3093,0.13159074745582672,-0.442897460745662,0.04885464155972201
3094,0.1660856030475435,0.1615472757828798,0.6124846782590391
3095,-0.7577339812263623,0.2317299247675728,0.5135524878041939
3096,-0.46183042727313833,-0.289669352113516,-0.16551809090955055
3097,0.3192285382265225,0.980128300603853,0.21802609120846653
3098,0.8893164385497767,0.21688645713773785,0.7109844214216561
3099,0.29234664549755757,0.6161453515292248,0.708280453480394
3100,0.025693113524046615,-0.4201910019901974,0.0274345754475295
3101,0.23971622152127905,-0.286445359191818,0.28549973279181134
3102,0.1598909712536405,0.17095204502011227,1.1541594431154005
3103,0.022021359043278572,0.5296596729912036,0.40301936603602034
3104,0.2913666811926773,0.07569801449594124,0.3568425110269976
3105,-0.017635454129190244,-0.2792429662662873,0.1633107540585237
3106,-0.03518000931727856,-0.08423631174506821,-0.2252356118431543
3107,-0.8801454948803091,1.6710962544842543,0.1239860317395698
3108,-0.39995460350427964,0.8468801212943023,0.35783079643316895
3109,0.09975465845918735,-0.6156311463243711,-0.09924838239063709
3110,-0.3415313570953429,-0.9165801021025499,0.2292112087882324
3111,-0.7523819709317934,-0.5611540385105478,0.47616473819075494
3112,-0.047059587682063246,0.8435575970955121,-0.5267339883152363
3113,-0.1756675397811832,0.04751439113161433,0.35462063825474843
3114,0.08466914721666931,0.38462527916893935,-0.4211262638032844
3115,-0.43784339253502347,1.1117376714124696,-0.45661111482287103
3116,-0.11027228320039764,0.8546856241982185,-0.2901914681022849
3117,-0.04502589128461211,0.9734117665847389,0.30988744448130406
3118,0.05920571105048882,-0.5157600428119634,-0.4253750222696473
3119,0.9711321927035413,-1.4534436622570932,0.11824786164492068
3120,-0.24300663360451968,1.151809773190728,-0.00426737757968445
3121,-0.758706355683782,-0.3618423873689703,0.45849347783831007
3122,-0.18694768303742015,0.15825337272977044,-0.39907525345438344
3123,0.12729210670068974,-0.39012799985006663,1.1910758725277701
3124,0.060651936645884,-0.7994900503415847,-0.3937663746063717
3125,-0.8129974943180813,0.7004839287206622,0.10822797325958028
3126,-0.6274736803210282,-0.29432850785675785,0.4944107971041863
3127,-0.35712635222009004,-0.48511333142923835,-0.21509674620989142
3128,0.357537250082505,0.06296037899062182,0.09987649463451312
3129,-0.773413096465296,0.0352330714190711,-0.6898135975903245
3130,0.057594954808230236,-0.6699713615964424,0.07964248441651604
3131,-0.26588363063786524,-0.2904389184114323,-0.6758585415999542
3132,-0.48435164253523066,-0.3289269393362541,0.34927805449879057
3133,-0.1463097732002979,-0.14114522762351592,-0.4489026237817186
3134,-0.2198682235614372,-0.0919872531645493,-0.024395145298358525
3135,0.5261773632001339,0.5910621057950411,0.6415364145932501
3136,0.22021726549376383,0.49455581707218,0.33092661013906266
3137,-0.1353276584960758,0.22462309256588261,-0.16201306665508966
3138,-0.3223897022695297,-0.3724463558505233,0.7982774036859484
3139,0.36484352148549454,1.128331589086748,0.0039036039457815783
3140,0.12522238566722052,0.18021803316407684,0.651509303598115
3141,-0.03683602863129828,-0.47710088537891343,0.3789969301857141
3142,0.031249071048881503,0.18991537889184362,-0.13403102011947898
3143,0.08406783079193696,-0.17565554849528606,-0.021218569469778212
3144,0.6817099966574746,0.34452402923802666,0.3102767298110205
3145,-0.8481287788366587,-0.3545845180015718,-0.9517459396659772
3146,0.41501243920820563,0.30557727659194917,0.5068677330951856
3147,1.1241790431336134,-0.3166704224326565,-0.1616191895763185
3148,-0.20596872390401727,0.02488667667906558,0.699560513339209
3149,0.11180285660046387,-0.1835045894198554,-0.1972702934832508
3150,0.5650624470558473,0.20501721550460175,-0.03739924029294578
3151,0.129314844965206,0.8053503552024814,-0.5361303563298411
3152,-0.05461586516240733,0.1861557239612723,-0.003178252526436168
3153,-0.44994958077773817,0.08416638567695049,0.21279464574090975
3154,0.024747859971611445,0.04488561856841338,-0.06296445943760615
3155,0.5849933490523245,-0.04121940313506872,-0.739857390927835
3156,0.679465333037698,-1.1673567046221593,0.11351085965715911
3157,0.5347435440638537,0.18880530512513954,-0.04123475562856666
3158,-0.2598308729993085,-0.7725126489727865,0.3470469727248183
3159,-0.02368863499064482,-0.5326113910335879,-0.7642280680218111
3160,-0.2183778142329542,-0.4487380506703311,0.048603053365691824
3161,-0.31066861825447417,-0.2220408023005458,0.4602832497432481
3162,0.04722054302624245,0.0581581034526326,0.12166485426668029
3163,0.38068345156547523,1.108209093802506,-0.27376306833943775
3164,0.08458809386789115,-0.6846462841603969,-0.19530512675559347
3165,-0.6195662459391632,0.12525855850302595,-0.5282538737514814
3166,-0.4830445063315471,-0.3267303776091887,-1.358687917150336
3167,-0.3375023139220132,-0.6957322137221169,0.24610027346398525
3168,0.6469101874364365,-0.5607379990670565,0.11372258790480778
3169,-0.34014690186221375,0.4563123227617287,-0.04828773777697907
3170,-0.5761263821319726,0.3183792874818872,-0.089576650187166
3171,-0.37989482801798463,-0.0843343769732424,-0.24508122698194817
3172,-0.2873640907279492,0.10329037209836436,-0.725701135320719
3173,-1.0357007356525092,1.433812437489739,0.2211007063263119
3174,0.18544407415543954,-0.655820153298885,-0.2038308411282484
3175,-0.26606270575242863,-0.035469384322805005,0.23522898237164366
3176,0.15514421513903803,-0.1845921943271668,-0.7788484691285311
3177,0.38776153784045525,-0.35931173383173615,0.555787190903842
3178,-0.7693814281794868,-0.7147287754941873,-0.11865293715207054
3179,-0.4319972730219992,0.4741224076637842,0.0853441224985004
3180,-0.3441027677591008,0.6774020870317117,0.3573629891906757
3181,-0.0645933154913922,0.36999940615334886,0.49077226745012525
3182,-1.017153371018646,0.7611361145592852,-0.5223015275764958
3183,-0.17264634744216825,0.20326685104970155,-0.7196717206080852
3184,-0.26720135180518984,1.2590795997164193,0.17694828338764193
3185,0.7139714290432144,1.157404515065696,-0.5983623046067571
3186,-0.5952145201656547,-0.17366004305558513,-0.41295634720718555
3187,-0.029722466825207967,0.5213530356272299,0.5349617366979417
3188,-1.0148146137839829,-0.6993870190714271,-0.4550295657110321
3189,0.7874625209585134,-0.04270902765262667,-0.12765715500973546
3190,-0.09111078674926539,0.7638520809326943,0.09443258723475512
3191,0.11987323241822148,-0.2994369476267818,0.9641496852856982
3192,0.47823868468396474,-1.1712622529592802,-0.31373002157089674
3193,0.899343436390827,0.1500618329612149,-0.7451790770615119
3194,-0.08391162478415788,0.5783128016721371,0.8760749668838973
3195,-0.6769619817983491,-0.36061885181457115,-0.26724397752367096
3196,0.2383933153850337,0.3908401157389846,-0.07450823637136418
3197,-0.11269439020974663,-0.30958042240337985,-0.6015791428856987
3198,0.277424550511861,-0.6232836223363347,0.4988866041368478
3199,-0.4686754541204057,-0.7654522185047273,0.1014644805175789
3200,-0.28963375463450564,-0.2254712019018649,-0.5143959406749101
3201,0.3996461215872901,-0.13617580887619446,0.2540782809197612
3202,-0.0038112482287687424,0.41863953041006496,-0.36728002793500697
3203,-0.34586727625065206,-1.2952024698567393,0.19395043387981203
3204,-0.4814488144458892,1.2804334182525787,-0.004145081381668012
3205,-0.24967131817294008,1.1585738196819093,-1.1275032099942919
3206,0.28189963606409896,0.9099438804260289,0.12010677358783692
3207,-1.0367229136078797,0.26323230048224705,-0.43386628063645805
3208,0.8384850808696919,0.17300315798255242,0.35172137944867643
3209,-0.19665629910823396,-0.5274120246200527,0.44482201651165765
3210,0.4648121001649415,0.03951773655069751,1.8430462854192085
3211,-0.6103151356975097,-0.5508407775625391,0.14420534034821392
3212,-0.04003827645379983,-0.1526130380994847,0.1362419663355666
3213,0.2540670664198922,-0.12284096617223947,0.2041373052705325
3214,0.3824845083453086,0.42852186622296273,0.14751713995941468
3215,-0.5749640577461231,-0.1029397469916085,0.7312018642033122
3216,0.18490129507180494,0.9929702286573959,0.3232666138385426
3217,0.4351968461131301,1.1377642848325484,0.14647770511571342
3218,0.6751694370398192,0.17049195486057364,0.05016025423101123
3219,-0.8403999381420116,-0.5385035521005861,0.41043475900639786
3220,0.5693453386231716,0.02038972421218789,-0.009168808602435095
3221,0.7621126294999844,0.786279737473036,0.8805334833610469
3222,0.9547842716819817,0.0335759137219568,0.3295401137857613
3223,0.10481607403958873,0.4529926702587506,-0.14021711879101173
3224,0.19987029359676736,0.2563925641766205,0.5598865811260317
3225,-0.2583624134588569,0.7827279260635964,-0.004647528330340371
3226,0.0863252266285163,-0.17423341139545281,-0.2574169150879442
3227,0.660548935364356,-0.054865896104031336,-1.050062328507003
3228,-1.0214568345586517,0.038741526033892144,-0.37128713664065655
3229,0.8663544959274846,0.08134152922153452,0.24663151398848004
3230,-0.44474401073844877,-0.4798660091913186,0.38365834230454243
3231,-0.6806055029150965,0.152719201875437,-0.5797626828536807
3232,0.058916504361634384,-0.12011266758397694,0.40343610089970894
3233,0.5544794122897886,-0.1814944788358174,0.16880482870698288
3234,0.17815015787017305,0.3910103772162546,-0.3979478373958052
3235,-0.49896792240571153,0.9231182387847129,0.2883605997481503
3236,-0.07837622357807972,-0.4000631777806313,-0.16822043493326067
3237,0.5543867655104724,-0.06227117468344299,0.24074135925385548
3238,0.1896396232129266,0.02421173716168198,0.5804008814897026
3239,0.03289196547896596,0.07544817330240712,0.019607367989198682
3240,0.5253128513306738,-0.3684278223446177,0.21242849823450052
3241,0.4910379775837607,-0.5251462834176527,1.4550091197517556
3242,0.3348865416205149,-0.5943945034863387,-1.0506890418168655
3243,-0.8421940571728229,1.297930898053475,-0.7119197534574334
3244,-0.1964087860688018,1.2700984052736664,-0.2851000818781036
3245,0.16519254552157808,0.42075677857488436,-0.18514929551848733
3246,-0.8897257701876529,-0.10716922496981529,0.7390911245908505
3247,0.36097797920882396,1.377691574671114,-0.3154972637363154
3248,0.239419385703351,-0.12624710144356802,0.34336876861769977
3249,0.20137078784099552,0.6824218399821572,0.18182376681218762
3250,0.09155034444425203,0.5279370117243417,0.25366272576240867
3251,-0.20409178867385572,0.24816913334477123,0.6616303731084194
3252,0.34626950525192096,-0.4950757887674514,0.3920085754574073
3253,0.08450827914176466,-0.6524894681535627,0.4893067289807869
3254,0.2005466112086803,-0.33986213152951117,-0.029223678568705926
3255,0.3618584324467911,0.5449999293849351,-0.6200631598869742
3256,-0.18331373047504246,0.7151160661913855,0.19562504937957184
3257,-0.016309604094737362,-0.5388936468291089,0.903198372746072
3258,-0.6757920874902492,0.6818394121135515,-0.2254419901537812
3259,0.3259800671895999,0.5135221409160777,-1.0250415432946949
3260,-0.15112395580098553,-1.4105217379732466,-0.4956226910900704
3261,0.2986808476131627,-0.24750402030143204,-0.3310237114090771
3262,-0.21273688647427993,-0.3343683437191031,-0.7402164992211412
3263,1.1162330032138763,0.13817905826958798,0.26480671705437336
3264,0.25946689411192947,-0.1703593451735432,-0.17287207006610023
3265,0.22568300934381094,0.2277487132729111,0.48289968970579217
3266,0.7413141847484759,-0.2515940290968924,0.353078440472195
3267,-0.30267463677570083,-0.28079799060300575,-0.5025029622701568
3268,-0.16528458981356126,-0.9428343124542714,-0.23033583073591515
3269,0.25348074917444663,0.8675359316702669,0.2963097827105653
3270,-0.3467646342436606,0.331868178429361,-0.3016490448181088
3271,0.3222409733560477,-1.1716398006245663,0.2833631743742596
3272,-0.07638155374619814,0.14004137100740763,-0.8157332490018568
3273,0.6330162209221539,-0.5370673981245808,-0.29492285173175675
3274,0.16320728251794384,-0.8972354324923335,0.11344673606395683
3275,-0.7305985933983851,0.2318935964494764,0.12037461559030233
3276,0.9044746936685425,-0.07629343788698291,-0.7214014235520394
3277,-0.13473069417458722,-0.044808352162819566,-0.1003365126901294
3278,-0.07593384543356646,0.531771024973676,1.051034628350923
3279,-1.3969867099101274,0.5401684641311858,-0.39791111158375986
3280,1.0473883715814032,-1.0479814264498264,-0.6544678646933332
3281,-0.34132806260193377,0.1887618273740685,-0.1246880115451771
3282,-1.5544396196061994,-0.10233664819069704,-0.4039781577113372
3283,-1.3785184966805424,-0.16742335775463632,0.12290422453601581
3284,0.04755912810024486,0.32545015954875306,0.6830059534150085
3285,0.08639704814356663,0.39535427476073626,0.4746820933324913
3286,0.40366465028201565,-0.2547523718650423,-0.21349780585881387
3287,-0.22923938189384815,-0.1414769606456798,-1.0089535004950716
3288,0.11336744127164315,-0.8188895743906716,-0.11279296858806491
3289,-0.44037893982722176,-0.2339054837054711,0.2718282363658466
3290,0.6343685943472351,0.28609700799002574,-0.5219858232737589
3291,0.03678474595796386,0.009357123889591513,0.16686468805081153
3292,-0.3566873690104758,-0.6542113493239015,-0.29776259149667894
3293,0.022420339008622617,-1.2936205725338699,0.24533287369202983
3294,0.09344038203218961,-0.10966890143390375,0.7914250415931188
3295,0.5952010166593422,-0.5632594431763996,0.33966707970573357
3296,-0.5181454941155316,0.011087911788176913,-0.29466867079138226
3297,-0.5851228059047597,-0.4258561626257127,-0.4868295161038909
3298,0.7564639711679026,0.11029494842839237,0.43340216143076526
3299,0.010559010242300266,0.29975365795878367,-0.16261357459950992
3300,0.8239392434305098,-0.42873268985766216,1.047161310991355
3301,0.7103849805620003,-0.23753585439997407,-0.10815262513949273
3302,-0.17371513566104493,-0.30972335958085534,0.1450783924037318
3303,-0.8142595279078773,0.049397129447622944,-0.7119053974515952
3304,-0.15212431614374702,0.5829702264788986,0.5040050258269057
3305,0.3672057569808483,-0.10094866472179793,0.23352279436586848
3306,-0.12703444679098394,-0.5202365259480761,-0.2947317576133639
3307,0.25664992454496466,-0.16212497771399012,0.3831718063367379
3308,-0.3170095846049235,-0.2874432820306379,-0.12229980260488967
3309,0.6317828457037313,0.0002442734162653466,0.45194991354689
3310,-1.0321001149492857,0.16574579846636409,0.015789732893257313
3311,-0.3978377244068208,0.8550902507012287,0.6110546530653299
3312,0.7068896731818509,-0.08671510190912833,-0.1509724621217309
3313,0.5050562560584095,-0.37741563915335113,-0.6534300562295295
3314,0.5381469288127372,0.17705766568215572,0.12029498269270306
3315,-0.03077782036233256,-0.40770539002672906,1.1361229813741198
3316,-0.3949990548726627,-0.5780837319159833,0.7148578521816235
3317,-0.06108575031626089,0.09840661313755496,-0.32433775294381956
3318,-0.9349964906088625,0.10074293809491264,0.27517278274314877
3319,0.07685811173174854,-0.017708750866203524,-0.01884721922108817
3320,-0.7263785118284486,0.7849791266349115,-0.5030778058396114
3321,-0.6839003515483827,-0.17294130919328793,0.3756827488538336
3322,0.07204625768404992,0.07464397002908245,0.7056746883669952
3323,0.6358204207808889,1.007437522685722,-0.15378355899650878
3324,0.33819327856920073,-0.28172740965292137,0.1460916850504934
3325,0.3851712400812148,-0.5926612228633578,0.4680705758814816
3326,-0.6628043483699441,0.029241918447954474,0.04856788381050037
3327,-0.1836430613036603,-0.1010996135872201,1.0651731231203425
3328,-0.17761060486631508,0.5671917720828399,0.79377497862617
3329,-0.684470711739289,0.6172808619657635,0.5210705987945716
3330,0.8448931753465936,-0.23266543598803544,-0.16911101519763963
3331,0.5566085478868003,-0.18309897109034104,0.6426826641138453
3332,0.48941606361605344,0.39041374383816707,1.0366844514341338
3333,-0.11575764772708631,0.8805462887615151,-0.8346701887831777
3334,0.291983167756853,0.16442515401786417,0.3594306555318836
3335,-0.41629356702485415,-0.09471276550254899,0.3109447633227914
3336,0.1584945208903845,-0.1368749089230649,0.50008248498243
3337,0.9901088189710223,-1.222547460471062,0.015443735731168615
3338,0.16359632388521578,-0.4340822399487832,1.4424168248544829
3339,0.13508635297185034,0.8755890967619047,-0.2993352829675796
3340,0.3580597343206007,-0.894899538912649,0.6919950953701505
3341,0.2182854563386426,-0.8783375589181136,0.43323449602536285
3342,0.19121848837887653,-0.3747138313588042,-0.2564682360323464
3343,-0.6107018797578518,-0.5736325650663698,-0.6639480244413024
3344,0.5258697105924861,-0.2858333878673639,0.3375487605960833
3345,-0.09104422482168266,-0.12113293522473373,-0.09593961812764533
3346,-0.5545369526856236,-0.4844101104291648,-0.19450584847058025
3347,0.6165010161011448,0.193048852392617,-0.7229243685561647
3348,0.3235909987516124,-1.1930572373813846,-0.10931904426090402
3349,0.29221344123398774,0.1713032109417904,-0.7672656948685692
3350,0.3771587603259118,0.7672553727579864,0.7046712737408917
3351,0.011375953674615349,0.7726814423591484,-0.3102479767205351
3352,0.583308270831967,-0.33802826124924007,0.9537413969735585
3353,-0.17842021451381357,-0.4375891109649151,0.7083712319957423
3354,0.9786648480224609,-0.27939988457346954,0.31025086290186993
3355,-0.14833728924202527,-0.4543230993564196,-0.03044905061941412
3356,-0.7636163352829637,0.6398644874357509,-0.42052708077799683
3357,0.019180416207954874,0.003803729571623666,0.6674712481975332
3358,-0.4995307157145477,0.6572402206391145,0.2687478439722192
3359,0.061025676311062454,0.5253804306549795,0.4156442292679744
3360,-0.5356319643634527,-0.7718314668784232,0.9264942989317394
3361,-0.4356963237627668,0.62845518984676,0.6407097596395035
3362,-1.0716145284884073,0.5151073481176803,0.13914023474167106
3363,-0.5259849957333593,-0.5785055447097632,-0.4556258778428451
3364,0.5183820585646728,0.4738425294493168,-0.17007510229699527
3365,-0.659440357143667,-0.9005483158266905,-1.0942146926155145
3366,-0.045008834475941936,0.5441781089396026,-0.1468741078109418
3367,-0.2897892121807302,-0.6794692528600241,-0.1915815088901544
3368,-0.19364565968910252,-1.2365194344744672,0.18394245664008382
3369,-0.3018952994039979,-0.3191589291398352,-0.5792372834570619
3370,0.3096432050155308,-0.4052534789856105,-0.29857737635533677
3371,-0.5313550212389374,1.6237188102834423,1.1167964766287173
3372,0.7543154437197029,-0.007710653166612825,0.7261341717147392
3373,0.11183506127598945,0.22526340727731117,0.7752217629370869
3374,0.41136283292487075,0.13780206219260221,0.255617905460571
3375,0.1671281362260996,0.15928328091220728,-0.12742303636948424
3376,0.27445589012807786,-0.07466304975173567,-0.1464928380236147
3377,0.5585419835491238,-0.09983996511423414,0.2537578565861832
3378,-0.5782825048133955,0.6274788204681043,-0.26825434958809774
3379,0.20472990752233394,0.048462087750369975,-0.0670978968098848
3380,-0.33498475467139727,-0.5356325302485943,-0.06694661168752541
3381,0.1868690424232371,-0.5779292481062924,-0.3868402232758524
3382,0.47661753514079985,-0.4741153857646669,0.4892702847212951
3383,1.1241891966511288,-0.0006121567417322312,-1.7888388549896503
3384,-0.5823609790581039,0.036433086697658115,-0.5740415672766488
3385,-0.39282178471650714,0.08595898546160854,0.7806220132040161
3386,-0.3165858822349415,-1.048933694719304,0.24874043671423193
3387,0.8025753849322842,-0.09821155227274649,0.5257128639595823
3388,0.1933849116635533,0.8584301414710924,-0.4363538721164664
3389,0.7945898039896189,0.5397722259243479,0.4319212693674522
3390,-0.3916942205096575,-0.9615441627024003,0.3316613219067449
3391,-0.1290725574420717,1.337085025448012,0.08825597687762184
3392,0.027131148801935675,0.18801910617177547,1.0540975956858232
3393,0.51569622468374,-0.5306516206609806,0.9866613033342755
3394,-1.2260625879071159,0.2748082940060067,-0.4461617162022785
3395,0.10907904191974045,-0.4446477301110155,0.20276764647588352
3396,-0.8383182508926826,-0.5394037946362342,0.4183648699929715
3397,-0.2195587543241015,1.411124360453598,-0.794832707101407
3398,0.9204920432564926,-0.07494444197394469,-0.13655152449784275
3399,-0.299515632679307,0.5645514937062627,0.3455396003676064
3400,0.11301841181137111,0.18061789715622734,-0.604449036770336
3401,0.2015151066432518,0.20543682460456558,-0.6330241665800685
3402,-0.4790185840077369,-1.5461501878737252,-1.3034913814089844
3403,0.7519935471894783,0.08330386139765428,0.041051960110301225
3404,-0.4898157489657422,0.19788236542054646,0.43375173335759326
3405,-0.21779461827637817,1.5837243750587586,0.346551346662595
3406,-0.6397159319601146,-0.48504423870969254,1.0424144636110044
3407,0.34541743712116024,-0.6601035610857245,0.31507652270269393
3408,0.37376536193364057,0.8055399916042634,-0.12473992221032089
3409,0.8595273093075493,-0.29454319917473465,0.22333797597977567
3410,-1.1096449897299245,-0.14552376645298165,-0.18213543236180194
3411,0.024097348345741777,0.3467085878847615,-0.5466588245934311
3412,-0.3179436363610416,-0.6736892910261896,-1.3574994105580758
3413,-0.44498889178049383,-0.1464355993162748,-0.571651223191451
3414,0.321867253988564,-1.057608689480519,-0.29747770565422615
3415,0.37243063351004485,0.7097838336873116,0.07879238373822159
3416,0.14195828211839748,-0.7753511494232143,-0.5843123270718038
3417,-0.4479015256981444,0.7305925417309728,-0.2230917025987337
3418,-0.555124650688381,-0.17658218381975446,-0.22100749015327215
3419,-0.25942355117721827,0.046967274965982304,0.8742974692267385
3420,0.08787407222948322,-0.7068661517705833,0.847709391836015
3421,-0.15976134379523302,-0.07687325416472315,-0.6224669367642341
3422,-0.4600855210505137,0.4861952681440415,0.023684219262076867
3423,0.2574491844307737,-0.38564694793394905,-0.08362140973597022
3424,-0.07234908995936752,-0.22481737419661083,0.1181507458472209
3425,-0.05579739944124194,-0.4953651503590678,0.3225852387632107
3426,0.07997848012889457,-0.07474790821542343,-0.03856751370346138
3427,0.36475306325038986,0.2414628221131517,-0.7146075313524299
3428,-0.47187387592387176,0.34082075397759515,0.3469150388262477
3429,-0.40696498908264944,0.6825957144082676,0.2700779954150421
3430,0.5457767353854298,0.02946759930218053,0.5242036612351694
3431,0.09460411249514625,-0.6476418254285546,-0.1892626696524539
3432,0.7388803699527471,-0.17403138800471815,-0.2325258930551705
3433,-0.07134412556172835,-0.5081501110258342,0.08385168018338805
3434,0.24547931558642533,1.1942472779365838,-1.0275825620378678
3435,-0.018458290578906043,-0.28943115427300853,-0.09249834837296317
3436,0.11499841595483082,-0.8913243809043581,0.7326623264931807
3437,0.7141859520395336,0.11037234134003865,0.0213075540290732
3438,0.2136762657204667,0.12406339248121993,0.2114270831939764
3439,-1.0621374335534408,1.2652399358710005,-0.05629496373867124
3440,-0.3719271303380941,0.38245182442831627,0.9236821168077557
3441,-0.5168167533130245,-0.7308555763391544,0.6433971463578483
3442,0.6741550959870412,0.7311174380652292,0.11182546635550784
3443,-0.20650160343094442,-0.7800189666696937,0.8323872853083103
3444,-0.8075217559325962,0.7091298016883576,-0.32421365217052756
3445,1.0354596959810134,-0.9795800583164519,-0.27002245514688644
3446,-0.5386952520940299,-0.8745999633392242,0.2373421160692954
3447,-0.13906765020497322,0.11628293594409869,-0.0959272056970121
3448,0.06893664733415887,-0.6084757349435088,0.09001245547268752
3449,0.2331495198809949,-0.7943980818676112,0.5509356044845789
3450,-0.41933429111961046,-0.15600678436236187,-0.6643602322146266
3451,-0.5855367115908978,-0.2349666046459655,-0.018455407475899518
3452,-0.6168909837441356,0.28365447002205824,0.2733309623500614
3453,-0.7090343642561159,0.12921657923387253,-0.0009106280267340113
3454,0.2562667038588828,0.25020375640718506,0.04816405113525878
3455,0.45838164537516396,-0.1698188484475804,0.14730138458761277
3456,0.6652899310989546,-0.29403438791888314,0.07505760110623554
3457,0.11796648011558822,0.0584773660603939,1.0471993786760994
3458,0.01426700593003697,0.006262092460027794,-0.1609431901078392
3459,0.307410089453467,-0.2641712009049926,-0.18303534427995768
3460,-0.7873235890365066,-0.5290340243861433,0.23810976534598954
3461,0.541238510256147,-0.19975148691466366,0.12167333523417367
3462,0.23634795227216107,0.7621839980767485,0.40118577305372727
3463,-0.016090449352947553,-0.7564824153990497,0.01339102520305195
3464,0.2953907834722261,0.13345604408443928,-0.49045317879889355
3465,0.40625971628228474,0.7463738063275702,0.003323196255475379
3466,0.16989282243064666,-0.1307365681593115,-0.9921186254264168
3467,-0.7317712908844964,0.24220195479718915,-0.09755228629964781
3468,0.13151335612699486,-0.5991756896844113,-0.3348099926340244
3469,0.6291613310545554,-0.2271994270560159,-0.2614813858125659
3470,-0.1601702299357972,-0.09316370829375976,-0.2684141684225717
3471,-1.2557871131544953,-0.7684592438469917,-0.37253573903325443
3472,0.16758560379997556,-0.5516852987648172,0.35837084240371214
3473,-0.02186044628459766,0.5741255763910871,0.7669676456822381
3474,-1.0120328733144803,-0.6230564123622482,-0.5199557537720285
3475,-0.7976267883143966,-0.07144800464392927,0.39999364025925405
3476,0.16267571823776397,0.3273774984801474,-0.14636967047198698
3477,-1.3087204709512787,-1.4998901547065648,-0.5010926200737454
3478,-0.40496929264648474,0.7337006090479073,-0.3982129589180099
3479,0.2544270218110799,-0.5041174150606125,0.2696526215484905
3480,0.019231372403819735,-0.2754272097179188,0.7942894604511124
3481,0.1909492924516713,-0.055504155325539865,0.32809676539182603
3482,-0.2191386357064788,0.5533423201823655,-0.0878123175067603
3483,0.584843380488585,-0.2763242691456739,0.6584190942489225
3484,0.1313109451878818,-0.024110130381958528,-1.1122955439620794
3485,0.6281943938418854,0.08359362373362815,-0.0694043253560663
3486,-0.17839323789737332,-0.15276117437073788,-0.4726967815208925
3487,0.04905877686168426,-0.698188808477317,-0.37515859431564275
3488,-0.5369581541954519,0.585012764427805,0.22770315929681964
3489,0.6869490685121132,-0.7351311420199125,0.14686816057250518
3490,0.31070550481936376,0.059012770515830676,0.10742712897385989
3491,-0.09923754743241488,-0.6896483163837306,-0.03638512411633947
3492,0.2719084415567393,-0.5297325412093545,0.5630048145370238
3493,-0.04251900615709829,0.49364996026239266,0.7429167134059913
3494,-0.10899808575064375,-0.010689222475113676,-0.7951799812129865
3495,-0.5892869570855677,0.23251733099976885,-0.08140157131454205
3496,-0.41965180502299526,-0.81148371993571,0.11652447254528801
3497,-0.30823928065470146,-1.247741426727561,0.30536946644645463
3498,0.6424901789487099,-0.5069841773683081,0.8102221609117939
3499,0.4517802046778529,0.9111831144706294,0.19137922031354992
3500,-0.08421553980593909,0.3721550795488925,-0.24499885036660787
3501,-0.6477096682492918,0.8021117678904448,1.0679502281700992
3502,0.1727995636442361,-0.9369294678323458,0.44662187720575613
3503,-0.4269432813315523,0.35522074786114793,-0.3102689184569777
3504,-0.1284730094717276,0.0502128465344084,0.3286714042654495
3505,-0.2914169586840129,-0.3482696206420242,-0.10698329488040245
3506,0.520606643010584,-0.2598999638498607,0.032932245654641326
3507,-0.4214247956499819,0.38685677521603573,-0.5745456493762483
3508,-0.8681587814700246,0.659664011829676,0.5892789999547275
3509,0.748970981018611,-0.17529160623494033,-0.2897153174511203
3510,-0.17174847900670176,0.18191562922850602,-0.323930866514116
3511,-0.645580734306854,0.05313609227820577,0.5170765575471886
3512,-0.08610845208335621,0.11354418875767386,-0.5883499964516573
3513,-0.09089296922574097,-0.7821810087402526,-0.17921730334526703
3514,-0.3941556107990156,-0.09123738289981566,-0.21467409847208413
3515,0.7121037332754272,-0.9069839706745102,0.23997481080971614
3516,-0.3175315605053486,-0.2634554784855502,-0.23606770157845072
3517,0.7160998222232612,-1.2643903052197962,-0.1443483442021378
3518,-0.046704239393956744,-0.1028250515965305,-0.22618166349863073
3519,0.006887044714724183,0.013032231190023386,0.5874221329201003
3520,0.19949309893993694,-0.03249277025266439,-0.03711371735691878
3521,0.6258744972509049,0.4559993660978101,-0.4629618626794726
3522,-0.5700905443687365,0.09808306025625628,-0.8423474405390526
3523,-0.4642353262261075,0.08127061266566381,-0.7315191008732328
3524,0.08103398885164545,0.35926834671037466,-0.38694038536597003
3525,-0.1375261231458503,-0.5674061771061265,-0.08107574791820726
3526,-0.4187663380186616,0.41799714301179886,-0.5557206042659815
3527,-0.15707432390874343,-0.4919221266236825,1.0360360421607389
3528,0.4232757224686197,-0.49037271278528255,-0.44730415660924155
3529,0.002663922240240363,-0.4737324124523074,0.28774292338309715
3530,0.15776242204485028,0.052491855715097506,-0.2909265387097107
3531,0.023852630319350056,-0.1837179767004796,0.29351386474315166
3532,-0.7042731339544709,-0.5640729862711156,-0.3062274665239793
3533,-0.16059804788930407,0.38194666708662134,0.2400112809521129
3534,0.5381437224963841,-0.05402728322407907,0.18866758977305978
3535,0.41909141642798653,-0.20053108559078636,0.6646991686775209
3536,1.021782741040835,-0.19694757525324275,-0.33640360350212023
3537,-0.6351392167473082,0.10916277045561396,-0.6550237840995963
3538,-0.04441917514604235,0.055560532934673355,-0.017793891068369472
3539,-0.26403527609808136,-0.8112891703058461,-0.3211520776057254
3540,-0.26455832172487753,-0.07336225343489246,-0.25527384431794414
3541,0.3555652231761899,0.3038444653276218,0.5916999576819726
3542,0.7746855396586276,0.49523302356088494,-0.13711518184683796
3543,0.4661756659629727,0.3893956626983389,0.12943474313493641
3544,0.39299765098091666,0.4963127563603938,0.09399200296567799
3545,-0.034406259454379765,0.48968931607517807,0.8582377745899767
3546,0.23266786027079625,-0.16688684753088204,-0.302165366076868
3547,0.5556076332368776,0.25550118798667626,0.6776177169001179
3548,1.4418501156404007,0.014353292729348379,0.45748611766331615
3549,0.18238080750181668,0.8357732326642852,-0.17940849550508373
3550,0.06611855453226774,-0.10031427649908403,0.9309904841729374
3551,0.4060988657334129,-0.03243524964043017,0.919576078225577
3552,-0.5401145925406009,-0.1438874984428348,0.2078241769262641
3553,0.62014800278817,0.8142081807324723,0.43965756880474866
3554,0.6787645681265142,0.18310046616543035,-0.0675630314250167
3555,-0.0425919528634823,-0.46386694539481566,0.7940885055131361
3556,0.032997758265748495,0.5856987306208717,-0.44770252588956777
3557,-0.02792715214139483,-0.23307608596984972,-0.39854232434233494
3558,-0.29703972923290345,-0.13150093458188786,-0.10831188725232704
3559,0.3175989426338845,-0.11098611961045772,-0.5132015674206949
3560,-0.43254710461802937,0.24545163163452974,0.4819272801134181
3561,0.3092082944101535,-0.568429004780277,-0.2707577291576956
3562,1.083112337038477,0.15779373844143368,0.2812979217593867
3563,0.5461005023740181,-0.286538208058602,-0.3744406878747243
3564,-0.7298332376223747,1.2547467317302394,-0.3424494887684604
3565,-0.8447789677440319,-0.49952685895619253,-0.40533362632546993
3566,0.49868855237608767,-0.7440965356728304,-0.27361447864544797
3567,-0.03753547566757959,0.21813147542977,-0.6868956843409403
3568,-0.49671766027408515,0.05255200954984286,-0.44884020513548073
3569,0.0319097227584854,-0.8079004815281084,0.2812192140437768
3570,-0.6252144142519424,0.42493785418054386,-0.4717360680076063
3571,-0.12076753604721309,-0.23478347929465157,0.7782628001676323
3572,0.40655182130945205,0.4394010644082935,0.030089128124542383
3573,0.045861734263414757,-0.3259052878327803,-0.6260648370545884
3574,-1.2142648543234382,0.314839854348372,-0.43570519092019633
3575,0.4895559889799006,-0.030969768150984286,0.10535218136597563
3576,0.08452333926909944,-0.2897886794396115,-0.033590689798202074
3577,0.21320880251612262,-1.391461348296371,-0.950876717350492
3578,0.7046083849693204,0.07770083596933686,-0.11218932195241792
3579,0.3060633839769256,0.9874412774160086,0.3987636059747936
3580,-0.5033102233443969,0.28282552857359416,0.07410471041762244
3581,0.17763743396627307,0.7731525154889671,0.10293680426567262
3582,0.34290573917613076,-0.15873948892902554,-0.26624279742554774
3583,0.4109815521342668,0.11653381351921265,-0.9964351419660099
3584,-0.3083587749699085,0.19962961645127505,0.8841931350876977
3585,-0.7150213007876252,0.061459231224927434,0.39822896534348307
3586,0.7868189651189762,0.9333813659392235,-0.09263945666879163
3587,0.22544091307274913,0.23249591965346214,-0.2420634039047841
3588,0.5400258389310301,-0.38978538917765837,-0.5685786630124678
3589,-0.1283142600875877,0.24004302146509268,0.2079731263920022
3590,-0.6167036906005908,-0.7865843256281209,-0.13719809474583877
3591,0.8194167304154127,-0.3846737388720762,-0.36846531670419264
3592,0.05757609724285152,0.45686096345514937,0.5952168752075577
3593,0.5098593002171987,0.13589846131255368,0.355428651203895
3594,0.12742114965745083,0.30885166333501873,0.5883163116520884
3595,1.0304867300970846,-0.14647041632381907,-0.005213860460367129
3596,-0.5832881603563643,0.5616221762674585,-0.582693672932302
3597,-0.38845705463815083,0.17702059957132918,0.17934630234850385
3598,-0.0952376100692069,0.07795820685007614,0.10314837848226842
3599,0.4276134074227319,-0.10041847644440487,-1.0119759275366116
3600,-0.42700717302306457,0.5522301916842534,-0.3957647133372747
3601,0.21127323547248705,0.12140171991054982,-0.2868180773103251
3602,0.09402966647158827,-0.649896033783879,0.2911277866956898
3603,-0.6651594264585017,-0.6968954609262171,0.08157743529059172
3604,-0.2657683905830477,-0.6711000967796981,0.012497687291230884
3605,0.9126779382159752,-0.2683904570683874,-1.335643793932287
3606,-0.22159811733296883,-0.22028957899125645,-0.3257930247717501
3607,0.15510282415597534,-0.2747005544595215,0.8899340711590594
3608,-0.15741572722937022,-0.055505740519921964,-1.1064058249711792
3609,-0.27287730537455795,-0.06493521898749166,-0.374899492736419
3610,-0.38908974823788745,-0.15312072605047491,-0.8262052068165076
3611,-0.12331709345166099,0.3723418405849457,-0.3585550133391081
3612,-0.10259212800562295,-0.34757248587525946,-0.7860989097717714
3613,0.37764617459645194,0.4847571612884806,-0.17369781590454395
3614,-0.345163797198082,-1.0180729937607302,0.20155060309830058
3615,0.14627809040214576,0.4788623352549358,-0.6935849280110614
3616,-0.181110774487513,-0.38603528042101537,0.5096886585923786
3617,0.8859816791429633,-0.29388066627956577,0.2843813240662988
3618,0.23421128683590406,-1.180361584518207,0.1653188335720294
3619,0.41633069050397725,-0.9105023295201713,0.09526374592988202
3620,-0.25810634757065926,0.4736226884036697,-0.1529039815326165
3621,0.42215492447370845,-0.40218278539401925,-0.7721588803256368
3622,0.00925629441567255,-0.3889482900094984,0.043424453231442686
3623,-0.3798085437378691,0.1885886963845024,0.5228421124349403
3624,0.5516873570162953,0.38410316726382226,0.3755349290814693
3625,-0.49625344221650064,-1.042639429881736,-0.16750018942416278
3626,-0.19596976502603067,0.3802749090101281,0.283681176074254
3627,0.01390816163242267,-0.2774698537322964,0.23189582708584006
3628,0.41867092730619093,-0.007274112557250204,-0.1116809009954961
3629,-0.22838168421605265,-0.038484524602850644,-0.255769731934007
3630,0.14417617263505175,-0.9467938624331442,-0.15657134032087736
3631,-0.533759384285058,0.310377288588829,-0.5658027849363316
3632,-0.19667768445283526,0.6614828819507446,0.24868685437721674
3633,-0.06629453504761418,0.20784352181634627,0.05953584045807075
3634,0.13869788731643556,-0.9656221204020575,-0.25203913096853764
3635,0.37118673471142194,-0.7917606242750642,0.3485782984734453
3636,0.2533432579514626,-0.07224538098003917,0.43663475256087697
3637,-0.48140354737048474,1.4537016693824354,0.408220191285827
3638,-0.23654266295698337,-0.17075680400059237,0.3679799755866682
3639,0.5727581792637255,0.6969886854192545,0.08550087882662065
3640,-0.3390425275228277,0.3592335039932369,1.1666869076646662
3641,-0.5030278768878188,-1.9949412532889088,-0.3297430952656613
3642,-0.21954376770558715,0.5637302364449701,0.47537979474835873
3643,0.4209276213241513,0.2138855919999429,-0.4159647219284866
3644,0.2782565076509492,0.07756222417871825,0.12640463241843278
3645,-0.42212829075543695,-0.18031543221155436,-0.5056380517633241
3646,-0.12438094606594564,0.6488128746573866,-0.8539628468213174
3647,0.17198832959546145,0.6150604822089605,-0.260729096208383
3648,0.4698657881437893,0.42924850507658846,0.4191568798647785
3649,0.9775694437104231,-0.3126519952372155,-0.3239770599714272
3650,0.20371585456451755,0.657578263182475,-0.3054308351328306
3651,-0.6618482698010598,0.3576756903049048,-0.8012301926115764
3652,0.9770275197001896,0.2387720921909239,-0.8483673650962189
3653,-0.19473024948175158,0.5483365230016105,-0.6443335215204664
3654,0.5184830141284156,-1.0090960784569436,0.40050123569855617
3655,-0.6543417012292022,0.6664871434451387,-0.5120066205525404
3656,-0.14429295162457145,0.6921714706817489,-0.054560432852055966
3657,0.5141590117224151,0.0913129410234895,-0.529626850138807
3658,-0.44329504615553983,-0.317679994089315,0.03398735237400819
3659,-0.6401248447349424,0.4942766772037849,0.31658116288137067
3660,0.2844668603747986,-0.3683487323366817,0.42353590320601825
3661,-0.4756110680752192,-0.5013976255597965,0.44948219412065826
3662,-1.0235622693139002,0.4827499592170953,-0.05427803975229832
3663,-0.0007756319217884002,-0.08827919336847759,-0.558346813553728
3664,0.8003062551625293,-1.3834425626145626,-0.33541224047619606
3665,-0.2585913484811327,-0.3624115046102986,-0.0016271799087022674
3666,0.1294651251892076,-0.7719577939253112,-0.41885732302527695
3667,-0.5199035420918755,0.3374173460477944,0.33728651519242864
3668,0.12316273742379993,-0.5315319452586788,0.08129668474991408
3669,-0.6452068430020516,-0.40952835017908296,-0.029183224957893217
3670,-0.6541050675766308,-0.04033329675352731,-0.06316901447124208
3671,-0.04200182724634441,-0.2531070792712553,-0.5189459306643258
3672,-0.6673998088347058,-0.195136192605749,-0.38780392884888026
3673,0.037251177679251984,0.24778488939160578,-0.26776463365501396
3674,0.2124694509502704,0.4821240648273187,0.45929093573655067
3675,-0.02691218747652205,-0.3968344506105576,0.11048541737166834
3676,-0.06960280136435722,0.16906277930469005,-0.46126928318522575
3677,0.5275603330805944,0.2985130374637649,-0.3034433448768013
3678,-0.2286315998259083,0.8980792016014513,-0.008494148054359222
3679,0.5545524724643351,0.8823264801300089,-0.6049555415364241
3680,-0.7024666289038561,0.023109044096342228,-0.2472921908061216
3681,-0.7618745763690623,-0.7608814927908789,0.07075282136912303
3682,0.3682116118802656,-0.18706062909418147,0.25517373932447535
3683,-0.4378389177809629,-0.17443314234418736,0.061990656644704954
3684,0.42504425107510685,0.7338878397124471,-0.10947212550309779
3685,-0.6032362388192729,-0.781582416409069,0.14312910385480232
3686,0.6564299375539183,0.7092761128186112,0.6743855322485967
3687,-0.11055959318863763,-0.43481492844249003,0.38841992252255386
3688,0.7279386205683792,0.8294338386531607,-0.12417765596272622
3689,0.38022956822184134,-0.5538651570583365,0.15146232591298378
3690,-0.13184638927776404,0.6010819200223353,-1.003842074746931
3691,0.017985058193973228,-0.3564430023472249,0.009260643371225305
3692,-0.5504085508388458,-0.49843292198812394,0.2423450611215706
3693,-0.10752562513472663,-0.4538310462774637,0.0711496229569546
3694,-0.29860753696599646,-0.6710281498321643,-0.42680418293761996
3695,0.9606202032201178,-0.19716595265853054,-0.2558349579603784
3696,0.9246842671298542,-0.3233955834614777,-0.6880753970838224
3697,-0.030457320332525586,0.687853564964159,0.7774820354266556
3698,-0.6735793009943615,0.30052397493305216,-0.17440805282014993
3699,-0.6960860004459412,1.2290008498321061,-0.04054088362372153
3700,0.8581308652205855,0.013824941654941513,0.2749609096739361
3701,-0.6586929114721468,-0.3373772424341209,0.7472903665928747
3702,0.03211606480901953,0.01226346862263561,-0.6761468217939957
3703,0.49431765084053086,-0.2004170824224665,1.0315411427793442
3704,-1.2793238570332313,0.6374196143802002,-1.6962716659269432
3705,0.5042489159749853,0.625285161381103,0.06931598750604043
3706,-0.4742495961428239,0.3764270954455513,0.35904173119342814
3707,-0.3584217623858337,-0.613379480410883,0.8142528880273068
3708,0.6333648972478123,-0.44576451418235785,-0.15926552537412286
3709,-0.43481818714513154,-0.3339652589151566,-0.6573641638280785
3710,-0.16132035423947402,0.06765512239170929,0.815916198076214
3711,0.6642537323091793,-1.314068333895278,0.40035069131332757
3712,-0.12412517207260412,0.5225536744445834,0.899585200596308
3713,-0.39641381848588997,0.2612095481505367,-0.016995879284116912
3714,-0.2589162557932885,0.29163769513977045,-0.09051845434005688
3715,-0.09275542798942889,-0.13002168334828218,0.3919663234674621
3716,-0.3823162863470966,-0.058531921283539935,0.14390181084820025
3717,-0.15481991797526756,-0.9107897952985304,-0.3933569424484858
3718,-0.5842538734687583,-0.6139979385767175,1.1429227417039107
3719,-0.8409993689566254,-0.6456764947001985,0.7927130640425807
3720,0.2588236847118639,0.7820640058305944,0.5418577150256761
3721,-0.5192652697778983,0.3313948770521943,0.11366789502754607
3722,-0.02776365465949458,-0.24682629857970667,0.15656203958318546
3723,-0.06769116943395811,0.5205127440758146,-0.304260117169232
3724,0.1420123913776523,-0.01699655544804636,-0.779891520218901
3725,-0.9118966929438794,-1.087403104837646,-0.29854873871439036
3726,-0.23244280799224196,0.300373317871671,-0.18547822801769348
3727,0.3831696232727179,-0.5174790763243116,0.6466337661708664
3728,-0.7985561238272255,-0.5536117223791425,0.5547027550781234
3729,0.5292675373327154,0.024121524346055294,-0.17224120778022747
3730,0.26725674630736107,0.10432995501101236,0.04159328776685255
3731,-0.21143409234584642,-0.11308281697947373,-0.14457730367580127
3732,0.12581255581178316,-0.8844380877703205,0.38869735883791146
3733,0.022223303884114903,0.19296837047227303,-0.011368716575886726
3734,0.12616684039275353,0.5112936252805867,-0.2308717953296811
3735,0.34539610689213096,0.1658226097948716,-0.2448928879155136
3736,0.39681880063435604,-0.7014079101717069,0.2604910117342311
3737,0.2533361530939234,0.0782300188408443,-0.5131419433337978
3738,0.4588343138267725,-1.0870737039151088,-0.3386022048694331
3739,-0.8162438524988243,-0.7345694478967687,0.6948184950751202
3740,-0.45258367438489244,-0.1942426271979839,0.9454765232071146
3741,-0.6627037051582565,-0.15926249397868042,0.9126142333228189
3742,-0.5623234657076975,0.2741293100191492,-0.20736729986304137
3743,-0.4931230921153728,-1.0042732899478237,-0.8282908264036712
3744,0.37161994265294046,-0.49172988842408466,0.20546321947271595
3745,-0.002646420516207924,0.181277722698297,0.4207606072865232
3746,0.02365045067866278,0.29024709024504225,0.2491212049966025
3747,-0.09920279668126876,0.1915019354344328,-0.0006706743048616918
3748,1.0316893937394664,0.5080704067226213,-0.03164425798741147
3749,0.3916040438128748,-0.05788487154372002,-0.4971740370817635
3750,0.6626103785155162,0.6313064770166184,0.23120822754647885
3751,0.14605967189701852,0.052553877590672954,0.04044515166683077
3752,0.24755919554440123,-0.10119910140376696,-0.5651535043804014
3753,0.11436776310339691,0.7556195251626218,0.27095682244156194
3754,0.8358925501179152,-0.4878692003685015,-0.9553923594403946
3755,0.20959370322047793,-0.6252999850528936,0.17994058907616287
3756,-0.21793157498404486,-1.1665806375815615,-0.7720164318008738
3757,-0.1504595016789799,1.160381472966436,-0.04114356989442049
3758,0.38211094966777914,-0.7216668579898298,0.2166996791215324
3759,0.15761548754742766,-0.3004535332500962,0.5249476075491133
3760,-0.11326035620268951,0.34967794963287857,0.11787571010506855
3761,-0.1456506780768023,-0.773391111805486,0.36114467825217295
3762,0.6751286404267762,-0.04953891086157307,-0.2203849097906044
3763,0.8783239123749133,0.07035272999008206,-0.3959645673768259
3764,0.9194457197468686,0.31730454139216835,-0.7722627083923751
3765,0.5292370642832395,0.2626159971125349,0.4443634651184791
3766,-0.015851123683792673,1.000570630850827,0.25093704907690007
3767,0.021670131849879936,0.5397324005387723,0.5041300990068615
3768,-0.17273737614158136,1.8582079515627856,0.7089995849420896
3769,-0.47574442178414283,0.7697707612018997,-0.12912127159064504
3770,-0.006593941901840081,-0.3204446939815896,-0.8341904279856863
3771,0.7254421969957523,-0.03982768326197124,0.3756742426063087
3772,0.1903938042979121,-0.4633311204102113,0.11325052960809776
3773,0.8661607585338325,0.39677049456306995,0.0033366581924576958
3774,0.6283448858887006,-0.3137181184966437,-0.10027297300033354
3775,-0.02865227432851755,0.8729428498342745,0.17941920455988933
3776,0.15915348059564138,-0.3600860560811185,-0.3437005664904985
3777,0.4481198054655564,-0.052209907602553986,0.6367549070611945
3778,-0.184730635375721,0.22566550031343272,-0.7063076156263879
3779,-0.21692338007149378,0.0912540507504454,-0.371877085368595
3780,0.41582468558497454,-0.5528942004753669,-0.17239118265541642
3781,0.017989354063044274,-0.00967632396138324,-1.4240008842367657
3782,-0.31023636216656864,-0.47796553215771215,0.07103406163220932
3783,0.1761239336260596,0.6777353521571244,-0.27407051087193574
3784,0.7118583676462761,-0.20995900051140562,0.40377603868202805
3785,0.43234663290576847,-0.7155710277083241,0.6203772626681604
3786,0.475849784932063,-0.309115709261995,-0.4221713548025284
3787,0.403404326471043,-0.7508311326493329,-0.08246663863873234
3788,0.1793825924557441,0.6117632494120279,0.785681015266075
3789,-0.26656296803110024,0.38341594940454465,-0.30019401879623625
3790,-0.5516510824438904,0.20372628944812185,-0.6242712310516867
3791,0.4913098618190126,-0.4529046754130402,0.3337110711389279
3792,0.3563335705366906,-0.15102365350694055,0.8300552542450981
3793,0.4822063200457238,0.09769451932223833,-0.016700321485816967
3794,0.30650674917057547,-1.031628705257228,-0.03618168660459103
3795,-0.6380809959618065,0.5981600595069975,-0.042594909106279256
3796,-0.15425501757522422,-0.5026413046846904,1.1026091410825245
3797,-0.9544933726698822,-0.10080373753414955,-0.3096250882314629
3798,-0.7862093940657608,0.5673069800596324,0.21032183845128924
3799,0.6073339094056098,-0.007190942483979069,0.5092065729493215
3800,-0.8037784142557058,-0.5710333378464673,-0.7839513191160389
3801,-0.40602563199112,-0.39629297281827025,-0.0662734349047385
3802,-0.35844186370606484,-0.08852145268293571,-0.7844331040359249
3803,-0.5191679110719589,-0.48050963525267254,0.06885246957130453
3804,-0.6514916577608472,-1.4056279178477025,0.053536432251794025
3805,-0.5630284283980341,0.030920449911492183,0.676639854454283
3806,1.1420396054654285,0.3500423756639162,-0.1600727087042183
3807,-0.24724841445810514,0.07302774821870602,0.11299974785800168
3808,-1.488791108029761,0.46864146961372394,0.26489998420072797
3809,-0.4034158304571994,-0.3183324387811959,0.48627340245761147
3810,-0.41119422161730645,-0.614213797423148,0.8951892602731093
3811,0.5102398795291928,-0.40231111316892154,0.3805110289159835
3812,0.6397984133737041,-0.6649311985609074,0.14834087430154627
3813,0.47593970885511994,0.5067252372742275,-0.29884675899598057
3814,0.3698854773668211,-0.2803986724824219,0.15640180177862298
3815,-0.20245989435920927,0.13322693994203696,0.3529029444414015
3816,0.9093711951562649,0.35253995526213117,-0.3108735203300463
3817,0.07513841446837065,0.43295907093425673,0.4370292877386189
3818,-0.8754216509239177,-0.8945446880667915,1.1834385262755984
3819,-0.2693854582390778,-0.5662095915801705,0.11539325777576782
3820,-0.6373490415160873,0.8135842918353914,0.8342958109937361
3821,0.6190696494575295,0.3437903944621028,0.21177072320910498
3822,-0.1459750605901902,-0.38210920364784656,-0.3165091827472362
3823,0.12144816948849198,-0.07799936032901117,1.044704411543494
3824,0.31279071612021153,-0.34776102783935225,0.0416224619319234
3825,-0.2813694481514416,-0.5410490513798218,-0.7047959604486628
3826,-0.442985914810139,0.13218729726743964,-0.1253804914143864
3827,-0.6901368880962327,0.5507332677857648,0.5946365465844354
3828,0.7264424038945599,0.7428038944488836,-0.3287151675272618
3829,0.4651106770800894,0.09613861032188876,-0.21024903194150568
3830,-0.3859337376068686,0.39022820706467526,0.22213988191126458
3831,-0.38512442324537927,0.47285707151388057,0.40946621877965417
3832,-0.0015628254412310345,0.8993082574167153,-0.7373550527111412
3833,-0.6248897132928665,0.15510382387968796,-0.14653784638659031
3834,0.4545909096738309,1.1572011508543616,0.09041248742357931
3835,-0.10923152751498709,-0.7667282818951506,0.03817094950294604
3836,-0.768853901735793,-0.14036711365772186,0.21000646285443259
3837,0.6511397644152059,0.33314626535982134,0.5794754896634179
3838,-1.067611622235559,-0.7396604564189192,0.06456128616359672
3839,0.5149741301873443,0.6748262594096277,-0.07881736492802714
3840,-0.651064990389445,1.3892925791776403,0.5736993604324948
3841,-0.9948798152907109,-0.20274955137937128,0.07953564695766605
3842,0.2569164105048805,0.7187763739449257,0.12511234405312874
3843,-0.2069559900288642,-0.16945889427700953,0.22418845377221608
3844,0.1269057200465914,0.7804188637695002,-0.3348128530846225
3845,-0.1905996808309079,0.0808215297726108,0.7407044876057375
3846,0.1769130373157997,1.3580467391679052,-0.39541892594181166
3847,-0.4659463614379473,0.07273563698336974,0.21098917004648207
3848,-0.7542363459318104,0.20288656419177153,0.02755261299421866
3849,0.7092554877757667,-0.7786452282197184,0.09500978456157526
3850,0.1746902281857132,0.060107392503815325,0.4774886990792526
3851,0.3988064748089554,-0.1805995935412234,0.5311212769522247
3852,-0.10886534277215854,-0.9212513207215876,0.10893489825555414
3853,0.17122231283055722,-0.5537524060561408,-0.4068976612621107
3854,0.28077096317528966,-0.12891157736990624,-0.05703837520599752
3855,0.37916770670799177,0.16011383960871103,1.6271679783943622
3856,0.4461890765713802,0.41132957124636493,0.1677953799908764
3857,0.7553400043052897,0.17298868773300013,0.13405836636865023
3858,0.659130343149912,-0.25574027126628956,0.11632925025707166
3859,-0.3884707944061759,0.3843176172726422,-0.08255675470778817
3860,0.2006545091273535,-0.8635629953141108,-0.011680170672395069
3861,-0.11454860075214487,0.30772520383147073,-0.6098777405334186
3862,-0.5561806534523889,0.2791199486166195,0.15034124535343557
3863,-0.34798841192596075,1.1335782984871423,-0.6255897491014308
3864,-0.48264580254782047,-0.03170119210339278,-0.17040085616829853
3865,0.09522273121837824,0.4886448403353658,0.13380978277410352
3866,-0.9713846844652085,0.3162445779346577,-0.494614463720134
3867,0.43701431106154043,-0.24252879140520156,-0.19587021155516612
3868,-0.022219353864091636,-0.11896391121650791,0.5810329237321561
3869,-0.07724808400443572,-0.9161684572663812,-0.07390676979108916
3870,0.09914959288465179,-0.2831266055074956,-0.24863569512809902
3871,0.8264110666171602,-0.5827060198548966,0.14696680634955747
3872,0.6653914472339297,-0.661126385176406,0.14994482402152046
3873,0.365044119644647,0.5241397144939974,-0.18927963444616522
3874,0.03499620974852791,0.04422826740937563,-0.5525752822762341
3875,-0.9990836955547966,1.3537540980145288,0.28669426422338545
3876,-0.017372998145333395,0.014250378107683283,0.28142875171846976
3877,-0.2504714754379434,-0.5319544201801585,-0.06828012403574003
3878,0.35843025069623113,0.2196570089435835,-0.7262803544928667
3879,-0.6609104367012966,0.1943633294547895,-0.5370918537568009
3880,0.2568239305973485,-0.40890197920025095,-0.2741348138283324
3881,-0.10863184954018672,-0.3021150038265347,-0.8642345657872124
3882,0.08800118640068497,-0.33931590691031654,0.6481933661348702
3883,-0.3244131385427749,-0.05157492672564841,0.9286756898875208
3884,-0.34648742753919703,0.07184937428558874,0.10652776751985919
3885,-0.16777378831467152,0.47860159210115205,-0.17885537128369156
3886,0.9929872089386521,0.22310998760953593,0.24253512012222367
3887,0.5269483842219377,-0.035123166628883096,-0.12736528919602663
3888,-0.059654761252676596,0.37359342752665964,0.025795209054282422
3889,0.7113998135793947,-0.4044797062238147,0.11158843872736336
3890,-0.1437315040398456,0.2095721346979616,-0.04079786627726316
3891,0.22166899174851365,1.4294983556157714,-0.4063999619554909
3892,-0.5467327276161854,0.5291969079635283,-0.6938787295189937
3893,0.5036960983455658,-0.2914899687156873,-0.4245338581629886
3894,-0.04552001646942216,0.27932651129628666,0.6632637293573793
3895,0.299989628320886,0.5057896904375047,-0.0006224537207563688
3896,0.6688624323425227,0.22343727675097655,-0.2196983614701152
3897,0.2818839521489773,0.5544932330496753,-0.39023066500780956
3898,0.5087904079613688,-0.3817721107750106,0.4120663906883336
3899,-0.7619267442988161,-0.18017966531800067,-0.19053803216736787
3900,0.1986025080989919,-0.3215671599698586,1.4255651789656587
3901,-0.29343338632279736,0.7363778801496537,-0.5816990372892648
3902,-0.024989432124601352,-0.8934113482695177,-0.14000057410806727
3903,-0.16083497718353115,-0.7664747339380559,-0.1037455584753773
3904,-0.010082744719204232,-0.6753067007910374,0.09707134768643501
3905,-0.2212123126325911,0.400601792002861,-0.04754579708823874
3906,-0.08870764779501866,-0.04033750816958413,-0.6516455396202835
3907,0.4135137873351418,-0.3128276416501993,0.11858051073212185
3908,0.6636954927491712,0.8258113916541372,-0.004795282226481864
3909,-0.16545878759437935,0.1251266651611168,-0.20027740203716776
3910,0.6837008767464909,0.03333768978098058,-0.20340950837009342
3911,0.3974511576818692,1.2510048728182313,0.40746138459038367
3912,-0.10766604941689105,0.16854307057611168,-0.16866979450795178
3913,-0.4012883506100938,-0.5213418681510539,0.25433354092935834
3914,0.40852584537924386,-0.07942746073951183,0.04189880941438597
3915,-0.1573747020497085,1.0861860586997543,0.6325256730276391
3916,-0.44256542449028086,0.40408644742348326,0.4411399975935654
3917,-0.0003954887888435808,0.49579044403261413,0.9106835510647291
3918,-0.9910141852499629,0.5593780990638347,-0.3388003592709092
3919,0.4550299843554325,0.2342546714149912,-0.5524073008755522
3920,-0.4544788128493105,1.1382868040802547,-0.22649749298364288
3921,-0.4513099779140471,0.629795439968966,0.04010201339851129
3922,-0.7457653527382555,1.2038523769951066,0.12104621938462709
3923,-0.11934852654051495,0.39076931349744043,0.4222417901154708
3924,-0.1421742046973688,0.6269827569625138,-0.18079934844439424
3925,0.30586947323721375,0.23281357888120072,-0.6142471381578988
3926,-0.3987428125983384,0.4606588270038895,-0.6625493696812677
3927,-0.23871874288945358,0.8455188679115082,1.0461435737670035
3928,-0.07903452201809648,0.007878452939218732,-0.03326711939758918
3929,1.0389281503348238,-0.19248405478752512,-0.07574034572337905
3930,0.1607188414846477,-0.4996082992495009,0.04642830376138023
3931,-0.638299905733094,0.5086687375190093,0.2587586838300972
3932,0.993221162478375,-0.4396602757278068,-0.2998280260858312
3933,0.16187983771703018,0.8706592637045801,-0.49357998875216086
3934,0.7214513696520468,-0.7596928199223771,0.06248499266666446
3935,-0.20702993390197943,-0.3112112843341533,-0.1486991186004426
3936,-0.053601754073091236,-0.44703486831724953,-0.6921601088731978
3937,0.5266851439483349,0.12250960959904122,-0.9744389113237091
3938,-0.2834735182069241,-0.11124474008897704,0.32773818160535906
3939,-0.2910730034656372,0.29453561901902353,-0.30547863347195753
3940,0.4141120619150936,0.5530083919181737,0.42803840424393297
3941,-0.5160745754633074,0.6114318555967859,-0.9393570635931011
3942,-0.5674201371459149,-0.18367117620547316,0.04298358554099019
3943,-0.02445047974645387,0.6205255618787406,-0.9824541843566402
3944,0.06675545834478396,-0.2627947441981129,-0.8703011944416749
3945,0.42185149212738726,0.010069544150963691,0.017979059087334038
3946,-0.22768989710435122,-0.7502340680388594,-0.695149163017071
3947,-0.02290334948554868,-0.5529609635742037,-0.4442878644244801
3948,-0.28538371141351054,0.3757949410238068,0.2798355741761846
3949,0.5877490034210262,0.8335340406880655,0.34058298877738297
3950,0.32712424913961136,-0.3609866211037889,0.37364108312682565
3951,0.6310519535585299,-0.34784845304554957,-0.3264569414311006
3952,0.012415600949511385,-0.9156508977966084,-0.23612595589592386
3953,-0.38974350003716357,0.5575925229127712,-0.0849865603816121
3954,-0.5653889482567824,-0.4059105277579173,-0.003192260546685158
3955,-0.23736921919592546,0.07417590134957189,0.8144461214099294
3956,-0.720458943399588,0.004787564245581114,0.18183750802440127
3957,-0.04621645591942795,0.10327594827727105,0.2498807603864734
3958,-0.5490162343334738,0.07158245738010169,0.25116166713053273
3959,0.4942453831142543,0.4775597796005473,0.3503776132701458
3960,-0.34070147065081957,-0.16373583905664305,-0.06506236452363343
3961,-0.9411045472551296,-0.2938352193319413,-0.035384623790761974
3962,0.3663123403417331,-1.024266230390744,-0.2474776630164333
3963,0.026533623709526735,-0.18509953369863508,-0.3843911347807005
3964,0.18656527817353327,-1.8945552697664194,-0.2492197111585645
3965,-0.5003748942691703,-0.4056126727345959,0.2750392782766623
3966,-0.36211958767036057,0.00037658569449188883,-0.6448660135504093
3967,-0.5545596222960867,0.06787757297726704,0.6460066788637198
3968,0.010196565630725414,-0.5110612866692834,-0.18662028061326927
3969,-0.32845031203117153,-0.13741531660191264,0.19657263055515845
3970,-0.2384323808881883,-1.0311582571702576,-0.022542774458917218
3971,0.2863181912672167,0.05007477608676163,-0.16416362020666464
3972,-0.41601321149672965,0.27666314437306067,0.3979329090874231
3973,-0.48386735073918763,0.11039094504149391,-0.32976442657989125
3974,-1.154561976315496,0.3949700482267139,-0.9078665228789295
3975,-0.8866782013084575,0.6212637579952472,-0.19454461127543038
3976,-0.3319573494089015,-0.91061852181075,0.4011886790620352
3977,-0.29842178676551395,0.30996074263472867,-0.17214848773441024
3978,0.58990815116271,-0.4052850289254248,-0.1747670980906248
3979,-0.557749302519667,-0.2183898773141493,-0.23973907517394377
3980,-0.12106787576433685,-0.18821236674847724,-0.1831332336215063
3981,0.26416618606328535,-0.3650990370055011,0.4496296273255177
3982,-0.15655989839966722,0.1967467768691619,0.880762396500259
3983,-0.15442311795256367,0.22485763321201815,-0.12691539021417486
3984,0.33821805729203425,0.815318486585742,-0.36740387699105037
3985,0.1629067675203988,-0.48044779417086697,-0.05763996494929414
3986,0.21130559704200938,-0.5721472893632888,0.46453109264931913
3987,-0.44410747546633966,-0.8712412457671432,-0.27324896423458095
3988,-0.783992146145383,-0.004133688124527953,-0.7071799945266422
3989,0.5183220146730716,-0.2966395863941407,0.4033171140530527
3990,-0.28642550406969247,0.040050228462017445,0.6632150835994005
3991,0.0005206328032423029,-0.535108279441632,-0.1333430187027305
3992,0.5553061964200735,-0.35276465973357124,0.4422829279684765
3993,-0.18003474650428505,-0.3643536067369483,0.1561194539062367
3994,-0.42857073183207334,-0.8279106105738281,0.23565677497346985
3995,0.17604378864934403,-1.0331342905201315,1.2888139278724335
3996,-0.07794759357421212,-0.6709392775077682,-0.3004972345302495
3997,0.6435819698874553,0.4498473366740492,0.09246802144396306
3998,-0.06720881586677446,0.1102296042428657,0.3202912547816815
3999,-0.0892395161794628,-1.0170106535833245,-0.12805402906439387
4000,-0.19534747260922242,0.38326134559374836,-0.9953563444313442
4001,-1.5068931408988813,0.20197586936904205,-0.9184541919154582
4002,-0.3223969325749146,-0.40879360088092764,-1.249349368177776
4003,-0.22121411481790365,0.8141193093211505,0.34839638072729284
4004,0.13736078647657102,0.07871972745532653,0.22775808663888644
4005,-0.5698040421706614,0.37060591873980486,-0.604058747036306
4006,-0.49057940077974177,0.012748815090722258,-0.16422432519176017
4007,-0.05323356031777535,0.5068415166398204,0.9333374056761466
4008,-0.42206302122151274,-0.34853965553875843,0.4981129774294189
4009,0.22612687819607094,0.3708696513179631,-0.7887553809715702
4010,0.42419382376573783,0.548304616184549,0.3987743621305234
4011,-0.3615375068286127,-1.1425364636738071,-0.3880553469702878
4012,0.1538094725524835,0.4081944774005978,0.22512342600105678
4013,0.8447907961460392,-0.5800799770682988,0.4282823380524955
4014,-0.633661574660906,-0.15941482068697718,0.28440097977706574
4015,-0.5588913173576145,0.5051073726423086,0.7691812659529516
4016,-0.0988833047761516,-0.7759864176120231,-0.2338560617987133
4017,0.42776223504940447,-0.0671200121407553,1.5592303876099898
4018,-0.03994893666063455,0.3346603158664857,0.08050308943272788
4019,-0.27438119780728526,-0.6143550017764213,-0.35230685768301295
4020,-0.31222026007758324,-0.2659060398906939,0.29004570690039466
4021,0.22643898479605168,-0.7090823840044325,0.054167971595401286
4022,-0.5713803457197688,-0.7048141339745969,-0.14693939645275172
4023,0.34831703929827407,0.049076977031427445,0.328028980957162
4024,0.31059290760657143,-0.4390917464276084,0.7117171115881394
4025,-0.6606143486494559,0.7887007126349449,0.14933009901793434
4026,0.023916246266740236,-0.3871861684404572,0.31674784357974245
4027,0.5638087538566916,0.5407744960259275,0.26580740055904784
4028,-0.03552591338547979,0.25894432663752254,-0.045817324880989906
4029,0.08700946467045272,-0.11228445994676221,-0.3232573699338244
4030,-0.17626136805056408,0.3593965029770844,-0.044056494726854425
4031,0.07908577791380375,0.2941810968368604,-0.1418070589593017
4032,-1.1391420873754738,0.4805123951260774,0.4142147726590521
4033,-0.336127981409273,-0.048839571578393665,0.01845313998128275
4034,-0.19662873529632668,-0.5639275535634266,-0.04723006892385364
4035,-0.05290087748932557,-0.5380770845622141,-0.5560962601526831
4036,0.06588107857161993,-0.0793092444648339,-0.04123781288558631
4037,-0.9466082397916892,0.08417719538122084,0.2597553259387813
4038,0.45538266051472576,-0.7024449426374666,-0.7358902702180184
4039,0.4502322789795981,0.2864610032790095,-0.21289744557900733
4040,0.41122005382288246,-0.3195305229407817,0.3490060122815879
4041,-0.674415767593806,-0.34880542906860235,-0.5962758152559114
4042,-0.173211132157682,-1.4627496417502648,0.9341732801611115
4043,-0.4158168303019761,0.14538751373455397,0.21993643430922724
4044,-0.008315996510572573,-0.2235147955806559,0.6042291384823237
4045,0.842753230727477,-0.34195983300492677,0.000302956481579995
4046,-0.4036557552545682,0.7774964311898638,1.1631426437673538
4047,0.17671925486485301,0.07892234654857545,-0.38307971563064497
4048,0.4963021385134953,0.33195562310185456,-0.4265356062984876
4049,0.22513082602270162,-0.0919893579274163,-0.4349877995564962
4050,-0.24789736443881816,0.09719921467829981,0.3625373149503915
4051,-0.5326062985319594,0.19980778664898885,1.1990591779832454
4052,0.12162565163056714,-0.059051661944774826,-0.046378620308885045
4053,0.4332972189599244,-0.7843014348709381,0.26248242823883167
4054,-0.32786624326332914,-0.09215910709283211,-0.34477115896792265
4055,0.6643258506262614,-0.2056158445863382,-0.21709752437600766
4056,0.49754880071617835,-0.44837467252299873,0.5758836278413832
4057,-0.2587364398942445,-0.079194477665321,1.0332148114346122
4058,0.15498223011688192,0.4765157221470367,-0.660691908760023
4059,-0.7997305398581891,0.35053597690462024,-0.2656314870428749
4060,-0.08773031956432938,0.02590459498962532,-0.3809068787272352
4061,-0.3594300195202975,0.33681007456284934,-0.3135152267711302
4062,-0.23868634317276666,0.12312051380426098,0.5114516944628271
4063,-0.8246369608113675,0.6348028050699592,0.304032422228607
4064,-0.08036295748739562,-0.19003921313699185,-0.2898442803839713
4065,0.05413997793272609,-0.007633514867192124,-0.637417608502679
4066,-1.3257699454184075,-1.4230125558888138,-0.2658426214042814
4067,0.1114442195518351,-0.28453708524608795,0.5570773690064191
4068,-0.20239299087057702,0.4682370444519566,-0.26148861592164374
4069,0.2832224708830591,0.29370659739649224,-0.4211353712619021
4070,-0.6643800713335392,-0.10531968412416577,-0.5131588446762834
4071,-0.04908810382704133,-0.5122525157668787,0.9619248490446195
4072,0.3039296178893494,0.7282913104649207,-1.7547261938660403
4073,-0.1620608772988397,0.7324943437226233,-0.01871854923700601
4074,0.5958131974493643,0.5277480443616592,-0.43963103498810807
4075,-0.20369765091342695,0.11415955393261323,-0.015442776640261155
4076,0.47229454915645064,0.19468308292590852,0.13816398398727966
4077,-0.96638645366566,0.1528049622944595,-0.8146819416015819
4078,-0.35675179769832693,-0.6455272243099831,0.20758685172351252
4079,-0.272791443389296,-0.13021927583259033,0.1215113342917771
4080,0.05326038369268903,0.6083290965527338,-0.3342689102708411
4081,-0.43213510775568714,-0.2604700122511657,0.2811309600203443
4082,-0.4671410161827077,-0.6465842222203517,-0.0077962942259231
4083,0.4762684324875472,0.19243749195653143,-0.4367097493246481
4084,0.38767828686355077,-1.0254996598278252,0.4212989878088934
4085,1.5140303927815186,-0.0652127877737789,-0.8742607713245435
4086,0.5314831212776485,-0.08807014852357682,0.002882507320374642
4087,0.6703912685725223,-0.6307289388050605,0.12144635717482692
4088,-0.5105633705516618,-0.754953529893603,0.7170317964025813
4089,0.30295512469046887,-0.12856228861055483,0.05567986097679512
4090,1.171909531197927,-0.5004035477057208,0.11025749759501627
4091,-0.24917395480034796,-0.5215117362810114,0.4035642425950945
4092,-0.2871540085282983,0.16109038450243926,0.900902426938694
4093,0.05954639466724886,0.5808724346595364,-0.5071828176584674
4094,-0.24081066486518451,-1.1154797065196578,-0.22627674730918396
4095,-0.55390716578278,0.46827452884749377,0.13559027626631298
4096,-0.225642051019969,0.24293948701248802,0.012963959491802686
4097,0.6045424979944247,1.0886687350817164,0.08187797853632002
4098,0.13255271083477133,0.2390234598988459,0.38664805938743607
4099,0.052047684489081564,0.05010223450406183,-0.2566958554678758
4100,-0.41494204918074334,-0.33800552442667126,0.41472403945361774
4101,0.33373969258984376,-1.0048070067635173,0.10946829209739771
4102,0.8593620613128218,0.10059983606202409,0.4681193581307825
4103,0.2570165587223066,1.5392626994127414,-0.2197047478556532
4104,0.5146452124937857,-0.7397382622113722,-0.35901607085833215
4105,0.6983328703288162,0.4798759277685597,0.6085251068748138
4106,-0.07679108213176067,-0.17774130227196636,-0.5348623502373792
4107,0.867272928512106,-0.7775286416364411,0.20397128400148343
4108,0.3067246278569007,-0.05211891951734521,0.4025779431776525
4109,-1.0468670356843133,-0.3357389911699436,1.350252829178409
4110,0.4533110048032683,0.19208867255387008,-0.35350174355505076
4111,0.38120679483647796,0.6950922380132355,-1.100581033760746
4112,-0.891751919085567,-0.09799135841999584,0.31408844392567764
4113,0.8179768429889218,0.2922362993211243,0.5685501416549376
4114,0.39140854389530444,0.27043896589703786,0.38642766540631296
4115,0.14124405792290917,0.26341284068699244,-0.3165220384218536
4116,0.2449596319561046,-0.09070625718625065,-0.4682940880968958
4117,-0.2512939987649814,-0.815911798353146,0.12277852762874274
4118,0.6041237773825547,0.5823478979839858,-0.33320859393605756
4119,0.2966787861512001,-0.8764002477066267,-0.1343610259919568
4120,0.8502634160277792,-0.8840113498420501,0.388396000974845
4121,-0.35233125093284656,0.7509696496981536,-0.09269278150589408
4122,0.04075397452854469,-0.08978814231197946,-1.159943835063715
4123,-0.5612084737096535,0.31049206605028357,-0.19839573370575767
4124,-0.22256707157651268,0.2979868505863458,0.46820043262807526
4125,-0.18625111408795186,0.21153885140961978,-0.5672078825296339
4126,-0.14675120378951487,0.37730976905379693,0.018163319467646186
4127,-0.7038288258249122,0.8043095092854803,-0.10993337801289099
4128,-0.5169214213654788,1.3566239573172365,0.4553363705312077
4129,0.27423104770275614,-0.129528296770472,-0.9541126505373546
4130,-0.052235608964894015,-0.41389688108319267,-0.23692235222908123
4131,0.7732185200173851,0.19175272859703435,0.07692244496381723
4132,-0.04534835093007867,-0.2887143607392125,0.15773927422998818
4133,0.024531975336427276,0.13900787806484668,0.4038818888005818
4134,-0.6402343472769736,-0.043177250034032104,-0.271819070240702
4135,-0.3881216240822357,-0.9768203040616583,0.34700903742696965
4136,-0.3311493074493519,0.03634989212735175,0.6685569731865121
4137,0.43055754476684865,-1.0513888987633835,0.2392352477093989
4138,-0.09532469685330158,1.215677565177224,0.8992464906869099
4139,0.5751190964118659,-1.418381562500451,0.1541018790255579
4140,-0.012101491376091646,0.8929273649732363,-0.031130767921163902
4141,-0.18431486138945477,-0.9105744956503732,0.19059057453629516
4142,-0.4628429642877256,-1.0531748796363039,-0.01766292918219507
4143,0.19333319623278508,-0.3934890081624106,-0.6759207438607037
4144,-0.41827574968144376,0.9904963496674495,-0.11207489681562258
4145,-0.6272082994630976,-0.6328947573644845,-0.17489594268555628
4146,-0.32749242636178144,0.3074068904191149,-0.6095855530404494
4147,-0.5971031838762666,-0.4816577222126666,-0.3043946654804196
4148,-0.014447478942911825,-1.092668917790149,-1.2279235175620609
4149,-0.11106814707455738,-0.5913129289756986,0.912599101520028
4150,0.3488546987784634,-0.07665821874866165,0.9520770380483716
4151,-0.2558360001549404,-0.8105168294616946,-0.30539134598870377
4152,-0.08519444834209632,0.2883301655211109,-0.058544572779117954
4153,-0.41093274958677706,-0.13599032579276207,0.48792881579423386
4154,0.297671143932267,0.6867616328501421,-0.0018076380487333779
4155,0.017267781464024894,-0.11470721483126087,0.4332080816152333
4156,-0.9811474134091204,0.1781322479955684,-0.2185232036648305
4157,0.27705434182862637,0.3622246495652537,-0.12268877493014814
4158,-0.6513294779736422,-0.9639421433738772,0.7430941741934991
4159,0.22484883155726657,0.2559502415418897,0.012727906331666258
4160,-0.2702964115275842,0.44643417147420006,-0.8294933536382104
4161,0.2176717537401433,-0.7484121929078511,0.8733625353843709
4162,0.5212790870613699,0.8454182139773555,-0.004487462090857337
4163,-0.06038483240050907,0.6099626168869767,0.011338452934949146
4164,-0.8096149760884298,0.1473374116744824,-0.14471442719408797
4165,-0.569902032910836,-0.5704322939384419,-0.03356366017330284
4166,0.10992292851216762,0.2868516270399073,0.06358580721797921
4167,-1.5306039080099547,-0.10414703304787289,0.5899090360184698
4168,0.13086254402002098,0.1566892071380578,0.3993356869257536
4169,-0.4375010897112258,0.7739632202262646,-0.08022683472909015
4170,-0.1622090196770475,-1.0904189968098894,0.8794306640198519
4171,0.21228524672953944,0.7797243754597746,0.29777236053826456
4172,0.0015882313489500085,-0.25013969259417523,0.26394750574998616
4173,0.28270234281208584,0.6586399121647761,0.6544649718320926
4174,0.29250575038607746,-0.3896798061208303,-0.5331580795637496
4175,-1.0901958948689991,0.37946610706122214,0.2168594283808336
4176,0.555718432942285,-0.5042189531580745,0.17564451150478838
4177,-0.5809520862883348,0.11981650102352796,-0.18332130946205907
4178,0.9108150511962261,1.1118876089731495,-0.5354618969380545
4179,0.3212747019012266,-0.07499779080421225,-0.2016495523708452
4180,0.10100097888876709,0.3491450912171309,-0.07720202024305818
4181,0.35603744105549334,0.4534153794982142,0.1632568184893433
4182,-0.7623112090122336,-0.2797824705169785,0.17516180457336483
4183,-0.24434816701902126,0.12764322322313948,-0.24460169062186274
4184,-0.20123183346100143,0.15655760227134308,0.019806405850931397
4185,-1.157766769979066,0.30308502428208756,-0.18095361670647003
4186,0.5062926937709825,-0.625947694166922,-0.009979807992914085
4187,0.4466553054754499,-0.829759545337128,-0.5342002738001036
4188,0.97663137205053,-0.8004189302114837,-0.32881543616770725
4189,0.255162551063495,0.04697615098606744,-0.43292914246002795
4190,-0.48961821570171365,-0.6117686342697665,0.03458754382196769
4191,0.48971396614109214,0.385855020345024,-0.18511899848804714
4192,0.6066262019191856,0.8424945555669032,0.10019889721930886
4193,-0.0327965065679451,0.25410472490044195,-0.31953241047134406
4194,0.3855415316235217,0.259638355811836,0.35888353676619394
4195,-0.5502844101995193,-0.6744859276662521,0.6492752976379305
4196,-0.1560561014626229,-0.4732038580056165,0.3754228474338042
4197,-0.15503777684897638,-0.14039348749870725,0.47019386858823975
4198,-0.06134531345544196,0.6126155023260161,0.7384151454732731
4199,0.465621614949728,0.30202520997854665,0.5212753983003126
4200,0.2086956342558913,-0.8603559619136829,-0.42034216621892057
4201,0.3742762529936526,0.1559704916955669,0.19215380444256777
4202,0.289025417188241,0.20180564334164516,0.9625763254050423
4203,-0.1549439568722057,-0.31171720059411817,0.22134255829625632
4204,-0.3886337800043524,0.3848309250063235,-0.28309534912260903
4205,-0.1056843855186361,-0.07204264198221035,-0.02029753354388879
4206,-0.2166866786795268,-0.283507431342687,-0.3563456337830146
4207,0.6135145966234489,1.0904081993883525,-0.487392637240687
4208,0.11262137009964138,0.50199983808406,0.7845915602041426
4209,0.6285941294634698,1.2515345499237398,-0.4512179594746558
4210,-0.9656589230918246,-0.4068486519363616,0.6515132219470826
4211,0.315386613463919,-0.8014524320423965,-0.19454569270384894
4212,-0.19045650023289332,0.0348157795966356,0.2624781329228038
4213,0.131457312375186,-0.6668495974233344,-0.4493481536783041
4214,0.5220284604339496,0.24279182937828736,0.3508763068746849
4215,0.37450551566721874,0.7050257961668077,0.14113460199695632
4216,-0.39120811703744424,-0.010681213755264048,0.6307194095301932
4217,0.6267459926451271,-0.5287640864437936,-0.42541877623841473
4218,-0.25272070521567314,-0.7611082491938349,0.7845363991370453
4219,0.12386586644809061,0.29357517535712835,0.6479314666592484
4220,0.04293372304385054,0.33849198844223777,0.5337328206943384
4221,-0.10747898676141178,0.3843302710053975,-0.8452033827354175
4222,-0.4233981851187323,-0.17104812426873497,0.5429037265959686
4223,1.1869069407120851,0.05164837003407358,0.29623962516716024
4224,-0.6191658508626805,0.34261783752257635,1.09076970356899
4225,0.18712369694286582,-0.2547045189755268,-0.1195246456246435
4226,0.3269518709128935,0.26178501736672677,0.060843097317376714
4227,-0.6926710672101168,0.4841745064324832,-0.1328434037576008
4228,0.2727247430474908,0.4117386670512986,0.6827441376110777
4229,-0.09477473286142626,0.20285851260508792,0.6370818224100152
4230,-0.35889117058284287,-0.4656672325669704,-0.15439836723460967
4231,-0.0420845014693685,-0.9346317753607852,0.8866557969484046
4232,-0.0469922986367607,0.13296936574572332,-0.1098155612236562
4233,-0.6264634189349443,0.1806615685394994,0.3027248754361352
4234,0.42859568478816856,0.7050665681476009,0.052511483541829614
4235,0.5818916300408865,0.09934535017667201,-0.5003949580459142
4236,0.06796965823360632,0.008103779730891884,-0.3430553303389659
4237,-0.8566423324264132,-0.7116494876950876,0.4342749611633543
4238,0.021284823664801653,0.4335340679030592,0.0031283069898721525
4239,-0.14325631729216043,-0.5911172761317324,0.007281706260556823
4240,-0.4291301936021036,0.8538558910080325,-0.38004667777396717
4241,-0.15815152274680025,0.580787029488764,-0.4076495982909516
4242,0.20379773890114825,0.7694629113781811,-1.216482287008093
4243,0.2577329749106465,-0.8741038841107551,0.23845848242224876
4244,-0.23404982539983865,0.4576862558037348,0.31683725388226375
4245,0.40182088060640336,-0.044100690120008675,1.077190700304934
4246,-0.07456710246129972,-1.1594336596491321,-0.5913293900493691
4247,0.39770834679108036,0.3486354302693631,0.3862751761866728
4248,-0.17134176841116475,-0.8661759412943149,-0.3401530697418248
4249,0.3904018025848287,0.420232410887737,-0.2945645993505325
4250,-0.5803230882117199,-0.7573441677859434,-0.20945408954992722
4251,0.23170409453509969,0.24806336892122133,1.2515874523075954
4252,0.14872912196969085,-0.10986488942709885,0.10634323607196895
4253,0.6428016051152252,0.09143602527168262,-0.5538831634738656
4254,0.6505333603517485,-0.210934477146101,-1.051337204614074
4255,-0.1491596832761817,-0.7079554560995527,-0.0480848506453759
4256,0.14819716011019493,0.7072682263634893,0.4741109400834835
4257,-0.08001798961978768,-0.896086060696077,0.26868353461453276
4258,0.3900270052346213,-0.8909593957259427,-0.7724060096431581
4259,-0.34259946771788186,-0.9434612510532555,-0.2306598673830604
4260,0.3198587598636786,0.41934687761749,-0.13215699735662795
4261,0.23701722953214716,0.8604490938797223,-0.12801878241926376
4262,-0.3163286256631975,-0.24285029044397577,0.07528360581598907
4263,0.22887443977104302,-0.4082422042527808,-0.4808958904960969
4264,0.16709175225665784,0.024433259898438142,0.17798317904985358
4265,0.1882824434669318,0.34245078676422,-0.14305358593649134
4266,0.32948689519309127,0.3826896521729738,-1.5458748487434233
4267,0.5581843509229654,-0.42218387308949257,0.15613308048505256
4268,-0.4643332306201197,-0.26501078614419266,-0.07995172532308265
4269,1.1535247638275745,-0.8817774057613245,0.5428262461979774
4270,0.4778788875812709,0.032438921614825644,-0.0828600387546619
4271,0.9989909445375729,0.4258069985468086,0.3578442707036745
4272,1.2904946552119654,-1.0093536635218467,-0.9702793950749272
4273,0.38180829942064737,0.9468057849188133,0.4550134337273992
4274,-0.19811570720153793,0.004839497421334323,-0.05294946250778489
4275,0.27375445607309673,-0.565499920801302,0.45725579702044306
4276,-1.3333810063902949,-0.6698562605807195,-0.6087533634674683
4277,0.19787559334910207,0.012908161800830615,0.7769074038360213
4278,0.6606540404585451,0.8135644015801415,-0.4569911970547422
4279,0.8770184228383766,-0.14849954612269156,-0.5598157286642568
4280,-0.4536549967191983,0.5094476305635427,0.15211900741430553
4281,-0.13374927310968637,0.3636360405394422,-0.27057823071357995
4282,-0.04105089531090557,0.9958825693453383,0.306100385546505
4283,0.6686371823065107,-0.2418709001476987,-0.4333347028644625
4284,-0.8811913087220885,-0.581374976652358,0.2791599213303953
4285,0.9611772199710482,0.4443482466553259,-0.6128118932467355
4286,-0.2039114625948597,0.9024454472971047,-0.20879809462566126
4287,-0.4598020166741454,-0.3659905855368724,-0.42576932118202887
4288,0.9073217871755798,0.051287481647621966,-0.07020939453873955
4289,-0.18316457177857998,0.5980704009465492,-0.8519566346373599
4290,-0.15680803693083714,0.4304601052225115,1.2100820955140315
4291,-0.8886862659285273,-0.9527766111146208,0.10749444248954261
4292,-0.06151425120682643,0.10099797997706857,-0.13917776811589588
4293,-0.049560466675407144,-0.4880151679975751,0.03286503141432407
4294,0.3723134330240685,0.8576758601729219,0.5952222604644498
4295,-0.05702979925898631,-0.3614215014895713,-0.032884883882445926
4296,0.27418712254574423,1.047959935778179,0.4164123087967772
4297,-0.23276218591407843,0.7032051674519224,-0.4283932173576128
4298,0.17534116968180175,0.8708312977217726,0.009253601636806785
4299,0.17638924992461574,-0.049439535717427166,0.47439008979933445
4300,-0.29615908299399757,1.0170868353301703,-1.0758156784268647
4301,0.690429401044238,-0.6234603600888777,0.5342130186592136
4302,0.36008484707650074,0.2471244574095181,0.8386649942554452
4303,-1.024801365917797,-1.279267473487436,0.2796917865636012
4304,0.08454442947797956,-0.9045117735946797,0.46472746050031777
4305,0.159565639709287,-0.2897126958100672,0.6930079697046859
4306,-0.5709173747007045,0.2834222682499959,1.1136127811949907
4307,-0.31714355403597616,-1.3677849907870203,0.022789424648531044
4308,0.13054185744847116,-1.4663334589869192,-0.32161296549001855
4309,-0.5086525043685808,0.7643276221076022,0.24649271723234784
4310,0.8436118151763703,-0.36967116368763164,-0.2806857395611938
4311,-0.21569991850910816,0.9229127684664261,-0.20534723643405822
4312,-0.320951697824792,0.32885909652057715,0.11241031531515353
4313,-0.358667295373514,-0.9005356443295313,-0.04573682307177225
4314,-0.5081444083068494,-0.1747715180667159,0.5494691169309397
4315,0.41419773919706204,0.1646029919724188,-0.08744520890527994
4316,-0.04315518593552966,-0.44042737575215984,-0.18618628587009317
4317,0.10587164755806666,0.49385725004559455,-0.2268928335427098
4318,-0.10117218247201282,0.5521665811594433,0.5281147767669228
4319,-0.30363607708917095,-0.43940225502836366,0.9282616038683986
4320,-0.0013962519664081346,0.30545281733954704,-0.5068449615198649
4321,-0.502499190429365,-0.39083196101287365,0.4561328647730493
4322,-0.8916456968751452,0.07565665876650435,0.15686028787566555
4323,-0.20198834571758453,-0.8546878330548006,0.34862139395648306
4324,-1.4302432516312913,0.006995751199688734,-0.22493581888455255
4325,-0.057665525711313295,0.10107844781394891,-0.08285039602529566
4326,1.0218720879753558,-0.03388288071264682,0.05948918876881213
4327,0.7429441734844426,0.7638638216206975,-1.1345221820967735
4328,1.3321895329628761,-0.9279505285373968,-0.49683672577820365
4329,-0.0375983122034854,0.14448365745401107,-0.6147417391040783
4330,-0.7953898905187724,-1.208986166512179,0.6662417962771497
4331,-0.9658739294851237,0.5796448813825159,0.5132407751571078
4332,0.12842710098658702,-0.6416188902428701,-1.1163320729929807
4333,-0.7505971739207773,-0.28959275338121415,-0.05760880329996838
4334,0.2658127507330377,-0.5432379447144869,-0.097808061762597
4335,-0.33317408448377234,0.1415277063721173,0.2592485062133374
4336,0.5580616862460717,-0.23859015762495173,0.33581000194158467
4337,-1.095233267142007,0.4705507956580019,0.38680859645551513
4338,-0.2858780394760025,1.4597997787719779,-0.662134413004837
4339,0.4661195958089456,-0.017508581890985656,0.13833403653579177
4340,0.005698369889715994,1.054780424435025,-0.3254038171225712
4341,-0.5375234214207761,0.4303923552850526,-0.07255878501068443
4342,0.4562331780988321,-1.089696079778612,0.20837041380437696
4343,-0.2154982809266969,-0.4445551611920007,-0.5107236642339824
4344,0.0646736610950147,0.35202824292175633,0.05810702384057247
4345,0.9849406601830951,-1.037399568102167,-0.40548365470551995
4346,0.6531215822966824,0.911333284814618,0.6095827158050966
4347,0.15583509733497236,1.409297127016347,-0.5561245882067257
4348,1.0795737231750209,0.21075788522866457,-0.5922688478282399
4349,-0.647974350041186,-0.393845133632233,-0.3220323883443529
4350,-0.7858661804356444,-0.6161338470421481,-0.5170621786710163
4351,-0.055359361767362544,-0.555042532993554,0.5866265086858327
4352,0.5203872210321285,-0.19207939925986106,-0.7250078419361824
4353,-0.39916353132471943,0.12635396482770622,0.017543965873787017
4354,0.07137810616612422,0.8850694232907206,-1.121515033892627
4355,-0.5273589219666546,-0.6641135613800232,-0.08107655991042288
4356,-0.3447162460366413,-0.2731832411123053,-0.20764922463793872
4357,-0.3566197541154337,0.8103794786237243,-0.2703206528372112
4358,0.5648280646660628,0.07757430776725378,-0.2674819895578661
4359,1.113744155322886,1.4314634806358573,-0.7337729477555794
4360,0.5168468686344174,-0.5718571503249003,-0.1335081228048666
4361,0.5187424201513535,-0.2046035354935995,-0.6377706952887584
4362,-0.31575091085463625,-0.02834525639232392,0.3091067786553384
4363,-1.3142665400421323,0.50511858170527,0.18723499178785027
4364,-0.8271959003152745,0.7080901872578285,0.4376155283626881
4365,-0.8510551496057595,0.5431780693784203,-0.39382863684227787
4366,0.11497533885164686,-0.13572919707580058,0.29971783092904625
4367,0.33865429470644437,0.033565697446529506,0.3751330856304677
4368,-0.06507361062023642,-0.680081681913435,-0.34783528890728155
4369,-0.34317509489019493,0.07351719367952649,-0.30521898311240897
4370,-0.5624866320549705,-0.5655661540391185,-0.15298733129052694
4371,0.8043672430766061,-0.783168681218931,-0.20562021486074447
4372,0.2481271415250479,-0.08436811357834988,1.3131624195243152
4373,-0.005902755813813559,0.8658220420740077,0.3502609947783806
4374,-0.2670638985445354,-0.20590518028266733,0.24857355960715805
4375,-0.29065183663586913,-1.0044865187910106,0.4369515096153253
4376,0.5379820746514044,-0.9067690556666849,0.7091960037771984
4377,0.7745102952676898,0.4330889474684631,0.5156608943632884
4378,-0.056721351484814574,-0.05533354155068023,0.7552566485569046
4379,-0.11680368739956186,0.08770210286605597,0.491910383434032
4380,0.23728400783219447,0.8806390811465364,-0.29158056042348107
4381,-0.25430396407674877,0.5134982699447201,1.7746113070205802
4382,0.6827220403049874,-0.8453812740980565,-0.8414981268247728
4383,-0.3823335097134324,-0.368722566479395,1.1284264587872357
4384,0.4133546061077664,0.526152336957798,0.8196726915876902
4385,-0.4865048772920875,0.3278215020239233,-0.531117804585775
4386,-0.42057800317328853,-0.7703176401183993,0.6575468029217015
4387,0.6485337698363204,0.12303426618882903,-0.2692309489958096
4388,-0.08392782122553787,1.155758533976029,0.6678042672866948
4389,-0.015543321278700685,-0.4897148403473599,-0.43271676127527664
4390,-0.2250534661436557,0.3755298069819334,0.047190439706057755
4391,-0.5003666296815589,0.19953290980253885,-0.6263129837776292
4392,0.6577465615680063,-0.344743737267086,-0.10179154759349864
4393,0.03915660580872597,0.266014971201767,0.029147822180550623
4394,0.47578640057415483,0.11108674189109503,0.7575801467396276
4395,0.10390935970908997,0.3549995319937648,-0.569526020781913
4396,-0.27968133789777355,-0.06578850775428263,-0.2622237128343752
4397,0.28693255842644727,-0.42298092026529727,-0.1722534679270542
4398,1.2476323846261204,0.19537793591792973,0.17814974737883899
4399,-0.019443876060027482,0.8378384178763069,-0.19683169668739775
4400,0.7818861756439645,-0.38768514309316754,-0.2786349885908447
4401,-0.3837553624366005,-0.12936583655213468,0.8070631654256525
4402,0.2157577852499876,-0.4374034999947204,-0.5039419394310728
4403,0.10001354672402929,-0.26765496003010625,0.4841103691790991
4404,0.08202143064982438,-0.14729556390839413,-0.6538393568603018
4405,0.5257737903757632,0.32574458419613195,0.5363689439876455
4406,0.5556590188983835,0.14575129009531038,-0.9573279372854988
4407,-0.6231643998108735,0.5168317180014916,0.10793719352186253
4408,-0.049486894206615464,-0.31286337816448573,-0.44027175995405454
4409,0.14178272761372204,-0.5225041511759239,0.20844286144906302
4410,0.359388465523683,-0.17735551874402147,-0.3228493643098932
4411,0.10589734814345927,-0.7905844114318896,0.42349473609784866
4412,0.3778579938337564,0.567978742943285,-0.23841837143755337
4413,1.0247873377885441,0.16360772792399572,-0.3065236286628363
4414,0.4205427040044895,-0.38150963578790226,0.09300463946039746
4415,-0.9135858619674725,0.42113993553691076,0.026420106630646225
4416,0.17843652079723207,0.027163341350709483,-0.17613303663998878
4417,-0.1506741492367753,0.4939927010545331,-0.1079423509820001
4418,-0.49582553370305266,-0.36966769100858615,-0.6166906556202123
4419,0.24148014197167628,1.2218690172368663,-0.35834455700618223
4420,0.06645105519252782,-0.7425174485741667,-0.012538119042013502
4421,-0.3874345486881525,0.5206644833017884,0.18920894773044003
4422,0.256907793967156,0.16675923434657186,-0.3859114426708537
4423,0.016292559507771334,1.010231899928002,0.2104613287760536
4424,-0.3438776092090647,-0.5408632952202783,-1.6052679673297603
4425,-0.389259069647951,0.14762470638083802,-0.5686319967090923
4426,-0.5749126787328925,0.2903891694178246,0.3442667265621803
4427,-0.45155080722102725,-0.7343240270054754,0.2640532669912129
4428,0.20189369280644345,-0.2232230054033892,0.6393195548124501
4429,-0.09098909972748861,-0.5471215676580645,-0.2044605872746569
4430,0.13137023497010503,0.5175462371805802,-0.4695684523823666
4431,0.22067733880915938,0.11337078755879311,-0.0596828307401561
4432,0.6985969997188682,0.36896975998653997,-0.012867978401127462
4433,-0.16365334684483995,0.3381800585660649,-0.2303380235936513
4434,0.38158876384332374,-0.7002806886649823,0.5067487173319489
4435,-0.07705942396215575,0.20320568526220448,-0.330725078892184
4436,-0.27640205036829824,0.2365647061867217,-0.10346680866454533
4437,0.18767683702490298,-0.17404659063775035,0.2943343401318618
4438,-0.5106852231280609,-0.3319837492222468,-0.153793913233966
4439,0.31869685273283793,-0.01600181363587293,0.7671752434033439
4440,0.18217054164805155,-0.7502100849051891,0.010099037024208288
4441,0.32472934203593573,0.40742509657738396,-0.21326310909265775
4442,-0.5771536687510386,-0.003979443087622196,0.2572626658519358
4443,0.48805694202763855,0.5629478272001798,0.7834854056539821
4444,-0.1730449363971826,0.3589960288341077,-0.07178818181129888
4445,-0.5586277933362123,0.29364131394777865,-0.4728000986272432
4446,-0.433711511841621,0.19184352074872552,-0.3171600911978925
4447,-0.9453301284265516,-0.7591266989592999,0.10066563090318476
4448,-0.6149160729556541,0.028231754989741863,0.1897086219902693
4449,0.464242857870867,-1.5209162692423215,-0.18584759948076843
4450,-0.18108981133280874,0.5096555027053227,0.2575192998419943
4451,-0.19740361249964217,-0.20702232502583037,0.10283129098374315
4452,-0.052119536000171,-0.041154171114869596,0.13602412994855131
4453,-1.2112720142801305,0.7362695556687046,0.22343852727212404
4454,0.2575728346559125,-0.7022731915461333,-0.3231139996724744
4455,-0.4926738108856195,0.91112525808055,-0.17052695294907785
4456,-0.1046603693907868,-0.20366756166510044,0.07108518998979754
4457,0.2216863795379515,-0.5086673149926048,0.1357769228018546
4458,0.14294932107981637,0.5197401920526343,-0.25814363799392015
4459,0.829693006256457,-0.6566689918038525,-0.8401916165843212
4460,0.18003663254530594,-0.4593044247336952,0.06446297756590484
4461,-0.24725203031181328,0.34673099958382547,-0.3219931495928982
4462,1.1686237843624634,-0.5027418607100854,-0.48436905795345403
4463,0.0384038304188896,-0.4832596974890359,0.015497236098018416
4464,0.33504307694332147,-0.3161228303163981,-0.23108099736672644
4465,0.7516854372972197,-1.7044352027365945,0.23303300037408375
4466,0.1039581117962714,-0.006228125594300982,-0.135676566510847
4467,-0.18761925412008726,-0.07274111260902397,0.5289879568005061
4468,0.03298116548131754,-0.05812648476800329,0.0807175975557783
4469,0.6648885533500264,1.0462926729372597,-0.7847947602155217
4470,0.2582711673576853,-0.4549307718076025,-0.27720727088977054
4471,-0.1079967811056486,0.24105694853820614,-0.34125543113854595
4472,0.3649571822819931,-0.42889221284195284,-0.9334704870221132
4473,0.24394863274475884,1.1180902372646728,0.6553960998432403
4474,0.06257607298785038,-0.5068585075263833,0.1395035413019334
4475,0.22649930013423245,-0.7488041612215207,0.44007551539940454
4476,-0.4293191261454839,1.245513193332265,-0.007069018843673367
4477,-0.5575500702531302,-0.602263154403874,0.39708481263620166
4478,-0.5398429877891057,0.22929210120286728,-0.1324494325452349
4479,0.4173348881709538,-0.5383393974870974,0.0027190454393448632
4480,0.628682851935845,-0.0707946502206248,-0.7338316992162089
4481,0.532871291788942,-0.12500009475383062,0.5634399804962192
4482,0.36390868549855765,-0.38417481643305756,-0.7117338077168068
4483,1.0397827070634877,0.6664524096427983,0.19232509842659226
4484,0.5648493061856914,-0.19325925847181358,-1.1196361766890306
4485,-0.20186502626202402,-0.5408029806196516,-0.6327698346435602
4486,-0.2971907813990214,0.1270498786936309,0.17888482684159904
4487,-0.2012731094608345,0.5825512277281809,0.21696467070793524
4488,-0.16274547814135787,0.6523876354515714,-0.5061125522229738
4489,-0.6557325279332333,0.18670222197765698,-0.32222551156475093
4490,-0.5151435725025678,0.44228234206061495,0.252290030247849
4491,-0.5495253790733065,0.004200313138980139,-0.08527486607207109
4492,-0.22221003594437,-0.3371146136922967,1.3229968615444672
4493,-0.7086408904083525,0.3072669817839574,1.0768263362082358
4494,0.21971541481641058,0.6292879889193417,-0.3329174698090744
4495,0.624579251618033,-0.4964304022966849,-0.6306013613842856
4496,0.4076880594890718,0.40512282536743904,0.43436850667091137
4497,0.4184196108151392,0.09759035183870864,-0.30791200454642226
4498,0.08042182068808888,-0.20634554674642425,0.9236886517510486
4499,0.6684921259532485,0.463120283116252,0.7015660581901926
4500,-0.18241783582698992,-1.7869278986202353,-0.14010984710164529
4501,0.2118811085736108,0.09606104919573442,-0.5394532831601812
4502,0.056097766542627554,1.3213615384027215,-0.29994156486317125
4503,-0.4268628839211,0.6132110416365435,-0.16140266251976434
4504,0.33535016048754507,-0.4541196550676834,0.27801752055217904
4505,-0.009207185946494107,0.6940663487989615,-0.8725085929983863
4506,0.13701915129131695,0.26022035871458876,0.8408851683070757
4507,-0.2935114248078444,0.5313110607218989,0.03752661260271461
4508,0.1824830473544543,0.7010247464474236,-1.063453221407907
4509,0.47379727915700576,-0.5673357012762804,-0.39464286067583876
4510,-0.21259822683923546,0.846982877131488,0.031095219615801462
4511,0.0957488763685969,-0.8437746440151936,0.12413980987688963
4512,0.15133887771951648,0.5852415715731375,0.028712436321354146
4513,0.4641468197124882,-0.3820595282358932,0.3665803097854511
4514,-0.44995862594332375,0.9808549325648396,0.0642662718085655
4515,0.48018295353088647,-0.6083295064407988,0.6660194905291218
4516,-0.016314529884625947,0.3793453078712835,-0.5245925083297147
4517,0.06653481198365385,-1.1387145732505497,0.3034818616320492
4518,-0.5872228710587291,0.22995536105207212,-0.5411969146090388
4519,-0.36932426149293696,-0.42272938911196306,-0.6057606328552045
4520,0.12640369725923395,-0.3713024193072817,0.4527988906942634
4521,0.3620632749876883,-0.01168359363345292,-0.4891535673782803
4522,-0.048772896558679814,-0.7134321969886301,0.2726753676145517
4523,-0.5963294764348639,0.5720295385303771,0.24715646291956964
4524,0.14521203737559854,-0.3891336096747419,-0.3497272129638427
4525,0.44107815642733406,0.31125662231771045,0.10435427763154823
4526,-0.1720249619418926,-0.9055206932462802,-0.7893376066002383
4527,0.12587164523944672,0.6919485025355473,-0.5853438577260139
4528,0.2821149612221993,-0.6179230588848511,0.6275317188119837
4529,-1.127087125701525,-0.7799095632935588,-0.6134386951471131
4530,0.24771675914207403,-0.3251661945993636,1.2055292568385976
4531,0.18430274931572554,-0.03548082542638095,0.4245657958841162
4532,0.5735435335908504,0.0006913854438006368,0.11119429922562585
4533,0.19113162607186276,-0.5513277101037706,-0.8872337044746392
4534,0.19549293001827073,0.38599275440300607,0.870095018294575
4535,0.42227749301351697,0.34286915164755993,0.2956183436496149
4536,-0.5312411973331856,-0.7886966422148701,-1.1325219031455203
4537,0.7628203631051444,-0.009187287380310384,-0.043665481372245
4538,-1.2933277583427425,0.3069555141673728,-0.7628404760968466
4539,0.3565909796262402,-0.5244753252267761,0.37275063024197463
4540,0.2801880649047703,-0.46108608103942156,1.5209413549568318
4541,0.630089584415691,-0.9978136127827684,-0.4846708190611384
4542,0.10419508731654592,-0.058710938501521565,-0.46206979475653304
4543,-0.3450057933718062,0.31795869974454466,0.04514632452052084
4544,0.0803059234167325,-1.2686029217040762,-0.4679919742076342
4545,0.1886101502342107,-0.3919941395037477,-0.17540099323070676
4546,0.09038438671999582,0.431546434326215,-0.3980897104935341
4547,-0.11146108418817233,-0.08264643957216128,0.06362514192189689
4548,0.18626990277917033,0.42202062414351255,-0.4242528141358471
4549,-0.6622558098375131,-0.34773737902414714,-1.2034515128331795
4550,-0.014230230127639949,-0.8086265973652924,0.04449592009049898
4551,0.391907495792006,0.8477203429179606,-0.8471409083918051
4552,-0.1103192909645944,-0.3757389243815172,-0.691776098432647
4553,-0.20772278436501165,0.1786433103416857,-0.03911652697152618
4554,0.18293708958550256,-0.6021428281192283,0.04550726995073525
4555,-0.5058461227574826,0.7045792550660797,0.2876719532207676
4556,0.9238553886974668,-0.28050331813595103,-0.7345437042986819
4557,0.07544460720355893,-0.18440524258998828,-0.8661535080710379
4558,-0.6196214650538143,-0.5501703785525105,0.2435441924692243
4559,0.5545417276291126,-0.031463671814148164,0.46293533343787563
4560,-0.4621806851004344,0.18729187744720405,0.5147063800329105
4561,-0.32808429842826786,0.03040112471809231,0.6922956540090068
4562,-0.278390604424806,0.5005203897856784,-0.5790302208888334
4563,-0.05317628442432052,0.25691029548182054,0.6661582950251107
4564,-0.4630667750142074,-0.1672896893138308,-0.3526120904314386
4565,0.16020653031993792,0.35424273203912987,0.4164000391202759
4566,-0.39126220395324224,-0.386496637430019,0.6935489551882241
4567,-0.6721716399230409,-0.3022810024531608,0.21739613128700683
4568,-0.9274033111693456,1.229994420141861,-0.7433910761388703
4569,0.4840677689661691,1.469220780388207,1.511960817312512
4570,0.1550723530731684,0.6410484718425355,-0.11227441018182027
4571,-0.9910265041107059,0.5076009469941167,0.2924015484071603
4572,0.15167851370666718,-0.6283535043488815,-0.19753165622063687
4573,0.07228281454216669,-0.500292359057129,-0.42865303705419844
4574,-1.295204971458158,0.34528385129027866,0.560275801123005
4575,0.5949938197172776,0.6874910926338352,-0.32175876090613126
4576,0.7780604413283572,-0.6274156669675451,0.2504724518529139
4577,0.03584424003023082,-1.1561162363009168,0.38367383051380255
4578,-0.062273539337209756,0.6062807749343604,-0.4762131908742116
4579,-0.07371951285047233,0.052909855398551954,0.22091879060171782
4580,0.2945786999067627,-0.2335328487649749,-0.88434130847572
4581,-0.19517238910716234,-0.03636734181551617,-0.4099158200303845
4582,0.787809991327561,-0.22443490759029103,1.0692581257598168
4583,0.6285327471698168,0.03579641258766826,0.21635448057164336
4584,0.24924104366431452,0.12248666730493164,-1.1498033664514455
4585,0.2777796007922066,0.26086733634032344,-0.2451128227836969
4586,-0.07797428483586141,0.6579953353106338,0.18111177683737562
4587,0.3574075303696099,-0.6446453284516481,0.10978311497618579
4588,0.4420312681227789,-0.2239417394878202,-0.14988867577188258
4589,0.7666572037845305,-0.46612964872571366,-0.18384575305146583
4590,-0.5253646670575782,0.38614931161480043,0.6375235226303947
4591,0.9499969526154151,-0.5344362953536163,-0.33326354742955866
4592,0.03218109935601935,0.4571155211125363,1.1751344288799144
4593,0.35054012797766243,-1.219408229733347,-0.497790892347037
4594,0.17627863716558706,-0.2722954614776012,-0.11834008752488782
4595,0.8221255161055868,0.47543040578114115,-0.2632770569267392
4596,-0.013412891703468637,-0.5545843991588209,-0.4737096226673866
4597,0.7950587143612917,0.5428745932074416,-0.22625238732424288
4598,0.9922553466957977,-0.20543816876755497,-1.2783994200703916
4599,-0.4098763558399613,-0.504815126755627,0.00418333517054892
4600,0.033011271804704645,-0.022429644050211927,-0.528215205305564
4601,0.4237254531372221,0.45056471890844224,0.30508143206267696
4602,0.9769603281734737,0.04549130317291467,-0.39422467547513124
4603,-0.0006734541780624458,-0.16774507898762123,-0.1973311809506363
4604,0.5825292594705372,0.08602205982745109,0.03257839721598686
4605,0.47438206377920406,0.701706685749522,-0.1626320336287942
4606,-0.11705666575562483,-1.0668548518116077,0.2961154165294949
4607,0.23901535789865755,-0.8827261415988948,0.15879552314964226
4608,0.06991464833084793,-0.08404090863143418,-0.23378145703667505
4609,-0.7627839869089811,-0.44029682342585463,0.09537638554394141
4610,0.5795809357690476,0.2506254756100775,0.4481297467220099
4611,0.5601275830681335,0.20313479894458156,-0.062497416644995384
4612,-0.07772759021162463,0.38789170070984785,-0.2081665089686751
4613,0.012428851912568541,0.07100501386667796,0.5949077832296632
4614,1.0776479751880705,0.4799606125642645,-0.08561680451051627
4615,-0.6609986083981346,0.5831829715692511,0.2741916552895891
4616,0.01008517860945795,0.05325102659797947,-0.23162465358010093
4617,-0.03929113572753686,-0.10777897344506682,-0.23887745206703534
4618,0.30370030209266335,1.3133447573365844,0.47784500106255917
4619,0.19347465964100413,-0.3959450650547227,0.5530760544248167
4620,0.09911528762646023,0.03360916214147727,-0.4355974953239904
4621,0.3723323844748829,-0.12789195276013413,-0.5285287799780748
4622,0.29443901881641943,0.0927659519149,0.07307297061168332
4623,-0.4118260150342481,-0.03530741184039612,-0.273528545444415
4624,-0.0036550616891126582,0.26235933151958557,-0.10277224016018283
4625,0.7724553226612481,-0.5567168702499055,0.01675051403882835
4626,-0.40899011728221535,-0.08528340464873041,-0.6624146963541151
4627,0.3924564169167626,-1.0903899363980967,-0.439555116209027
4628,0.42114142605498667,-1.0572461502127675,-0.5655726192200741
4629,-0.6494692076180578,0.7114307642361477,-0.18042054029469656
4630,-0.33876989088020953,-1.2819095636666533,0.17379690210385385
4631,-0.27264432196167293,1.1655242291086587,0.09867312321517428
4632,0.09549107811185546,-0.629694913291193,0.11870627974282727
4633,0.36236925745313564,-0.04140960960765559,0.8865346809550918
4634,-0.23529269940285286,-0.2629800819337143,0.17545494241078105
4635,-0.3031100457682626,-0.1574395291816055,-0.35044421791944247
4636,-0.2563130333434752,-0.5793434524319994,0.6152384527131399
4637,0.7975331558882532,-0.4584784296271441,0.0795762494981018
4638,0.23370920938450448,-0.43159006819472107,0.24654386757306204
4639,0.2502790020749122,0.7569299921041347,0.617615216424832
4640,-0.6190273510794606,-0.4659859162588399,0.47078903828961377
4641,0.6242009302394027,0.47622848982716043,-0.6770187980236625
4642,0.5805470784636969,0.6239007208648124,-0.09317353034613986
4643,-0.5568648182020457,0.3226571057401759,0.54024418173239
4644,-0.19058469388266178,0.20995453062081548,-0.007087656136215222
4645,-0.63090749653211,-0.9418912783606734,0.9748241065177741
4646,-0.4791768642619178,-0.9849388900420112,0.24740644012793844
4647,0.21733545503347476,0.42016690074380414,0.7363127384593843
4648,-0.45601190662367963,-0.023078053119561168,0.170409388866905
4649,0.3618082706592649,0.017418320133999472,0.21489640624488796
4650,-0.1700486491947041,-0.6763036935269632,0.48253014986852233
4651,0.19432244853522215,0.06828763637977593,0.022204194088933465
4652,-0.48777509282268755,-0.29609029845920243,0.1841381538737683
4653,-0.11960162781793533,0.2512070449346586,0.5379386345268012
4654,-0.5883375143295434,0.0006913900241096624,0.8913250239059827
4655,0.22915635763470066,-0.8029874929944197,-0.5055346186025941
4656,-0.206266749455445,-0.21063380057394537,1.1546856406431298
4657,-0.048460429428687904,0.868775221410522,-0.6424802605352168
4658,0.49610769551300476,0.46154348160541014,-0.7879357851415053
4659,0.6577304007180282,1.130562579720561,-0.5458351956241632
4660,0.7706668778032985,0.11101506768799686,-1.0572440597024126
4661,-0.5747605357290457,-0.4250968629521497,-0.5596034804899083
4662,0.18503029765415147,-0.23183540485395362,-0.07161797825207661
4663,0.7125582945680986,0.10526243093155592,0.07262235548210015
4664,0.002367324294642717,-0.660935809599783,-0.20807607447925752
4665,0.27677399552678467,0.0907891557523704,-0.40262582689985504
4666,0.4682114304921423,0.08849678557006162,-0.4085939445889206
4667,0.03731938587442882,-0.15455154489666983,0.6044046077566277
4668,-0.2210624157992136,-0.01051256577033315,0.7166046213156613
4669,-0.8251743330431641,0.3949323338962285,0.23556333812885932
4670,0.3931577611356143,-0.272983578820125,0.3961988444983347
4671,-1.0221282901056195,0.29982924114639004,-0.32255114722217343
4672,-0.198879438001866,0.8464283803507541,-0.7493473610482702
4673,-0.23595641125429967,-0.3838713556393004,0.35233192914217876
4674,0.059008108184284855,-0.19231941559910648,-0.40323075679866727
4675,-0.33883398898373635,1.0346186054604896,-0.04466612582637474
4676,-0.5431447158067498,0.6547150708142836,-0.8783155429201783
4677,-0.26307450394647086,0.5891469315651404,0.1419038787195089
4678,-0.1674069433181684,-0.36463001457342525,0.21496996934665905
4679,0.6248135311803332,0.43145027561270466,0.8286412591383383
4680,-0.28293910079592066,0.02242859911755325,-0.09210492712564017
4681,-0.12301448997202973,-0.05388563695584581,0.4339678343022284
4682,0.5746938256783161,-0.7987220822042038,-0.5172346333965895
4683,-1.0704962184269629,0.84588923202671,-0.1415879391722924
4684,0.0738481210727295,-0.1879068448369889,0.10666926596960839
4685,0.5173680811307714,-0.12782484843064884,0.5077655778069009
4686,-0.022098799834891734,-0.8893481046720205,-0.4760878916833208
4687,0.07445866001497371,0.22226904758485402,0.7382398756395375
4688,-0.5192907087119996,-0.14539951385067454,-1.1769286064349143
4689,-0.3480500218693589,-0.3231669848320135,0.4088203918505813
4690,-0.1453085950286165,0.7878820700429995,-0.48385798939569696
4691,0.14692831242031962,-0.34034198282131567,-0.4608213421695229
4692,1.0522047741362728,-0.2165865875820831,0.20042293445083284
4693,-0.8070244328629865,-0.6873985013111857,-0.2903352784966232
4694,-0.3379177448644367,-0.26078854919494954,0.1893352120518867
4695,-0.623364948486383,0.1594317288738283,0.21538431357917745
4696,-0.43586568473961973,-0.49605785218299986,1.0598044165421912
4697,0.5137258560042519,0.27474352103211885,0.5270357903658879
4698,-0.2860422843256983,-0.9076806644140515,0.8814601880560788
4699,0.955977331307321,-0.9768723766020886,0.3849276833602859
4700,-0.5482068184430069,-0.04585109633244612,-0.3553686215777847
4701,-0.3922505718577313,1.4514954167208156,0.7460902713901572
4702,-0.3295604013088931,0.1651428547882623,-0.27643047085688666
4703,-0.5128307869364293,-0.5648791891859637,-0.3695553424251596
4704,0.1745944132297716,-0.5226943521023685,0.9681372764697337
4705,0.4741279953163844,-0.522209089968393,-0.4183752802897625
4706,0.28807215064696773,0.2668559381264853,0.5286551886873957
4707,0.3335111032786147,-0.003597415788359287,-0.06631599305416352
4708,0.23115718856576364,-0.502537036152027,-0.26421340963903783
4709,-0.39006611708271166,0.04947710639845913,-0.253788823638416
4710,0.10775593223587632,0.5963557768971511,0.567640250186913
4711,0.17268099328029843,0.3562346035708344,0.15148231652831817
4712,0.47883944692447944,0.4047990821905219,0.41495189594327436
4713,0.08755108703002208,-0.9413504902206369,0.1776117986963525
4714,-0.2924407609909771,0.9335280029311549,-0.40180646057118957
4715,-0.2962993206817852,-0.253566559357798,0.5538347275839514
4716,0.521607215440903,-0.4317749913910733,0.4437288363094389
4717,0.35803459075970767,-0.04104374854540609,-0.807728904727582
4718,-0.1593071212391059,0.6428205867432907,-0.8189810707741862
4719,-0.05770458688823234,0.9353084446705123,0.09467446430450668
4720,-0.3904554041157043,0.47651352741511016,0.007684081927163213
4721,0.06787272296422046,-0.39432829488869875,0.11726692527017835
4722,0.5177969397118458,-0.07935394850548724,0.7050830030238142
4723,0.34041221885380063,-0.2549790407897387,0.1154051850664168
4724,-0.8225657988760423,-0.3774324988926966,-0.23710747156632728
4725,-0.0356058714841986,1.0426514975554693,0.11835113337215675
4726,0.36198482244181535,-0.22581381900685352,0.2887315859980913
4727,0.2934315781301442,0.3368679015500106,-0.384714052138678
4728,-0.04206244037676759,-0.05948201056513394,-0.28006106958189736
4729,0.21101546435888516,-0.6235851529569358,-0.3731338956732168
4730,1.157967362813824,-0.2906209211997955,0.46588827436635716
4731,-0.7184357228158842,-0.17540386033833807,0.44905841797325835
4732,0.3816268570422771,0.3937925880074338,-0.6806334977533053
4733,-0.47445877930078906,-0.00048797698507476643,0.293374292717547
4734,-0.04841441148549867,-0.3897012334063127,-0.18900810912089394
4735,-0.34845986388384137,-0.7376402582685615,0.8079126457814042
4736,-0.5848023838541176,0.5275817467362954,0.2556782055037938
4737,0.35838211856744057,0.5082502642754697,0.11783309895125002
4738,0.5283179400734204,0.09155152350180018,-1.047448900229377
4739,0.12328536195701996,0.7921844630965096,-0.5766232475084077
4740,0.09580054876897126,0.6374721501733175,-0.5807610168022531
4741,0.00342193261861247,-0.27296089652264505,-0.3506436497095397
4742,0.8620153577548113,0.4181715294085595,-0.6196249168547066
4743,0.11801592096264243,-0.7036186091662573,1.3863770308751213
4744,0.4393192205886882,0.29105749130874686,-0.19046119971435363
4745,0.8688232362366715,0.13948160106105925,0.25431493952960366
4746,-0.4798674193880927,-0.5669827346679289,0.36884951655786374
4747,0.5877382354013014,0.25238401286140316,-0.46438277691274826
4748,0.25176645993306335,0.0806185696054784,0.1017570537560941
4749,-0.4473255920923855,-1.0453128805776366,0.4946193208779498
4750,-0.18000073016118867,0.512424874249331,-0.7654971911817767
4751,0.18588221024366777,-0.3332790362476455,-0.3151780709663664
4752,-0.4050410098008479,0.02155817606315273,-0.682148572870513
4753,0.4369984238844156,0.14262469253568852,-0.3983501798665465
4754,0.629852930089202,-0.9525963173708866,0.04525304800690931
4755,-0.5728607359218996,0.3529086649018165,0.6412956738600103
4756,0.7063941130383292,0.32777058636790957,0.050285483409725315
4757,0.46950161004262514,1.1730412664711507,-0.5242137219089658
4758,-0.309408486424004,-0.022733371555327495,0.05247912718381438
4759,0.10276196185369718,-0.6706748045049474,-0.5234218634934302
4760,1.1865534353546145,-0.6310288314549121,0.6622275660471253
4761,0.4094226986349541,-0.9669773452725137,0.20449240921792877
4762,0.3818004509096164,-0.4111579586152666,-0.7907281048427952
4763,0.12679513576656012,-0.4276935505065572,0.19473707618016428
4764,0.6558134143028741,-0.6126303258285568,0.7216936425333728
4765,-1.0669977325869024,-0.12282785787416302,0.676048973798129
4766,-0.16448610233438096,-0.3788105735200926,1.077864597237779
4767,0.058955576311067195,0.517607469919321,-0.6241960735134732
4768,-0.30752318724457517,0.4551159702870842,0.3955756243673439
4769,0.4959004314420603,0.5646309309483103,-0.6558815050822593
4770,-0.20600626058382132,-0.2715423136584728,-0.24708028190922265
4771,-0.09137443278743809,-0.013797476271176496,0.12274147603069618
4772,0.5289121326176054,1.127713518667251,-0.025159106330045845
4773,-0.7836069072068609,0.7766984738393432,-0.8477702193503641
4774,0.25443617858906165,-0.9758969933221352,-0.20964574747037262
4775,0.42857016406087867,0.25936394583090405,0.5749508728803453
4776,0.13546928750341417,0.6966552935197979,-0.06086789857454821
4777,0.4557897031982571,-0.21223343350219018,-0.6263549901803023
4778,0.81405824654578,0.6380556431487064,-0.9346333513676554
4779,0.5999057370338581,-1.008714057076081,0.22441964758172395
4780,0.42338077548619707,0.8258143666717505,-0.2460769305056447
4781,0.6493480688713774,-0.4907791649821558,0.23928841567372997
4782,0.3321261104287346,0.0042693352370698715,-0.005760773179801939
4783,0.19548966153220593,0.9323789783190222,0.07448854825404609
4784,-0.2659401513339194,-0.6213531968127898,0.3597466029967418
4785,1.2407351168631295,-0.30871384219800097,0.4248141564933493
4786,-0.8329201105057539,0.7433333824159299,0.6069989787949088
4787,-0.2370590951482499,0.7374089199083159,0.39665769076731744
4788,0.04354386001881221,-0.06949528777946155,1.187620352580152
4789,0.32802426550770636,0.09984647180541928,-0.7565030056610794
4790,-0.37348096247327117,0.9241085123382035,-0.3599886540174331
4791,0.12096602277141515,-0.03522713109258116,-0.7477839749458597
4792,-0.07858340777217437,0.35595258052367956,0.510394635750494
4793,-0.26508226278308256,1.0504851369925947,0.5172562082614593
4794,0.9798642370926177,-0.5833500250416825,-0.26086892047743726
4795,-0.10713115905514095,0.7565091624532022,0.5496376544795382
4796,-0.5974260612562321,0.4104291359895469,0.7622792921435418
4797,0.621175822337637,-0.3008493895224714,0.35582778000773796
4798,-0.3419593239739032,0.260383581484361,0.7838918269902065
4799,0.3663897991831234,-0.23089709124800314,0.1989087263919384
4800,0.45034878636165127,-0.10221310535950685,0.9077310782969527
4801,0.20432746943440688,0.08322931336707098,-0.04521844186166984
4802,-0.42708241243858935,-0.7821997970202555,0.4271592329957317
4803,0.7807980559700826,1.0951193794957628,-0.16751418400087018
4804,0.20579508517926431,-0.3683453274054227,0.5537052356501088
4805,-0.1296971527216579,-0.5694497402658847,-0.13782012225890053
4806,0.1358594279178453,0.34575540244372605,-1.2608344601254722
4807,0.21269899260927216,-0.4246568116519731,0.3142134162100035
4808,-0.468597666856083,0.07155883432134269,0.4111535453791508
4809,-0.47633615833447807,0.5883504295290319,1.1446753462156092
4810,0.011194287688927279,0.8854003832584441,-0.14845111688301182
4811,0.05097479991512261,-0.38172126210806195,-0.94098942872433
4812,-0.227799200182093,-0.5318860139021238,-0.1448019310599012
4813,0.6082663169412924,-0.6323311128311365,0.38495754785897024
4814,0.32449790060214617,-0.1568861231541815,0.003163048277493709
4815,0.502660926062621,-0.8749873819636906,-0.2284161969480045
4816,-0.1710248792017154,-0.7983701568926432,-0.8126513185688372
4817,-0.2776905768805786,-0.25812348643206573,0.5290616148570166
4818,0.4094285053410188,-0.9348848212466391,0.46400129790402606
4819,0.19259597667743708,-0.8767622074966336,0.4355901272535266
4820,0.7690457917773129,-0.2866431066243666,0.10699706482511914
4821,-0.2583343190848239,-0.4538984483008206,-0.9437070876946525
4822,-1.0952674741006603,0.16525286695288827,-0.01712126067080921
4823,0.09286372621869445,0.4662440106262185,0.11724989711665784
4824,0.6175863791932382,-0.49532134748674655,-0.4418040637378996
4825,0.13341284890809377,-0.4601265612904354,-0.14788531201427163
4826,0.797828966034598,0.3322114281257812,-0.34440992963945616
4827,0.13958115897703624,-0.6783984138753881,0.30915402641615863
4828,0.9332805992340707,-0.5158677319901861,1.5064387187346928
4829,0.16694753398372622,0.14823155977777658,-0.12306222870324976
4830,0.042682683782490245,-0.2636749203102985,-1.1138256822120765
4831,0.6677276543300111,0.47668091994776324,-0.5541415404492036
4832,0.6035937353145507,0.2892026504514408,-0.07903952621388774
4833,0.21163797561644254,-0.2591834182072163,0.6014443263300729
4834,0.12448481768381742,-0.7172983903108558,0.039621339553212336
4835,0.05015124733475035,-0.0630466507704876,-0.03655609883542168
4836,-0.286744110009977,-0.7507068157502114,-0.5167044704752356
4837,0.5748809099774005,0.005848037306285021,-0.7224741809883103
4838,-0.19992494555707624,0.07726631651459463,0.13232339649719194
4839,-0.6120472000239404,0.9527944074801823,-0.3855591769023217
4840,-0.7613948793266885,0.05338636296579673,-0.23459603001012136
4841,0.36511853485949874,-0.12021036104434281,0.2084278390690186
4842,0.1179495025752333,1.2906483164703504,-0.30295374332691166
4843,0.0006497702068487898,0.40852097253511194,0.49949122121554135
4844,0.8139095555154714,-0.8017292680711112,-0.11490878767230428
4845,0.2659529999057189,-0.6032792536969227,0.8292074003532006
4846,-0.36863271623244626,-0.3751028842577341,0.360684670455026
4847,-0.11029945029141378,-0.7297698201564531,0.08910099020391057
4848,0.29331076718156884,0.34452231036589126,-0.7313699369210627
4849,0.19154488858927124,-0.018495488718420255,1.079295060063151
4850,1.2094158675850382,-0.5210254379319879,-0.378442310801032
4851,-0.7092491276236638,0.458496242165818,0.03366772837603311
4852,-0.69949091473746,-0.5328996965193227,0.6620047685315482
4853,-0.6440411182605542,1.187484535712317,0.7088921341304054
4854,0.9437647602400122,-0.31065107982278584,-0.17257831925435038
4855,0.36949309006183406,-0.6065980828990251,-0.19682089406711778
4856,0.40718474866076726,0.6855633642667172,0.3468994634982781
4857,-0.16850880950548455,0.7340986179957384,0.10753040174859525
4858,-0.714909225210524,-0.10446392376949644,0.14823965494476943
4859,-0.6193497903362536,-0.05157840837143675,0.023130931931577774
4860,0.6142649722547712,-0.80244644084587,-0.8104033227298181
4861,0.40901141949052455,0.385357888649729,-0.23302093655965042
4862,0.28280470884878905,-0.010464250355718713,-0.5073439475115521
4863,0.02846774629955707,1.093622920196123,-0.5091570637473145
4864,-0.2063700018302472,-0.10785807052846068,0.28891066165557366
4865,-0.12134877814958518,0.13784424769023576,0.25814875609451066
4866,0.7760515675275151,0.6151153550830466,-0.08949504366261034
4867,0.02069077455191925,-0.15649299718884765,0.17625390080534428
4868,-0.6417425152495847,-0.8163384278076224,-0.4667952705807557
4869,0.41007115346291817,-0.23974038332718886,-0.3211067718044464
4870,0.8965151648893659,-0.9854474829081208,0.21391219840404
4871,-0.6928739181377753,-0.36698201942660313,0.046779843238487835
4872,0.5106642032673921,0.08895992387683746,0.9194745502478155
4873,-0.22154611590928672,0.711698553829806,-0.3249227392104109
4874,0.2914248528680907,0.8863893286873974,-0.1408880848831293
4875,-0.8167669609231601,-0.37910936605227863,-0.18368843326424467
4876,-0.32871137589658905,1.222230626627591,-0.8121061585659672
4877,-1.1680976926940065,0.07215737164517688,0.037085154420411603
4878,0.3866999790665037,0.09319453409757959,0.003220140456154393
4879,-0.38581809502843145,0.15768607436603602,-0.4636960464387673
4880,0.33727308318725047,-0.8578701903548065,0.3325331403767568
4881,-0.43836200411639464,-1.125297579408686,-0.23104629282763006
4882,0.033167816561720465,-0.2764135724311954,0.4889129999602963
4883,-0.1774225788915099,-0.06797292625255646,-0.22289409274794272
4884,-0.3473408121740314,0.2064210794210356,0.6872657863166292
4885,-0.013972553104217127,-0.14630089380763167,-0.5164767953616822
4886,-0.8714849793406917,0.3252721453015112,-0.9789621009196814
4887,0.39176595668531744,-0.7967413028927693,-0.31500341585222236
4888,0.7855039329813485,0.8835889218304157,-0.5787503637462083
4889,0.42876587087976886,0.03017496142987204,-0.551242048671979
4890,0.38428155035708556,-0.3823487335959307,0.5380474207237165
4891,-0.561642421213918,-0.08997163898466684,-0.49434288448072133
4892,-0.48633120506196675,0.3650744666630617,0.7894449968666581
4893,-0.3045163985809683,-0.11306575748579535,-0.5855800233078253
4894,-0.5003505204618272,0.8707853351449741,-0.026410626101464402
4895,0.10602521206332158,-0.21940487852878313,0.9806850633434784
4896,-0.4519815654825441,-0.2004571226850483,-0.3315879199660885
4897,-0.028725762803238856,-0.2471952120591188,-0.4942566787537321
4898,-0.3036494472566456,0.6123586631865462,-0.3699192710986226
4899,-0.07826005246675899,-0.1956868432846984,-0.5940076015922082
4900,0.017145223065648862,0.4227591456091396,0.5925746916121705
4901,-1.164247573627495,-0.0897214614448313,1.1200581038968471
4902,0.5697551044792167,0.002980853937205473,-0.4779230264856382
4903,0.04472285894627162,-0.022014639959264053,0.6104640228697495
4904,0.06876806672197563,0.8315066381249114,0.3053106361692115
4905,0.37777556789431943,-0.22374440633073722,0.10497806483387206
4906,-0.05444163301088013,-0.16293705242172932,-0.013068456743922223
4907,0.5632598787103303,-1.1976522251039132,-1.0233994640307529
4908,0.9148512042236887,-0.8428372192778468,0.5077095241648529
4909,-0.005373503180114151,0.6717537461222169,0.5909476715632821
4910,0.225592980940361,0.17495836994460012,0.6720720074364006
4911,0.8176757738569984,0.7167396404722389,0.870326896941977
4912,-1.2377904690478394,1.3557839975786685,-0.06241359241639104
4913,0.27352156051817733,-1.2480537194028876,0.07828886481355465
4914,-0.058039955839359135,0.026325670221267805,0.5788589799357586
4915,0.09263820615405442,-0.3781704855348045,0.9416282921155399
4916,-0.14849647852132802,0.6853759053695988,0.3585762981303029
4917,0.45052451534644694,-0.13786360737332187,0.07823622693375189
4918,-0.08841504905240737,-0.2697613844843629,-0.47861422253417174
4919,-0.3256910728944281,0.259956374687067,0.06561855046440024
4920,0.3385966630347989,0.8773291813224444,0.12462055872847279
4921,-0.11376875376107744,-0.12903674500513151,-0.16675722421998176
4922,0.10878209932387072,1.3383783936258384,0.2897280455442032
4923,-0.3450033822509081,-0.20171765043138754,-0.5787634738788598
4924,0.5788932371175922,0.19974470088743287,-0.5361903270027346
4925,-0.2437470871934559,-0.746172031734326,0.5637478884098658
4926,0.039705477749812576,-0.18307611579630878,-0.3959314039216797
4927,-0.41319296323031723,-0.7520506875146374,-0.3303548384351303
4928,0.45317759924904566,-0.14895411133583694,0.3239731230913518
4929,-0.1177414125789927,0.3882022936336089,-0.49843495536616006
4930,0.5430099719727559,0.5975223680443924,0.1667673190566061
4931,-0.3549186446552167,0.37091832045107254,-0.3081357712973719
4932,0.9336606327548526,0.01602878850066334,1.2644929218508356
4933,-0.465631661411286,-0.1024667727178744,0.9148333326607764
4934,-0.03544059780633276,0.8257015735843212,0.34186784773411494
4935,0.6334992666486459,-1.0220908396270394,-0.08912593483903411
4936,0.03974485693314989,-0.4395069876500799,-0.3641511618734655
4937,-0.39092187828913205,-0.22885416511337606,0.22412120348665057
4938,-0.1455128814095804,1.7368437499935554,0.03054013809103676
4939,-0.34740559140905924,-0.2999121629426138,-0.19774792453274165
4940,0.791506806632851,-0.37786724044843273,-0.3562665476887636
4941,-0.27331492006227687,0.7075436080905768,0.5464719825055436
4942,-0.6368051462954707,0.764045671769085,0.5123297002941306
4943,0.24896326354877316,-0.4638207674987854,0.31612732138284577
4944,-0.23210349503474742,0.16020021716280083,0.47291375924966506
4945,-0.22927144384963138,-0.916369861331581,-0.3076522319523345
4946,-1.4246128862656757,0.46143306347762064,0.13987538282637918
4947,-0.056269095307270464,-0.09245304152389124,-0.11605141242776455
4948,-0.2539066348945693,1.3930476477846725,0.03483197958557939
4949,-0.0946129177602068,0.4120553437171593,-0.29529817112249884
4950,1.1313546922234803,0.5186098634976358,0.518359091497636
4951,-0.5185252865901812,0.6467012822072346,-0.14445067898627853
4952,-1.1167917155666252,-0.9337973847798419,-0.047143757939961
4953,-0.1701479631093922,0.28627327463923447,0.11299878474770823
4954,-0.32179284358006627,1.0536154543155911,-0.4145534232920431
4955,-0.0674610267167317,0.1835056584362389,0.7745238131227697
4956,0.4208417594760845,0.05998063731205705,1.03916794393377
4957,-0.532684432674438,0.26493322053946156,-0.3107960004942572
4958,-0.48914469208553574,0.7293102458050535,-0.17600325246987666
4959,-0.09648630188715966,-0.22305774185261354,0.33505351080050866
4960,1.0038901897825068,-0.10012878091463458,-0.6650264643661813
4961,0.06885563598645024,0.053038187105030526,-0.40219076841492846
4962,0.399855486976238,0.18593237526682913,0.2013105153517142
4963,-0.012917768244374758,-0.7826436102612376,0.8662368403396301
4964,0.18556910878405167,-0.6217620981603054,0.26115220523027927
4965,0.40516214037948756,0.1662676739289896,-0.048567161286487824
4966,0.023040325136926852,-0.04640741330963211,0.5954149668841039
4967,-0.13582047057755797,0.17294844831279554,-0.7379888436678694
4968,0.5474825415219613,0.7954454326778216,0.15775138534164662
4969,-0.5866297408264725,0.3361997477757073,-0.26493898009331557
4970,-0.9508246086025709,0.5849838131215892,-0.7588104179181201
4971,-0.05063824122925347,-0.4884562096490086,-0.24247500372410946
4972,-0.7975401619168188,0.5988677122557732,0.8582795759571658
4973,-1.0648955430897002,-0.3979463633585026,0.08082794285007533
4974,0.319663388144312,-0.38682045590266173,0.4254791853962457
4975,-0.012011683917881074,-0.034555421183298324,1.0406931905583268
4976,0.07162698602651661,-1.1125746976976758,0.3521806668359354
4977,0.1997261042132136,-0.43515913855795013,0.925135569262258
4978,0.28961737285985034,0.8164781807137088,-0.06484786201360362
4979,-0.5249344899804415,0.6886578212071497,1.1320863163208028
4980,0.9727341747084517,-0.5919677501991467,0.36718665563803166
4981,0.2199631927038357,0.0678872656326172,0.4740704877651856
4982,0.4924204757830975,-0.2080245404560915,0.26141338180480267
4983,-0.3447834708189618,-0.5442817697373689,-0.3877272532853684
4984,0.18616731132716072,-0.39290755421296175,-0.23900877410513252
4985,-0.4008847688361979,0.8314711911963096,-0.06850418394208056
4986,-0.30284844486649926,0.8669403618332684,-0.5598961711049807
4987,-0.2228389463784235,-0.3294755444064363,-0.7449740191991047
4988,0.08118721430986295,-0.5026379941546069,0.08704936781203246
4989,-0.5512380573277511,0.14998139008196193,0.5680732350952742
4990,-0.6810711335659055,1.0515465261101833,0.22763847840714835
4991,-0.20123731283679072,0.8739233450548333,-0.3244346631027536
4992,-0.7592118375550975,-0.3564705609075289,0.21195652730184913
4993,0.32200046230318313,-0.4629178398232158,-0.011822816398538084
4994,-0.1481768608619479,-0.3909544366951802,0.20817705467431655
4995,0.33448103462346834,0.07783915330446484,0.890818098865037
4996,-0.35772502840370457,0.2352543126561804,-0.4219535106344112
4997,-0.19769636941123586,0.19877810671760685,0.8849371678999598
4998,1.0875796805291653,0.4272101148077602,0.6302547691477668
4999,-0.5021069296712518,0.21145899154324035,0.20839838552864454
